{
    "beta": 0.9241701666556392,
    "cagr": 0.10577825515663442,
    "end_val": 2372634.3984530484,
    "max_drawdown": -0.5577149146189504,
    "mwrr": 0.10577825515663442,
    "sharpe": 0.34094193253952504,
    "sortino": 0.47627937873447024,
    "std": 0.16412509590743296,
    "ulcer_index": 13.4104561881957,
    "upi": 0.41734834141325255,
    "us_allocation": 90
}