{
    "beta": 0.7873790084450283,
    "cagr": 0.09703429156977794,
    "end_val": 1540610.123814851,
    "max_drawdown": -0.5864945930275566,
    "mwrr": 0.09703429156977794,
    "sharpe": 0.30016270290625013,
    "sortino": 0.42103202021820113,
    "std": 0.15999291617246578,
    "ulcer_index": 14.110825393386207,
    "upi": 0.34040238192746947,
    "us_allocation": 43
}