{
    "beta": 0.833755518906624,
    "cagr": 0.10049208270566412,
    "end_val": 1828237.2283666898,
    "max_drawdown": -0.5760614482393048,
    "mwrr": 0.10049208270566412,
    "sharpe": 0.3237458564839995,
    "sortino": 0.4533423573077159,
    "std": 0.15805068386920443,
    "ulcer_index": 13.568763923741363,
    "upi": 0.37718257615293777,
    "us_allocation": 59
}