{
    "beta": 0.8134490737114687,
    "cagr": 0.09904002451110183,
    "end_val": 1701542.9784762166,
    "max_drawdown": -0.580643878373809,
    "mwrr": 0.09904002451110183,
    "sharpe": 0.31455617757675697,
    "sortino": 0.44079487573459014,
    "std": 0.15847406292391703,
    "ulcer_index": 13.767764944354745,
    "upi": 0.3621455243920969,
    "us_allocation": 52
}