{
    "beta": 0.7786964565497339,
    "cagr": 0.09633106562224159,
    "end_val": 1487802.4536794848,
    "max_drawdown": -0.5884347349001301,
    "mwrr": 0.09633106562224159,
    "sharpe": 0.2947835771652433,
    "sortino": 0.41361835510584144,
    "std": 0.16073906902432836,
    "ulcer_index": 14.239089862358288,
    "upi": 0.33283492663804487,
    "us_allocation": 40
}