{
    "beta": 0.772909739442056,
    "cagr": 0.09585262967565833,
    "end_val": 1452894.9437347539,
    "max_drawdown": -0.5897253880754043,
    "mwrr": 0.09585262967565833,
    "sharpe": 0.29105104877459187,
    "sortino": 0.40846579246788184,
    "std": 0.16130204600333387,
    "ulcer_index": 14.32757833126777,
    "upi": 0.3277342438734779,
    "us_allocation": 38
}