{
    "beta": 0.6630153173519033,
    "cagr": 0.0852977319878756,
    "end_val": 858236.2618740681,
    "max_drawdown": -0.6138392027560154,
    "mwrr": 0.0852977319878756,
    "sharpe": 0.20573561412770722,
    "sortino": 0.28967256635357586,
    "std": 0.18118896990952,
    "ulcer_index": 16.96298694773477,
    "upi": 0.21978736190847334,
    "us_allocation": 0
}