{
    "beta": 0.810550472294468,
    "cagr": 0.09882487045150667,
    "end_val": 1683518.89756101,
    "max_drawdown": -0.58129622040961,
    "mwrr": 0.09882487045150667,
    "sharpe": 0.31309478285861364,
    "sortino": 0.4387936022706801,
    "std": 0.15858895688333455,
    "ulcer_index": 13.799905531497522,
    "upi": 0.3598840369117344,
    "us_allocation": 51
}