{
    "beta": 0.819247923774274,
    "cagr": 0.09946454811095884,
    "end_val": 1737663.9039904387,
    "max_drawdown": -0.5793374828633047,
    "mwrr": 0.09946454811095884,
    "sharpe": 0.3173697418890813,
    "sortino": 0.4446437005617978,
    "std": 0.15828499482749353,
    "ulcer_index": 13.705444211774287,
    "upi": 0.36660865661696607,
    "us_allocation": 54
}