{
    "beta": 0.7642317776629856,
    "cagr": 0.09512054957923843,
    "end_val": 1401031.8245975007,
    "max_drawdown": -0.591657230806313,
    "mwrr": 0.09512054957923843,
    "sharpe": 0.28524653596360333,
    "sortino": 0.40044054439017673,
    "std": 0.16224369129838762,
    "ulcer_index": 14.46705146433952,
    "upi": 0.31995758811773206,
    "us_allocation": 35
}