{
    "beta": 0.9300391909864235,
    "cagr": 0.1060545249265672,
    "end_val": 2405093.6039132783,
    "max_drawdown": -0.5567489849087953,
    "mwrr": 0.1060545249265672,
    "sharpe": 0.3407576877083223,
    "sortino": 0.47598219452544277,
    "std": 0.16494662130764337,
    "ulcer_index": 13.437129705196002,
    "upi": 0.41837781780363964,
    "us_allocation": 92
}