{
    "beta": 0.8861390205737717,
    "cagr": 0.10379008507498488,
    "end_val": 2151392.739317353,
    "max_drawdown": -0.5642071746721871,
    "mwrr": 0.10379008507498488,
    "sharpe": 0.33843883398576746,
    "sortino": 0.47316713227371476,
    "std": 0.16002445141339755,
    "ulcer_index": 13.304245478164276,
    "upi": 0.40716159204915614,
    "us_allocation": 77
}