{
    "beta": 0.7150820086162448,
    "cagr": 0.09064492196902418,
    "end_val": 1121263.577605538,
    "max_drawdown": -0.6025120889016814,
    "mwrr": 0.09064492196902418,
    "sharpe": 0.24860649487723077,
    "sortino": 0.34954304706497347,
    "std": 0.16969705343833552,
    "ulcer_index": 15.481947429240952,
    "upi": 0.2725437837311357,
    "us_allocation": 18
}