{
    "beta": 0.8482799289657762,
    "cagr": 0.10147128778738268,
    "end_val": 1918855.4237757055,
    "max_drawdown": -0.5727709266481502,
    "mwrr": 0.10147128778738268,
    "sharpe": 0.32914589898177987,
    "sortino": 0.460678364382059,
    "std": 0.15815771001653348,
    "ulcer_index": 13.458677738197576,
    "upi": 0.38687267490830046,
    "us_allocation": 64
}