{
    "beta": 0.8744737501466188,
    "cagr": 0.10311165928663368,
    "end_val": 2080635.7186414092,
    "max_drawdown": -0.5668109262421446,
    "mwrr": 0.10311165928663368,
    "sharpe": 0.33631581314940945,
    "sortino": 0.47034633799146114,
    "std": 0.1592076727565729,
    "ulcer_index": 13.308651539773699,
    "upi": 0.4024096451892217,
    "us_allocation": 73
}