{
    "beta": 0.9212375859936784,
    "cagr": 0.10563714719569961,
    "end_val": 2356221.789706641,
    "max_drawdown": -0.558198210593182,
    "mwrr": 0.10563714719569961,
    "sharpe": 0.34097933169243777,
    "sortino": 0.4763536931566324,
    "std": 0.16373299649627895,
    "ulcer_index": 13.397936941690881,
    "upi": 0.4167863912791565,
    "us_allocation": 89
}