{
    "beta": 0.8395631344306265,
    "cagr": 0.10088957054803616,
    "end_val": 1864503.7126787254,
    "max_drawdown": -0.5747469876361856,
    "mwrr": 0.10088957054803616,
    "sharpe": 0.3260251491590482,
    "sortino": 0.45644266725092747,
    "std": 0.15805252250650523,
    "ulcer_index": 13.522711189212176,
    "upi": 0.38113624601254414,
    "us_allocation": 61
}