{
    "beta": 0.7179728973611078,
    "cagr": 0.09092360781795716,
    "end_val": 1136954.4469607796,
    "max_drawdown": -0.6018778485597521,
    "mwrr": 0.09092360781795716,
    "sharpe": 0.25090058759818423,
    "sortino": 0.35273764537532154,
    "std": 0.16916285823742921,
    "ulcer_index": 15.413605857731897,
    "upi": 0.2754090056832729,
    "us_allocation": 19
}