{
    "beta": 0.8279505934649354,
    "cagr": 0.10008686242833398,
    "end_val": 1791978.1984885253,
    "max_drawdown": -0.5773735909698462,
    "mwrr": 0.10008686242833398,
    "sharpe": 0.3213102119371133,
    "sortino": 0.4500236913735471,
    "std": 0.15810347979625822,
    "ulcer_index": 13.617466024519421,
    "upi": 0.37313047422438067,
    "us_allocation": 57
}