{
    "beta": 0.732426855648817,
    "cagr": 0.09228811066676479,
    "end_val": 1216945.5082995663,
    "max_drawdown": -0.5986986851818185,
    "mwrr": 0.09228811066676479,
    "sharpe": 0.26215132552958376,
    "sortino": 0.36839278512513834,
    "std": 0.1666669761965878,
    "ulcer_index": 15.085432433491487,
    "upi": 0.289682617652002,
    "us_allocation": 24
}