{
    "beta": 0.7960649674375176,
    "cagr": 0.09772019928617515,
    "end_val": 1593888.1378549945,
    "max_drawdown": -0.5845494261709449,
    "mwrr": 0.09772019928617515,
    "sharpe": 0.30526224293312654,
    "sortino": 0.4280467426603822,
    "std": 0.15936594723600161,
    "ulcer_index": 13.988079550457604,
    "upi": 0.3478556508482211,
    "us_allocation": 46
}