{
    "beta": 0.842467997678906,
    "cagr": 0.10108541254230241,
    "end_val": 1882630.9417382735,
    "max_drawdown": -0.5740888847011096,
    "mwrr": 0.10108541254230241,
    "sharpe": 0.3271054120890161,
    "sortino": 0.4579100879159422,
    "std": 0.1580739320064699,
    "ulcer_index": 13.500656655957226,
    "upi": 0.38307573992365634,
    "us_allocation": 62
}