{
    "beta": 0.9388527008852218,
    "cagr": 0.10645402871342657,
    "end_val": 2452803.9316781345,
    "max_drawdown": -0.5553017615105064,
    "mwrr": 0.10645402871342657,
    "sharpe": 0.3402143327529673,
    "sortino": 0.4751745006844727,
    "std": 0.16627111350711785,
    "ulcer_index": 13.48254318819093,
    "upi": 0.41964537741523233,
    "us_allocation": 95
}