{
    "beta": 0.7671241738748875,
    "cagr": 0.09536649973675693,
    "end_val": 1418249.778551739,
    "max_drawdown": -0.5910138331743319,
    "mwrr": 0.09536649973675693,
    "sharpe": 0.2872078512651367,
    "sortino": 0.40315383236462804,
    "std": 0.16191693276411506,
    "ulcer_index": 14.418469384668235,
    "upi": 0.3225923863383012,
    "us_allocation": 36
}