{
    "beta": 0.7844844701337198,
    "cagr": 0.09680180685847395,
    "end_val": 1522951.6113938778,
    "max_drawdown": -0.5871418636175258,
    "mwrr": 0.09680180685847395,
    "sharpe": 0.29839985499703015,
    "sortino": 0.41860406308112674,
    "std": 0.16022845512796086,
    "ulcer_index": 14.152972076645613,
    "upi": 0.33789188751569066,
    "us_allocation": 42
}