{
    "beta": 0.9183062651691399,
    "cagr": 0.10549406021744234,
    "end_val": 2339692.8093919605,
    "max_drawdown": -0.5586817259363118,
    "mwrr": 0.10549406021744234,
    "sharpe": 0.34097969340078027,
    "sortino": 0.47637764001504623,
    "std": 0.16335343487425807,
    "ulcer_index": 13.385879261579607,
    "upi": 0.4161955457663302,
    "us_allocation": 88
}