{
    "beta": 0.862823500013187,
    "cagr": 0.102402041033687,
    "end_val": 2009070.034434892,
    "max_drawdown": -0.569465745183698,
    "mwrr": 0.102402041033687,
    "sharpe": 0.3335381615667471,
    "sortino": 0.46661624713564986,
    "std": 0.1586055420207965,
    "ulcer_index": 13.36288350259171,
    "upi": 0.3959635787142934,
    "us_allocation": 69
}