{
    "beta": 0.68616596702575,
    "cagr": 0.08775178927869631,
    "end_val": 970423.7822121587,
    "max_drawdown": -0.6088256348225484,
    "mwrr": 0.08775178927869631,
    "sharpe": 0.22506447583814865,
    "sortino": 0.31670509068862046,
    "std": 0.1756555611918216,
    "ulcer_index": 16.25673312348959,
    "upi": 0.243222915149506,
    "us_allocation": 8
}