{
    "beta": 0.7439905316250213,
    "cagr": 0.09334503332532407,
    "end_val": 1282678.3740706462,
    "max_drawdown": -0.5961457304363661,
    "mwrr": 0.09334503332532407,
    "sharpe": 0.270844364854289,
    "sortino": 0.380473670785728,
    "std": 0.16488536876063184,
    "ulcer_index": 14.8444556686524,
    "upi": 0.30089738815479455,
    "us_allocation": 28
}