{
    "beta": 0.7353176777006354,
    "cagr": 0.09255522989068177,
    "end_val": 1233239.1939516948,
    "max_drawdown": -0.5980612520271187,
    "mwrr": 0.09255522989068177,
    "sharpe": 0.2643524327965181,
    "sortino": 0.3714533071392349,
    "std": 0.1662034054097311,
    "ulcer_index": 15.02253774253014,
    "upi": 0.29252236087006034,
    "us_allocation": 25
}