{
    "beta": 0.891977679275083,
    "cagr": 0.10411756996966326,
    "end_val": 2186388.111998157,
    "max_drawdown": -0.5631509113623566,
    "mwrr": 0.10411756996966326,
    "sharpe": 0.33925675235948666,
    "sortino": 0.4742395357975783,
    "std": 0.16051252435770494,
    "ulcer_index": 13.31198555293636,
    "upi": 0.4091520127974484,
    "us_allocation": 79
}