{
    "beta": 0.836658981078529,
    "cagr": 0.10069179362368463,
    "end_val": 1846371.2907480984,
    "max_drawdown": -0.575404508356565,
    "mwrr": 0.10069179362368463,
    "sharpe": 0.32490520362405156,
    "sortino": 0.4549199872389769,
    "std": 0.1580447726857826,
    "ulcer_index": 13.545393267337255,
    "upi": 0.3791722921597343,
    "us_allocation": 60
}