{
    "beta": 0.7700168217687686,
    "cagr": 0.09561052643401347,
    "end_val": 1435538.3056318262,
    "max_drawdown": -0.590369886010845,
    "mwrr": 0.09561052643401347,
    "sharpe": 0.28914292883101445,
    "sortino": 0.40582924412509935,
    "std": 0.16160303034609225,
    "ulcer_index": 14.372745799688714,
    "upi": 0.3251677531811844,
    "us_allocation": 37
}