{
    "beta": 0.7208637294257815,
    "cagr": 0.09120036442987844,
    "end_val": 1152749.9398092753,
    "max_drawdown": -0.6012430789832632,
    "mwrr": 0.09120036442987844,
    "sharpe": 0.2531809928976151,
    "sortino": 0.35591237637932566,
    "std": 0.16864022274325974,
    "ulcer_index": 15.346082990455907,
    "upi": 0.27827296017842845,
    "us_allocation": 20
}