{
    "beta": 0.9124473201490151,
    "cagr": 0.10520195800257315,
    "end_val": 2306302.5964075746,
    "max_drawdown": -0.5596494106152846,
    "mwrr": 0.10520195800257315,
    "sharpe": 0.3408677349188382,
    "sortino": 0.47627229629613493,
    "std": 0.16263220251117652,
    "ulcer_index": 13.364531190799907,
    "upi": 0.41488422011260784,
    "us_allocation": 86
}