{
    "beta": 0.7555559182034991,
    "cagr": 0.09437115773529303,
    "end_val": 1349825.2647054764,
    "max_drawdown": -0.5935841388381239,
    "mwrr": 0.09437115773529303,
    "sharpe": 0.27921246149713613,
    "sortino": 0.39208334829804425,
    "std": 0.16330045463426185,
    "ulcer_index": 14.622333897374807,
    "upi": 0.311880563510355,
    "us_allocation": 32
}