{
    "beta": 0.6688050634987941,
    "cagr": 0.08592291067912372,
    "end_val": 885544.8181190116,
    "max_drawdown": -0.6125888814651844,
    "mwrr": 0.08592291067912372,
    "sharpe": 0.21059016769095265,
    "sortino": 0.2964671895579042,
    "std": 0.17974458719722022,
    "ulcer_index": 16.77708269441793,
    "upi": 0.22565375001015273,
    "us_allocation": 2
}