{
    "beta": 0.6659103861634101,
    "cagr": 0.0856112948284673,
    "end_val": 871828.1052687396,
    "max_drawdown": -0.6132142967465791,
    "mwrr": 0.0856112948284673,
    "sharpe": 0.2081641226368238,
    "sortino": 0.29307204313938745,
    "std": 0.18046179598815165,
    "ulcer_index": 16.868236235372816,
    "upi": 0.222733699715844,
    "us_allocation": 1
}