{
    "beta": 0.9095196547587557,
    "cagr": 0.10505294703675427,
    "end_val": 2289449.7754186257,
    "max_drawdown": -0.5601335779014462,
    "mwrr": 0.10505294703675427,
    "sharpe": 0.34075467290534106,
    "sortino": 0.4761419601066371,
    "std": 0.16229066639101844,
    "ulcer_index": 13.354962460931176,
    "upi": 0.41417245462343644,
    "us_allocation": 85
}