{
    "beta": 0.9007436419009424,
    "cagr": 0.10459409928712748,
    "end_val": 2238310.714505601,
    "max_drawdown": -0.5615873673095941,
    "mwrr": 0.10459409928712748,
    "sharpe": 0.34018309231209215,
    "sortino": 0.4754337696871743,
    "std": 0.1613431487040306,
    "ulcer_index": 13.329667547782615,
    "upi": 0.4118445379098452,
    "us_allocation": 82
}