{
    "beta": 0.7526643478114717,
    "cagr": 0.09411751293970005,
    "end_val": 1332913.2126343183,
    "max_drawdown": -0.5942253506426604,
    "mwrr": 0.09411751293970005,
    "sharpe": 0.27715351923572257,
    "sortino": 0.38922872485290255,
    "std": 0.1636779793850245,
    "ulcer_index": 14.6760612739429,
    "upi": 0.3091601115161624,
    "us_allocation": 31
}