{
    "beta": 0.6745933197209564,
    "cagr": 0.08654030658025569,
    "end_val": 913349.9238949168,
    "max_drawdown": -0.6113365188013066,
    "mwrr": 0.08654030658025569,
    "sharpe": 0.21543275900675024,
    "sortino": 0.3032416874178814,
    "std": 0.17834041804820852,
    "ulcer_index": 16.597746050589436,
    "upi": 0.23151480815672607,
    "us_allocation": 4
}