{
    "beta": 0.7902739253117405,
    "cagr": 0.09726485205872248,
    "end_val": 1558320.9289613855,
    "max_drawdown": -0.585846764109708,
    "mwrr": 0.09726485205872248,
    "sharpe": 0.3018944764492195,
    "sortino": 0.42341573134358257,
    "std": 0.15977062150099874,
    "ulcer_index": 14.069340057628898,
    "upi": 0.3428990189738318,
    "us_allocation": 44
}