{
    "beta": 0.7006260738709634,
    "cagr": 0.08922252934563368,
    "end_val": 1044430.8232862204,
    "max_drawdown": -0.60567539213838,
    "mwrr": 0.08922252934563368,
    "sharpe": 0.2369552483472419,
    "sortino": 0.33330385376404675,
    "std": 0.17253838635769173,
    "ulcer_index": 15.856831109623277,
    "upi": 0.257874091142614,
    "us_allocation": 13
}