{
    "beta": 0.9271040280026414,
    "cagr": 0.10591738183813915,
    "end_val": 2388926.412401208,
    "max_drawdown": -0.5572318390457831,
    "mwrr": 0.10591738183813915,
    "sharpe": 0.34086790859035027,
    "sortino": 0.47615533411539396,
    "std": 0.16452966177734368,
    "ulcer_index": 13.423567167578314,
    "upi": 0.41787735678332266,
    "us_allocation": 91
}