{
    "beta": 0.8250490929834537,
    "cagr": 0.09988135473656912,
    "end_val": 1773860.1400633072,
    "max_drawdown": -0.5780287965416104,
    "mwrr": 0.09988135473656912,
    "sharpe": 0.32003460588077104,
    "sortino": 0.448283513872639,
    "std": 0.15815035244343445,
    "ulcer_index": 13.646158401926277,
    "upi": 0.37097753573907016,
    "us_allocation": 56
}