{
    "beta": 0.9476786902532206,
    "cagr": 0.10683559181789426,
    "end_val": 2499238.5446344065,
    "max_drawdown": -0.5538565685872712,
    "mwrr": 0.10683559181789426,
    "sharpe": 0.3393618930987276,
    "sortino": 0.4739493710251374,
    "std": 0.1677044034956778,
    "ulcer_index": 13.534513087568664,
    "upi": 0.42057983447756464,
    "us_allocation": 98
}