{
    "beta": 0.7092999879357291,
    "cagr": 0.09008175983362388,
    "end_val": 1090201.830829802,
    "max_drawdown": -0.6037789864729173,
    "mwrr": 0.09008175983362388,
    "sharpe": 0.24398007491077753,
    "sortino": 0.3430979980330128,
    "std": 0.17079977740901114,
    "ulcer_index": 15.628152115638088,
    "upi": 0.2666907304552547,
    "us_allocation": 16
}