{
    "beta": 0.6890584331284773,
    "cagr": 0.08804981055933969,
    "end_val": 984991.8212276244,
    "max_drawdown": -0.6081966244215834,
    "mwrr": 0.08804981055933969,
    "sharpe": 0.2274578980189751,
    "sortino": 0.3200481887784938,
    "std": 0.1750105928890829,
    "ulcer_index": 16.17483585465892,
    "upi": 0.24614726687133448,
    "us_allocation": 9
}