{
    "beta": 0.7931692389108614,
    "cagr": 0.0974934880640781,
    "end_val": 1576081.2189540113,
    "max_drawdown": -0.5851983755855102,
    "mwrr": 0.0974934880640781,
    "sharpe": 0.30359453252613144,
    "sortino": 0.4257543052289533,
    "std": 0.15956161729415685,
    "ulcer_index": 14.028399083648313,
    "upi": 0.345384209109053,
    "us_allocation": 45
}