{
    "beta": 0.7035175208004412,
    "cagr": 0.08951087220242981,
    "end_val": 1059576.4381130054,
    "max_drawdown": -0.6050437808309188,
    "mwrr": 0.08951087220242981,
    "sharpe": 0.23930730788065743,
    "sortino": 0.3365841783973359,
    "std": 0.17194769765452234,
    "ulcer_index": 15.779630720903242,
    "upi": 0.26081235195124297,
    "us_allocation": 14
}