{
    "beta": 0.8599131392550334,
    "cagr": 0.10221977328273035,
    "end_val": 1991081.684035902,
    "max_drawdown": -0.5701279626951349,
    "mwrr": 0.10221977328273035,
    "sharpe": 0.33274128988732077,
    "sortino": 0.4655418356648302,
    "std": 0.15848879799970303,
    "ulcer_index": 13.38107003732467,
    "upi": 0.39419037085726477,
    "us_allocation": 68
}