{
    "beta": 0.9359135062054353,
    "cagr": 0.10632285080894888,
    "end_val": 2437036.595692746,
    "max_drawdown": -0.5557839450986221,
    "mwrr": 0.10632285080894888,
    "sharpe": 0.34043043765749015,
    "sortino": 0.4754910784643174,
    "std": 0.1658174232871397,
    "ulcer_index": 13.466525915684242,
    "upi": 0.41926464728665946,
    "us_allocation": 94
}