{
    "beta": 0.7613396150402237,
    "cagr": 0.09487267591922,
    "end_val": 1383886.8554261115,
    "max_drawdown": -0.5923000801419203,
    "mwrr": 0.09487267591922,
    "sharpe": 0.2832597098068751,
    "sortino": 0.3976903564047013,
    "std": 0.16258324200285384,
    "ulcer_index": 14.51765386083617,
    "upi": 0.3172838202128648,
    "us_allocation": 34
}