{
    "beta": 0.7989611291066548,
    "cagr": 0.09794498538677132,
    "end_val": 1611738.7820761874,
    "max_drawdown": -0.5838999145764117,
    "mwrr": 0.09794498538677132,
    "sharpe": 0.30689699530557424,
    "sortino": 0.43029239914831663,
    "std": 0.15918365246074906,
    "ulcer_index": 13.94832661623169,
    "upi": 0.3503142776660208,
    "us_allocation": 47
}