{
    "beta": 0.6919506582911191,
    "cagr": 0.08834589422055661,
    "end_val": 999677.6654787577,
    "max_drawdown": -0.6075670960613982,
    "mwrr": 0.08834589422055661,
    "sharpe": 0.22984431407458938,
    "sortino": 0.32338049361361315,
    "std": 0.1743763018562979,
    "ulcer_index": 16.093962905625894,
    "upi": 0.24907400494275056,
    "us_allocation": 10
}