{
    "beta": 0.8570036208262481,
    "cagr": 0.10203556287227511,
    "end_val": 1973062.265903314,
    "max_drawdown": -0.5707895881800369,
    "mwrr": 0.10203556287227511,
    "sharpe": 0.3319035225728694,
    "sortino": 0.46441066284675253,
    "std": 0.1583856225498028,
    "ulcer_index": 13.399723490577955,
    "upi": 0.39239494647118967,
    "us_allocation": 67
}