{
    "beta": 0.7266452965126344,
    "cagr": 0.09174809244823057,
    "end_val": 1184648.3702900675,
    "max_drawdown": -0.5999719475064256,
    "mwrr": 0.09174809244823057,
    "sharpe": 0.2576978706365766,
    "sortino": 0.36219823776059124,
    "std": 0.1676299721944525,
    "ulcer_index": 15.214138832166409,
    "upi": 0.28398315277053376,
    "us_allocation": 22
}