{
    "beta": 0.8163482180710968,
    "cagr": 0.09925325060171164,
    "end_val": 1719592.3884961987,
    "max_drawdown": -0.579990966301548,
    "mwrr": 0.09925325060171164,
    "sharpe": 0.31598132291273806,
    "sortino": 0.44274511632076274,
    "std": 0.158372734890466,
    "ulcer_index": 13.736215546749929,
    "upi": 0.3643888679302325,
    "us_allocation": 53
}