{
    "beta": 0.8047548248412585,
    "cagr": 0.09838878067681112,
    "end_val": 1647559.396495378,
    "max_drawdown": -0.5825991996609634,
    "mwrr": 0.09838878067681112,
    "sharpe": 0.3100652612355863,
    "sortino": 0.43464074337827313,
    "std": 0.15885934024646006,
    "ulcer_index": 13.870751209997012,
    "upi": 0.35518555825616116,
    "us_allocation": 49
}