{
    "beta": 0.7295360679769082,
    "cagr": 0.09201906501533896,
    "end_val": 1200747.9677955518,
    "max_drawdown": -0.5993355832837515,
    "mwrr": 0.09201906501533896,
    "sharpe": 0.25993289210323967,
    "sortino": 0.36530741559843166,
    "std": 0.16714252577835764,
    "ulcer_index": 15.14931181515675,
    "upi": 0.28683577422177275,
    "us_allocation": 23
}