{
    "beta": 0.8773886109655071,
    "cagr": 0.10328419373913111,
    "end_val": 2098410.695384972,
    "max_drawdown": -0.5661457270691089,
    "mwrr": 0.10328419373913111,
    "sharpe": 0.33690778331512566,
    "sortino": 0.4711366992717233,
    "std": 0.15939183741461282,
    "ulcer_index": 13.30579852822229,
    "upi": 0.4036706707404223,
    "us_allocation": 74
}