{
    "beta": 0.9506235605709822,
    "cagr": 0.106958780537038,
    "end_val": 2514413.540990681,
    "max_drawdown": -0.5533752937366776,
    "mwrr": 0.106958780537038,
    "sharpe": 0.33901137584819097,
    "sortino": 0.47345122333670975,
    "std": 0.16820597349813013,
    "ulcer_index": 13.55427688737414,
    "upi": 0.42078710275101644,
    "us_allocation": 99
}