{
    "beta": 0.7468816726206126,
    "cagr": 0.09360445098231596,
    "end_val": 1299337.6359242913,
    "max_drawdown": -0.5955061452353803,
    "mwrr": 0.09360445098231596,
    "sharpe": 0.27296872301531916,
    "sortino": 0.38342284933202064,
    "std": 0.16447051000287005,
    "ulcer_index": 14.78731663341123,
    "upi": 0.30366368027430723,
    "us_allocation": 29
}