{
    "beta": 0.9036678359492913,
    "cagr": 0.10474901569203543,
    "end_val": 2255449.6606698376,
    "max_drawdown": -0.5611025572647363,
    "mwrr": 0.10474901569203543,
    "sharpe": 0.3404126659998106,
    "sortino": 0.4757231241278882,
    "std": 0.1616460776175583,
    "ulcer_index": 13.337411831932641,
    "upi": 0.4126562471630355,
    "us_allocation": 83
}