{
    "beta": 0.7064088193550686,
    "cagr": 0.08979728209184668,
    "end_val": 1074833.8879691411,
    "max_drawdown": -0.6044116459856973,
    "mwrr": 0.08979728209184668,
    "sharpe": 0.24164914165410498,
    "sortino": 0.3398492159850508,
    "std": 0.17136813189310882,
    "ulcer_index": 15.703363136925352,
    "upi": 0.263752099255328,
    "us_allocation": 15
}