{
    "beta": 0.854094925643013,
    "cagr": 0.10184941103412704,
    "end_val": 1955015.5781801953,
    "max_drawdown": -0.5714506230588111,
    "mwrr": 0.10184941103412704,
    "sharpe": 0.33102495117095065,
    "sortino": 0.46322286875933427,
    "std": 0.1582960373351281,
    "ulcer_index": 13.418829023041392,
    "upi": 0.39057801925190005,
    "us_allocation": 66
}