{
    "beta": 0.9329756766650938,
    "cagr": 0.10618968205624135,
    "end_val": 2421131.7423834777,
    "max_drawdown": -0.55626635324606,
    "mwrr": 0.10618968205624135,
    "sharpe": 0.34061171213621527,
    "sortino": 0.47576054845076043,
    "std": 0.16537590031045685,
    "ulcer_index": 13.451276389649573,
    "upi": 0.4188456209290801,
    "us_allocation": 93
}