{
    "beta": 0.9447352713432385,
    "cagr": 0.10671040182419933,
    "end_val": 2483909.1317159403,
    "max_drawdown": -0.5543380722033064,
    "mwrr": 0.10671040182419933,
    "sharpe": 0.33967956403041755,
    "sortino": 0.4744030027659035,
    "std": 0.16721468306766063,
    "ulcer_index": 13.516116031002372,
    "upi": 0.42031598444844237,
    "us_allocation": 97
}