{
    "beta": 0.8948985836145958,
    "cagr": 0.1042783745835496,
    "end_val": 2203775.8103869753,
    "max_drawdown": -0.5626228478425418,
    "mwrr": 0.1042783745835496,
    "sharpe": 0.33960538671520385,
    "sortino": 0.4746924529961222,
    "std": 0.16077631630152456,
    "ulcer_index": 13.317189638821743,
    "upi": 0.4100850490527745,
    "us_allocation": 80
}