{
    "beta": 0.7121910449104416,
    "cagr": 0.09036430621066072,
    "end_val": 1105678.8747427445,
    "max_drawdown": -0.6031458011580235,
    "mwrr": 0.09036430621066072,
    "sharpe": 0.24629942360256843,
    "sortino": 0.3463295528252717,
    "std": 0.17024272211629454,
    "ulcer_index": 15.553884649821075,
    "upi": 0.26962960322655827,
    "us_allocation": 17
}