{
    "beta": 0.8890578315430525,
    "cagr": 0.10395480622529174,
    "end_val": 2168925.7268150384,
    "max_drawdown": -0.56367902052782,
    "mwrr": 0.10395480622529174,
    "sharpe": 0.33886796614199927,
    "sortino": 0.47373121668451296,
    "std": 0.16026188598553107,
    "ulcer_index": 13.307439391841916,
    "upi": 0.40818457246054923,
    "us_allocation": 78
}