{
    "beta": 0.915376183436282,
    "cagr": 0.10534899643291307,
    "end_val": 2323051.674906657,
    "max_drawdown": -0.5591654596191126,
    "mwrr": 0.10534899643291307,
    "sharpe": 0.34094262105790624,
    "sortino": 0.47635064470881583,
    "std": 0.16298648082566586,
    "ulcer_index": 13.374603142455202,
    "upi": 0.4155658547699689,
    "us_allocation": 87
}