{
    "beta": 0.8453735895865642,
    "cagr": 0.10127931862860828,
    "end_val": 1900749.3877824575,
    "max_drawdown": -0.573430198168189,
    "mwrr": 0.10127931862860828,
    "sharpe": 0.3281457379280953,
    "sortino": 0.459322071025518,
    "std": 0.15810899691370792,
    "ulcer_index": 13.479362442638312,
    "upi": 0.38498659111398703,
    "us_allocation": 63
}