{
    "beta": 0.8686468251536037,
    "cagr": 0.10276074341334862,
    "end_val": 2044938.1835483946,
    "max_drawdown": -0.568139528367903,
    "mwrr": 0.10276074341334862,
    "sharpe": 0.33500898812898705,
    "sortino": 0.46859488621268347,
    "std": 0.15887963508081757,
    "ulcer_index": 13.329630202888563,
    "upi": 0.3993907187740552,
    "us_allocation": 71
}