{
    "beta": 0.8076523954508343,
    "cagr": 0.09860778899565714,
    "end_val": 1665523.3252832717,
    "max_drawdown": -0.581947993732675,
    "mwrr": 0.09860778899565714,
    "sharpe": 0.31159763749576164,
    "sortino": 0.4367420148313169,
    "std": 0.1587173918868841,
    "ulcer_index": 13.833100869064715,
    "upi": 0.3575928344745281,
    "us_allocation": 50
}