{
    "beta": 0.8308527292443724,
    "cagr": 0.10029043868915699,
    "end_val": 1810105.0394226087,
    "max_drawdown": -0.5767178086554061,
    "mwrr": 0.10029043868915699,
    "sharpe": 0.3225474149249392,
    "sortino": 0.4517101225828361,
    "std": 0.1580702544311983,
    "ulcer_index": 13.592652212024833,
    "upi": 0.37517225039648794,
    "us_allocation": 58
}