{
    "beta": 0.7237545230656601,
    "cagr": 0.09147519244038249,
    "end_val": 1168648.4624418826,
    "max_drawdown": -0.600607779018391,
    "mwrr": 0.09147519244038249,
    "sharpe": 0.25544699475879,
    "sortino": 0.35906624703426443,
    "std": 0.16812923248033163,
    "ulcer_index": 15.279727102926834,
    "upi": 0.281128774832951,
    "us_allocation": 21
}