{
    "beta": 0.8657347222443142,
    "cagr": 0.10258236485008987,
    "end_val": 2027023.4875745997,
    "max_drawdown": -0.5688029342189884,
    "mwrr": 0.10258236485008987,
    "sharpe": 0.3342940733454953,
    "sortino": 0.467633905182277,
    "std": 0.15873583013436976,
    "ulcer_index": 13.345522170923562,
    "upi": 0.39770361366040213,
    "us_allocation": 70
}