{
    "beta": 0.9535699041650455,
    "cagr": 0.1070799652369323,
    "end_val": 2529429.9109017355,
    "max_drawdown": -0.5528942487106141,
    "mwrr": 0.1070799652369323,
    "sharpe": 0.3386285316940874,
    "sortino": 0.4729092402753193,
    "std": 0.1687193113615138,
    "ulcer_index": 13.576763222301224,
    "upi": 0.42089592460523806,
    "us_allocation": 100
}