{
    "beta": 0.8221482092552773,
    "cagr": 0.09967391638664536,
    "end_val": 1755754.2578385714,
    "max_drawdown": -0.578683426723729,
    "mwrr": 0.09967391638664536,
    "sharpe": 0.3187209799999146,
    "sortino": 0.4464900292486334,
    "std": 0.15821086191474348,
    "ulcer_index": 13.675477625646701,
    "upi": 0.3688036360152028,
    "us_allocation": 55
}