{
    "beta": 0.6716993683678364,
    "cagr": 0.08623258084160068,
    "end_val": 899385.6797461465,
    "max_drawdown": -0.6119629558416391,
    "mwrr": 0.08623258084160068,
    "sharpe": 0.2130132253893455,
    "sortino": 0.29985731795494885,
    "std": 0.17903743171134454,
    "ulcer_index": 16.68675660904306,
    "upi": 0.2285831452161035,
    "us_allocation": 3
}