{
    "beta": 0.7758029449984754,
    "cagr": 0.09609280942866572,
    "end_val": 1470317.1805263385,
    "max_drawdown": -0.5890803381222214,
    "mwrr": 0.09609280942866572,
    "sharpe": 0.29293149919250494,
    "sortino": 0.41106246691333975,
    "std": 0.16101403963753158,
    "ulcer_index": 14.282993161729683,
    "upi": 0.33029087701275167,
    "us_allocation": 39
}