{
    "beta": 0.9417932820955525,
    "cagr": 0.10658321324483144,
    "end_val": 2468429.5196155417,
    "max_drawdown": -0.5548198035287278,
    "mwrr": 0.10658321324483144,
    "sharpe": 0.3399638777595892,
    "sortino": 0.4748115665486802,
    "std": 0.1667368930866896,
    "ulcer_index": 13.49900504740753,
    "upi": 0.4199979248253255,
    "us_allocation": 96
}