{
    "beta": 0.7497729386490193,
    "cagr": 0.09386194409838122,
    "end_val": 1316083.2840346382,
    "max_drawdown": -0.5948660190387536,
    "mwrr": 0.09386194409838122,
    "sharpe": 0.27507202398547037,
    "sortino": 0.386341525100266,
    "std": 0.16406802210249877,
    "ulcer_index": 14.731119470057909,
    "upi": 0.30641951886218244,
    "us_allocation": 30
}