{
    "beta": 0.8018577421546943,
    "cagr": 0.09816784598891681,
    "end_val": 1629630.2008116925,
    "max_drawdown": -0.583249839506702,
    "mwrr": 0.09816784598891681,
    "sharpe": 0.3084981940477195,
    "sortino": 0.43249062334983124,
    "std": 0.1590147715022555,
    "ulcer_index": 13.909180064062841,
    "upi": 0.35275867562607155,
    "us_allocation": 48
}