{
    "beta": 0.6977344601309597,
    "cagr": 0.08893225266485771,
    "end_val": 1029398.3358261328,
    "max_drawdown": -0.6063064810331509,
    "mwrr": 0.08893225266485771,
    "sharpe": 0.23459362806572617,
    "sortino": 0.33000920720366134,
    "std": 0.17314010931346988,
    "ulcer_index": 15.935029014353026,
    "upi": 0.2549367619652335,
    "us_allocation": 12
}