{
    "beta": 0.8803044299366514,
    "cagr": 0.10345477722280028,
    "end_val": 2116131.192376308,
    "max_drawdown": -0.5654799272129044,
    "mwrr": 0.10345477722280028,
    "sharpe": 0.3374588757575648,
    "sortino": 0.4718701340289952,
    "std": 0.15958938285404464,
    "ulcer_index": 13.304259537330548,
    "upi": 0.40487877352274926,
    "us_allocation": 75
}