{
    "beta": 0.6774869364513737,
    "cagr": 0.08684608912212011,
    "end_val": 927436.7383125848,
    "max_drawdown": -0.6107095692650825,
    "mwrr": 0.08684608912212011,
    "sharpe": 0.21784821909781388,
    "sortino": 0.3066194990689763,
    "std": 0.1776536350195488,
    "ulcer_index": 16.51092123937046,
    "upi": 0.23443573424810116,
    "us_allocation": 5
}