{
    "beta": 0.6803802373972744,
    "cagr": 0.08714992965696133,
    "end_val": 941645.2643407045,
    "max_drawdown": -0.6100821061493752,
    "mwrr": 0.08714992965696133,
    "sharpe": 0.22025904362531454,
    "sortino": 0.30998990886047695,
    "std": 0.17697717168044777,
    "ulcer_index": 16.4248905766712,
    "upi": 0.23736471232661352,
    "us_allocation": 6
}