{
    "beta": 0.8832212266013337,
    "cagr": 0.1036234081968277,
    "end_val": 2133793.213641183,
    "max_drawdown": -0.5648135252080556,
    "mwrr": 0.1036234081968277,
    "sharpe": 0.3379691857477347,
    "sortino": 0.47254685945383745,
    "std": 0.15980026853612145,
    "ulcer_index": 13.303323465184231,
    "upi": 0.40605527659373075,
    "us_allocation": 76
}