{
    "beta": 0.7410994975535662,
    "cagr": 0.09308369082411905,
    "end_val": 1266107.5529350268,
    "max_drawdown": -0.59678477584042,
    "mwrr": 0.09308369082411905,
    "sharpe": 0.2686996983984874,
    "sortino": 0.3774950082306665,
    "std": 0.165312522585254,
    "ulcer_index": 14.902485658954696,
    "upi": 0.29812229542344837,
    "us_allocation": 27
}