{
    "beta": 0.8715598280097119,
    "cagr": 0.1029371753610453,
    "end_val": 2062810.233093924,
    "max_drawdown": -0.5674755261909354,
    "mwrr": 0.1029371753610453,
    "sharpe": 0.3356828958294704,
    "sortino": 0.46949906278225406,
    "std": 0.15903692685693221,
    "ulcer_index": 13.314830676348846,
    "upi": 0.4010354955667452,
    "us_allocation": 72
}