{
    "beta": 0.7382085522883756,
    "cagr": 0.09282042313835692,
    "end_val": 1249627.1756389248,
    "max_drawdown": -0.5974232826411545,
    "mwrr": 0.09282042313835692,
    "sharpe": 0.2665354720359196,
    "sortino": 0.37448785367006604,
    "std": 0.16575189429814133,
    "ulcer_index": 14.961351671517031,
    "upi": 0.2953400739683786,
    "us_allocation": 26
}