{
    "beta": 0.7584476679166494,
    "cagr": 0.09462287867696029,
    "end_val": 1366817.2320573176,
    "max_drawdown": -0.5929423824109952,
    "mwrr": 0.09462287867696029,
    "sharpe": 0.2812481056800313,
    "sortino": 0.3949042585460488,
    "std": 0.16293551901609818,
    "ulcer_index": 14.569514024220275,
    "upi": 0.31458905640257045,
    "us_allocation": 33
}