{
    "beta": 0.8978205644871039,
    "cagr": 0.10443721829556885,
    "end_val": 2221084.7183816126,
    "max_drawdown": -0.5620948306372673,
    "mwrr": 0.10443721829556885,
    "sharpe": 0.339914086641174,
    "sortino": 0.4750903731392203,
    "std": 0.16105320931822178,
    "ulcer_index": 13.322955944453486,
    "upi": 0.4109865294032312,
    "us_allocation": 81
}