{
    "beta": 0.781590292217228,
    "cagr": 0.09656739814772286,
    "end_val": 1505348.151136254,
    "max_drawdown": -0.587788577152564,
    "mwrr": 0.09656739814772286,
    "sharpe": 0.29660658975362997,
    "sortino": 0.41613253867770217,
    "std": 0.16047718974632375,
    "ulcer_index": 14.195745083414797,
    "upi": 0.3353688309385421,
    "us_allocation": 41
}