{
    "beta": 0.6832732413439191,
    "cagr": 0.08745182933734652,
    "end_val": 955974.5965205572,
    "max_drawdown": -0.6094541283660776,
    "mwrr": 0.08745182933734652,
    "sharpe": 0.22266465811529623,
    "sortino": 0.31335205374901354,
    "std": 0.17631111727692064,
    "ulcer_index": 16.3396746566407,
    "upi": 0.24030115552247855,
    "us_allocation": 7
}