{
    "beta": 0.6948426611080377,
    "cagr": 0.0886400412666255,
    "end_val": 1014480.218639977,
    "max_drawdown": -0.6069370486355963,
    "mwrr": 0.0886400412666255,
    "sharpe": 0.23222310187977002,
    "sortino": 0.3267011319072441,
    "std": 0.17375277754568622,
    "ulcer_index": 16.014062830741253,
    "upi": 0.25200342851789337,
    "us_allocation": 11
}