{
    "beta": 0.9065931668122126,
    "cagr": 0.10490196559610654,
    "end_val": 2272497.4034558916,
    "max_drawdown": -0.5606179604571234,
    "mwrr": 0.10490196559610654,
    "sharpe": 0.34060309139581474,
    "sortino": 0.4759590191225896,
    "std": 0.16196193714899668,
    "ulcer_index": 13.3458844134538,
    "upi": 0.41343097100510023,
    "us_allocation": 84
}