{
    "beta": 0.8511870346794398,
    "cagr": 0.10166131895711938,
    "end_val": 1936945.3866486961,
    "max_drawdown": -0.5721110687455652,
    "mwrr": 0.10166131895711938,
    "sharpe": 0.3301056945658688,
    "sortino": 0.46197869727647634,
    "std": 0.15822006117481083,
    "ulcer_index": 13.438487349059885,
    "upi": 0.3887369522241266,
    "us_allocation": 65
}