{
    "beta": 0.9439155770137747,
    "cagr": 0.10886329580137821,
    "end_val": 2489985.954354588,
    "max_drawdown": -0.5543380722033063,
    "mwrr": 0.10886329580137821,
    "sharpe": 0.3530936017388348,
    "sortino": 0.49277878515873214,
    "std": 0.16744179113246982,
    "ulcer_index": 13.512087137597117,
    "upi": 0.4376334462603571,
    "us_allocation": 97
}