{
    "beta": 0.6972591170130359,
    "cagr": 0.09316498740095547,
    "end_val": 1162969.144766281,
    "max_drawdown": -0.6069370486355958,
    "mwrr": 0.09316498740095547,
    "sharpe": 0.25760098265614145,
    "sortino": 0.36273749727868126,
    "std": 0.17419769780707225,
    "ulcer_index": 16.01261143348098,
    "upi": 0.28028035827082626,
    "us_allocation": 11
}