{
    "beta": 0.7515064286285688,
    "cagr": 0.09786471151150944,
    "end_val": 1462333.439439932,
    "max_drawdown": -0.5948660190387535,
    "mwrr": 0.09786471151150944,
    "sharpe": 0.29877401695973665,
    "sortino": 0.4199348684993721,
    "std": 0.16454025359225763,
    "ulcer_index": 14.72419944894832,
    "upi": 0.33393255255428056,
    "us_allocation": 30
}