{
    "beta": 0.7800629827753975,
    "cagr": 0.10005854443112705,
    "end_val": 1626811.3024193197,
    "max_drawdown": -0.5884347349001298,
    "mwrr": 0.10005854443112705,
    "sharpe": 0.31732053641867813,
    "sortino": 0.4455030444136116,
    "std": 0.16120963856966722,
    "ulcer_index": 14.228994814683299,
    "upi": 0.3595794806965235,
    "us_allocation": 40
}