{
    "beta": 0.9149513237569405,
    "cagr": 0.10777879936547752,
    "end_val": 2363234.553977699,
    "max_drawdown": -0.5591654596191127,
    "mwrr": 0.10777879936547752,
    "sharpe": 0.35610007820270834,
    "sortino": 0.4972869997530518,
    "std": 0.16328096993084693,
    "ulcer_index": 13.366005242682629,
    "upi": 0.43509954639479875,
    "us_allocation": 87
}