{
    "beta": 0.7115385527281207,
    "cagr": 0.09446940700330053,
    "end_val": 1239428.3394411479,
    "max_drawdown": -0.603778986472917,
    "mwrr": 0.09446940700330053,
    "sharpe": 0.2689855185204051,
    "sortino": 0.37859174973072574,
    "std": 0.17125530041461845,
    "ulcer_index": 15.626768258954069,
    "upi": 0.29482994852163463,
    "us_allocation": 16
}