{
    "beta": 0.9294174967092899,
    "cagr": 0.10834591044684472,
    "end_val": 2428705.287436721,
    "max_drawdown": -0.5567489849087952,
    "mwrr": 0.10834591044684472,
    "sharpe": 0.35504276176970523,
    "sortino": 0.49563493746047227,
    "std": 0.16520833259025727,
    "ulcer_index": 13.430739360383685,
    "upi": 0.4368111829436572,
    "us_allocation": 92
}