{
    "beta": 0.9062858439466353,
    "cagr": 0.10741478410828176,
    "end_val": 2322126.3278693277,
    "max_drawdown": -0.5606179604571228,
    "mwrr": 0.10741478410828176,
    "sharpe": 0.3562828070389246,
    "sortino": 0.49766596267363905,
    "std": 0.16227509928959857,
    "ulcer_index": 13.336052604733736,
    "upi": 0.4336135633521057,
    "us_allocation": 84
}