{
    "beta": 0.7686380985378224,
    "cagr": 0.09920412999183315,
    "end_val": 1560700.8708124761,
    "max_drawdown": -0.5910138331743318,
    "mwrr": 0.09920412999183315,
    "sharpe": 0.3102335421028323,
    "sortino": 0.43575720120415073,
    "std": 0.1623896369292388,
    "ulcer_index": 14.409412684170855,
    "upi": 0.3496866500613516,
    "us_allocation": 36
}