{
    "beta": 0.6829732536035582,
    "cagr": 0.0918120863053058,
    "end_val": 1088559.7974987011,
    "max_drawdown": -0.6100821061493743,
    "mwrr": 0.0918120863053058,
    "sharpe": 0.24596202132352352,
    "sortino": 0.34649979144060145,
    "std": 0.1774094187173313,
    "ulcer_index": 16.423224363319097,
    "upi": 0.26573465929737955,
    "us_allocation": 6
}