{
    "beta": 0.6915456735451879,
    "cagr": 0.09262965171819881,
    "end_val": 1132947.3190404705,
    "max_drawdown": -0.6081966244215835,
    "mwrr": 0.09262965171819881,
    "sharpe": 0.2529714066295949,
    "sortino": 0.3562821607539929,
    "std": 0.17545067894141306,
    "ulcer_index": 16.17342994957718,
    "upi": 0.27446569091122297,
    "us_allocation": 9
}