{
    "beta": 0.677256584607828,
    "cagr": 0.09125732182770818,
    "end_val": 1059416.8851620199,
    "max_drawdown": -0.6113365188013066,
    "mwrr": 0.09125732182770818,
    "sharpe": 0.24125291381311825,
    "sortino": 0.3399220736482416,
    "std": 0.17876706965379618,
    "ulcer_index": 16.59593117041232,
    "upi": 0.25990770682104775,
    "us_allocation": 4
}