{
    "beta": 0.7315233722289004,
    "cagr": 0.09621435151595548,
    "end_val": 1349466.5807699552,
    "max_drawdown": -0.5993355832837514,
    "mwrr": 0.09621435151595548,
    "sharpe": 0.2843350086196603,
    "sortino": 0.39992247278716736,
    "std": 0.16760896727349783,
    "ulcer_index": 15.14550863953203,
    "upi": 0.314713610079944,
    "us_allocation": 23
}