{
    "beta": 0.9120616865730566,
    "cagr": 0.10765943567641312,
    "end_val": 2349676.7427810854,
    "max_drawdown": -0.5596494106152845,
    "mwrr": 0.10765943567641312,
    "sharpe": 0.35619944885988014,
    "sortino": 0.497465596511684,
    "std": 0.16293300320545145,
    "ulcer_index": 13.355519011144487,
    "upi": 0.4346347333246712,
    "us_allocation": 86
}