{
    "beta": 0.8315459942427872,
    "cagr": 0.10352166505664484,
    "end_val": 1924078.9315774948,
    "max_drawdown": -0.5767178086554058,
    "mwrr": 0.10352166505664484,
    "sharpe": 0.3425497250127864,
    "sortino": 0.47983515162071344,
    "std": 0.15850559460922986,
    "ulcer_index": 13.579208375104294,
    "upi": 0.3999250855329143,
    "us_allocation": 58
}