{
    "beta": 0.7457967988086058,
    "cagr": 0.0974028219284302,
    "end_val": 1429843.697178327,
    "max_drawdown": -0.596145730436366,
    "mwrr": 0.0974028219284302,
    "sharpe": 0.29475625394579313,
    "sortino": 0.4143736558340631,
    "std": 0.16535650228124701,
    "ulcer_index": 14.838352330387892,
    "upi": 0.32852852142438677,
    "us_allocation": 28
}