{
    "beta": 0.7572164249209463,
    "cagr": 0.09831889160036966,
    "end_val": 1494986.8913427258,
    "max_drawdown": -0.5935841388381241,
    "mwrr": 0.09831889160036966,
    "sharpe": 0.30269673748913684,
    "sortino": 0.42535836341304717,
    "std": 0.16377332105838216,
    "ulcer_index": 14.614649172245109,
    "upi": 0.3392649044127642,
    "us_allocation": 32
}