{
    "beta": 0.7058274009524449,
    "cagr": 0.09395344934383631,
    "end_val": 1208612.957320802,
    "max_drawdown": -0.6050437808309183,
    "mwrr": 0.09395344934383631,
    "sharpe": 0.2644675037968212,
    "sortino": 0.3723033465883203,
    "std": 0.17239924324848782,
    "ulcer_index": 15.778186867692673,
    "upi": 0.289012917647638,
    "us_allocation": 14
}