{
    "beta": 0.7714939731576441,
    "cagr": 0.09942062327469547,
    "end_val": 1577198.336345618,
    "max_drawdown": -0.5903698860108443,
    "mwrr": 0.09942062327469547,
    "sharpe": 0.31204922363578336,
    "sortino": 0.43825733644178205,
    "std": 0.162075388451984,
    "ulcer_index": 14.363425744685072,
    "upi": 0.35217688482174836,
    "us_allocation": 37
}