{
    "beta": 0.7429420758576343,
    "cagr": 0.09716898534115104,
    "end_val": 1413666.558410197,
    "max_drawdown": -0.5967847758404199,
    "mwrr": 0.09716898534115104,
    "sharpe": 0.2927135854984513,
    "sortino": 0.4115438992794995,
    "std": 0.16578293712185127,
    "ulcer_index": 14.89680353866067,
    "upi": 0.32580935899666535,
    "us_allocation": 27
}