{
    "beta": 0.923627346689513,
    "cagr": 0.10812501643500916,
    "end_val": 2402995.0124488375,
    "max_drawdown": -0.5577149146189501,
    "mwrr": 0.10812501643500916,
    "sharpe": 0.3555760368513572,
    "sortino": 0.4964451163575274,
    "std": 0.16440015330885044,
    "ulcer_index": 13.403170673751536,
    "upi": 0.43622331252674457,
    "us_allocation": 90
}