{
    "beta": 0.8861042908032902,
    "cagr": 0.1064965068028938,
    "end_val": 2221517.548582863,
    "max_drawdown": -0.5642071746721876,
    "mwrr": 0.1064965068028938,
    "sharpe": 0.3553271588782415,
    "sortino": 0.49666320469075503,
    "std": 0.16037790715997255,
    "ulcer_index": 13.291786405970605,
    "upi": 0.428819363108507,
    "us_allocation": 77
}