{
    "beta": 0.680115103918543,
    "cagr": 0.09153567693071873,
    "end_val": 1073942.4445175072,
    "max_drawdown": -0.6107095692650821,
    "mwrr": 0.09153567693071873,
    "sharpe": 0.2436106879717936,
    "sortino": 0.34321596090409984,
    "std": 0.17808312000521462,
    "ulcer_index": 16.509181264057833,
    "upi": 0.26281784889674326,
    "us_allocation": 5
}