{
    "beta": 0.8258179621209393,
    "cagr": 0.10316776542399198,
    "end_val": 1891407.577398017,
    "max_drawdown": -0.578028796541611,
    "mwrr": 0.10316776542399198,
    "sharpe": 0.34034259797748784,
    "sortino": 0.4768637230675222,
    "std": 0.1585917049982815,
    "ulcer_index": 13.63287620316881,
    "upi": 0.3959987810689054,
    "us_allocation": 56
}