{
    "beta": 0.8717183730682748,
    "cagr": 0.10578180075353738,
    "end_val": 2146184.324325104,
    "max_drawdown": -0.567475526190936,
    "mwrr": 0.10578180075353738,
    "sharpe": 0.35342000735708073,
    "sortino": 0.4942547560462796,
    "std": 0.1594160548347292,
    "ulcer_index": 13.301078350426737,
    "upi": 0.4236641289184691,
    "us_allocation": 72
}