{
    "beta": 0.9207341330337303,
    "cagr": 0.10801159194308863,
    "end_val": 2389897.28853643,
    "max_drawdown": -0.5581982105931819,
    "mwrr": 0.10801159194308863,
    "sharpe": 0.3557879479028562,
    "sortino": 0.49677621074521267,
    "std": 0.16401461172009513,
    "ulcer_index": 13.390209621505077,
    "upi": 0.4358814879115761,
    "us_allocation": 89
}