{
    "beta": 0.8372764446225381,
    "cagr": 0.10386782454284038,
    "end_val": 1956571.238219737,
    "max_drawdown": -0.5754045083565653,
    "mwrr": 0.10386782454284038,
    "sharpe": 0.34459672683115583,
    "sortino": 0.48258216235809837,
    "std": 0.15847358203324116,
    "ulcer_index": 13.531867967741755,
    "upi": 0.40364112416367515,
    "us_allocation": 60
}