{
    "beta": 0.8000677588995803,
    "cagr": 0.10147958669398904,
    "end_val": 1742900.1726147002,
    "max_drawdown": -0.583899914576412,
    "mwrr": 0.10147958669398904,
    "sharpe": 0.3285097580078978,
    "sortino": 0.4608111955817807,
    "std": 0.15964556541840888,
    "ulcer_index": 13.936515045428212,
    "upi": 0.37638589456835214,
    "us_allocation": 47
}