{
    "beta": 0.9497243424158628,
    "cagr": 0.10905625669181562,
    "end_val": 2513227.1416439605,
    "max_drawdown": -0.5533752937366772,
    "mwrr": 0.10905625669181562,
    "sharpe": 0.3520782912259297,
    "sortino": 0.4913192881650425,
    "std": 0.16841879325277861,
    "ulcer_index": 13.55127434899767,
    "upi": 0.4376511758398664,
    "us_allocation": 99
}