{
    "beta": 0.7629269331006308,
    "cagr": 0.09876536402038161,
    "end_val": 1527783.1974898,
    "max_drawdown": -0.5923000801419198,
    "mwrr": 0.09876536402038161,
    "sharpe": 0.30651852072895125,
    "sortino": 0.43063539309447263,
    "std": 0.16305626936033668,
    "ulcer_index": 14.509247884192565,
    "upi": 0.3445297222658415,
    "us_allocation": 34
}