{
    "beta": 0.8057867458925785,
    "cagr": 0.10186824828210717,
    "end_val": 1776042.025230438,
    "max_drawdown": -0.5825991996609635,
    "mwrr": 0.10186824828210717,
    "sharpe": 0.33139878882224905,
    "sortino": 0.46474545539037354,
    "std": 0.15931760575730086,
    "ulcer_index": 13.858472985694226,
    "upi": 0.381050279847545,
    "us_allocation": 49
}