{
    "beta": 0.8229548062805994,
    "cagr": 0.10298791505057547,
    "end_val": 1875013.377313841,
    "max_drawdown": -0.5786834267237294,
    "mwrr": 0.10298791505057547,
    "sharpe": 0.3391798062950696,
    "sortino": 0.4752947413057102,
    "std": 0.15865502489931124,
    "ulcer_index": 13.66231270919292,
    "upi": 0.3939526065615015,
    "us_allocation": 55
}