{
    "beta": 0.9091732001486666,
    "cagr": 0.10753809656676427,
    "end_val": 2335972.7905308353,
    "max_drawdown": -0.5601335779014462,
    "mwrr": 0.10753809656676427,
    "sharpe": 0.35626048548366235,
    "sortino": 0.49759213911442857,
    "std": 0.16259769215830586,
    "ulcer_index": 13.345539048103173,
    "upi": 0.4341392683881668,
    "us_allocation": 85
}