{
    "beta": 0.8344109078045678,
    "cagr": 0.10369571273823164,
    "end_val": 1940349.2005703105,
    "max_drawdown": -0.5760614482393057,
    "mwrr": 0.10369571273823164,
    "sharpe": 0.34359339243743153,
    "sortino": 0.48123688340384124,
    "std": 0.15848282313004106,
    "ulcer_index": 13.555281759335376,
    "upi": 0.4017940202720248,
    "us_allocation": 59
}