{
    "beta": 0.7258138779556718,
    "cagr": 0.09572545563331891,
    "end_val": 1317704.6382019708,
    "max_drawdown": -0.6006077790183911,
    "mwrr": 0.09572545563331891,
    "sharpe": 0.2800313491934507,
    "sortino": 0.39394688928748894,
    "std": 0.1685930521178279,
    "ulcer_index": 15.276945618622365,
    "upi": 0.30908682304821805,
    "us_allocation": 21
}