{
    "beta": 0.6658184313721709,
    "cagr": 0.09012441910962377,
    "end_val": 1002261.195695512,
    "max_drawdown": -0.613839202756015,
    "mwrr": 0.09012441910962377,
    "sharpe": 0.2317688157592166,
    "sortino": 0.32666262059177337,
    "std": 0.18160361283596554,
    "ulcer_index": 16.961055139943547,
    "upi": 0.24819035186323343,
    "us_allocation": 0
}