{
    "beta": 0.9352127511388649,
    "cagr": 0.10855884871443844,
    "end_val": 2453745.016969229,
    "max_drawdown": -0.5557839450986225,
    "mwrr": 0.10855884871443844,
    "sharpe": 0.3543667012281323,
    "sortino": 0.49463193334118827,
    "std": 0.1660654963361197,
    "ulcer_index": 13.461056967626291,
    "upi": 0.4372537167949246,
    "us_allocation": 94
}