{
    "beta": 0.8200921991324099,
    "cagr": 0.10280613195588995,
    "end_val": 1858584.7142138248,
    "max_drawdown": -0.579337482863304,
    "mwrr": 0.10280613195588995,
    "sharpe": 0.33797801650880094,
    "sortino": 0.47367076682425235,
    "std": 0.1587318371867523,
    "ulcer_index": 13.692399784937166,
    "upi": 0.3918836172197393,
    "us_allocation": 54
}