{
    "beta": 0.6686786191985815,
    "cagr": 0.0904105697320794,
    "end_val": 1016405.3847046496,
    "max_drawdown": -0.6132142967465782,
    "mwrr": 0.0904105697320794,
    "sharpe": 0.23414668016296108,
    "sortino": 0.3299885426216385,
    "std": 0.18087953856182395,
    "ulcer_index": 16.866291482571484,
    "upi": 0.2511404822150523,
    "us_allocation": 1
}