{
    "beta": 0.7486515770012379,
    "cagr": 0.09763473054441518,
    "end_val": 1446066.8261936668,
    "max_drawdown": -0.5955061452353796,
    "mwrr": 0.09763473054441518,
    "sharpe": 0.29677664541500554,
    "sortino": 0.41717098110096934,
    "std": 0.16494224967118612,
    "ulcer_index": 14.780800343043547,
    "upi": 0.33123684928340347,
    "us_allocation": 29
}