{
    "beta": 0.926521794235,
    "cagr": 0.10823645671215631,
    "end_val": 2415932.1990466127,
    "max_drawdown": -0.5572318390457834,
    "mwrr": 0.10823645671215631,
    "sharpe": 0.35532748728425856,
    "sortino": 0.49606446140742233,
    "std": 0.1647980837748182,
    "ulcer_index": 13.41672820371641,
    "upi": 0.43653164598755684,
    "us_allocation": 91
}