{
    "beta": 0.8573542341374142,
    "cagr": 0.10501832238305142,
    "end_val": 2068479.1585062717,
    "max_drawdown": -0.5707895881800368,
    "mwrr": 0.10501832238305142,
    "sharpe": 0.3504715505279577,
    "sortino": 0.49040096471481665,
    "std": 0.15878758092224407,
    "ulcer_index": 13.385973999841282,
    "upi": 0.41581951170353465,
    "us_allocation": 67
}