{
    "beta": 0.9033995975236399,
    "cagr": 0.10728950032289841,
    "end_val": 2308140.995451042,
    "max_drawdown": -0.5611025572647356,
    "mwrr": 0.10728950032289841,
    "sharpe": 0.3562660512450589,
    "sortino": 0.49768668602204497,
    "std": 0.1619652852735013,
    "ulcer_index": 13.327176728937511,
    "upi": 0.4330538178864026,
    "us_allocation": 83
}