{
    "beta": 0.8832252478555935,
    "cagr": 0.106357476246276,
    "end_val": 2206662.63645724,
    "max_drawdown": -0.5648135252080558,
    "mwrr": 0.106357476246276,
    "sharpe": 0.355028450700908,
    "sortino": 0.49629644477003937,
    "std": 0.16015907606151744,
    "ulcer_index": 13.290559636712686,
    "upi": 0.4279138874685309,
    "us_allocation": 76
}