{
    "beta": 0.880347154264729,
    "cagr": 0.10621648879424495,
    "end_val": 2191698.1860763533,
    "max_drawdown": -0.5654799272129041,
    "mwrr": 0.10621648879424495,
    "sharpe": 0.3546885303560648,
    "sortino": 0.49587250738312694,
    "std": 0.15995343527341063,
    "ulcer_index": 13.291220736686084,
    "upi": 0.42693416568213355,
    "us_allocation": 75
}