{
    "beta": 0.7201040937217248,
    "cagr": 0.09522883459800258,
    "end_val": 1286192.107333309,
    "max_drawdown": -0.6018778485597516,
    "mwrr": 0.09522883459800258,
    "sharpe": 0.2756592755773567,
    "sortino": 0.3878722079767208,
    "std": 0.1696236507087661,
    "ulcer_index": 15.411812412658767,
    "upi": 0.3034414279478433,
    "us_allocation": 19
}