{
    "beta": 0.7229590312419091,
    "cagr": 0.09547811106620507,
    "end_val": 1301916.1065883636,
    "max_drawdown": -0.6012430789832636,
    "mwrr": 0.09547811106620507,
    "sharpe": 0.27785350052232777,
    "sortino": 0.3909214337929877,
    "std": 0.16910257858060748,
    "ulcer_index": 15.343821232578591,
    "upi": 0.3062687665726882,
    "us_allocation": 20
}