{
    "beta": 0.6715383612772609,
    "cagr": 0.09069476950790412,
    "end_val": 1030646.9577162078,
    "max_drawdown": -0.6125888814651843,
    "mwrr": 0.09069476950790412,
    "sharpe": 0.23652034861843163,
    "sortino": 0.33330757120979737,
    "std": 0.18016536569478647,
    "ulcer_index": 16.77517805334062,
    "upi": 0.2540575839144293,
    "us_allocation": 2
}