{
    "beta": 0.8401426234426389,
    "cagr": 0.10403799957824944,
    "end_val": 1972741.5495979958,
    "max_drawdown": -0.5747469876361856,
    "mwrr": 0.10403799957824944,
    "sharpe": 0.345559459312271,
    "sortino": 0.48387071425065425,
    "std": 0.15847787366298777,
    "ulcer_index": 13.509140139683788,
    "upi": 0.40546087681905263,
    "us_allocation": 61
}