{
    "beta": 0.7029715323415942,
    "cagr": 0.09369256630746858,
    "end_val": 1193319.2562321401,
    "max_drawdown": -0.6056753921383798,
    "mwrr": 0.09369256630746858,
    "sharpe": 0.26218992111339706,
    "sortino": 0.36913153619586636,
    "std": 0.17298780951225387,
    "ulcer_index": 15.855373941492802,
    "upi": 0.2861021307928184,
    "us_allocation": 13
}