{
    "beta": 0.7772063970892336,
    "cagr": 0.09984783053217527,
    "end_val": 1610256.4271206001,
    "max_drawdown": -0.5890803381222215,
    "mwrr": 0.09984783053217527,
    "sharpe": 0.31559341026741383,
    "sortino": 0.4431311950312498,
    "std": 0.1614853313977493,
    "ulcer_index": 14.27315279484589,
    "upi": 0.35712530829070577,
    "us_allocation": 39
}