{
    "beta": 0.860225435905274,
    "cagr": 0.10517491151507374,
    "end_val": 2084188.0433545718,
    "max_drawdown": -0.5701279626951342,
    "mwrr": 0.10517491151507374,
    "sharpe": 0.3511448115429164,
    "sortino": 0.49128761097403634,
    "std": 0.15888642694028,
    "ulcer_index": 13.367301310292738,
    "upi": 0.4174599823921398,
    "us_allocation": 68
}