{
    "beta": 0.8889843028760425,
    "cagr": 0.10663357882606683,
    "end_val": 2236259.2477754117,
    "max_drawdown": -0.5636790205278199,
    "mwrr": 0.10663357882606683,
    "sharpe": 0.3555848412335272,
    "sortino": 0.49697310830728403,
    "std": 0.16060988492593206,
    "ulcer_index": 13.295322920027036,
    "upi": 0.4296365880255584,
    "us_allocation": 78
}