{
    "beta": 0.9323144752586612,
    "cagr": 0.10845337525875776,
    "end_val": 2441310.734648914,
    "max_drawdown": -0.5562663532460601,
    "mwrr": 0.10845337525875776,
    "sharpe": 0.35472233665857145,
    "sortino": 0.4951571861202365,
    "std": 0.16563082784767313,
    "ulcer_index": 13.445339377391715,
    "upi": 0.4370575771173682,
    "us_allocation": 93
}