{
    "beta": 0.8086468870787827,
    "cagr": 0.10205968549093614,
    "end_val": 1792592.7448513922,
    "max_drawdown": -0.5819479937326753,
    "mwrr": 0.10205968549093614,
    "sharpe": 0.33278915653014857,
    "sortino": 0.4666359217944053,
    "std": 0.1591736362685973,
    "ulcer_index": 13.820597498357998,
    "upi": 0.38335111648505255,
    "us_allocation": 50
}