{
    "beta": 0.8745937364550255,
    "cagr": 0.10592864952490944,
    "end_val": 2161455.3611865295,
    "max_drawdown": -0.5668109262421439,
    "mwrr": 0.10592864952490944,
    "sharpe": 0.3538844321325734,
    "sortino": 0.49485183215978057,
    "std": 0.15958188713031476,
    "ulcer_index": 13.295091682570504,
    "upi": 0.4248532968764631,
    "us_allocation": 73
}