{
    "beta": 0.8947473138578577,
    "cagr": 0.10690184048632734,
    "end_val": 2265388.309163313,
    "max_drawdown": -0.5626228478425419,
    "mwrr": 0.10690184048632734,
    "sharpe": 0.35597799447749534,
    "sortino": 0.4974242738003502,
    "std": 0.1611130942101431,
    "ulcer_index": 13.305803353442359,
    "upi": 0.43111901072616415,
    "us_allocation": 80
}