{
    "beta": 0.6743976767274674,
    "cagr": 0.09097701977361661,
    "end_val": 1044984.5830509348,
    "max_drawdown": -0.6119629558416394,
    "mwrr": 0.09097701977361661,
    "sharpe": 0.23888927823602837,
    "sortino": 0.33661900219165874,
    "std": 0.17946118051907217,
    "ulcer_index": 16.68489225373444,
    "upi": 0.2569826842670489,
    "us_allocation": 3
}