{
    "beta": 0.8516141352927521,
    "cagr": 0.10469931271731014,
    "end_val": 2036834.9829872842,
    "max_drawdown": -0.5721110687455655,
    "mwrr": 0.10469931271731014,
    "sharpe": 0.3489999321578971,
    "sortino": 0.48845407765324056,
    "std": 0.1586303139434779,
    "ulcer_index": 13.424783302599122,
    "upi": 0.4124675095161883,
    "us_allocation": 65
}