{
    "beta": 0.79435037679557,
    "cagr": 0.10108321165559975,
    "end_val": 1709725.7713295403,
    "max_drawdown": -0.5851983755855104,
    "mwrr": 0.10108321165559975,
    "sharpe": 0.3254799604010688,
    "sortino": 0.456676837977903,
    "std": 0.16002665291828297,
    "ulcer_index": 14.017065623585559,
    "upi": 0.37165606647647786,
    "us_allocation": 45
}