{
    "beta": 0.7972088763958983,
    "cagr": 0.10128236316751504,
    "end_val": 1726315.4554910224,
    "max_drawdown": -0.5845494261709447,
    "mwrr": 0.10128236316751504,
    "sharpe": 0.32701217349868655,
    "sortino": 0.458768716980599,
    "std": 0.15982948696194085,
    "ulcer_index": 13.976506145738623,
    "upi": 0.3740281486537403,
    "us_allocation": 46
}