{
    "beta": 0.7543613718755748,
    "cagr": 0.09809276511447296,
    "end_val": 1478640.9901793776,
    "max_drawdown": -0.5942253506426598,
    "mwrr": 0.09809276511447296,
    "sharpe": 0.3007476272529811,
    "sortino": 0.4226643626425145,
    "std": 0.1641505869255525,
    "ulcer_index": 14.668750536001129,
    "upi": 0.33661036019563406,
    "us_allocation": 31
}