{
    "beta": 0.8115074845655406,
    "cagr": 0.10224919300839463,
    "end_val": 1809125.667229405,
    "max_drawdown": -0.5812962204096099,
    "mwrr": 0.10224919300839463,
    "sharpe": 0.33414274011841033,
    "sortino": 0.4684742906817345,
    "std": 0.15904304836638627,
    "ulcer_index": 13.787255714051305,
    "upi": 0.38552486451450146,
    "us_allocation": 51
}