{
    "beta": 0.8918653039193202,
    "cagr": 0.10676869063111138,
    "end_val": 2250884.0592123084,
    "max_drawdown": -0.5631509113623575,
    "mwrr": 0.10676869063111138,
    "sharpe": 0.35580170835134983,
    "sortino": 0.49722665052533194,
    "std": 0.16085496336913604,
    "ulcer_index": 13.3002312697545,
    "upi": 0.4303955489911557,
    "us_allocation": 79
}