{
    "beta": 0.8976303526976542,
    "cagr": 0.10703302661262692,
    "end_val": 2279768.326238149,
    "max_drawdown": -0.5620948306372664,
    "mwrr": 0.10703302661262692,
    "sharpe": 0.3561139569103286,
    "sortino": 0.49756645559678503,
    "std": 0.1613842269408454,
    "ulcer_index": 13.311941529476172,
    "upi": 0.431810069585877,
    "us_allocation": 81
}