{
    "beta": 0.8659702399348013,
    "cagr": 0.10548225221202223,
    "end_val": 2115361.3103172006,
    "max_drawdown": -0.5688029342189888,
    "mwrr": 0.10548225221202223,
    "sharpe": 0.35236598450053785,
    "sortino": 0.4928869022291982,
    "std": 0.15912444235859652,
    "ulcer_index": 13.331727894327885,
    "upi": 0.42065873104295837,
    "us_allocation": 70
}