{
    "beta": 0.7172490470489449,
    "cagr": 0.09497762556905043,
    "end_val": 1270534.765777923,
    "max_drawdown": -0.6025120889016816,
    "mwrr": 0.09497762556905043,
    "sharpe": 0.27344939500275006,
    "sortino": 0.38480021774585577,
    "std": 0.17015618476982497,
    "ulcer_index": 15.480545261938781,
    "upi": 0.30061278933720054,
    "us_allocation": 18
}