{
    "beta": 0.7286686521848745,
    "cagr": 0.09597086892161366,
    "end_val": 1333555.533517336,
    "max_drawdown": -0.5999719475064251,
    "mwrr": 0.09597086892161366,
    "sharpe": 0.2821920955084161,
    "sortino": 0.3969475449315806,
    "std": 0.16809515429835742,
    "ulcer_index": 15.210843510802567,
    "upi": 0.31190188049762363,
    "us_allocation": 22
}