{
    "beta": 0.8172301221315289,
    "cagr": 0.10262241682659456,
    "end_val": 1842124.9726411088,
    "max_drawdown": -0.5799909663015486,
    "mwrr": 0.10262241682659456,
    "sharpe": 0.3367376248831856,
    "sortino": 0.4719923341262385,
    "std": 0.1588221252609238,
    "ulcer_index": 13.72329798489198,
    "upi": 0.3897876952025529,
    "us_allocation": 53
}