{
    "beta": 0.8430094630562988,
    "cagr": 0.10420623691048592,
    "end_val": 1988856.620578171,
    "max_drawdown": -0.5740888847011095,
    "mwrr": 0.10420623691048592,
    "sharpe": 0.34648134768898586,
    "sortino": 0.4851023137380997,
    "std": 0.15849569749303066,
    "ulcer_index": 13.487044397372449,
    "upi": 0.4072544889623525,
    "us_allocation": 62
}