{
    "beta": 0.7086830682492756,
    "cagr": 0.09421239596022724,
    "end_val": 1223983.287165407,
    "max_drawdown": -0.6044116459856976,
    "mwrr": 0.09421239596022724,
    "sharpe": 0.266732931075653,
    "sortino": 0.37545707274053697,
    "std": 0.171821711397323,
    "ulcer_index": 15.701942991123893,
    "upi": 0.29192315626662224,
    "us_allocation": 15
}