{
    "beta": 0.900514440528023,
    "cagr": 0.10716224718315548,
    "end_val": 2294020.442643825,
    "max_drawdown": -0.5615873673095938,
    "mwrr": 0.10716224718315548,
    "sharpe": 0.3562098753547983,
    "sortino": 0.4976537400448874,
    "std": 0.16166830888712597,
    "ulcer_index": 13.319036371151682,
    "upi": 0.4324559927005163,
    "us_allocation": 82
}