{
    "beta": 0.6858310525527275,
    "cagr": 0.09208655113630915,
    "end_val": 1103267.4363151346,
    "max_drawdown": -0.6094541283660765,
    "mwrr": 0.09208655113630915,
    "sharpe": 0.24830632265622707,
    "sortino": 0.34977267487006153,
    "std": 0.17674605312088035,
    "ulcer_index": 16.338081148597634,
    "upi": 0.26865749358068913,
    "us_allocation": 7
}