{
    "beta": 0.8143685567681018,
    "cagr": 0.10243677030882847,
    "end_val": 1825637.512309575,
    "max_drawdown": -0.5806438783738089,
    "mwrr": 0.10243677030882847,
    "sharpe": 0.3354590515970828,
    "sortino": 0.4702599863366389,
    "std": 0.15892586971653522,
    "ulcer_index": 13.754980137399954,
    "upi": 0.3876661564436128,
    "us_allocation": 52
}