{
    "beta": 0.952630855082468,
    "cagr": 0.10914972786439403,
    "end_val": 2524561.6835341593,
    "max_drawdown": -0.5528942487106135,
    "mwrr": 0.10914972786439403,
    "sharpe": 0.35152228510666744,
    "sortino": 0.4905242650969506,
    "std": 0.16892490033300925,
    "ulcer_index": 13.574329449475396,
    "upi": 0.4375283276826936,
    "us_allocation": 100
}