{
    "beta": 0.7600716059388443,
    "cagr": 0.09854309117850746,
    "end_val": 1511368.515939569,
    "max_drawdown": -0.5929423824109954,
    "mwrr": 0.09854309117850746,
    "sharpe": 0.304620612307287,
    "sortino": 0.4280157365096747,
    "std": 0.16340852581040882,
    "ulcer_index": 14.561463883360368,
    "upi": 0.34190532858905515,
    "us_allocation": 33
}