{
    "beta": 0.8458769823022221,
    "cagr": 0.10437253556359627,
    "end_val": 2004912.9188339247,
    "max_drawdown": -0.5734301981681883,
    "mwrr": 0.10437253556359627,
    "sharpe": 0.34736217674033976,
    "sortino": 0.4862768656918925,
    "std": 0.15852705012912224,
    "ulcer_index": 13.465716281215565,
    "upi": 0.4090174617070159,
    "us_allocation": 63
}