{
    "beta": 0.7657824245766228,
    "cagr": 0.09898571025960412,
    "end_val": 1544228.2304752935,
    "max_drawdown": -0.5916572308063134,
    "mwrr": 0.09898571025960412,
    "sharpe": 0.308389737109232,
    "sortino": 0.4332162280211707,
    "std": 0.16271661817332062,
    "ulcer_index": 14.45830501167251,
    "upi": 0.34713009722472193,
    "us_allocation": 35
}