{
    "beta": 0.737232722857728,
    "cagr": 0.09669552677514859,
    "end_val": 1381460.0698772832,
    "max_drawdown": -0.5980612520271184,
    "mwrr": 0.09669552677514859,
    "sharpe": 0.28856439226460007,
    "sortino": 0.40579113251812404,
    "std": 0.1666720496423513,
    "ulcer_index": 15.017748284556736,
    "upi": 0.3203122721715628,
    "us_allocation": 25
}