{
    "beta": 0.8688438806986477,
    "cagr": 0.10563300117927832,
    "end_val": 2130818.4221075894,
    "max_drawdown": -0.5681395283679032,
    "mwrr": 0.10563300117927832,
    "sharpe": 0.3529138774751662,
    "sortino": 0.4935997664693837,
    "std": 0.15926356287009175,
    "ulcer_index": 13.315849680814262,
    "upi": 0.422183935490001,
    "us_allocation": 71
}