{
    "beta": 0.7886344531568577,
    "cagr": 0.10067912594860129,
    "end_val": 1676543.9947096645,
    "max_drawdown": -0.5864945930275569,
    "mwrr": 0.10067912594860129,
    "sharpe": 0.3223140078801437,
    "sortino": 0.4523476422177998,
    "std": 0.16046055275247698,
    "ulcer_index": 14.099978855629063,
    "upi": 0.3668682006312423,
    "us_allocation": 43
}