{
    "beta": 0.8630974314310145,
    "cagr": 0.10532955521699816,
    "end_val": 2099816.63740865,
    "max_drawdown": -0.5694657451836973,
    "mwrr": 0.10532955521699816,
    "sharpe": 0.3517762972380573,
    "sortino": 0.49211623366887436,
    "std": 0.15899872178142327,
    "ulcer_index": 13.349097449042745,
    "upi": 0.41907698955375317,
    "us_allocation": 69
}