{
    "beta": 0.9468192570472955,
    "cagr": 0.10896077841624785,
    "end_val": 2501700.77189575,
    "max_drawdown": -0.5538565685872716,
    "mwrr": 0.10896077841624785,
    "sharpe": 0.35260224643069876,
    "sortino": 0.49207103523284806,
    "std": 0.16792439704288842,
    "ulcer_index": 13.530987431933681,
    "upi": 0.4376714545634466,
    "us_allocation": 98
}