{
    "beta": 0.7829198418724177,
    "cagr": 0.10026733172919067,
    "end_val": 1643379.5041591167,
    "max_drawdown": -0.5877885771525643,
    "mwrr": 0.10026733172919067,
    "sharpe": 0.31901678318635746,
    "sortino": 0.44783033494490754,
    "std": 0.16094690987443705,
    "ulcer_index": 14.185397175853133,
    "upi": 0.36202203099219793,
    "us_allocation": 41
}