{
    "beta": 0.8774699903377503,
    "cagr": 0.1060735460385307,
    "end_val": 2176627.87074636,
    "max_drawdown": -0.5661457270691088,
    "mwrr": 0.1060735460385307,
    "sharpe": 0.3543072362690138,
    "sortino": 0.4953910632785085,
    "std": 0.15976102603528128,
    "ulcer_index": 13.292489706215568,
    "upi": 0.4259216421062325,
    "us_allocation": 74
}