{
    "beta": 0.7914922418066761,
    "cagr": 0.10088213248630473,
    "end_val": 1693134.251335836,
    "max_drawdown": -0.5858467641097082,
    "mwrr": 0.10088213248630473,
    "sharpe": 0.323913704340208,
    "sortino": 0.4545361552837195,
    "std": 0.16023702257638464,
    "ulcer_index": 14.05824939813017,
    "upi": 0.36926858630428927,
    "us_allocation": 44
}