{
    "beta": 0.7743500666136447,
    "cagr": 0.09963519012770505,
    "end_val": 1593717.8073608195,
    "max_drawdown": -0.5897253880754051,
    "mwrr": 0.09963519012770505,
    "sharpe": 0.3138360778855138,
    "sortino": 0.4407156627583339,
    "std": 0.16177393363993386,
    "ulcer_index": 14.317996933357545,
    "upi": 0.3546567864348309,
    "us_allocation": 38
}