{
    "beta": 0.7857769925915761,
    "cagr": 0.10047419229250365,
    "end_val": 1659958.0679465423,
    "max_drawdown": -0.5871418636175261,
    "mwrr": 0.10047419229250365,
    "sharpe": 0.32068148960610093,
    "sortino": 0.45011215792589504,
    "std": 0.16069719784205902,
    "ulcer_index": 14.142373334265944,
    "upi": 0.36445222085471285,
    "us_allocation": 42
}