{
    "beta": 0.8487452000681666,
    "cagr": 0.10453689451941317,
    "end_val": 2020906.8948564318,
    "max_drawdown": -0.5727709266481502,
    "mwrr": 0.10453689451941317,
    "sharpe": 0.3482017584461301,
    "sortino": 0.48739418911354454,
    "std": 0.15857192531522,
    "ulcer_index": 13.445001554027485,
    "upi": 0.4107540583490381,
    "us_allocation": 64
}