{
    "beta": 0.8029270426197705,
    "cagr": 0.10167488186773688,
    "end_val": 1759476.7602080964,
    "max_drawdown": -0.5832498395067024,
    "mwrr": 0.10167488186773688,
    "sharpe": 0.329972146141601,
    "sortino": 0.46280365234296167,
    "std": 0.1594749264767015,
    "ulcer_index": 13.897132837133615,
    "upi": 0.3787277914772058,
    "us_allocation": 48
}