{
    "beta": 0.7400873899454894,
    "cagr": 0.09693322042257613,
    "end_val": 1397537.8748146598,
    "max_drawdown": -0.5974232826411552,
    "mwrr": 0.09693322042257613,
    "sharpe": 0.29064938375395477,
    "sortino": 0.4086826869452612,
    "std": 0.16622147854747682,
    "ulcer_index": 14.956098008118655,
    "upi": 0.3230811785219815,
    "us_allocation": 26
}