{
    "beta": 0.6944025331167198,
    "cagr": 0.09289828965020264,
    "end_val": 1147916.3259802645,
    "max_drawdown": -0.6075670960613979,
    "mwrr": 0.09289828965020264,
    "sharpe": 0.2552909498176565,
    "sortino": 0.35951704128427864,
    "std": 0.17481884547176152,
    "ulcer_index": 16.09252840033884,
    "upi": 0.27737268365204454,
    "us_allocation": 10
}