{
    "beta": 0.8286816852349933,
    "cagr": 0.1033456823487724,
    "end_val": 1907763.9059871677,
    "max_drawdown": -0.5773735909698465,
    "mwrr": 0.1033456823487724,
    "sharpe": 0.3414660197923881,
    "sortino": 0.4783773116323316,
    "std": 0.15854189125764032,
    "ulcer_index": 13.604069297325594,
    "upi": 0.3980223140963838,
    "us_allocation": 57
}