{
    "beta": 0.9381123457174884,
    "cagr": 0.10866232832676825,
    "end_val": 2466004.631275979,
    "max_drawdown": -0.5553017615105061,
    "mwrr": 0.10866232832676825,
    "sharpe": 0.3539763568271555,
    "sortino": 0.4940599218459531,
    "std": 0.16651226361767557,
    "ulcer_index": 13.477550723309756,
    "upi": 0.43741079618502465,
    "us_allocation": 95
}