{
    "beta": 0.9410132804763242,
    "cagr": 0.10876381155443315,
    "end_val": 2478086.0963780377,
    "max_drawdown": -0.5548198035287277,
    "mwrr": 0.10876381155443315,
    "sharpe": 0.3535518160206533,
    "sortino": 0.49344194794232105,
    "std": 0.16697105410394678,
    "ulcer_index": 13.4944912667383,
    "upi": 0.43753959748672433,
    "us_allocation": 96
}