{
    "beta": 0.8544838069672547,
    "cagr": 0.10485978905395532,
    "end_val": 2052693.6024682363,
    "max_drawdown": -0.5714506230588099,
    "mwrr": 0.10485978905395532,
    "sharpe": 0.34975656471939015,
    "sortino": 0.48945639065939806,
    "std": 0.1587022040679881,
    "ulcer_index": 13.405100413825778,
    "upi": 0.41415631702400424,
    "us_allocation": 66
}