{
    "beta": 0.700115443884945,
    "cagr": 0.09342974596702791,
    "end_val": 1178104.0460678719,
    "max_drawdown": -0.6063064810331509,
    "mwrr": 0.09342974596702791,
    "sharpe": 0.25990085862625933,
    "sortino": 0.3659426190977646,
    "std": 0.17358732339042598,
    "ulcer_index": 15.933570303030097,
    "upi": 0.28319013278214733,
    "us_allocation": 12
}