{
    "beta": 0.734378056366531,
    "cagr": 0.09645590396379489,
    "end_val": 1365435.525315439,
    "max_drawdown": -0.5986986851818182,
    "mwrr": 0.09645590396379489,
    "sharpe": 0.2864593536177507,
    "sortino": 0.40287068211133,
    "std": 0.16713457229514042,
    "ulcer_index": 15.081131104286127,
    "upi": 0.31751754821746625,
    "us_allocation": 24
}