{
    "beta": 0.9178421323334162,
    "cagr": 0.10789618551194446,
    "end_val": 2376642.604795249,
    "max_drawdown": -0.5586817259363114,
    "mwrr": 0.10789618551194446,
    "sharpe": 0.35596277250466773,
    "sortino": 0.497057049294748,
    "std": 0.16364152808053514,
    "ulcer_index": 13.377712387741012,
    "upi": 0.4355104504378136,
    "us_allocation": 88
}