{
    "beta": 0.6886885196039343,
    "cagr": 0.09235907257081233,
    "end_val": 1118063.8089363289,
    "max_drawdown": -0.6088256348225478,
    "mwrr": 0.09235907257081233,
    "sharpe": 0.2506429891520801,
    "sortino": 0.35303374698595696,
    "std": 0.17609311068068453,
    "ulcer_index": 16.255238629060205,
    "upi": 0.2715611779802918,
    "us_allocation": 8
}