{
    "beta": 0.7143938728512169,
    "cagr": 0.09472448328229643,
    "end_val": 1254946.1637591855,
    "max_drawdown": -0.6031458011580235,
    "mwrr": 0.09472448328229643,
    "sharpe": 0.2712245733609729,
    "sortino": 0.3817064332573833,
    "std": 0.17070009634801436,
    "ulcer_index": 15.552547361485317,
    "upi": 0.2977348653189663,
    "us_allocation": 17
}