{
    "beta": 0.8144570630070604,
    "cagr": 0.1000423930518437,
    "end_val": 1477799.9203817346,
    "max_drawdown": -0.5806438783738089,
    "mwrr": 0.1000423930518437,
    "sharpe": 0.3198697800594978,
    "sortino": 0.4480076032052367,
    "std": 0.15985151174219844,
    "ulcer_index": 13.879406676995867,
    "upi": 0.36846964947500976,
    "us_allocation": 52
}