{
    "beta": 0.9061158013674304,
    "cagr": 0.1059875088093527,
    "end_val": 1960018.1452241368,
    "max_drawdown": -0.5606179604571228,
    "mwrr": 0.1059875088093527,
    "sharpe": 0.3461910585163294,
    "sortino": 0.4832176065711825,
    "std": 0.1632590843783785,
    "ulcer_index": 13.452255964699999,
    "upi": 0.4202237723459191,
    "us_allocation": 84
}