{
    "beta": 0.7346609982296497,
    "cagr": 0.09322564857093263,
    "end_val": 1067017.6469748777,
    "max_drawdown": -0.5986986851818191,
    "mwrr": 0.09322564857093263,
    "sharpe": 0.26736941658019076,
    "sortino": 0.37567182217859807,
    "std": 0.16800562531800153,
    "ulcer_index": 15.218692876319702,
    "upi": 0.29520892290038736,
    "us_allocation": 24
}