{
    "beta": 0.9032382180905121,
    "cagr": 0.1058318334957522,
    "end_val": 1945615.4668822775,
    "max_drawdown": -0.5611025572647362,
    "mwrr": 0.1058318334957522,
    "sharpe": 0.3459888589479501,
    "sortino": 0.48297526111614014,
    "std": 0.1629477848666228,
    "ulcer_index": 13.443610476829292,
    "upi": 0.41944731622807085,
    "us_allocation": 83
}