{
    "beta": 0.6947714608703228,
    "cagr": 0.08925414915470808,
    "end_val": 881775.050884104,
    "max_drawdown": -0.6075670960613979,
    "mwrr": 0.08925414915470808,
    "sharpe": 0.23499912717849658,
    "sortino": 0.33063344711110954,
    "std": 0.17567029557766553,
    "ulcer_index": 16.239588191980864,
    "upi": 0.2542452577949867,
    "us_allocation": 10
}