{
    "beta": 0.691920454373591,
    "cagr": 0.08895605709634169,
    "end_val": 869220.1937173393,
    "max_drawdown": -0.6081966244215838,
    "mwrr": 0.08895605709634169,
    "sharpe": 0.23260679833056772,
    "sortino": 0.32729685079861515,
    "std": 0.17630105600952775,
    "ulcer_index": 16.321225748509107,
    "upi": 0.2512969646085437,
    "us_allocation": 9
}