{
    "beta": 0.7261158790499811,
    "cagr": 0.09240627389238942,
    "end_val": 1025913.2567896851,
    "max_drawdown": -0.6006077790183911,
    "mwrr": 0.09240627389238942,
    "sharpe": 0.2606541428265774,
    "sortino": 0.3663446792621412,
    "std": 0.1694592570853875,
    "ulcer_index": 15.416416249229075,
    "upi": 0.28656038003066975,
    "us_allocation": 21
}