{
    "beta": 0.7489019881596729,
    "cagr": 0.09455296605519004,
    "end_val": 1137055.843990076,
    "max_drawdown": -0.5955061452353801,
    "mwrr": 0.09455296605519004,
    "sharpe": 0.2782029949281366,
    "sortino": 0.39069787220727425,
    "std": 0.16582201617650755,
    "ulcer_index": 14.915424577800259,
    "upi": 0.30934439702855737,
    "us_allocation": 29
}