{
    "beta": 0.7859383618242287,
    "cagr": 0.09778009948490451,
    "end_val": 1326696.5153232235,
    "max_drawdown": -0.5871418636175264,
    "mwrr": 0.09778009948490451,
    "sharpe": 0.30367334472068047,
    "sortino": 0.42584870623404036,
    "std": 0.16160225067182693,
    "ulcer_index": 14.270696355147882,
    "upi": 0.34394462043214286,
    "us_allocation": 42
}