{
    "beta": 0.740357434224523,
    "cagr": 0.09376231960787673,
    "end_val": 1094811.116641382,
    "max_drawdown": -0.5974232826411551,
    "mwrr": 0.09376231960787673,
    "sharpe": 0.2717602927644724,
    "sortino": 0.38176598999358674,
    "std": 0.16709592828164335,
    "ulcer_index": 15.092438015878457,
    "upi": 0.30092953291410657,
    "us_allocation": 26
}