{
    "beta": 0.7688413635175971,
    "cagr": 0.09633083013228694,
    "end_val": 1237974.2725636223,
    "max_drawdown": -0.5910138331743318,
    "mwrr": 0.09633083013228694,
    "sharpe": 0.2924627518439772,
    "sortino": 0.41041565943735797,
    "std": 0.1632826599181709,
    "ulcer_index": 14.540384419878555,
    "upi": 0.32848225969341704,
    "us_allocation": 36
}