{
    "beta": 0.7375092350581506,
    "cagr": 0.0934949416719073,
    "end_val": 1080876.343461384,
    "max_drawdown": -0.5980612520271186,
    "mwrr": 0.0934949416719073,
    "sharpe": 0.26957393862615553,
    "sortino": 0.37873201592541816,
    "std": 0.1675447853868766,
    "ulcer_index": 15.154690893639007,
    "upi": 0.29808049052888963,
    "us_allocation": 25
}