{
    "beta": 0.7289643385158828,
    "cagr": 0.092681315157493,
    "end_val": 1039534.6203528545,
    "max_drawdown": -0.5999719475064261,
    "mwrr": 0.092681315157493,
    "sharpe": 0.26290879239795006,
    "sortino": 0.3694771528019085,
    "std": 0.16896294069901538,
    "ulcer_index": 15.349670543359519,
    "upi": 0.28944610233737894,
    "us_allocation": 22
}