{
    "beta": 0.7973415554161943,
    "cagr": 0.09870800342092756,
    "end_val": 1386745.7521083308,
    "max_drawdown": -0.5845494261709444,
    "mwrr": 0.09870800342092756,
    "sharpe": 0.3105499616043508,
    "sortino": 0.43527847609207315,
    "std": 0.16074274765595328,
    "ulcer_index": 14.103170321372405,
    "upi": 0.35401943669937486,
    "us_allocation": 46
}