{
    "beta": 0.9176370618587576,
    "cagr": 0.10659057618584633,
    "end_val": 2016806.3016632895,
    "max_drawdown": -0.5586817259363113,
    "mwrr": 0.10659057618584633,
    "sharpe": 0.346615866193377,
    "sortino": 0.4836648792093321,
    "std": 0.16463119536027715,
    "ulcer_index": 13.49300039910629,
    "upi": 0.4229933439559379,
    "us_allocation": 88
}