{
    "beta": 0.8831234584834382,
    "cagr": 0.10468735775401528,
    "end_val": 1842871.7456260202,
    "max_drawdown": -0.5648135252080563,
    "mwrr": 0.10468735775401528,
    "sharpe": 0.3434673121009865,
    "sortino": 0.4797626540995777,
    "std": 0.16113046309402132,
    "ulcer_index": 13.408323653749932,
    "upi": 0.41283125712775437,
    "us_allocation": 76
}