{
    "beta": 0.857326351700824,
    "cagr": 0.10307582761439948,
    "end_val": 1707168.1903905524,
    "max_drawdown": -0.570789588180037,
    "mwrr": 0.10307582761439948,
    "sharpe": 0.3373160266192531,
    "sortino": 0.4716033458764087,
    "std": 0.15974297436277884,
    "ulcer_index": 13.505950188952978,
    "upi": 0.3990415533438125,
    "us_allocation": 67
}