{
    "beta": 0.8859941013417421,
    "cagr": 0.10485670700743555,
    "end_val": 1857732.2837189455,
    "max_drawdown": -0.564207174672187,
    "mwrr": 0.10485670700743555,
    "sharpe": 0.34394757613690885,
    "sortino": 0.48038715665117243,
    "std": 0.16135095665829924,
    "ulcer_index": 13.409413084410541,
    "upi": 0.41394046667537976,
    "us_allocation": 77
}