{
    "beta": 0.7659925390460314,
    "cagr": 0.09608258910425982,
    "end_val": 1223372.6044893838,
    "max_drawdown": -0.5916572308063136,
    "mwrr": 0.09608258910425982,
    "sharpe": 0.29049850522058823,
    "sortino": 0.40770469890771716,
    "std": 0.16360768652987234,
    "ulcer_index": 14.58975913511032,
    "upi": 0.3258188604782068,
    "us_allocation": 35
}