{
    "beta": 0.677660050561762,
    "cagr": 0.08743667969343338,
    "end_val": 807902.8403756192,
    "max_drawdown": -0.6113365188013065,
    "mwrr": 0.08743667969343338,
    "sharpe": 0.2205488128165951,
    "sortino": 0.31046300371701707,
    "std": 0.17961283612326912,
    "ulcer_index": 16.7475797579924,
    "upi": 0.2365645941143351,
    "us_allocation": 4
}