{
    "beta": 0.7517502190243893,
    "cagr": 0.09481268677117982,
    "end_val": 1151278.668234614,
    "max_drawdown": -0.5948660190387536,
    "mwrr": 0.09481268677117982,
    "sharpe": 0.2803093184562742,
    "sortino": 0.3936151086060611,
    "std": 0.1654218462863622,
    "ulcer_index": 14.858268653685231,
    "upi": 0.3121307620320684,
    "us_allocation": 30
}