{
    "beta": 0.9118742050883083,
    "cagr": 0.10629297356440648,
    "end_val": 1988583.5449562888,
    "max_drawdown": -0.5596494106152845,
    "mwrr": 0.10629297356440648,
    "sharpe": 0.3464796070757773,
    "sortino": 0.4835446892827152,
    "std": 0.16391988140411584,
    "ulcer_index": 13.47126208765553,
    "upi": 0.4216800598051037,
    "us_allocation": 86
}