{
    "beta": 0.6805129103134748,
    "cagr": 0.08774441438927294,
    "end_val": 819969.2202761476,
    "max_drawdown": -0.6107095692650825,
    "mwrr": 0.08774441438927294,
    "sharpe": 0.22297128967191343,
    "sortino": 0.3138470890166478,
    "std": 0.17892970500196598,
    "ulcer_index": 16.660037712911695,
    "upi": 0.239505624706143,
    "us_allocation": 5
}