{
    "beta": 0.8030451489422583,
    "cagr": 0.0991604657241012,
    "end_val": 1416985.9023880651,
    "max_drawdown": -0.5832498395067018,
    "mwrr": 0.0991604657241012,
    "sharpe": 0.3137938531640593,
    "sortino": 0.43971588338808076,
    "std": 0.16039231535372017,
    "ulcer_index": 14.022998770317047,
    "upi": 0.3589787123763072,
    "us_allocation": 48
}