{
    "beta": 0.717569762289087,
    "cagr": 0.09156964535556344,
    "end_val": 985546.713228877,
    "max_drawdown": -0.6025120889016813,
    "mwrr": 0.09156964535556344,
    "sharpe": 0.253801458345611,
    "sortino": 0.3568181789132193,
    "std": 0.1710178673819914,
    "ulcer_index": 15.621995455435652,
    "upi": 0.27788624376351384,
    "us_allocation": 18
}