{
    "beta": 0.923404537222862,
    "cagr": 0.10688029879147964,
    "end_val": 2044659.0560967014,
    "max_drawdown": -0.5577149146189502,
    "mwrr": 0.10688029879147964,
    "sharpe": 0.34660270207577304,
    "sortino": 0.483582440221969,
    "std": 0.1653925058995952,
    "ulcer_index": 13.518012935358142,
    "upi": 0.424146433542755,
    "us_allocation": 90
}