{
    "beta": 0.9147550665326997,
    "cagr": 0.10644275874011244,
    "end_val": 2002739.4607764017,
    "max_drawdown": -0.5591654596191123,
    "mwrr": 0.10644275874011244,
    "sharpe": 0.3465666002170419,
    "sortino": 0.48363033407925715,
    "std": 0.16426925567019152,
    "ulcer_index": 13.481517413395368,
    "upi": 0.42236312363914336,
    "us_allocation": 87
}