{
    "beta": 0.757446859317017,
    "cagr": 0.09532638749168276,
    "end_val": 1179925.7653176086,
    "max_drawdown": -0.5935841388381247,
    "mwrr": 0.09532638749168276,
    "sharpe": 0.2844556779002735,
    "sortino": 0.3993535722468991,
    "std": 0.16465863910053744,
    "ulcer_index": 14.747642624050187,
    "upi": 0.31765220460419613,
    "us_allocation": 32
}