{
    "beta": 0.8315889650149323,
    "cagr": 0.10130771770784675,
    "end_val": 1569545.8915092824,
    "max_drawdown": -0.5767178086554062,
    "mwrr": 0.10130771770784675,
    "sharpe": 0.32789410407893,
    "sortino": 0.45890760066749425,
    "std": 0.15944346195504402,
    "ulcer_index": 13.70182875119079,
    "upi": 0.38163272267271564,
    "us_allocation": 58
}