{
    "beta": 0.7460537925475126,
    "cagr": 0.09429133147443536,
    "end_val": 1122902.5128177213,
    "max_drawdown": -0.5961457304363663,
    "mwrr": 0.09429133147443536,
    "sharpe": 0.27607555775674186,
    "sortino": 0.38774994978946087,
    "std": 0.16623446869021866,
    "ulcer_index": 14.973540391453566,
    "upi": 0.3065475971095733,
    "us_allocation": 28
}