{
    "beta": 0.8917382014650245,
    "cagr": 0.10518956009397407,
    "end_val": 1887283.7836799468,
    "max_drawdown": -0.5631509113623575,
    "mwrr": 0.10518956009397407,
    "sharpe": 0.34478730050989925,
    "sortino": 0.48146899293331386,
    "std": 0.16183126392055322,
    "ulcer_index": 13.41761603465442,
    "upi": 0.41593156015932026,
    "us_allocation": 79
}