{
    "beta": 0.6662441472848116,
    "cagr": 0.0861864095791236,
    "end_val": 760645.4505664048,
    "max_drawdown": -0.6138392027560151,
    "mwrr": 0.0861864095791236,
    "sharpe": 0.21082130590804715,
    "sortino": 0.29686464374054145,
    "std": 0.1824466482418899,
    "ulcer_index": 17.11604864406093,
    "upi": 0.2247523185511898,
    "us_allocation": 0
}