{
    "beta": 0.888865675717349,
    "cagr": 0.10502410837562959,
    "end_val": 1872537.3969955118,
    "max_drawdown": -0.5636790205278205,
    "mwrr": 0.10502410837562959,
    "sharpe": 0.3443875185050809,
    "sortino": 0.4809557958073477,
    "std": 0.16158457236993137,
    "ulcer_index": 13.41283366045223,
    "upi": 0.4149640434650882,
    "us_allocation": 78
}