{
    "beta": 0.7004725496694523,
    "cagr": 0.08984455795988633,
    "end_val": 907168.8165547432,
    "max_drawdown": -0.6063064810331512,
    "mwrr": 0.08984455795988633,
    "sharpe": 0.23975963965516056,
    "sortino": 0.3372696172003443,
    "std": 0.17444106301185247,
    "ulcer_index": 16.079185080025404,
    "upi": 0.2601508460949859,
    "us_allocation": 12
}