{
    "beta": 0.689069114863117,
    "cagr": 0.08865603863282723,
    "end_val": 856761.2940781815,
    "max_drawdown": -0.6088256348225477,
    "mwrr": 0.08865603863282723,
    "sharpe": 0.23020724885556287,
    "sortino": 0.32394907615917085,
    "std": 0.1769424638016059,
    "ulcer_index": 16.403779039150677,
    "upi": 0.24835291140152116,
    "us_allocation": 8
}