{
    "beta": 0.8258762626436765,
    "cagr": 0.100893625919807,
    "end_val": 1538922.3358941993,
    "max_drawdown": -0.5780287965416105,
    "mwrr": 0.100893625919807,
    "sharpe": 0.3253693672966712,
    "sortino": 0.45548539306492913,
    "std": 0.15952553023506105,
    "ulcer_index": 13.756052218078763,
    "upi": 0.37739534266661556,
    "us_allocation": 56
}