{
    "beta": 0.8116034476317457,
    "cagr": 0.09982478722631027,
    "end_val": 1462560.991468986,
    "max_drawdown": -0.5812962204096095,
    "mwrr": 0.09982478722631027,
    "sharpe": 0.3184036183143839,
    "sortino": 0.446009344330874,
    "std": 0.1599666306482258,
    "ulcer_index": 13.912010562433483,
    "upi": 0.3661844617351923,
    "us_allocation": 51
}