{
    "beta": 0.8773848882841412,
    "cagr": 0.10434282241331028,
    "end_val": 1812997.5134469331,
    "max_drawdown": -0.5661457270691086,
    "mwrr": 0.10434282241331028,
    "sharpe": 0.3423852939348499,
    "sortino": 0.4783450257684652,
    "std": 0.16072901604453446,
    "ulcer_index": 13.410566389954825,
    "upi": 0.41043697789013706,
    "us_allocation": 74
}