{
    "beta": 0.8802537273649547,
    "cagr": 0.10451606233258404,
    "end_val": 1827959.0669443223,
    "max_drawdown": -0.5654799272129046,
    "mwrr": 0.10451606233258404,
    "sharpe": 0.34294658902338937,
    "sortino": 0.4790820289710841,
    "std": 0.16092313567728997,
    "ulcer_index": 13.409139116459917,
    "upi": 0.4116500631403836,
    "us_allocation": 75
}