{
    "beta": 0.9436295010649604,
    "cagr": 0.10783199487182737,
    "end_val": 2138832.875664748,
    "max_drawdown": -0.5543380722033069,
    "mwrr": 0.10783199487182737,
    "sharpe": 0.3454272587185732,
    "sortino": 0.4817670865560156,
    "std": 0.1684427409533549,
    "ulcer_index": 13.625398159069178,
    "upi": 0.4271084921861629,
    "us_allocation": 97
}