{
    "beta": 0.8544639480359397,
    "cagr": 0.10288708630678967,
    "end_val": 1691930.7058749872,
    "max_drawdown": -0.5714506230588104,
    "mwrr": 0.10288708630678967,
    "sharpe": 0.33642913899320975,
    "sortino": 0.47041466659494846,
    "std": 0.15965571601354106,
    "ulcer_index": 13.52539622702322,
    "upi": 0.3972030605082291,
    "us_allocation": 66
}