{
    "beta": 0.8344461570150705,
    "cagr": 0.10151187955504337,
    "end_val": 1584863.6051518642,
    "max_drawdown": -0.5760614482393048,
    "mwrr": 0.10151187955504337,
    "sharpe": 0.32909886568719326,
    "sortino": 0.46053801060679983,
    "std": 0.15942269533480938,
    "ulcer_index": 13.677652373076207,
    "upi": 0.3836621259702508,
    "us_allocation": 59
}