{
    "beta": 0.9494198535659983,
    "cagr": 0.10808601338756829,
    "end_val": 2164680.0583099113,
    "max_drawdown": -0.5533752937366777,
    "mwrr": 0.10808601338756829,
    "sharpe": 0.3447837116814251,
    "sortino": 0.4808330962573945,
    "std": 0.16942197815764673,
    "ulcer_index": 13.664178639677221,
    "upi": 0.42757340866722005,
    "us_allocation": 99
}