{
    "beta": 0.8430213209581587,
    "cagr": 0.10211281776443082,
    "end_val": 1630806.4366501078,
    "max_drawdown": -0.5740888847011096,
    "mwrr": 0.10211281776443082,
    "sharpe": 0.3324788518141817,
    "sortino": 0.46510201436779663,
    "std": 0.15944150727795212,
    "ulcer_index": 13.608647822010887,
    "upi": 0.38961415610362043,
    "us_allocation": 62
}