{
    "beta": 0.7887887067667058,
    "cagr": 0.09801494698671331,
    "end_val": 1341649.0668239947,
    "max_drawdown": -0.5864945930275571,
    "mwrr": 0.09801494698671331,
    "sharpe": 0.3054395710037446,
    "sortino": 0.4282734720340126,
    "std": 0.16136764817582971,
    "ulcer_index": 14.227878986749186,
    "upi": 0.3464827205726722,
    "us_allocation": 43
}