{
    "beta": 0.7602953051327332,
    "cagr": 0.09558036784242852,
    "end_val": 1194346.4215147574,
    "max_drawdown": -0.5929423824109952,
    "mwrr": 0.09558036784242852,
    "sharpe": 0.2864942450272203,
    "sortino": 0.40217258387112154,
    "std": 0.16429574033495348,
    "ulcer_index": 14.693934255521953,
    "upi": 0.32039072531957224,
    "us_allocation": 33
}