{
    "beta": 0.9003616866900577,
    "cagr": 0.10567419898457353,
    "end_val": 1931137.3226773283,
    "max_drawdown": -0.5615873673095945,
    "mwrr": 0.10567419898457353,
    "sharpe": 0.34574764537287694,
    "sortino": 0.4826797718570274,
    "std": 0.16264929713278925,
    "ulcer_index": 13.435702291489157,
    "upi": 0.4186335500514228,
    "us_allocation": 82
}