{
    "beta": 0.9205202118080914,
    "cagr": 0.10673642364064895,
    "end_val": 2030780.6436247746,
    "max_drawdown": -0.5581982105931823,
    "mwrr": 0.10673642364064895,
    "sharpe": 0.3466277721932623,
    "sortino": 0.4836487263243822,
    "std": 0.16500563458944015,
    "ulcer_index": 13.505275192350172,
    "upi": 0.4235843436362013,
    "us_allocation": 89
}