{
    "beta": 0.8173111336914443,
    "cagr": 0.10025808052447371,
    "end_val": 1493058.1677412922,
    "max_drawdown": -0.5799909663015481,
    "mwrr": 0.10025808052447371,
    "sharpe": 0.3212998940677239,
    "sortino": 0.44995493073900666,
    "std": 0.1597498226311807,
    "ulcer_index": 13.847401408652123,
    "upi": 0.3707366979733148,
    "us_allocation": 53
}