{
    "beta": 0.8001931705263668,
    "cagr": 0.09893519237702653,
    "end_val": 1401849.8558198898,
    "max_drawdown": -0.5838999145764123,
    "mwrr": 0.09893519237702653,
    "sharpe": 0.312188606421159,
    "sortino": 0.4375208936086551,
    "std": 0.16056088927611678,
    "ulcer_index": 14.062777426347994,
    "upi": 0.3565061398390711,
    "us_allocation": 47
}