{
    "beta": 0.7147207493497272,
    "cagr": 0.09128693223513151,
    "end_val": 972261.51981496,
    "max_drawdown": -0.6031458011580233,
    "mwrr": 0.09128693223513151,
    "sharpe": 0.251490010166873,
    "sortino": 0.35360293169326457,
    "std": 0.1715603493882616,
    "ulcer_index": 15.694675936067537,
    "upi": 0.2749493468444447,
    "us_allocation": 17
}