{
    "beta": 0.8458809675929978,
    "cagr": 0.10230927804798173,
    "end_val": 1646107.638413793,
    "max_drawdown": -0.5734301981681887,
    "mwrr": 0.10230927804798173,
    "sharpe": 0.33352648657300876,
    "sortino": 0.4665134171344447,
    "std": 0.15947481023594978,
    "ulcer_index": 13.586988174599231,
    "upi": 0.39154671924312295,
    "us_allocation": 63
}