{
    "beta": 0.823020714971518,
    "cagr": 0.10068369768989438,
    "end_val": 1523622.058180253,
    "max_drawdown": -0.5786834267237294,
    "mwrr": 0.10068369768989438,
    "sharpe": 0.324050123760707,
    "sortino": 0.45369440196046895,
    "std": 0.15958681502782876,
    "ulcer_index": 13.78579152972141,
    "upi": 0.37519824600146134,
    "us_allocation": 55
}