{
    "beta": 0.9089944568822819,
    "cagr": 0.10614122286808159,
    "end_val": 1974341.9705540524,
    "max_drawdown": -0.5601335779014459,
    "mwrr": 0.10614122286808159,
    "sharpe": 0.3463545370239242,
    "sortino": 0.48340731227180267,
    "std": 0.16358313680042175,
    "ulcer_index": 13.461512579012169,
    "upi": 0.4209668001920823,
    "us_allocation": 85
}