{
    "beta": 0.703322669286575,
    "cagr": 0.09013687656416636,
    "end_val": 920005.7173342517,
    "max_drawdown": -0.6056753921383796,
    "mwrr": 0.09013687656416636,
    "sharpe": 0.24212655491120744,
    "sortino": 0.3405674620203474,
    "std": 0.17384276363798043,
    "ulcer_index": 16.00027830502104,
    "upi": 0.26310952265653476,
    "us_allocation": 13
}