{
    "beta": 0.7545985033447157,
    "cagr": 0.09507049385262034,
    "end_val": 1165569.238035752,
    "max_drawdown": -0.5942253506426591,
    "mwrr": 0.09507049385262034,
    "sharpe": 0.2823937913038872,
    "sortino": 0.3965007055393355,
    "std": 0.1650340305766384,
    "ulcer_index": 14.802275498164242,
    "upi": 0.31490172305980124,
    "us_allocation": 31
}