{
    "beta": 0.6719530299315286,
    "cagr": 0.08681541338613674,
    "end_val": 784071.1378798841,
    "max_drawdown": -0.612588881465185,
    "mwrr": 0.08681541338613674,
    "sharpe": 0.21569150194562708,
    "sortino": 0.303674725390768,
    "std": 0.1810096564319552,
    "ulcer_index": 16.92846688407567,
    "upi": 0.2306617884366655,
    "us_allocation": 2
}