{
    "beta": 0.8373039344941122,
    "cagr": 0.10171411749409831,
    "end_val": 1600181.5131705957,
    "max_drawdown": -0.5754045083565648,
    "mwrr": 0.10171411749409831,
    "sharpe": 0.3302647758619874,
    "sortino": 0.46211409333293774,
    "std": 0.15941544692180581,
    "ulcer_index": 13.653993244312353,
    "upi": 0.38567106465962586,
    "us_allocation": 60
}