{
    "beta": 0.8516022621573984,
    "cagr": 0.10269641347183489,
    "end_val": 1676672.766848818,
    "max_drawdown": -0.5721110687455647,
    "mwrr": 0.10269641347183489,
    "sharpe": 0.3355018171886879,
    "sortino": 0.46916997450751624,
    "std": 0.15958192597153031,
    "ulcer_index": 13.545401779804688,
    "upi": 0.39534036807900824,
    "us_allocation": 65
}