{
    "beta": 0.8401623162080305,
    "cagr": 0.10191443056475458,
    "end_val": 1615496.754291479,
    "max_drawdown": -0.5747469876361855,
    "mwrr": 0.10191443056475458,
    "sharpe": 0.3313915307079188,
    "sortino": 0.4636355213445158,
    "std": 0.15942171806562658,
    "ulcer_index": 13.631026240393439,
    "upi": 0.38765423083677436,
    "us_allocation": 61
}