{
    "beta": 0.6862174235697435,
    "cagr": 0.088354092740899,
    "end_val": 844399.2590720586,
    "max_drawdown": -0.6094541283660775,
    "mwrr": 0.088354092740899,
    "sharpe": 0.22780108577131986,
    "sortino": 0.3205909737805805,
    "std": 0.17759443231421504,
    "ulcer_index": 16.48737603981597,
    "upi": 0.24541160533428108,
    "us_allocation": 7
}