{
    "beta": 0.7118715520508108,
    "cagr": 0.09100229953593608,
    "end_val": 959063.622345408,
    "max_drawdown": -0.6037789864729167,
    "mwrr": 0.09100229953593608,
    "sharpe": 0.24916611413818865,
    "sortino": 0.3503693310111396,
    "std": 0.17211416472235977,
    "ulcer_index": 15.76958581872862,
    "upi": 0.27198948540221235,
    "us_allocation": 16
}