{
    "beta": 0.780238469312093,
    "cagr": 0.09730466312933639,
    "end_val": 1296924.5706975232,
    "max_drawdown": -0.58843473490013,
    "mwrr": 0.09730466312933639,
    "sharpe": 0.30005059838316966,
    "sortino": 0.4208692020242133,
    "std": 0.16211063302039494,
    "ulcer_index": 14.358179753127487,
    "upi": 0.33883280977896973,
    "us_allocation": 40
}