{
    "beta": 0.7318127054757868,
    "cagr": 0.09295443988527707,
    "end_val": 1053236.5714099675,
    "max_drawdown": -0.5993355832837511,
    "mwrr": 0.09295443988527707,
    "sharpe": 0.2651474583875034,
    "sortino": 0.37258652612982107,
    "std": 0.16847837010100164,
    "ulcer_index": 15.283698802914625,
    "upi": 0.29233033964584393,
    "us_allocation": 23
}