{
    "beta": 0.8487412750100126,
    "cagr": 0.10250381032745448,
    "end_val": 1661397.4084226098,
    "max_drawdown": -0.5727709266481507,
    "mwrr": 0.10250381032745448,
    "sharpe": 0.33453420844801995,
    "sortino": 0.46786949146551043,
    "std": 0.1595216197894006,
    "ulcer_index": 13.565945522540858,
    "upi": 0.3934544334729532,
    "us_allocation": 64
}