{
    "beta": 0.6833653616758946,
    "cagr": 0.0880502183594074,
    "end_val": 832134.9575320574,
    "max_drawdown": -0.6100821061493745,
    "mwrr": 0.0880502183594074,
    "sharpe": 0.22538890470925105,
    "sortino": 0.3172233657632486,
    "std": 0.17825687490844683,
    "ulcer_index": 16.57329618119327,
    "upi": 0.2424548270145811,
    "us_allocation": 6
}