{
    "beta": 0.8716498077915447,
    "cagr": 0.10399051552882321,
    "end_val": 1782940.7475047382,
    "max_drawdown": -0.567475526190936,
    "mwrr": 0.10399051552882321,
    "sharpe": 0.34114066041742047,
    "sortino": 0.47670128591926947,
    "std": 0.1603805545418636,
    "ulcer_index": 13.419526312984813,
    "upi": 0.4077860712837848,
    "us_allocation": 72
}