{
    "beta": 0.7204186092930092,
    "cagr": 0.09185043958087968,
    "end_val": 998917.9414472153,
    "max_drawdown": -0.601877848559751,
    "mwrr": 0.09185043958087968,
    "sharpe": 0.25609976497989717,
    "sortino": 0.3600141932483425,
    "std": 0.17048680260272048,
    "ulcer_index": 15.552594776090851,
    "upi": 0.28077963940249834,
    "us_allocation": 19
}