{
    "beta": 0.863053388893323,
    "cagr": 0.10344751055631862,
    "end_val": 1737569.5232885298,
    "max_drawdown": -0.5694657451836976,
    "mwrr": 0.10344751055631862,
    "sharpe": 0.3389680434457677,
    "sortino": 0.47381175502881717,
    "std": 0.159957819987165,
    "ulcer_index": 13.468440534484591,
    "upi": 0.4026534557583083,
    "us_allocation": 69
}