{
    "beta": 0.8659180608198559,
    "cagr": 0.10363044953434941,
    "end_val": 1752727.1715079402,
    "max_drawdown": -0.5688029342189879,
    "mwrr": 0.10363044953434941,
    "sharpe": 0.3397330112015398,
    "sortino": 0.47483132312088877,
    "std": 0.16008536245125057,
    "ulcer_index": 13.45076135886966,
    "upi": 0.40441474891820184,
    "us_allocation": 70
}