{
    "beta": 0.7432056139763816,
    "cagr": 0.09402778276071055,
    "end_val": 1108820.3816185573,
    "max_drawdown": -0.5967847758404198,
    "mwrr": 0.09402778276071055,
    "sharpe": 0.2739277445752571,
    "sortino": 0.38477233443966335,
    "std": 0.16665913084009704,
    "ulcer_index": 15.032563708780335,
    "upi": 0.30374206741970305,
    "us_allocation": 27
}