{
    "beta": 0.791639341831385,
    "cagr": 0.09824788035657273,
    "end_val": 1356642.9981927508,
    "max_drawdown": -0.5858467641097083,
    "mwrr": 0.09824788035657273,
    "sharpe": 0.3071748345985865,
    "sortino": 0.4306539572763086,
    "std": 0.16114616773173407,
    "ulcer_index": 14.185732558973596,
    "upi": 0.34900702740385825,
    "us_allocation": 44
}