{
    "beta": 0.8058975090122288,
    "cagr": 0.09938382299367365,
    "end_val": 1432151.4392888814,
    "max_drawdown": -0.5825991996609636,
    "mwrr": 0.09938382299367365,
    "sharpe": 0.31536513401864563,
    "sortino": 0.44186277811344266,
    "std": 0.16023706022213655,
    "ulcer_index": 13.983948950583034,
    "upi": 0.36143375066401506,
    "us_allocation": 49
}