{
    "beta": 0.8087502691090771,
    "cagr": 0.09960526367727973,
    "end_val": 1447343.9774145638,
    "max_drawdown": -0.5819479937326749,
    "mwrr": 0.09960526367727973,
    "sharpe": 0.3169018993086927,
    "sortino": 0.4439608629934512,
    "std": 0.160095155619199,
    "ulcer_index": 13.94569059321569,
    "upi": 0.3638690928390549,
    "us_allocation": 50
}