{
    "beta": 0.777388885279149,
    "cagr": 0.09706407469978928,
    "end_val": 1282109.5902887594,
    "max_drawdown": -0.589080338122221,
    "mwrr": 0.09706407469978928,
    "sharpe": 0.29819540642294096,
    "sortino": 0.41831627496126533,
    "std": 0.1623843127757867,
    "ulcer_index": 14.402776078327195,
    "upi": 0.33626158579937815,
    "us_allocation": 39
}