{
    "beta": 0.820165678172654,
    "cagr": 0.10047184897413053,
    "end_val": 1508333.1022470428,
    "max_drawdown": -0.5793374828633046,
    "mwrr": 0.10047184897413053,
    "sharpe": 0.3226934910846174,
    "sortino": 0.4518507232434996,
    "std": 0.15966158431308,
    "ulcer_index": 13.816187204962088,
    "upi": 0.3729799942230719,
    "us_allocation": 54
}