{
    "beta": 0.8287323397813171,
    "cagr": 0.10110163287067064,
    "end_val": 1554231.2023228996,
    "max_drawdown": -0.5773735909698469,
    "mwrr": 0.10110163287067064,
    "sharpe": 0.32665082004707285,
    "sortino": 0.45722325848939604,
    "std": 0.1594777425953469,
    "ulcer_index": 13.7269480805217,
    "upi": 0.37957141957141194,
    "us_allocation": 57
}