{
    "beta": 0.8601894922634554,
    "cagr": 0.10326263613288345,
    "end_val": 1722382.158706516,
    "max_drawdown": -0.5701279626951348,
    "mwrr": 0.10326263613288345,
    "sharpe": 0.33816235943965617,
    "sortino": 0.4727357628320102,
    "std": 0.15984368270449653,
    "ulcer_index": 13.486959872106524,
    "upi": 0.4008585962504192,
    "us_allocation": 68
}