{
    "beta": 0.723267308757029,
    "cagr": 0.0921293155570555,
    "end_val": 1012373.9031636696,
    "max_drawdown": -0.6012430789832642,
    "mwrr": 0.0921293155570555,
    "sharpe": 0.25838422905817365,
    "sortino": 0.36319002248658866,
    "std": 0.16996723831628036,
    "ulcer_index": 15.483942505800387,
    "upi": 0.28367349213348536,
    "us_allocation": 20
}