{
    "beta": 0.9320647762368698,
    "cagr": 0.10730006649813606,
    "end_val": 2085684.3351588163,
    "max_drawdown": -0.55626635324606,
    "mwrr": 0.10730006649813606,
    "sharpe": 0.34630970713399584,
    "sortino": 0.483088970631146,
    "std": 0.16662701569809135,
    "ulcer_index": 13.55951236366397,
    "upi": 0.42564344204749716,
    "us_allocation": 93
}