{
    "beta": 0.9407363548870614,
    "cagr": 0.10770199509460165,
    "end_val": 2125722.3471937734,
    "max_drawdown": -0.5548198035287277,
    "mwrr": 0.10770199509460165,
    "sharpe": 0.3456991800341394,
    "sortino": 0.48216669794244776,
    "std": 0.16797085037023135,
    "ulcer_index": 13.608018282377795,
    "upi": 0.42679199171332444,
    "us_allocation": 96
}