{
    "beta": 0.794490285286088,
    "cagr": 0.09847889928445386,
    "end_val": 1371676.006817277,
    "max_drawdown": -0.5851983755855104,
    "mwrr": 0.09847889928445386,
    "sharpe": 0.308878503819921,
    "sortino": 0.432989287001557,
    "std": 0.16093785360632523,
    "ulcer_index": 14.144136538560817,
    "upi": 0.3515200599003516,
    "us_allocation": 45
}