{
    "beta": 0.9465239933407369,
    "cagr": 0.10796000190456678,
    "end_val": 2151819.9259040295,
    "max_drawdown": -0.5538565685872712,
    "mwrr": 0.10796000190456678,
    "sharpe": 0.3451219366436396,
    "sortino": 0.4813223735741554,
    "std": 0.16892647629666832,
    "ulcer_index": 13.644090530845514,
    "upi": 0.42736978699933015,
    "us_allocation": 98
}