{
    "beta": 0.868783527334285,
    "cagr": 0.1038114516718911,
    "end_val": 1767851.966410824,
    "max_drawdown": -0.5681395283679029,
    "mwrr": 0.1038114516718911,
    "sharpe": 0.34045722174093224,
    "sortino": 0.4757945459217701,
    "std": 0.16022628366138758,
    "ulcer_index": 13.434586058680093,
    "upi": 0.4061219451053923,
    "us_allocation": 71
}