{
    "beta": 0.6976221530761069,
    "cagr": 0.08955031579334971,
    "end_val": 894424.9199550138,
    "max_drawdown": -0.6069370486355957,
    "mwrr": 0.08955031579334971,
    "sharpe": 0.2373836172683278,
    "sortino": 0.3339579977862536,
    "std": 0.17505026908916585,
    "ulcer_index": 16.158944580550195,
    "upi": 0.25719612392092306,
    "us_allocation": 11
}