{
    "beta": 0.7061725305234402,
    "cagr": 0.09042727247829441,
    "end_val": 932934.5597613393,
    "max_drawdown": -0.605043780830919,
    "mwrr": 0.09042727247829441,
    "sharpe": 0.2444837134848329,
    "sortino": 0.3438506624940004,
    "std": 0.17325545702260883,
    "ulcer_index": 15.922390396099646,
    "upi": 0.26606897488329595,
    "us_allocation": 14
}