{
    "beta": 0.9291767983335509,
    "cagr": 0.10716212266570113,
    "end_val": 2072114.343958491,
    "max_drawdown": -0.5567489849087951,
    "mwrr": 0.10716212266570113,
    "sharpe": 0.3464432475639932,
    "sortino": 0.4833019625987262,
    "std": 0.16620326751002507,
    "ulcer_index": 13.545135319568548,
    "upi": 0.42517584249772805,
    "us_allocation": 92
}