{
    "beta": 0.9262900590480083,
    "cagr": 0.10702219927272538,
    "end_val": 2058438.1030246587,
    "max_drawdown": -0.5572318390457836,
    "mwrr": 0.10702219927272538,
    "sharpe": 0.3465410555865813,
    "sortino": 0.48346664441905274,
    "std": 0.16579174033361635,
    "ulcer_index": 13.531347739117159,
    "upi": 0.42467541791973507,
    "us_allocation": 91
}