{
    "beta": 0.7830882887519753,
    "cagr": 0.09754333812190663,
    "end_val": 1311787.6080239124,
    "max_drawdown": -0.5877885771525643,
    "mwrr": 0.09754333812190663,
    "sharpe": 0.3018768011330439,
    "sortino": 0.42338031998930126,
    "std": 0.16184992859546818,
    "ulcer_index": 14.314148650248212,
    "upi": 0.34139406039780046,
    "us_allocation": 41
}