{
    "beta": 0.6690988309290151,
    "cagr": 0.0865018793101151,
    "end_val": 772307.2152622401,
    "max_drawdown": -0.6132142967465782,
    "mwrr": 0.0865018793101151,
    "sharpe": 0.21325775144580547,
    "sortino": 0.30027206190709516,
    "std": 0.18172317369682453,
    "ulcer_index": 17.02041470967477,
    "upi": 0.22772090719976734,
    "us_allocation": 1
}