{
    "beta": 0.8946116985188532,
    "cagr": 0.1053530603500592,
    "end_val": 1901968.1253704336,
    "max_drawdown": -0.5626228478425421,
    "mwrr": 0.1053530603500592,
    "sharpe": 0.3451471068766796,
    "sortino": 0.4819271103977383,
    "std": 0.16209098275159534,
    "ulcer_index": 13.42294732219146,
    "upi": 0.41686801965415954,
    "us_allocation": 80
}