{
    "beta": 0.7745395184383933,
    "cagr": 0.09682157298695349,
    "end_val": 1267344.814669016,
    "max_drawdown": -0.5897253880754048,
    "mwrr": 0.09682157298695349,
    "sharpe": 0.29631190605864743,
    "sortino": 0.4157224278465605,
    "std": 0.16267091450611595,
    "ulcer_index": 14.448064707272955,
    "upi": 0.3336778405287201,
    "us_allocation": 38
}