{
    "beta": 0.8974861868942621,
    "cagr": 0.10551460728330642,
    "end_val": 1916587.0879773833,
    "max_drawdown": -0.5620948306372667,
    "mwrr": 0.10551460728330642,
    "sharpe": 0.34546714520266464,
    "sortino": 0.48233054700303124,
    "std": 0.16236367811446265,
    "ulcer_index": 13.42884452436908,
    "upi": 0.4177728085139919,
    "us_allocation": 81
}