{
    "beta": 0.8745169216121528,
    "cagr": 0.10416763961967646,
    "end_val": 1797990.3315630762,
    "max_drawdown": -0.5668109262421441,
    "mwrr": 0.10416763961967646,
    "sharpe": 0.3417833387023757,
    "sortino": 0.477551442585436,
    "std": 0.16054814341531393,
    "ulcer_index": 13.413337964470449,
    "upi": 0.4091698367026578,
    "us_allocation": 73
}