{
    "beta": 0.7090221519377249,
    "cagr": 0.09071574653665615,
    "end_val": 945954.241923807,
    "max_drawdown": -0.6044116459856975,
    "mwrr": 0.09071574653665615,
    "sharpe": 0.24683045609255244,
    "sortino": 0.3471182663256699,
    "std": 0.1726792289206046,
    "ulcer_index": 15.845454597062727,
    "upi": 0.2690297906661272,
    "us_allocation": 15
}