{
    "beta": 0.9349540140250514,
    "cagr": 0.1074360282436495,
    "end_val": 2099144.6307154815,
    "max_drawdown": -0.5557839450986221,
    "mwrr": 0.1074360282436495,
    "sharpe": 0.346140876906136,
    "sortino": 0.4828283210760857,
    "std": 0.16706291189322406,
    "ulcer_index": 13.575013194430284,
    "upi": 0.4260614773023112,
    "us_allocation": 94
}