{
    "beta": 0.6748067634452581,
    "cagr": 0.08712701309678805,
    "end_val": 795936.5734345252,
    "max_drawdown": -0.611962955841639,
    "mwrr": 0.08712701309678805,
    "sharpe": 0.21812203426610327,
    "sortino": 0.3070719514146054,
    "std": 0.18030618196437806,
    "ulcer_index": 16.83735456365773,
    "upi": 0.23361213808494105,
    "us_allocation": 3
}