{
    "beta": 0.9523171037166502,
    "cagr": 0.10821002645804989,
    "end_val": 2177409.838046247,
    "max_drawdown": -0.5528942487106142,
    "mwrr": 0.10821002645804989,
    "sharpe": 0.3444130903499606,
    "sortino": 0.48029991837483194,
    "std": 0.16992916747080758,
    "ulcer_index": 13.687059053176522,
    "upi": 0.42767589183395116,
    "us_allocation": 100
}