{
    "beta": 0.7716903505840511,
    "cagr": 0.09657715810571998,
    "end_val": 1252632.3524080385,
    "max_drawdown": -0.5903698860108447,
    "mwrr": 0.09657715810571998,
    "sharpe": 0.29440078798921493,
    "sortino": 0.41308856105301595,
    "std": 0.16297038273288308,
    "ulcer_index": 14.493943146999923,
    "upi": 0.33108439542602275,
    "us_allocation": 37
}