{
    "beta": 0.9378445330772502,
    "cagr": 0.10757000532121341,
    "end_val": 2112491.7836774797,
    "max_drawdown": -0.555301761510506,
    "mwrr": 0.10757000532121341,
    "sharpe": 0.3459372121596957,
    "sortino": 0.4825206677226017,
    "std": 0.16751088189250446,
    "ulcer_index": 13.591292860424845,
    "upi": 0.4264408247888489,
    "us_allocation": 95
}