{
    "beta": 0.763143858980127,
    "cagr": 0.09583243502074268,
    "end_val": 1208829.3376600537,
    "max_drawdown": -0.5923000801419196,
    "mwrr": 0.09583243502074268,
    "sharpe": 0.288508762726749,
    "sortino": 0.4049566597323229,
    "std": 0.16394540110842984,
    "ulcer_index": 14.641204136659773,
    "upi": 0.32311545789030566,
    "us_allocation": 34
}