{
    "beta": 0.9434019591117512,
    "cagr": 0.10636626886870126,
    "end_val": 1802278.5078437245,
    "max_drawdown": -0.5543380722033058,
    "mwrr": 0.10636626886870126,
    "sharpe": 0.3345633084723359,
    "sortino": 0.46645266045927564,
    "std": 0.16970628784351022,
    "ulcer_index": 13.753875787101615,
    "upi": 0.41288551241864246,
    "us_allocation": 97
}