{
    "beta": 0.9317689690979273,
    "cagr": 0.10566310362861597,
    "end_val": 1744349.716210045,
    "max_drawdown": -0.5562663532460593,
    "mwrr": 0.10566310362861597,
    "sharpe": 0.3344620834530623,
    "sortino": 0.4663758644754369,
    "std": 0.16785767761458809,
    "ulcer_index": 13.687098817474963,
    "upi": 0.4102575479661319,
    "us_allocation": 93
}