{
    "beta": 0.8249624406680749,
    "cagr": 0.0977112269045799,
    "end_val": 1203790.8114652212,
    "max_drawdown": -0.5780287965416107,
    "mwrr": 0.0977112269045799,
    "sharpe": 0.305235245102031,
    "sortino": 0.42687793988045597,
    "std": 0.16029817707492997,
    "ulcer_index": 13.88170091301389,
    "upi": 0.35253622467252077,
    "us_allocation": 56
}