{
    "beta": 0.7561428533685798,
    "cagr": 0.09117809391053289,
    "end_val": 885793.7816889577,
    "max_drawdown": -0.5935841388381242,
    "mwrr": 0.09117809391053289,
    "sharpe": 0.2602861544318707,
    "sortino": 0.3649319854652961,
    "std": 0.1650641314759424,
    "ulcer_index": 14.88002061274021,
    "upi": 0.28878539328262787,
    "us_allocation": 32
}