{
    "beta": 0.7933967390319142,
    "cagr": 0.09485027188700035,
    "end_val": 1052714.4293550693,
    "max_drawdown": -0.5851983755855104,
    "mwrr": 0.09485027188700035,
    "sharpe": 0.28674187435358167,
    "sortino": 0.40149200943743707,
    "std": 0.1615423372589778,
    "ulcer_index": 14.27218683353659,
    "upi": 0.32461402206830386,
    "us_allocation": 45
}