{
    "beta": 0.8565939448634224,
    "cagr": 0.10034567817393691,
    "end_val": 1361590.3085553148,
    "max_drawdown": -0.5707895881800368,
    "mwrr": 0.10034567817393691,
    "sharpe": 0.31942770712394336,
    "sortino": 0.4462335906089953,
    "std": 0.16067488822007386,
    "ulcer_index": 13.630524010918498,
    "upi": 0.3766103761485184,
    "us_allocation": 67
}