{
    "beta": 0.9056675178558729,
    "cagr": 0.10396825346880845,
    "end_val": 1612122.5400851127,
    "max_drawdown": -0.5606179604571228,
    "mwrr": 0.10396825346880845,
    "sharpe": 0.33216620878547554,
    "sortino": 0.46339706289923543,
    "std": 0.16440193836220343,
    "ulcer_index": 13.578115324842212,
    "upi": 0.4022585393940914,
    "us_allocation": 84
}