{
    "beta": 0.7332284113587536,
    "cagr": 0.08876167160690374,
    "end_val": 790417.820923536,
    "max_drawdown": -0.5986986851818185,
    "mwrr": 0.08876167160690374,
    "sharpe": 0.24212839089064678,
    "sortino": 0.3397182084132749,
    "std": 0.16829368099267997,
    "ulcer_index": 15.35477243537303,
    "upi": 0.2654245130502526,
    "us_allocation": 24
}