{
    "beta": 0.7074456674998113,
    "cagr": 0.08590034411107506,
    "end_val": 690445.2668274436,
    "max_drawdown": -0.6044116459856971,
    "mwrr": 0.08590034411107506,
    "sharpe": 0.22054163362003207,
    "sortino": 0.30967475981443326,
    "std": 0.1728434473108429,
    "ulcer_index": 15.986724106031998,
    "upi": 0.23847883061962047,
    "us_allocation": 15
}