{
    "beta": 0.7475496860165919,
    "cagr": 0.09028592551430958,
    "end_val": 849333.738339372,
    "max_drawdown": -0.59550614523538,
    "mwrr": 0.09028592551430958,
    "sharpe": 0.2536158566955241,
    "sortino": 0.35567822367455787,
    "std": 0.16618281262884005,
    "ulcer_index": 15.049097792162742,
    "upi": 0.2801080221116578,
    "us_allocation": 29
}