{
    "beta": 0.7360926848074894,
    "cagr": 0.08907025463069917,
    "end_val": 802012.3013660721,
    "max_drawdown": -0.5980612520271187,
    "mwrr": 0.08907025463069917,
    "sharpe": 0.2444595175120081,
    "sortino": 0.3429589841931236,
    "std": 0.16784719200125267,
    "ulcer_index": 15.290254016344013,
    "upi": 0.2683970605942312,
    "us_allocation": 25
}