{
    "beta": 0.8422062316125519,
    "cagr": 0.09917635064500008,
    "end_val": 1289192.5789435985,
    "max_drawdown": -0.5740888847011095,
    "mwrr": 0.09917635064500008,
    "sharpe": 0.3135412839039176,
    "sortino": 0.43822050819871966,
    "std": 0.16030264890818383,
    "ulcer_index": 13.733622504531114,
    "upi": 0.36604485600287945,
    "us_allocation": 62
}