{
    "beta": 0.738956930635555,
    "cagr": 0.08937697113735177,
    "end_val": 813701.856162316,
    "max_drawdown": -0.5974232826411555,
    "mwrr": 0.08937697113735177,
    "sharpe": 0.24677455317360703,
    "sortino": 0.34617661271985356,
    "std": 0.16741278898106185,
    "ulcer_index": 15.227503180718301,
    "upi": 0.2713515223645464,
    "us_allocation": 26
}