{
    "beta": 0.7618721047661225,
    "cagr": 0.09176355043859563,
    "end_val": 910548.9077961345,
    "max_drawdown": -0.59230008014192,
    "mwrr": 0.09176355043859563,
    "sharpe": 0.26462830832719586,
    "sortino": 0.37094966378424804,
    "std": 0.16438104626354466,
    "ulcer_index": 14.772775357132307,
    "upi": 0.29451123241363436,
    "us_allocation": 34
}