{
    "beta": 0.7991321836157701,
    "cagr": 0.09538725183498808,
    "end_val": 1079576.6107413757,
    "max_drawdown": -0.5838999145764121,
    "mwrr": 0.09538725183498808,
    "sharpe": 0.2903970469999798,
    "sortino": 0.406521352869863,
    "std": 0.1611962373996144,
    "ulcer_index": 14.19027939133372,
    "upi": 0.3299416249493143,
    "us_allocation": 47
}