{
    "beta": 0.8537149742981914,
    "cagr": 0.10011557311329122,
    "end_val": 1347035.4436368728,
    "max_drawdown": -0.57145062305881,
    "mwrr": 0.10011557311329122,
    "sharpe": 0.31832736278701634,
    "sortino": 0.4447375168121082,
    "std": 0.16057373062041544,
    "ulcer_index": 13.650041060362497,
    "upi": 0.37454045374634287,
    "us_allocation": 66
}