{
    "beta": 0.8220904872333569,
    "cagr": 0.09746048441273136,
    "end_val": 1189741.833885525,
    "max_drawdown": -0.5786834267237292,
    "mwrr": 0.09746048441273136,
    "sharpe": 0.3037235415235156,
    "sortino": 0.42480918148721986,
    "std": 0.16034441850104167,
    "ulcer_index": 13.911605858403327,
    "upi": 0.35013700997619873,
    "us_allocation": 55
}