{
    "beta": 0.6730395151583781,
    "cagr": 0.0818491298126367,
    "end_val": 569789.8378842933,
    "max_drawdown": -0.6119629558416393,
    "mwrr": 0.0818491298126367,
    "sharpe": 0.19068081843242782,
    "sortino": 0.2680052256121517,
    "std": 0.18032333937126444,
    "ulcer_index": 16.98722145498798,
    "upi": 0.20243948671139564,
    "us_allocation": 3
}