{
    "beta": 0.8077382174216041,
    "cagr": 0.09617872417058226,
    "end_val": 1120399.1639854163,
    "max_drawdown": -0.5819479937326749,
    "mwrr": 0.09617872417058226,
    "sharpe": 0.295643947020344,
    "sortino": 0.4137313049340436,
    "std": 0.1607766531245583,
    "ulcer_index": 14.072440172139586,
    "upi": 0.3378348028772007,
    "us_allocation": 50
}