{
    "beta": 0.810607733860075,
    "cagr": 0.09643881374799546,
    "end_val": 1134141.5989512387,
    "max_drawdown": -0.5812962204096106,
    "mwrr": 0.09643881374799546,
    "sharpe": 0.29732776824108725,
    "sortino": 0.416042618646549,
    "std": 0.1606634470294408,
    "ulcer_index": 14.038556932278677,
    "upi": 0.34033935163319945,
    "us_allocation": 51
}