{
    "beta": 0.7962642825061045,
    "cagr": 0.09511969475913795,
    "end_val": 1066109.229633538,
    "max_drawdown": -0.584549426170945,
    "mwrr": 0.09511969475913795,
    "sharpe": 0.2885847956384793,
    "sortino": 0.404028496776711,
    "std": 0.16136266922339412,
    "ulcer_index": 14.23094360687218,
    "upi": 0.3272830109256724,
    "us_allocation": 46
}