{
    "beta": 0.9375828190380805,
    "cagr": 0.10601855837829133,
    "end_val": 1773401.1669891542,
    "max_drawdown": -0.555301761510506,
    "mwrr": 0.10601855837829133,
    "sharpe": 0.3345805894234372,
    "sortino": 0.4665061682799424,
    "std": 0.1687584752704515,
    "ulcer_index": 13.719318049849198,
    "upi": 0.4116356872102241,
    "us_allocation": 95
}