{
    "beta": 0.7303640919053179,
    "cagr": 0.08845122161360863,
    "end_val": 778919.0853754099,
    "max_drawdown": -0.5993355832837514,
    "mwrr": 0.08845122161360863,
    "sharpe": 0.23978189485982745,
    "sortino": 0.33645537954756943,
    "std": 0.1687521823424373,
    "ulcer_index": 15.420305543673937,
    "upi": 0.2624479298427566,
    "us_allocation": 23
}