{
    "beta": 0.6902484415882879,
    "cagr": 0.08390854741421783,
    "end_val": 628285.5863581698,
    "max_drawdown": -0.6081966244215835,
    "mwrr": 0.08390854741421783,
    "sharpe": 0.20570808711361768,
    "sortino": 0.2889915573534253,
    "std": 0.1763889009964617,
    "ulcer_index": 16.466575602307785,
    "upi": 0.22038476850482466,
    "us_allocation": 9
}