{
    "beta": 0.89120584580028,
    "cagr": 0.10295970137771215,
    "end_val": 1538156.8411028027,
    "max_drawdown": -0.5631509113623573,
    "mwrr": 0.10295970137771215,
    "sharpe": 0.3295855610444011,
    "sortino": 0.4599621072176147,
    "std": 0.1629176592455838,
    "ulcer_index": 13.542685177394759,
    "upi": 0.3965654768261652,
    "us_allocation": 79
}