{
    "beta": 0.8020004608155334,
    "cagr": 0.09565294272298464,
    "end_val": 1093115.0846013883,
    "max_drawdown": -0.583249839506702,
    "mwrr": 0.09565294272298464,
    "sharpe": 0.2921780368201793,
    "sortino": 0.4089698983055597,
    "std": 0.16104307247416824,
    "ulcer_index": 14.15023534766639,
    "upi": 0.3325884873491705,
    "us_allocation": 48
}