{
    "beta": 0.6816456961248246,
    "cagr": 0.08288730555140722,
    "end_val": 598577.6286647005,
    "max_drawdown": -0.6100821061493747,
    "mwrr": 0.08288730555140722,
    "sharpe": 0.19821072046026364,
    "sortino": 0.2785251132071615,
    "std": 0.1783086330665826,
    "ulcer_index": 16.720839987211583,
    "upi": 0.2113984807214125,
    "us_allocation": 6
}