{
    "beta": 0.9346752436453034,
    "cagr": 0.10584179772875224,
    "end_val": 1758895.6389776606,
    "max_drawdown": -0.5557839450986226,
    "mwrr": 0.10584179772875224,
    "sharpe": 0.3345385176261587,
    "sortino": 0.4664642905278411,
    "std": 0.1683021608175206,
    "ulcer_index": 13.702816098206727,
    "upi": 0.4109656666179487,
    "us_allocation": 94
}