{
    "beta": 0.8479592133485853,
    "cagr": 0.09964972003151096,
    "end_val": 1318034.3096163208,
    "max_drawdown": -0.5727709266481502,
    "mwrr": 0.09964972003151096,
    "sharpe": 0.31601086879174833,
    "sortino": 0.4415850209837885,
    "std": 0.1604114417124246,
    "ulcer_index": 13.690746233151101,
    "upi": 0.3703346717590172,
    "us_allocation": 64
}