{
    "beta": 0.8998797214283402,
    "cagr": 0.10357055002619608,
    "end_val": 1582548.162674027,
    "max_drawdown": -0.561587367309595,
    "mwrr": 0.10357055002619608,
    "sharpe": 0.33124867433305605,
    "sortino": 0.46218046400960155,
    "std": 0.16377018903727542,
    "ulcer_index": 13.561225619806743,
    "upi": 0.4001039740015465,
    "us_allocation": 82
}