{
    "beta": 0.7647369273503258,
    "cagr": 0.09205348243290001,
    "end_val": 923058.130825462,
    "max_drawdown": -0.5916572308063134,
    "mwrr": 0.09205348243290001,
    "sharpe": 0.2667658005857251,
    "sortino": 0.37390980341276103,
    "std": 0.16405849899061234,
    "ulcer_index": 14.720945533481123,
    "upi": 0.2973511009618333,
    "us_allocation": 35
}