{
    "beta": 0.8825408674506162,
    "cagr": 0.1023317451582626,
    "end_val": 1493795.3988684488,
    "max_drawdown": -0.5648135252080555,
    "mwrr": 0.1023317451582626,
    "sharpe": 0.3275740604926153,
    "sortino": 0.4572627770893017,
    "std": 0.16218059161877157,
    "ulcer_index": 13.533010712900763,
    "upi": 0.3926428783476276,
    "us_allocation": 76
}