{
    "beta": 0.9230577356612149,
    "cagr": 0.10511544579823773,
    "end_val": 1700500.4970834851,
    "max_drawdown": -0.5577149146189508,
    "mwrr": 0.10511544579823773,
    "sharpe": 0.334022660474823,
    "sortino": 0.4658257156619909,
    "std": 0.1665959730866559,
    "ulcer_index": 13.644985521250362,
    "upi": 0.40789479800939726,
    "us_allocation": 90
}