{
    "beta": 0.6701699357463745,
    "cagr": 0.0814993026268036,
    "end_val": 560398.6853657338,
    "max_drawdown": -0.6125888814651841,
    "mwrr": 0.0814993026268036,
    "sharpe": 0.1881661901734295,
    "sortino": 0.2644904889372137,
    "std": 0.1810156199493912,
    "ulcer_index": 17.07913277449666,
    "upi": 0.19945726095841865,
    "us_allocation": 2
}