{
    "beta": 0.7761979575598851,
    "cagr": 0.09319456989755337,
    "end_val": 973948.2802302926,
    "max_drawdown": -0.5890803381222213,
    "mwrr": 0.09319456989755337,
    "sharpe": 0.2750752308232255,
    "sortino": 0.3854019455794619,
    "std": 0.1628962726684916,
    "ulcer_index": 14.53261829283569,
    "upi": 0.3083875612949196,
    "us_allocation": 39
}