{
    "beta": 0.7160411598203507,
    "cagr": 0.08687094864691436,
    "end_val": 722882.6572174984,
    "max_drawdown": -0.6025120889016814,
    "mwrr": 0.08687094864691436,
    "sharpe": 0.2278438201287737,
    "sortino": 0.31984456756569474,
    "std": 0.17122221925342707,
    "ulcer_index": 15.761380690083165,
    "upi": 0.247554405659894,
    "us_allocation": 18
}