{
    "beta": 0.7590074195423429,
    "cagr": 0.09147175430192589,
    "end_val": 898127.1270295852,
    "max_drawdown": -0.5929423824109952,
    "mwrr": 0.09147175430192589,
    "sharpe": 0.2624681860696187,
    "sortino": 0.36795669461369757,
    "std": 0.16471627701373978,
    "ulcer_index": 14.825903725189612,
    "upi": 0.29165368182243795,
    "us_allocation": 33
}