{
    "beta": 0.8335816366744874,
    "cagr": 0.09845222204467352,
    "end_val": 1246265.895639135,
    "max_drawdown": -0.5760614482393049,
    "mwrr": 0.09845222204467352,
    "sharpe": 0.3095541906384636,
    "sortino": 0.43278103305961074,
    "std": 0.1602400046114574,
    "ulcer_index": 13.802931917909964,
    "upi": 0.3594346443415329,
    "us_allocation": 59
}