{
    "beta": 0.7017143079540736,
    "cagr": 0.0852439120407511,
    "end_val": 669321.0138744359,
    "max_drawdown": -0.6056753921383807,
    "mwrr": 0.0852439120407511,
    "sharpe": 0.21562675365512743,
    "sortino": 0.3028252677369958,
    "std": 0.1739809271000699,
    "ulcer_index": 16.142866980628536,
    "upi": 0.23242789464154004,
    "us_allocation": 13
}