{
    "beta": 0.7733324023901877,
    "cagr": 0.09291209411287471,
    "end_val": 961099.9644280354,
    "max_drawdown": -0.5897253880754046,
    "mwrr": 0.09291209411287471,
    "sharpe": 0.2730353628131175,
    "sortino": 0.3825831291047812,
    "std": 0.1631675270348856,
    "ulcer_index": 14.57822788412249,
    "upi": 0.3056508229913129,
    "us_allocation": 38
}