{
    "beta": 0.9172563589454638,
    "cagr": 0.104740718525556,
    "end_val": 1671121.960729675,
    "max_drawdown": -0.5586817259363115,
    "mwrr": 0.104740718525556,
    "sharpe": 0.33355089900375334,
    "sortino": 0.4652162298799384,
    "std": 0.1658153619326415,
    "ulcer_index": 13.619579230494484,
    "upi": 0.40616694111567575,
    "us_allocation": 88
}