{
    "beta": 0.8623541624369792,
    "cagr": 0.10080023922025605,
    "end_val": 1390797.3521279981,
    "max_drawdown": -0.569465745183698,
    "mwrr": 0.10080023922025605,
    "sharpe": 0.3215118240188536,
    "sortino": 0.449064094137242,
    "std": 0.1609171104512594,
    "ulcer_index": 13.592883495629986,
    "upi": 0.3806903085721218,
    "us_allocation": 69
}