{
    "beta": 0.6644293831190767,
    "cagr": 0.08079398773491464,
    "end_val": 541923.5647795433,
    "max_drawdown": -0.6138392027560151,
    "mwrr": 0.08079398773491464,
    "sharpe": 0.18313307928401248,
    "sortino": 0.257453213867548,
    "std": 0.18243074422609143,
    "ulcer_index": 17.268321026663703,
    "upi": 0.19349579216139665,
    "us_allocation": 0
}