{
    "beta": 0.7704670578467667,
    "cagr": 0.09262775425315994,
    "end_val": 948334.7454142844,
    "max_drawdown": -0.5903698860108443,
    "mwrr": 0.09262775425315994,
    "sharpe": 0.27097003559311916,
    "sortino": 0.3797275117622504,
    "std": 0.1634516844514675,
    "ulcer_index": 14.624433376458681,
    "upi": 0.3029066935685737,
    "us_allocation": 37
}