{
    "beta": 0.9404917169347501,
    "cagr": 0.1061933829770223,
    "end_val": 1787863.1731463263,
    "max_drawdown": -0.5548198035287283,
    "mwrr": 0.1061933829770223,
    "sharpe": 0.3345887117114823,
    "sortino": 0.46650210184044794,
    "std": 0.16922654368242737,
    "ulcer_index": 13.736267830424495,
    "upi": 0.412277730911606,
    "us_allocation": 96
}