{
    "beta": 0.8450823846289558,
    "cagr": 0.09941397432484456,
    "end_val": 1303592.4419247687,
    "max_drawdown": -0.5734301981681885,
    "mwrr": 0.09941397432484456,
    "sharpe": 0.3147951014347671,
    "sortino": 0.43992911872162277,
    "std": 0.16035035007548243,
    "ulcer_index": 13.711873165527594,
    "upi": 0.36820116290803906,
    "us_allocation": 63
}