{
    "beta": 0.9085630411500814,
    "cagr": 0.10416424058505314,
    "end_val": 1626895.3681297419,
    "max_drawdown": -0.560133577901446,
    "mwrr": 0.10416424058505314,
    "sharpe": 0.33256828030976837,
    "sortino": 0.46392805377209073,
    "std": 0.16473665031635268,
    "ulcer_index": 13.587545472277178,
    "upi": 0.40328511774538134,
    "us_allocation": 85
}