{
    "beta": 0.9259602364804305,
    "cagr": 0.10529992520066944,
    "end_val": 1715149.0777712024,
    "max_drawdown": -0.5572318390457832,
    "mwrr": 0.10529992520066944,
    "sharpe": 0.3342045365865435,
    "sortino": 0.46605711186806803,
    "std": 0.1670045090867446,
    "ulcer_index": 13.658522185782502,
    "upi": 0.40871195417227235,
    "us_allocation": 91
}