{
    "beta": 0.7847960701875334,
    "cagr": 0.09403081181649764,
    "end_val": 1012979.81287758,
    "max_drawdown": -0.587141863617526,
    "mwrr": 0.09403081181649764,
    "sharpe": 0.2810352319281675,
    "sortino": 0.39362853940987963,
    "std": 0.16216041389404617,
    "ulcer_index": 14.399614544147685,
    "upi": 0.3165439384360572,
    "us_allocation": 42
}