{
    "beta": 0.8796544249643639,
    "cagr": 0.10211863290271461,
    "end_val": 1479027.3049416253,
    "max_drawdown": -0.5654799272129044,
    "mwrr": 0.10211863290271461,
    "sharpe": 0.3268255508790964,
    "sortino": 0.4562547905997133,
    "std": 0.16196080156296133,
    "ulcer_index": 13.533734805341807,
    "upi": 0.39119395438112864,
    "us_allocation": 75
}