{
    "beta": 0.6787773762261593,
    "cagr": 0.0825431300537669,
    "end_val": 588879.3456909693,
    "max_drawdown": -0.6107095692650825,
    "mwrr": 0.0825431300537669,
    "sharpe": 0.19570362194451282,
    "sortino": 0.2750233272752718,
    "std": 0.17896976164569403,
    "ulcer_index": 16.80834209376658,
    "upi": 0.2084075662996553,
    "us_allocation": 5
}