{
    "beta": 0.8594736678060645,
    "cagr": 0.10057390063191152,
    "end_val": 1376178.3758215234,
    "max_drawdown": -0.5701279626951348,
    "mwrr": 0.10057390063191152,
    "sharpe": 0.3204892368736642,
    "sortino": 0.44767585310335295,
    "std": 0.1607893569970851,
    "ulcer_index": 13.611466362643892,
    "upi": 0.3786605684719013,
    "us_allocation": 68
}