{
    "beta": 0.7905295347600301,
    "cagr": 0.09457898357061478,
    "end_val": 1039393.6591939635,
    "max_drawdown": -0.5858467641097079,
    "mwrr": 0.09457898357061478,
    "sharpe": 0.2848688900949821,
    "sortino": 0.3989125465658668,
    "std": 0.16173520827781146,
    "ulcer_index": 14.31406619202984,
    "upi": 0.32193378054293104,
    "us_allocation": 44
}