{
    "beta": 0.9463135674659183,
    "cagr": 0.10653721334045896,
    "end_val": 1816643.9997371407,
    "max_drawdown": -0.5538565685872711,
    "mwrr": 0.10653721334045896,
    "sharpe": 0.33450481405896276,
    "sortino": 0.46635831700475977,
    "std": 0.17019762869779748,
    "ulcer_index": 13.772806052658249,
    "upi": 0.4134391269612408,
    "us_allocation": 98
}