{
    "beta": 0.8652354481276857,
    "cagr": 0.10102469262759617,
    "end_val": 1405444.9075991593,
    "max_drawdown": -0.5688029342189884,
    "mwrr": 0.10102469262759617,
    "sharpe": 0.32249536579284765,
    "sortino": 0.45039825396048955,
    "std": 0.16105811947368673,
    "ulcer_index": 13.575148290465645,
    "upi": 0.3826887866432258,
    "us_allocation": 70
}