{
    "beta": 0.6873812098453577,
    "cagr": 0.08357001312359036,
    "end_val": 618280.8677346318,
    "max_drawdown": -0.6088256348225477,
    "mwrr": 0.08357001312359036,
    "sharpe": 0.2032135276459506,
    "sortino": 0.2855100355637526,
    "std": 0.1770181183792809,
    "ulcer_index": 16.549844424678675,
    "upi": 0.21738925133368386,
    "us_allocation": 8
}