{
    "beta": 0.6845136343359743,
    "cagr": 0.08322959953239528,
    "end_val": 608378.1708985495,
    "max_drawdown": -0.6094541283660764,
    "mwrr": 0.08322959953239528,
    "sharpe": 0.2007142119291942,
    "sortino": 0.2820209537521706,
    "std": 0.17765805718077485,
    "ulcer_index": 16.63416828591216,
    "upi": 0.2143991145356172,
    "us_allocation": 7
}