{
    "beta": 0.8307079966035297,
    "cagr": 0.09820709653764936,
    "end_val": 1232054.7384862977,
    "max_drawdown": -0.5767178086554063,
    "mwrr": 0.09820709653764936,
    "sharpe": 0.30815095509057056,
    "sortino": 0.4308643065798776,
    "std": 0.16024596786327153,
    "ulcer_index": 13.82722041138321,
    "upi": 0.3571899604427786,
    "us_allocation": 58
}