{
    "beta": 0.928863973852936,
    "cagr": 0.10548247862263471,
    "end_val": 1729766.502525697,
    "max_drawdown": -0.5567489849087952,
    "mwrr": 0.10548247862263471,
    "sharpe": 0.3343508859030046,
    "sortino": 0.46624032856844694,
    "std": 0.16742510196019073,
    "ulcer_index": 13.672513942204178,
    "upi": 0.4095009172422116,
    "us_allocation": 92
}