{
    "beta": 0.8969874073543075,
    "cagr": 0.10336883768817562,
    "end_val": 1567752.2504814889,
    "max_drawdown": -0.5620948306372665,
    "mwrr": 0.10336883768817562,
    "sharpe": 0.33073274683570136,
    "sortino": 0.46149389471092994,
    "std": 0.16347327454378627,
    "ulcer_index": 13.5542099981102,
    "upi": 0.39896311909033794,
    "us_allocation": 81
}