{
    "beta": 0.7446854128908442,
    "cagr": 0.08998480622079597,
    "end_val": 837363.3326387568,
    "max_drawdown": -0.5961457304363666,
    "mwrr": 0.08998480622079597,
    "sharpe": 0.2513534505879045,
    "sortino": 0.35253725222299753,
    "std": 0.16658052896181608,
    "ulcer_index": 15.107668387550293,
    "upi": 0.27719451965068487,
    "us_allocation": 28
}