{
    "beta": 0.8048691325832261,
    "cagr": 0.09591676699187945,
    "end_val": 1106723.1242885848,
    "max_drawdown": -0.5825991996609641,
    "mwrr": 0.09591676699187945,
    "sharpe": 0.29392718964917547,
    "sortino": 0.4113734595817936,
    "std": 0.1609032025527717,
    "ulcer_index": 14.110927396839571,
    "upi": 0.3352204013962143,
    "us_allocation": 49
}