{
    "beta": 0.873884246222897,
    "cagr": 0.10168672797710498,
    "end_val": 1449535.2079214687,
    "max_drawdown": -0.5668109262421439,
    "mwrr": 0.10168672797710498,
    "sharpe": 0.3252110679850062,
    "sortino": 0.45407550327768326,
    "std": 0.1615603505222281,
    "ulcer_index": 13.53776349972455,
    "upi": 0.38818364939553435,
    "us_allocation": 73
}