{
    "beta": 0.8710004704890116,
    "cagr": 0.10146793842983337,
    "end_val": 1434816.2554458468,
    "max_drawdown": -0.5674755261909361,
    "mwrr": 0.10146793842983337,
    "sharpe": 0.32434502789045694,
    "sortino": 0.45290412755134807,
    "std": 0.16137977496720063,
    "ulcer_index": 13.543840040669,
    "upi": 0.38654375350674175,
    "us_allocation": 72
}