{
    "beta": 0.7676019056060369,
    "cagr": 0.09234155035907832,
    "end_val": 935653.7658749886,
    "max_drawdown": -0.5910138331743315,
    "mwrr": 0.09234155035907832,
    "sharpe": 0.26887994663666265,
    "sortino": 0.3768360781541621,
    "std": 0.16374869307606246,
    "ulcer_index": 14.671207535405108,
    "upi": 0.3001561253953845,
    "us_allocation": 36
}