{
    "beta": 0.718905985723767,
    "cagr": 0.08719074158548734,
    "end_val": 733893.8043037179,
    "max_drawdown": -0.6018778485597517,
    "mwrr": 0.08719074158548734,
    "sharpe": 0.23025649851893856,
    "sortino": 0.32320310155586546,
    "std": 0.17070479918507395,
    "ulcer_index": 15.691405687436161,
    "upi": 0.25053239490314233,
    "us_allocation": 19
}