{
    "beta": 0.7819297731123983,
    "cagr": 0.09375392888650902,
    "end_val": 999889.442070974,
    "max_drawdown": -0.5877885771525638,
    "mwrr": 0.09375392888650902,
    "sharpe": 0.27907584074765657,
    "sortino": 0.39092556136772283,
    "std": 0.16239266971365368,
    "ulcer_index": 14.443368980583598,
    "upi": 0.3138333081568876,
    "us_allocation": 41
}