{
    "beta": 0.6931153484517634,
    "cagr": 0.08424520345591469,
    "end_val": 638392.1653834446,
    "max_drawdown": -0.6075670960613977,
    "mwrr": 0.08424520345591469,
    "sharpe": 0.20819729827626088,
    "sortino": 0.29246469053984353,
    "std": 0.17577048925257396,
    "ulcer_index": 16.38423250096746,
    "upi": 0.22338694871752254,
    "us_allocation": 10
}