{
    "beta": 0.9143574409431735,
    "cagr": 0.10455047525941352,
    "end_val": 1656397.9855833412,
    "max_drawdown": -0.5591654596191126,
    "mwrr": 0.10455047525941352,
    "sharpe": 0.33326033704815095,
    "sortino": 0.4648371122832239,
    "std": 0.16544342859863803,
    "ulcer_index": 13.607906428200637,
    "upi": 0.40525043334049043,
    "us_allocation": 87
}