{
    "beta": 0.8192190585064723,
    "cagr": 0.09720787115775398,
    "end_val": 1175750.6439718623,
    "max_drawdown": -0.5793374828633039,
    "mwrr": 0.09720787115775398,
    "sharpe": 0.3021764904181777,
    "sortino": 0.42269065623469065,
    "std": 0.16040407680887786,
    "ulcer_index": 13.942173369074682,
    "upi": 0.34771896208015907,
    "us_allocation": 54
}