{
    "beta": 0.7274997080459569,
    "cagr": 0.08813890416093018,
    "end_val": 767516.7308252555,
    "max_drawdown": -0.5999719475064257,
    "mwrr": 0.08813890416093018,
    "sharpe": 0.2374207471244863,
    "sortino": 0.33317150574086124,
    "std": 0.169222621255085,
    "ulcer_index": 15.486814830304912,
    "upi": 0.259468579851186,
    "us_allocation": 22
}