{
    "beta": 0.7790637416870869,
    "cagr": 0.09347518152802547,
    "end_val": 986878.5122904335,
    "max_drawdown": -0.5884347349001302,
    "mwrr": 0.09347518152802547,
    "sharpe": 0.27708895025002284,
    "sortino": 0.3881830549272241,
    "std": 0.16263797105794653,
    "ulcer_index": 14.487708131142414,
    "upi": 0.3111142865736525,
    "us_allocation": 40
}