{
    "beta": 0.9027730847871686,
    "cagr": 0.10377035594281048,
    "end_val": 1597339.1936767094,
    "max_drawdown": -0.5611025572647362,
    "mwrr": 0.10377035594281048,
    "sharpe": 0.331726420832976,
    "sortino": 0.46281468289731564,
    "std": 0.16407976382442757,
    "ulcer_index": 13.569300291277036,
    "upi": 0.40119936086893554,
    "us_allocation": 83
}