{
    "beta": 0.7131761771824721,
    "cagr": 0.08654928523758398,
    "end_val": 711970.5663797052,
    "max_drawdown": -0.6031458011580233,
    "mwrr": 0.08654928523758398,
    "sharpe": 0.22541999729027196,
    "sortino": 0.31646975242065895,
    "std": 0.1717511876740853,
    "ulcer_index": 15.834670047999321,
    "upi": 0.2445401303082706,
    "us_allocation": 17
}