{
    "beta": 0.7045801032755679,
    "cagr": 0.0855730648525963,
    "end_val": 679832.8349851988,
    "max_drawdown": -0.6050437808309191,
    "mwrr": 0.0855730648525963,
    "sharpe": 0.2180884295664588,
    "sortino": 0.3062563668275595,
    "std": 0.17340657574430487,
    "ulcer_index": 16.06431432155179,
    "upi": 0.23545136629783722,
    "us_allocation": 14
}