{
    "beta": 0.8883165579038674,
    "cagr": 0.10275228109790957,
    "end_val": 1523362.7941391955,
    "max_drawdown": -0.5636790205278198,
    "mwrr": 0.10275228109790957,
    "sharpe": 0.3289539615844223,
    "sortino": 0.4591161828655161,
    "std": 0.16265906996330742,
    "ulcer_index": 13.537760251564597,
    "upi": 0.3953211845213945,
    "us_allocation": 78
}