{
    "beta": 0.839330735263939,
    "cagr": 0.09893685004115382,
    "end_val": 1274836.8273999505,
    "max_drawdown": -0.5747469876361855,
    "mwrr": 0.09893685004115382,
    "sharpe": 0.3122496699204741,
    "sortino": 0.4364594739652634,
    "std": 0.16026835123039226,
    "ulcer_index": 13.756096951524642,
    "upi": 0.36386343406916216,
    "us_allocation": 61
}