{
    "beta": 0.8163481357986407,
    "cagr": 0.09695338785348717,
    "end_val": 1161819.041029229,
    "max_drawdown": -0.5799909663015477,
    "mwrr": 0.09695338785348717,
    "sharpe": 0.30059453285606935,
    "sortino": 0.4205229783665264,
    "std": 0.16047714277883343,
    "ulcer_index": 13.97356730328312,
    "upi": 0.3452784957500578,
    "us_allocation": 53
}