{
    "beta": 0.7876626512770395,
    "cagr": 0.0943058301226396,
    "end_val": 1026148.3297213844,
    "max_drawdown": -0.5864945930275572,
    "mwrr": 0.0943058301226396,
    "sharpe": 0.2829664642819991,
    "sortino": 0.3962910953748177,
    "std": 0.16194124655104256,
    "ulcer_index": 14.356501495000199,
    "upi": 0.3192445172059771,
    "us_allocation": 43
}