{
    "beta": 0.7103110192668298,
    "cagr": 0.08622575064295335,
    "end_val": 701157.9681531496,
    "max_drawdown": -0.603778986472917,
    "mwrr": 0.08622575064295335,
    "sharpe": 0.22298571088145286,
    "sortino": 0.3130795243599967,
    "std": 0.17229162405367968,
    "ulcer_index": 15.91021243560691,
    "upi": 0.24150804912923646,
    "us_allocation": 16
}