{
    "beta": 0.741821167211629,
    "cagr": 0.08968182154165483,
    "end_val": 825485.7800282077,
    "max_drawdown": -0.5967847758404196,
    "mwrr": 0.08968182154165483,
    "sharpe": 0.24907277320883553,
    "sortino": 0.34936972927464033,
    "std": 0.16699054429055396,
    "ulcer_index": 15.16715591515416,
    "upi": 0.2742751518560463,
    "us_allocation": 27
}