{
    "beta": 0.6959819492765317,
    "cagr": 0.0845799822627682,
    "end_val": 648600.4144439434,
    "max_drawdown": -0.6069370486355962,
    "mwrr": 0.0845799822627682,
    "sharpe": 0.21068055777961314,
    "sortino": 0.2959285897066424,
    "std": 0.175162967194911,
    "ulcer_index": 16.302894143623085,
    "upi": 0.22639430010019104,
    "us_allocation": 11
}