{
    "beta": 0.8364558765972671,
    "cagr": 0.09869547351973473,
    "end_val": 1260527.256076173,
    "max_drawdown": -0.5754045083565651,
    "mwrr": 0.09869547351973473,
    "sharpe": 0.3109205378905934,
    "sortino": 0.43464621080957905,
    "std": 0.1602474673023076,
    "ulcer_index": 13.779165222816793,
    "upi": 0.36166080856766525,
    "us_allocation": 60
}