{
    "beta": 0.7532783879333467,
    "cagr": 0.0908825691140196,
    "end_val": 873549.8280770816,
    "max_drawdown": -0.5942253506426598,
    "mwrr": 0.0908825691140196,
    "sharpe": 0.2580829375392371,
    "sortino": 0.36187660398317717,
    "std": 0.16542454806747195,
    "ulcer_index": 14.935071741601009,
    "upi": 0.28590808174228255,
    "us_allocation": 31
}