{
    "beta": 0.6988482628591612,
    "cagr": 0.0849128848113514,
    "end_val": 658910.1137872114,
    "max_drawdown": -0.6063064810331511,
    "mwrr": 0.0849128848113514,
    "sharpe": 0.21315725125828902,
    "sortino": 0.2993823911913643,
    "std": 0.17456641863759745,
    "ulcer_index": 16.222449543731607,
    "upi": 0.2294079268997335,
    "us_allocation": 12
}