{
    "beta": 0.7217706734076521,
    "cagr": 0.08750866473043906,
    "end_val": 745003.5388428712,
    "max_drawdown": -0.6012430789832636,
    "mwrr": 0.08750866473043906,
    "sharpe": 0.23265734395140225,
    "sortino": 0.3265444187592901,
    "std": 0.1701990071054773,
    "ulcer_index": 15.6221871086035,
    "upi": 0.25351323213860266,
    "us_allocation": 20
}