{
    "beta": 0.7246352413604391,
    "cagr": 0.08782471872148911,
    "end_val": 756211.3592540221,
    "max_drawdown": -0.6006077790183915,
    "mwrr": 0.08782471872148911,
    "sharpe": 0.2350456608429463,
    "sortino": 0.3298675501591092,
    "std": 0.16970492182449612,
    "ulcer_index": 15.554106463205182,
    "upi": 0.2564902429248087,
    "us_allocation": 21
}