{
    "beta": 0.8508367368583014,
    "cagr": 0.09988358667281294,
    "end_val": 1332516.037533259,
    "max_drawdown": -0.5721110687455649,
    "mwrr": 0.09988358667281294,
    "sharpe": 0.31718835715766713,
    "sortino": 0.4431879056026433,
    "std": 0.16048590805605695,
    "ulcer_index": 13.670122390255637,
    "upi": 0.3724482371381164,
    "us_allocation": 65
}