{
    "beta": 0.9114596752781244,
    "cagr": 0.1043583152220342,
    "end_val": 1641654.8142328218,
    "max_drawdown": -0.5596494106152846,
    "mwrr": 0.1043583152220342,
    "sharpe": 0.33293289655655595,
    "sortino": 0.4644079006400977,
    "std": 0.1650838356308931,
    "ulcer_index": 13.59747150679466,
    "upi": 0.40428256232072757,
    "us_allocation": 86
}