{
    "beta": 0.8767688911469235,
    "cagr": 0.10190362664746777,
    "end_val": 1464273.0604282946,
    "max_drawdown": -0.566145727069109,
    "mwrr": 0.10190362664746777,
    "sharpe": 0.3260379018592432,
    "sortino": 0.45519240936118827,
    "std": 0.1617540399016634,
    "ulcer_index": 13.535075283874137,
    "upi": 0.3897144639636652,
    "us_allocation": 74
}