{
    "beta": 0.7504140049223258,
    "cagr": 0.0905851797240278,
    "end_val": 861396.1858664254,
    "max_drawdown": -0.5948660190387537,
    "mwrr": 0.0905851797240278,
    "sharpe": 0.2558592621331368,
    "sortino": 0.3587916576276476,
    "std": 0.1657974634560855,
    "ulcer_index": 14.99149728197217,
    "upi": 0.2830140639950388,
    "us_allocation": 30
}