{
    "beta": 0.8854282384552339,
    "cagr": 0.1025429617827982,
    "end_val": 1508574.7654428899,
    "max_drawdown": -0.5642071746721876,
    "mwrr": 0.1025429617827982,
    "sharpe": 0.32828349988415545,
    "sortino": 0.4582165205652911,
    "std": 0.16241336389035016,
    "ulcer_index": 13.534209040621292,
    "upi": 0.39402300308846544,
    "us_allocation": 77
}