{
    "beta": 0.8134777004564435,
    "cagr": 0.09669703517284223,
    "end_val": 1147948.785506132,
    "max_drawdown": -0.580643878373809,
    "mwrr": 0.09669703517284223,
    "sharpe": 0.29897813115167776,
    "sortino": 0.4183067550960379,
    "std": 0.16056360442869347,
    "ulcer_index": 14.005759952689528,
    "upi": 0.34281686772492515,
    "us_allocation": 52
}