{
    "beta": 0.6672998981567003,
    "cagr": 0.08114758903951169,
    "end_val": 551109.9375907697,
    "max_drawdown": -0.6132142967465787,
    "mwrr": 0.08114758903951169,
    "sharpe": 0.18565010806185914,
    "sortino": 0.2609729303714255,
    "std": 0.18171811618880537,
    "ulcer_index": 17.171864336671536,
    "upi": 0.19648680912509697,
    "us_allocation": 1
}