{
    "beta": 0.868117544312207,
    "cagr": 0.10124725949783309,
    "end_val": 1420118.6760805133,
    "max_drawdown": -0.5681395283679033,
    "mwrr": 0.10124725949783309,
    "sharpe": 0.32343978460013334,
    "sortino": 0.45167832566376137,
    "std": 0.1612123523834137,
    "ulcer_index": 13.558931493762906,
    "upi": 0.3846364753873475,
    "us_allocation": 71
}