{
    "beta": 0.894096122228398,
    "cagr": 0.10316522084846524,
    "end_val": 1552954.2295993306,
    "max_drawdown": -0.5626228478425418,
    "mwrr": 0.10316522084846524,
    "sharpe": 0.3301784361722839,
    "sortino": 0.46075457335906184,
    "std": 0.1631890790275094,
    "ulcer_index": 13.548162712297936,
    "upi": 0.39777966221090955,
    "us_allocation": 80
}