{
    "beta": 0.9492265640169811,
    "cagr": 0.10670621362219679,
    "end_val": 1830956.4565291076,
    "max_drawdown": -0.5533752937366773,
    "mwrr": 0.10670621362219679,
    "sharpe": 0.33441367245265213,
    "sortino": 0.4662195972249199,
    "std": 0.1707004864159399,
    "ulcer_index": 13.793143495446788,
    "upi": 0.41393607917822767,
    "us_allocation": 99
}