{
    "beta": 0.8278349375365367,
    "cagr": 0.09796009787832505,
    "end_val": 1217895.7386078355,
    "max_drawdown": -0.5773735909698462,
    "mwrr": 0.09796009787832505,
    "sharpe": 0.3067111819136521,
    "sortino": 0.4288964599241886,
    "std": 0.16026535897527955,
    "ulcer_index": 13.852435989604379,
    "upi": 0.35491672112364886,
    "us_allocation": 57
}