{
    "beta": 0.6759086556016788,
    "cagr": 0.08219707187493519,
    "end_val": 579283.3988966118,
    "max_drawdown": -0.6113365188013064,
    "mwrr": 0.08219707187493519,
    "sharpe": 0.19319347309101303,
    "sortino": 0.27151642737248577,
    "std": 0.17964135852648133,
    "ulcer_index": 16.896653511752092,
    "upi": 0.20542690118602155,
    "us_allocation": 4
}