{
    "beta": 0.9201564501844773,
    "cagr": 0.10492904279705462,
    "end_val": 1685823.7901905444,
    "max_drawdown": -0.5581982105931818,
    "mwrr": 0.10492904279705462,
    "sharpe": 0.3338048966417566,
    "sortino": 0.46554560142943957,
    "std": 0.16619956683839493,
    "ulcer_index": 13.632049672387351,
    "upi": 0.4070451047032006,
    "us_allocation": 89
}