{
    "beta": 0.9521409709100934,
    "cagr": 0.10687326688596621,
    "end_val": 1845212.6657712827,
    "max_drawdown": -0.5528942487106143,
    "mwrr": 0.10687326688596621,
    "sharpe": 0.3342903365293477,
    "sortino": 0.4660370904156475,
    "std": 0.17121478046704777,
    "ulcer_index": 13.816298482569795,
    "upi": 0.41433415528477774,
    "us_allocation": 100
}