{
    "beta": 0.8306802231188923,
    "cagr": 0.10426775462222393,
    "end_val": 1481298.7886914834,
    "max_drawdown": -0.5767178086554059,
    "mwrr": 0.10426775462222393,
    "sharpe": 0.34532481961643585,
    "sortino": 0.4837532498910987,
    "std": 0.16043768893365004,
    "ulcer_index": 13.175689173634924,
    "upi": 0.42056580013874756,
    "us_allocation": 58
}