{
    "beta": 0.8364163525053374,
    "cagr": 0.10481067282516032,
    "end_val": 1518448.4560292861,
    "max_drawdown": -0.5754045083565648,
    "mwrr": 0.10481067282516032,
    "sharpe": 0.3483606716388133,
    "sortino": 0.4878878223001157,
    "std": 0.1604495676312293,
    "ulcer_index": 13.12809300419711,
    "upi": 0.42583312309578947,
    "us_allocation": 60
}