{
    "beta": 0.6816748936586763,
    "cagr": 0.08750938431525657,
    "end_val": 685432.2312710572,
    "max_drawdown": -0.6100821061493746,
    "mwrr": 0.08750938431525657,
    "sharpe": 0.22510628872272512,
    "sortino": 0.3169290486028143,
    "std": 0.17823357014818828,
    "ulcer_index": 15.819589151399054,
    "upi": 0.2536491023469188,
    "us_allocation": 6
}