{
    "beta": 0.8077498637444835,
    "cagr": 0.10202058028992678,
    "end_val": 1336782.6845240872,
    "max_drawdown": -0.5819479937326749,
    "mwrr": 0.10202058028992678,
    "sharpe": 0.33163118601440084,
    "sortino": 0.46502129881106324,
    "std": 0.16092412763638028,
    "ulcer_index": 13.390582234329683,
    "upi": 0.39861020694171173,
    "us_allocation": 50
}