{
    "beta": 0.9140798353420745,
    "cagr": 0.11139521791875806,
    "end_val": 2048552.4487585733,
    "max_drawdown": -0.5591654596191122,
    "mwrr": 0.11139521791875806,
    "sharpe": 0.3730863451754927,
    "sortino": 0.5210333648019141,
    "std": 0.16573367716129522,
    "ulcer_index": 12.801266496162583,
    "upi": 0.48310301805266104,
    "us_allocation": 87
}