{
    "beta": 0.8679993213980907,
    "cagr": 0.10766124421571655,
    "end_val": 1728998.8443578067,
    "max_drawdown": -0.5681395283679033,
    "mwrr": 0.10766124421571655,
    "sharpe": 0.362120922210791,
    "sortino": 0.5065210257679248,
    "std": 0.16146398727183053,
    "ulcer_index": 12.909967655395217,
    "upi": 0.4529792594610193,
    "us_allocation": 71
}