{
    "beta": 0.7733812546321019,
    "cagr": 0.09842392129925548,
    "end_val": 1133748.934052704,
    "max_drawdown": -0.5897253880754049,
    "mwrr": 0.09842392129925548,
    "sharpe": 0.3069051950474686,
    "sortino": 0.430945370147828,
    "std": 0.1632450688012294,
    "ulcer_index": 13.805827166331673,
    "upi": 0.36295200016186696,
    "us_allocation": 38
}