{
    "beta": 0.8020201049953141,
    "cagr": 0.1014399430488302,
    "end_val": 1301747.4245351823,
    "max_drawdown": -0.5832498395067022,
    "mwrr": 0.1014399430488302,
    "sharpe": 0.3278392510095667,
    "sortino": 0.4598144717511591,
    "std": 0.16117901611260033,
    "ulcer_index": 13.45327655150423,
    "upi": 0.39283680145922745,
    "us_allocation": 48
}