{
    "beta": 0.7390179807791906,
    "cagr": 0.09455671542793809,
    "end_val": 949138.2721322346,
    "max_drawdown": -0.5974232826411549,
    "mwrr": 0.09455671542793809,
    "sharpe": 0.2781948921562817,
    "sortino": 0.3910720460944365,
    "std": 0.1674236045174408,
    "ulcer_index": 14.381545570602372,
    "upi": 0.32390841462690173,
    "us_allocation": 26
}