{
    "beta": 0.7905629976242485,
    "cagr": 0.10025609129199942,
    "end_val": 1233079.9127329844,
    "max_drawdown": -0.5858467641097082,
    "mwrr": 0.10025609129199942,
    "sharpe": 0.3198447340109494,
    "sortino": 0.4488139906530927,
    "std": 0.16184782009736634,
    "ulcer_index": 13.58661414809816,
    "upi": 0.38106963405851974,
    "us_allocation": 44
}