{
    "beta": 0.6788033409850737,
    "cagr": 0.08713719608854209,
    "end_val": 673710.3479992091,
    "max_drawdown": -0.6107095692650821,
    "mwrr": 0.08713719608854209,
    "sharpe": 0.22236613497559882,
    "sortino": 0.3130916451713372,
    "std": 0.17889156394829736,
    "ulcer_index": 15.907275314263073,
    "upi": 0.25009992274936615,
    "us_allocation": 5
}