{
    "beta": 0.9429956354703244,
    "cagr": 0.11347772128158806,
    "end_val": 2251214.6902130754,
    "max_drawdown": -0.5543380722033058,
    "mwrr": 0.11347772128158806,
    "sharpe": 0.3747449922964144,
    "sortino": 0.5229930120427024,
    "std": 0.16999321103959503,
    "ulcer_index": 12.841747697902042,
    "upi": 0.496150520364493,
    "us_allocation": 97
}