{
    "beta": 0.6988936326665742,
    "cagr": 0.08970278753394245,
    "end_val": 758683.6820467258,
    "max_drawdown": -0.6063064810331512,
    "mwrr": 0.08970278753394245,
    "sharpe": 0.24144386265906642,
    "sortino": 0.33978746606816046,
    "std": 0.1745127004114959,
    "ulcer_index": 15.32527857450954,
    "upi": 0.2749726527004015,
    "us_allocation": 12
}