{
    "beta": 0.7218288515395045,
    "cagr": 0.092521641360918,
    "end_val": 864173.3794181162,
    "max_drawdown": -0.6012430789832638,
    "mwrr": 0.092521641360918,
    "sharpe": 0.26276134760987,
    "sortino": 0.3695573971959049,
    "std": 0.17017992841159424,
    "ulcer_index": 14.74951144466261,
    "upi": 0.3032152968585618,
    "us_allocation": 20
}