{
    "beta": 0.8852566917160766,
    "cagr": 0.10911903441215887,
    "end_val": 1847476.9160468858,
    "max_drawdown": -0.5642071746721873,
    "mwrr": 0.10911903441215887,
    "sharpe": 0.36748291437919683,
    "sortino": 0.5136955584943425,
    "std": 0.16268495190456073,
    "ulcer_index": 12.832820307414117,
    "upi": 0.4659468268837955,
    "us_allocation": 77
}