{
    "beta": 0.7418821235642102,
    "cagr": 0.09488931436196313,
    "end_val": 963781.7465852282,
    "max_drawdown": -0.59678477584042,
    "mwrr": 0.09488931436196313,
    "sharpe": 0.28070741684702877,
    "sortino": 0.39457078109821386,
    "std": 0.16700661453300408,
    "ulcer_index": 14.326243593672302,
    "upi": 0.3272786441443882,
    "us_allocation": 27
}