{
    "beta": 0.7160970878999268,
    "cagr": 0.09182823249257144,
    "end_val": 836962.7601781627,
    "max_drawdown": -0.6025120889016814,
    "mwrr": 0.09182823249257144,
    "sharpe": 0.2574990609079108,
    "sortino": 0.36221435745997727,
    "std": 0.17119387569121422,
    "ulcer_index": 14.880958211875507,
    "upi": 0.29627216904978115,
    "us_allocation": 18
}