{
    "beta": 0.8795014917849923,
    "cagr": 0.10864074805224422,
    "end_val": 1807754.0642368582,
    "max_drawdown": -0.5654799272129042,
    "mwrr": 0.10864074805224422,
    "sharpe": 0.3658644284606888,
    "sortino": 0.5115398463585196,
    "std": 0.1622263934549731,
    "ulcer_index": 12.854428076804668,
    "upi": 0.46180965638474186,
    "us_allocation": 75
}