{
    "beta": 0.7304244380574187,
    "cagr": 0.09354764087447376,
    "end_val": 906033.0103106924,
    "max_drawdown": -0.5993355832837512,
    "mwrr": 0.09354764087447376,
    "sharpe": 0.27055019494623944,
    "sortino": 0.3804192779855107,
    "std": 0.16874768054067307,
    "ulcer_index": 14.560156201872145,
    "upi": 0.3136029145654477,
    "us_allocation": 23
}