{
    "beta": 0.8622520555110684,
    "cagr": 0.10716005289806185,
    "end_val": 1690012.2114009964,
    "max_drawdown": -0.5694657451836975,
    "mwrr": 0.10716005289806185,
    "sharpe": 0.35999551325029633,
    "sortino": 0.5036580360566383,
    "std": 0.1611608634332793,
    "ulcer_index": 12.94359721509877,
    "upi": 0.448307333946931,
    "us_allocation": 69
}