{
    "beta": 0.9285249319104717,
    "cagr": 0.11246082991597883,
    "end_val": 2149912.7318575233,
    "max_drawdown": -0.556748984908795,
    "mwrr": 0.11246082991597883,
    "sharpe": 0.37438641496767916,
    "sortino": 0.5226508700240146,
    "std": 0.16771668398098757,
    "ulcer_index": 12.813589823584776,
    "upi": 0.4901138945109411,
    "us_allocation": 92
}