{
    "beta": 0.7504736848864964,
    "cagr": 0.09587583762731033,
    "end_val": 1008530.597302329,
    "max_drawdown": -0.5948660190387534,
    "mwrr": 0.09587583762731033,
    "sharpe": 0.2881267526422096,
    "sortino": 0.4048930380476643,
    "std": 0.16582969437926084,
    "ulcer_index": 14.166141934016986,
    "upi": 0.33733247641699354,
    "us_allocation": 30
}