{
    "beta": 0.6701852913958126,
    "cagr": 0.08600925960195416,
    "end_val": 639373.6622043353,
    "max_drawdown": -0.6125888814651851,
    "mwrr": 0.08600925960195416,
    "sharpe": 0.2141286586127735,
    "sortino": 0.30155028194471256,
    "std": 0.1809287761617474,
    "ulcer_index": 16.18010903364113,
    "upi": 0.2394694949585601,
    "us_allocation": 2
}