{
    "beta": 0.7619277345272805,
    "cagr": 0.09716490435306091,
    "end_val": 1070082.9568871502,
    "max_drawdown": -0.5923000801419196,
    "mwrr": 0.09716490435306091,
    "sharpe": 0.29771365027999874,
    "sortino": 0.41820891635699814,
    "std": 0.16443560653813366,
    "ulcer_index": 13.971756229237082,
    "upi": 0.3504364439954147,
    "us_allocation": 34
}