{
    "beta": 0.9169669247534613,
    "cagr": 0.11161222265165516,
    "end_val": 2068806.5378111126,
    "max_drawdown": -0.5586817259363117,
    "mwrr": 0.11161222265165516,
    "sharpe": 0.3734241032460441,
    "sortino": 0.5214625704848311,
    "std": 0.1661063338895717,
    "ulcer_index": 12.802540063418931,
    "upi": 0.4845791992588959,
    "us_allocation": 88
}