{
    "beta": 0.839285046011144,
    "cagr": 0.10507929550339457,
    "end_val": 1537165.3704366302,
    "max_drawdown": -0.5747469876361856,
    "mwrr": 0.10507929550339457,
    "sharpe": 0.34981828082008587,
    "sortino": 0.4898702760994277,
    "std": 0.16047550934489088,
    "ulcer_index": 13.105249261197509,
    "upi": 0.4284296589094209,
    "us_allocation": 61
}