{
    "beta": 0.7848353679011083,
    "cagr": 0.09965288419620277,
    "end_val": 1199470.1777486312,
    "max_drawdown": -0.5871418636175263,
    "mwrr": 0.09965288419620277,
    "sharpe": 0.3156524129382138,
    "sortino": 0.4430330546613294,
    "std": 0.1622613060104794,
    "ulcer_index": 13.657004582228685,
    "upi": 0.37509170072265524,
    "us_allocation": 42
}