{
    "beta": 0.8651253854859109,
    "cagr": 0.10741160054628196,
    "end_val": 1709470.6429845162,
    "max_drawdown": -0.5688029342189884,
    "mwrr": 0.10741160054628196,
    "sharpe": 0.3610793375260849,
    "sortino": 0.5051188870240818,
    "std": 0.16130588450540134,
    "ulcer_index": 12.926029699828236,
    "upi": 0.45067334799603964,
    "us_allocation": 70
}