{
    "beta": 0.7991555532610765,
    "cagr": 0.10114680149749744,
    "end_val": 1284402.9630358103,
    "max_drawdown": -0.5838999145764119,
    "mwrr": 0.10114680149749744,
    "sharpe": 0.3258910234445914,
    "sortino": 0.4571365982018157,
    "std": 0.16132637413717446,
    "ulcer_index": 13.48571346816288,
    "upi": 0.38991894046446923,
    "us_allocation": 47
}