{
    "beta": 0.684545911991238,
    "cagr": 0.0878796791107086,
    "end_val": 697292.7868676358,
    "max_drawdown": -0.6094541283660773,
    "mwrr": 0.0878796791107086,
    "sharpe": 0.22784259064912113,
    "sortino": 0.3207600648998432,
    "std": 0.17758625278675144,
    "ulcer_index": 15.732968532198699,
    "upi": 0.2572086224796071,
    "us_allocation": 7
}