{
    "beta": 0.7132307407122406,
    "cagr": 0.0914787035947684,
    "end_val": 823566.7745612334,
    "max_drawdown": -0.6031458011580239,
    "mwrr": 0.0914787035947684,
    "sharpe": 0.2548492916850132,
    "sortino": 0.3585155145067742,
    "std": 0.17171835631992363,
    "ulcer_index": 14.950701530053802,
    "upi": 0.2927493469654316,
    "us_allocation": 17
}