{
    "beta": 0.7246943037444795,
    "cagr": 0.09286552250681024,
    "end_val": 877987.6630834498,
    "max_drawdown": -0.6006077790183914,
    "mwrr": 0.09286552250681024,
    "sharpe": 0.26537234471049315,
    "sortino": 0.3731994781767512,
    "std": 0.16969061448831485,
    "ulcer_index": 14.685461792850626,
    "upi": 0.3066799034955716,
    "us_allocation": 21
}