{
    "beta": 0.8536355186782189,
    "cagr": 0.10639400056661774,
    "end_val": 1632081.9576810112,
    "max_drawdown": -0.5714506230588097,
    "mwrr": 0.10639400056661774,
    "sharpe": 0.356491427188924,
    "sortino": 0.4989231954169401,
    "std": 0.1608046455499597,
    "ulcer_index": 13.000247113216945,
    "upi": 0.44103200257645125,
    "us_allocation": 66
}