{
    "beta": 0.948791647816512,
    "cagr": 0.11387076024201348,
    "end_val": 2291610.020398747,
    "max_drawdown": -0.5533752937366769,
    "mwrr": 0.11387076024201348,
    "sharpe": 0.37463715474831505,
    "sortino": 0.5227900445333594,
    "std": 0.1709837674416155,
    "ulcer_index": 12.859725632383268,
    "upi": 0.49819987113894615,
    "us_allocation": 99
}