{
    "beta": 0.7332891557259769,
    "cagr": 0.0938858790427528,
    "end_val": 920263.4868574782,
    "max_drawdown": -0.5986986851818191,
    "mwrr": 0.0938858790427528,
    "sharpe": 0.27311549022025206,
    "sortino": 0.3839949155754222,
    "std": 0.1682942070635457,
    "ulcer_index": 14.499251446694824,
    "upi": 0.3170522809130816,
    "us_allocation": 24
}