{
    "beta": 0.9054240449531167,
    "cagr": 0.11073259472810348,
    "end_val": 1987901.979014097,
    "max_drawdown": -0.5606179604571226,
    "mwrr": 0.11073259472810348,
    "sharpe": 0.3718341958923627,
    "sortino": 0.5194203213264494,
    "std": 0.16468871062865406,
    "ulcer_index": 12.802595223824065,
    "upi": 0.4783967706971425,
    "us_allocation": 84
}