{
    "beta": 0.804884869289806,
    "cagr": 0.10173120283468884,
    "end_val": 1319207.8439025725,
    "max_drawdown": -0.5825991996609636,
    "mwrr": 0.10173120283468884,
    "sharpe": 0.32975283722064963,
    "sortino": 0.4624429657397018,
    "std": 0.1610449271790303,
    "ulcer_index": 13.421568625833265,
    "upi": 0.3957340207239777,
    "us_allocation": 49
}