{
    "beta": 0.8220789056181159,
    "cagr": 0.10343920995207823,
    "end_val": 1426315.74586483,
    "max_drawdown": -0.5786834267237287,
    "mwrr": 0.10343920995207823,
    "sharpe": 0.3404749430112869,
    "sortino": 0.47713355341935254,
    "std": 0.16051999196112093,
    "ulcer_index": 13.250932027227453,
    "upi": 0.4125156209847082,
    "us_allocation": 55
}