{
    "beta": 0.6759312354496027,
    "cagr": 0.08676311332786457,
    "end_val": 662126.8450615325,
    "max_drawdown": -0.6113365188013061,
    "mwrr": 0.08676311332786457,
    "sharpe": 0.2196227456029219,
    "sortino": 0.3092487849118738,
    "std": 0.1795601514140749,
    "ulcer_index": 15.995988204447103,
    "upi": 0.2465622032362697,
    "us_allocation": 4
}