{
    "beta": 0.7476099579820187,
    "cagr": 0.09554887521819277,
    "end_val": 993478.4548632086,
    "max_drawdown": -0.59550614523538,
    "mwrr": 0.09554887521819277,
    "sharpe": 0.28567414268266295,
    "sortino": 0.4014823629375074,
    "std": 0.166209594293935,
    "ulcer_index": 14.218482798902246,
    "upi": 0.3339928402556305,
    "us_allocation": 29
}