{
    "beta": 0.7791081669928795,
    "cagr": 0.09904216016267786,
    "end_val": 1166356.7735604828,
    "max_drawdown": -0.5884347349001292,
    "mwrr": 0.09904216016267786,
    "sharpe": 0.31133732247827095,
    "sortino": 0.4370743108256613,
    "std": 0.1627271603717322,
    "ulcer_index": 13.73002150168629,
    "upi": 0.36905246177223544,
    "us_allocation": 40
}