{
    "beta": 0.902540543081883,
    "cagr": 0.11050785818738595,
    "end_val": 1967734.116129967,
    "max_drawdown": -0.561102557264736,
    "mwrr": 0.11050785818738595,
    "sharpe": 0.371336147362627,
    "sortino": 0.5187725018500395,
    "std": 0.164364955800036,
    "ulcer_index": 12.804074870012846,
    "upi": 0.47676185555736794,
    "us_allocation": 83
}