{
    "beta": 0.8881353854469394,
    "cagr": 0.10935530510550695,
    "end_val": 1867414.2261147266,
    "max_drawdown": -0.5636790205278202,
    "mwrr": 0.10935530510550695,
    "sharpe": 0.36822912858562795,
    "sortino": 0.5146856138973654,
    "std": 0.16293339359684378,
    "ulcer_index": 12.825418090049645,
    "upi": 0.4678757797445289,
    "us_allocation": 78
}