{
    "beta": 0.9400993264304008,
    "cagr": 0.11327825664658064,
    "end_val": 2230982.148280348,
    "max_drawdown": -0.5548198035287281,
    "mwrr": 0.11327825664658064,
    "sharpe": 0.37474600456064455,
    "sortino": 0.5230228360469378,
    "std": 0.16951489991362628,
    "ulcer_index": 12.834864047894282,
    "upi": 0.49502150317796034,
    "us_allocation": 96
}