{
    "beta": 0.7189631188776977,
    "cagr": 0.09217587821237849,
    "end_val": 850498.3470163197,
    "max_drawdown": -0.601877848559752,
    "mwrr": 0.09217587821237849,
    "sharpe": 0.26013666506714145,
    "sortino": 0.3658953315986247,
    "std": 0.1706810407798399,
    "ulcer_index": 14.814815651526485,
    "upi": 0.2997429683430462,
    "us_allocation": 19
}