{
    "beta": 0.7676544905706583,
    "cagr": 0.09779816908080718,
    "end_val": 1101655.104910662,
    "max_drawdown": -0.5910138331743318,
    "mwrr": 0.09779816908080718,
    "sharpe": 0.3023619477622937,
    "sortino": 0.42465409162916856,
    "std": 0.16381467980717002,
    "ulcer_index": 13.884120242907406,
    "upi": 0.3568026625713223,
    "us_allocation": 36
}