{
    "beta": 0.8967760666997396,
    "cagr": 0.1100526048802124,
    "end_val": 1927492.3560846439,
    "max_drawdown": -0.5620948306372666,
    "mwrr": 0.1100526048802124,
    "sharpe": 0.37021738592594367,
    "sortino": 0.5173088154006609,
    "std": 0.16375469928783065,
    "ulcer_index": 12.80950885194368,
    "upi": 0.4733600808690409,
    "us_allocation": 81
}