{
    "beta": 0.6931559452598199,
    "cagr": 0.08897921336204706,
    "end_val": 733708.9425153295,
    "max_drawdown": -0.6075670960613976,
    "mwrr": 0.08897921336204706,
    "sharpe": 0.23602203045544348,
    "sortino": 0.3322057408317262,
    "std": 0.17570918544451733,
    "ulcer_index": 15.484756442907484,
    "upi": 0.26785281400955985,
    "us_allocation": 10
}