{
    "beta": 0.8421541825775458,
    "cagr": 0.10534602582113872,
    "end_val": 1555974.1182325613,
    "max_drawdown": -0.5740888847011096,
    "mwrr": 0.10534602582113872,
    "sharpe": 0.3512352520469329,
    "sortino": 0.49179574471208937,
    "std": 0.16051476977060944,
    "ulcer_index": 13.082986799973396,
    "upi": 0.4310025772754707,
    "us_allocation": 62
}