{
    "beta": 0.9198549595192088,
    "cagr": 0.11182728866048497,
    "end_val": 2089073.2894124314,
    "max_drawdown": -0.5581982105931818,
    "mwrr": 0.11182728866048497,
    "sharpe": 0.37372261521660893,
    "sortino": 0.5218383295335676,
    "std": 0.1664910377525063,
    "ulcer_index": 12.804595979951227,
    "upi": 0.4860114758640757,
    "us_allocation": 89
}