{
    "beta": 0.7590643156524064,
    "cagr": 0.0968454548913198,
    "end_val": 1054494.7019427442,
    "max_drawdown": -0.5929423824109956,
    "mwrr": 0.0968454548913198,
    "sharpe": 0.2953520382476075,
    "sortino": 0.4149313607018548,
    "std": 0.16476518320170086,
    "ulcer_index": 14.018101323874536,
    "upi": 0.34720137661834966,
    "us_allocation": 33
}