{
    "beta": 0.8278127515428635,
    "cagr": 0.10399346110708052,
    "end_val": 1462870.230553402,
    "max_drawdown": -0.5773735909698461,
    "mwrr": 0.10399346110708052,
    "sharpe": 0.34374728248533326,
    "sortino": 0.4816019414429027,
    "std": 0.16045176930385208,
    "ulcer_index": 13.200239216528162,
    "upi": 0.4179024437323522,
    "us_allocation": 57
}