{
    "beta": 0.7562008461347031,
    "cagr": 0.09652412733606663,
    "end_val": 1039039.3998124598,
    "max_drawdown": -0.5935841388381246,
    "mwrr": 0.09652412733606663,
    "sharpe": 0.2929664925247088,
    "sortino": 0.4116187394246298,
    "std": 0.16510742866569364,
    "ulcer_index": 14.065487553653062,
    "upi": 0.34394939135804214,
    "us_allocation": 32
}