{
    "beta": 0.6673114155154746,
    "cagr": 0.08562948623928701,
    "end_val": 628203.2501508669,
    "max_drawdown": -0.6132142967465792,
    "mwrr": 0.08562948623928701,
    "sharpe": 0.21137912669551254,
    "sortino": 0.2976962993492314,
    "std": 0.18162864797149209,
    "ulcer_index": 16.273956075068828,
    "upi": 0.23594021012890723,
    "us_allocation": 1
}