{
    "beta": 0.8450237801376287,
    "cagr": 0.10561086266529163,
    "end_val": 1574872.4660336643,
    "max_drawdown": -0.5734301981681882,
    "mwrr": 0.10561086266529163,
    "sharpe": 0.35261129855112616,
    "sortino": 0.49366405667354235,
    "std": 0.1605673333069879,
    "ulcer_index": 13.061461623920412,
    "upi": 0.4335462376220823,
    "us_allocation": 63
}