{
    "beta": 0.9516913920419575,
    "cagr": 0.1140643286603682,
    "end_val": 2311764.644859513,
    "max_drawdown": -0.5528942487106139,
    "mwrr": 0.1140643286603682,
    "sharpe": 0.3745313064361665,
    "sortino": 0.5226181649276745,
    "std": 0.1714958456868616,
    "ulcer_index": 12.872463201669568,
    "upi": 0.49905608209413727,
    "us_allocation": 100
}