{
    "beta": 0.9227439591927101,
    "cagr": 0.11204041352975258,
    "end_val": 2109349.0486002695,
    "max_drawdown": -0.5577149146189502,
    "mwrr": 0.11204041352975258,
    "sharpe": 0.37398224705259714,
    "sortino": 0.5221612075622062,
    "std": 0.16688771457262824,
    "ulcer_index": 12.807074805419616,
    "upi": 0.4874132768012276,
    "us_allocation": 90
}