{
    "beta": 0.7275594933187916,
    "cagr": 0.09320752218054773,
    "end_val": 891940.9644886181,
    "max_drawdown": -0.5999719475064255,
    "mwrr": 0.09320752218054773,
    "sharpe": 0.2679688859359624,
    "sortino": 0.376820445305294,
    "std": 0.16921317391736154,
    "ulcer_index": 14.622286508550067,
    "upi": 0.31014387356511663,
    "us_allocation": 22
}