{
    "beta": 0.7361536640625009,
    "cagr": 0.09422223710133948,
    "end_val": 934632.0395034967,
    "max_drawdown": -0.5980612520271181,
    "mwrr": 0.09422223710133948,
    "sharpe": 0.2756639858153892,
    "sortino": 0.3875462444153069,
    "std": 0.16785282498322623,
    "ulcer_index": 14.43944244140254,
    "upi": 0.3204938669554738,
    "us_allocation": 25
}