{
    "beta": 0.6874164144433471,
    "cagr": 0.0882480815392841,
    "end_val": 709292.2760281737,
    "max_drawdown": -0.6088256348225476,
    "mwrr": 0.0882480815392841,
    "sharpe": 0.23057441158563927,
    "sortino": 0.32458378604265165,
    "std": 0.1769496945521081,
    "ulcer_index": 15.649003642339418,
    "upi": 0.2607514466128109,
    "us_allocation": 8
}