{
    "beta": 0.7074970259462041,
    "cagr": 0.09077399364778871,
    "end_val": 797194.0399291678,
    "max_drawdown": -0.6044116459856974,
    "mwrr": 0.09077399364778871,
    "sharpe": 0.24951624412020282,
    "sortino": 0.3510680663884287,
    "std": 0.17280194322590467,
    "ulcer_index": 15.096163878796297,
    "upi": 0.28565191035447673,
    "us_allocation": 15
}