{
    "beta": 0.7705178628301477,
    "cagr": 0.09811198429184831,
    "end_val": 1117637.270762097,
    "max_drawdown": -0.5903698860108451,
    "mwrr": 0.09811198429184831,
    "sharpe": 0.3046470852297039,
    "sortino": 0.4278195022546847,
    "std": 0.16352343485308599,
    "ulcer_index": 13.844685033407714,
    "upi": 0.35988260956106366,
    "us_allocation": 37
}