{
    "beta": 0.8938950541070654,
    "cagr": 0.10982209226428274,
    "end_val": 1907425.1231410352,
    "max_drawdown": -0.562622847842542,
    "mwrr": 0.10982209226428274,
    "sharpe": 0.36959619043625264,
    "sortino": 0.516491889209817,
    "std": 0.16346832561297495,
    "ulcer_index": 12.81385915278729,
    "upi": 0.47157937372508196,
    "us_allocation": 80
}