{
    "beta": 0.8478938566616392,
    "cagr": 0.10587380487895581,
    "end_val": 1593858.125939792,
    "max_drawdown": -0.5727709266481499,
    "mwrr": 0.10587380487895581,
    "sharpe": 0.3539461604996746,
    "sortino": 0.4954749321536895,
    "std": 0.16063318160983342,
    "ulcer_index": 13.040556083734915,
    "upi": 0.43606399926796613,
    "us_allocation": 64
}