{
    "beta": 0.8823787333854135,
    "cagr": 0.10888084812702536,
    "end_val": 1827589.1802520768,
    "max_drawdown": -0.5648135252080559,
    "mwrr": 0.10888084812702536,
    "sharpe": 0.3666947189463127,
    "sortino": 0.5126470458482494,
    "std": 0.16244926747197552,
    "ulcer_index": 12.842646476924692,
    "upi": 0.4639187157344347,
    "us_allocation": 76
}