{
    "beta": 0.8134806136149393,
    "cagr": 0.10259368574318084,
    "end_val": 1372269.2210576644,
    "max_drawdown": -0.5806438783738089,
    "mwrr": 0.10259368574318084,
    "sharpe": 0.3352798873811111,
    "sortino": 0.470024279491512,
    "std": 0.16072246446985242,
    "ulcer_index": 13.332352869008842,
    "upi": 0.40424917995035065,
    "us_allocation": 52
}