{
    "beta": 0.8996578900231461,
    "cagr": 0.11028119420453053,
    "end_val": 1947596.4559275599,
    "max_drawdown": -0.5615873673095946,
    "mwrr": 0.11028119420453053,
    "sharpe": 0.37079729472026174,
    "sortino": 0.5180688636144127,
    "std": 0.16405359705285785,
    "ulcer_index": 12.806265956535082,
    "upi": 0.47508704972587773,
    "us_allocation": 82
}