{
    "beta": 0.8249456516333394,
    "cagr": 0.10371727925105567,
    "end_val": 1444541.8955985468,
    "max_drawdown": -0.5780287965416102,
    "mwrr": 0.10371727925105567,
    "sharpe": 0.34213051806162026,
    "sortino": 0.4793952276369367,
    "std": 0.16047920307821847,
    "ulcer_index": 13.225269157855019,
    "upi": 0.4152205077128668,
    "us_allocation": 56
}