{
    "beta": 0.876624948306267,
    "cagr": 0.10839873594162164,
    "end_val": 1787974.5604004397,
    "max_drawdown": -0.5661457270691088,
    "mwrr": 0.10839873594162164,
    "sharpe": 0.36499195405594514,
    "sortino": 0.5103737288121523,
    "std": 0.16201638083253403,
    "ulcer_index": 12.8667589470171,
    "upi": 0.4596710663514591,
    "us_allocation": 74
}