{
    "beta": 0.7647911203170291,
    "cagr": 0.09748247575221702,
    "end_val": 1085803.3712296356,
    "max_drawdown": -0.5916572308063132,
    "mwrr": 0.09748247575221702,
    "sharpe": 0.3000505458665279,
    "sortino": 0.42145020632062297,
    "std": 0.16411875421580746,
    "ulcer_index": 13.926784204908925,
    "upi": 0.35364528119438854,
    "us_allocation": 35
}