{
    "beta": 0.6960250102627897,
    "cagr": 0.08934194469381751,
    "end_val": 746126.4829792414,
    "max_drawdown": -0.6069370486355966,
    "mwrr": 0.08934194469381751,
    "sharpe": 0.23873650755865208,
    "sortino": 0.3360021098775528,
    "std": 0.17510539899853494,
    "ulcer_index": 15.404423950512847,
    "upi": 0.27141074655216935,
    "us_allocation": 11
}