{
    "beta": 0.6644369120448675,
    "cagr": 0.08524781354766464,
    "end_val": 617169.755410663,
    "max_drawdown": -0.6138392027560153,
    "mwrr": 0.08524781354766464,
    "sharpe": 0.2086286902580009,
    "sortino": 0.29384017160378245,
    "std": 0.18233878260766287,
    "ulcer_index": 16.371957396956805,
    "upi": 0.23238098110383176,
    "us_allocation": 0
}