{
    "beta": 0.6730585584690745,
    "cagr": 0.08638713489216165,
    "end_val": 650681.4003384582,
    "max_drawdown": -0.6119629558416391,
    "mwrr": 0.08638713489216165,
    "sharpe": 0.2168767236081539,
    "sortino": 0.3054013778058749,
    "std": 0.18023924974379635,
    "ulcer_index": 16.087263797184015,
    "upi": 0.24301320888364628,
    "us_allocation": 3
}