{
    "beta": 0.9111936718159891,
    "cagr": 0.11117627682358422,
    "end_val": 2028314.6289302716,
    "max_drawdown": -0.5596494106152851,
    "mwrr": 0.11117627682358422,
    "sharpe": 0.3727089921435476,
    "sortino": 0.5205503195662493,
    "std": 0.16537314037881842,
    "ulcer_index": 12.801250160559484,
    "upi": 0.4815653332636718,
    "us_allocation": 86
}