{
    "beta": 0.9314169445016267,
    "cagr": 0.11266811632869045,
    "end_val": 2170193.1097640404,
    "max_drawdown": -0.5562663532460601,
    "mwrr": 0.11266811632869045,
    "sharpe": 0.3745317613740669,
    "sortino": 0.522818840409949,
    "std": 0.1681488220402774,
    "ulcer_index": 12.81762060035499,
    "upi": 0.49141262295742577,
    "us_allocation": 93
}