{
    "beta": 0.6902864194174296,
    "cagr": 0.08861459262710047,
    "end_val": 721430.9286193592,
    "max_drawdown": -0.6081966244215841,
    "mwrr": 0.08861459262710047,
    "sharpe": 0.23330110963610823,
    "sortino": 0.3283993191912173,
    "std": 0.17632397798993096,
    "ulcer_index": 15.566305973162288,
    "upi": 0.2642990825890119,
    "us_allocation": 9
}