{
    "beta": 0.704629622389239,
    "cagr": 0.09041881119470552,
    "end_val": 784217.4143133784,
    "max_drawdown": -0.6050437808309181,
    "mwrr": 0.09041881119470552,
    "sharpe": 0.24683443697234775,
    "sortino": 0.34732143474023136,
    "std": 0.17336089185883125,
    "ulcer_index": 15.170614361981588,
    "upi": 0.28210414372782927,
    "us_allocation": 14
}