{
    "beta": 0.90830841478847,
    "cagr": 0.1109554016747325,
    "end_val": 2008096.6361774139,
    "max_drawdown": -0.5601335779014462,
    "mwrr": 0.1109554016747325,
    "sharpe": 0.37229171316480325,
    "sortino": 0.5200128366580841,
    "std": 0.16502479491428948,
    "ulcer_index": 12.801698206816754,
    "upi": 0.4799963316254399,
    "us_allocation": 85
}