{
    "beta": 0.8737490844002935,
    "cagr": 0.10815481350101197,
    "end_val": 1768253.607789338,
    "max_drawdown": -0.5668109262421438,
    "mwrr": 0.10815481350101197,
    "sharpe": 0.3640772322742219,
    "sortino": 0.5091485300204951,
    "std": 0.16181927834900156,
    "ulcer_index": 12.880422205920505,
    "upi": 0.45747549131810694,
    "us_allocation": 73
}