{
    "beta": 0.8910148333111844,
    "cagr": 0.10958965835620904,
    "end_val": 1887398.012110143,
    "max_drawdown": -0.5631509113623574,
    "mwrr": 0.10958965835620904,
    "sharpe": 0.36893349985973106,
    "sortino": 0.5156176167287376,
    "std": 0.16319453727580774,
    "ulcer_index": 12.819391294705985,
    "upi": 0.4697427224458584,
    "us_allocation": 79
}