{
    "beta": 0.7447461100833971,
    "cagr": 0.09522003420448732,
    "end_val": 978561.9821179323,
    "max_drawdown": -0.5961457304363665,
    "mwrr": 0.09522003420448732,
    "sharpe": 0.2832007655166049,
    "sortino": 0.39804124596343354,
    "std": 0.16660192247460584,
    "ulcer_index": 14.271868156182263,
    "upi": 0.3306408622964805,
    "us_allocation": 28
}