{
    "beta": 0.7876991203919138,
    "cagr": 0.09995542751789355,
    "end_val": 1216213.6121448188,
    "max_drawdown": -0.5864945930275572,
    "mwrr": 0.09995542751789355,
    "sharpe": 0.3177642698382909,
    "sortino": 0.4459461382583359,
    "std": 0.1620479988438038,
    "ulcer_index": 13.621436707198166,
    "upi": 0.37808983445053385,
    "us_allocation": 43
}