{
    "beta": 0.8708738815759343,
    "cagr": 0.10790898238869118,
    "end_val": 1748594.091875642,
    "max_drawdown": -0.5674755261909361,
    "mwrr": 0.10790898238869118,
    "sharpe": 0.3631202254772559,
    "sortino": 0.5078642893865857,
    "std": 0.16163513245852698,
    "ulcer_index": 12.894954660265078,
    "upi": 0.4552401474981166,
    "us_allocation": 72
}