{
    "beta": 0.7103640593840392,
    "cagr": 0.09112729087414473,
    "end_val": 810310.507766536,
    "max_drawdown": -0.6037789864729172,
    "mwrr": 0.09112729087414473,
    "sharpe": 0.2521881060436239,
    "sortino": 0.35479976170208133,
    "std": 0.17225440498624006,
    "ulcer_index": 15.022898766111002,
    "upi": 0.2891998198014113,
    "us_allocation": 16
}