{
    "beta": 0.7819717226129114,
    "cagr": 0.09934846165003486,
    "end_val": 1182850.8385636823,
    "max_drawdown": -0.5877885771525642,
    "mwrr": 0.09934846165003486,
    "sharpe": 0.31350986030891276,
    "sortino": 0.4400754561731112,
    "std": 0.16248770589445524,
    "ulcer_index": 13.693213747809722,
    "upi": 0.37207868349239875,
    "us_allocation": 41
}