{
    "beta": 0.8192124957522198,
    "cagr": 0.1031592540657531,
    "end_val": 1408193.6895005815,
    "max_drawdown": -0.5793374828633044,
    "mwrr": 0.1031592540657531,
    "sharpe": 0.3387809986666005,
    "sortino": 0.474817405324099,
    "std": 0.16057413486589736,
    "ulcer_index": 13.277249961530915,
    "upi": 0.4097876161297579,
    "us_allocation": 54
}