{
    "beta": 0.8507644301586454,
    "cagr": 0.1061348512611675,
    "end_val": 1612928.755497105,
    "max_drawdown": -0.5721110687455652,
    "mwrr": 0.1061348512611675,
    "sharpe": 0.3552396051895843,
    "sortino": 0.4972280613797043,
    "std": 0.16071229361255096,
    "ulcer_index": 13.020137202946957,
    "upi": 0.4385598582447847,
    "us_allocation": 65
}