{
    "beta": 0.8106151059751131,
    "cagr": 0.10230807480847859,
    "end_val": 1354470.3574364362,
    "max_drawdown": -0.5812962204096098,
    "mwrr": 0.10230807480847859,
    "sharpe": 0.3334737212249095,
    "sortino": 0.4675486311041342,
    "std": 0.16081663509891228,
    "ulcer_index": 13.360923169564721,
    "upi": 0.4014465513018197,
    "us_allocation": 51
}