{
    "beta": 0.7934270171431531,
    "cagr": 0.10055487515545614,
    "end_val": 1250067.8000744707,
    "max_drawdown": -0.5851983755855104,
    "mwrr": 0.10055487515545614,
    "sharpe": 0.3218931229610433,
    "sortino": 0.4516356562599433,
    "std": 0.16166080300663035,
    "ulcer_index": 13.552373476109935,
    "upi": 0.38403510580719286,
    "us_allocation": 45
}