{
    "beta": 0.8565071403121098,
    "cagr": 0.10665125150536592,
    "end_val": 1651315.2808995347,
    "max_drawdown": -0.5707895881800362,
    "mwrr": 0.10665125150536592,
    "sharpe": 0.357701448424172,
    "sortino": 0.5005600731126816,
    "std": 0.16091021098546374,
    "ulcer_index": 12.980909038983128,
    "upi": 0.4434792281580002,
    "us_allocation": 67
}