{
    "beta": 0.934310001098495,
    "cagr": 0.11287345139224136,
    "end_val": 2190467.4041846376,
    "max_drawdown": -0.555783945098622,
    "mwrr": 0.11287345139224136,
    "sharpe": 0.3746398466936805,
    "sortino": 0.5229364002187821,
    "std": 0.16859262414523557,
    "ulcer_index": 12.822796526486144,
    "upi": 0.4926525899736922,
    "us_allocation": 94
}