{
    "beta": 0.7533373084061056,
    "cagr": 0.09620092161755656,
    "end_val": 1023717.797744099,
    "max_drawdown": -0.5942253506426607,
    "mwrr": 0.09620092161755656,
    "sharpe": 0.2905578003850748,
    "sortino": 0.4082722252725822,
    "std": 0.16546228548561057,
    "ulcer_index": 14.115065605938605,
    "upi": 0.34065359384908955,
    "us_allocation": 31
}