{
    "beta": 0.9256339434137361,
    "cagr": 0.11225159478974134,
    "end_val": 2129630.1126889177,
    "max_drawdown": -0.5572318390457833,
    "mwrr": 0.11225159478974134,
    "sharpe": 0.37420338103518297,
    "sortino": 0.5224318469575899,
    "std": 0.1672962888791213,
    "ulcer_index": 12.810125092209812,
    "upi": 0.48877880332208834,
    "us_allocation": 91
}