{
    "beta": 0.7962911965013888,
    "cagr": 0.10085177870509554,
    "end_val": 1267175.9439539048,
    "max_drawdown": -0.5845494261709449,
    "mwrr": 0.10085177870509554,
    "sharpe": 0.3239087696522277,
    "sortino": 0.45441008617531115,
    "std": 0.1614869782958542,
    "ulcer_index": 13.51876036894685,
    "upi": 0.38698445817195737,
    "us_allocation": 46
}