{
    "beta": 0.945893069130119,
    "cagr": 0.11367522345465986,
    "end_val": 2271425.3346335506,
    "max_drawdown": -0.5538565685872707,
    "mwrr": 0.11367522345465986,
    "sharpe": 0.3747085477150765,
    "sortino": 0.5229152200119102,
    "std": 0.17048286128026788,
    "ulcer_index": 12.850002884720563,
    "upi": 0.4972112900661099,
    "us_allocation": 98
}