{
    "beta": 0.8163464043162906,
    "cagr": 0.10287741240558312,
    "end_val": 1390177.5809335958,
    "max_drawdown": -0.5799909663015482,
    "mwrr": 0.10287741240558312,
    "sharpe": 0.3370491504707172,
    "sortino": 0.47244743352575286,
    "std": 0.16064162791935627,
    "ulcer_index": 13.304396788702308,
    "upi": 0.4070317107348486,
    "us_allocation": 53
}