{
    "beta": 0.7762446835094029,
    "cagr": 0.09873397997773581,
    "end_val": 1149989.112044515,
    "max_drawdown": -0.5890803381222207,
    "mwrr": 0.09873397997773581,
    "sharpe": 0.30913552251818066,
    "sortino": 0.43403062555440136,
    "std": 0.16297962894623155,
    "ulcer_index": 13.767569482484705,
    "upi": 0.3660097616673993,
    "us_allocation": 39
}