{
    "beta": 0.8335480841625126,
    "cagr": 0.10454015885600576,
    "end_val": 1499825.553934179,
    "max_drawdown": -0.5760614482393049,
    "mwrr": 0.10454015885600576,
    "sharpe": 0.3468627379576915,
    "sortino": 0.48584869045547857,
    "std": 0.16043695747129888,
    "ulcer_index": 13.15163120700864,
    "upi": 0.42320979286436017,
    "us_allocation": 59
}