{
    "beta": 0.7017618306613561,
    "cagr": 0.09006174275581391,
    "end_val": 771380.6379114875,
    "max_drawdown": -0.6056753921383801,
    "mwrr": 0.09006174275581391,
    "sharpe": 0.24414340604332055,
    "sortino": 0.3435608899554007,
    "std": 0.17393117105700331,
    "ulcer_index": 15.24719963221354,
    "upi": 0.2785399839970675,
    "us_allocation": 13
}