{
    "beta": 0.9372041217071166,
    "cagr": 0.11307683241456568,
    "end_val": 2210731.7276788773,
    "max_drawdown": -0.5553017615105064,
    "mwrr": 0.11307683241456568,
    "sharpe": 0.374711110473848,
    "sortino": 0.5230041750777891,
    "std": 0.16904801038327386,
    "ulcer_index": 12.828624048024375,
    "upi": 0.49385252260818735,
    "us_allocation": 95
}