{
    "beta": 0.8593793131959826,
    "cagr": 0.10690660274254538,
    "end_val": 1670626.2190174086,
    "max_drawdown": -0.5701279626951349,
    "mwrr": 0.10690660274254538,
    "sharpe": 0.3588695182140104,
    "sortino": 0.5021384208474736,
    "std": 0.16102896084151724,
    "ulcer_index": 12.962020654406937,
    "upi": 0.44590463095351435,
    "us_allocation": 68
}