{
    "beta": 0.8174629985674616,
    "cagr": 0.11087779503211825,
    "end_val": 1801443.7600641397,
    "max_drawdown": -0.5806438783738092,
    "mwrr": 0.11087779503211825,
    "sharpe": 0.38707362425436975,
    "sortino": 0.5433129602510736,
    "std": 0.16039623159300945,
    "ulcer_index": 13.140721617494247,
    "upi": 0.4725205843184986,
    "us_allocation": 52
}