{
    "beta": 0.8536762147902907,
    "cagr": 0.11483644239597557,
    "end_val": 2147471.3992295857,
    "max_drawdown": -0.5721110687455649,
    "mwrr": 0.11483644239597557,
    "sharpe": 0.4094328452325277,
    "sortino": 0.5735860361893079,
    "std": 0.160320883928595,
    "ulcer_index": 12.799603832224587,
    "upi": 0.5128967348710789,
    "us_allocation": 65
}