{
    "beta": 0.806320274919221,
    "cagr": 0.109595192147381,
    "end_val": 1701527.5595088662,
    "max_drawdown": -0.5832498395067018,
    "mwrr": 0.109595192147381,
    "sharpe": 0.3787748958117406,
    "sortino": 0.5319830124297444,
    "std": 0.16086198645087302,
    "ulcer_index": 13.270982188738431,
    "upi": 0.45918003149274866,
    "us_allocation": 48
}