{
    "beta": 0.7617187714680421,
    "cagr": 0.10416220123026387,
    "end_val": 1335202.682552014,
    "max_drawdown": -0.5935841388381241,
    "mwrr": 0.10416220123026387,
    "sharpe": 0.33999103496532906,
    "sortino": 0.4785365528371467,
    "std": 0.16478267837801705,
    "ulcer_index": 13.924036305745314,
    "upi": 0.40240282906837493,
    "us_allocation": 32
}