{
    "beta": 0.7812402524898908,
    "cagr": 0.1065986473616718,
    "end_val": 1488776.9625251396,
    "max_drawdown": -0.589080338122221,
    "mwrr": 0.1065986473616718,
    "sharpe": 0.3579574113959879,
    "sortino": 0.5033889070395212,
    "std": 0.16266642048686536,
    "ulcer_index": 13.607308036039646,
    "upi": 0.4279630795960874,
    "us_allocation": 39
}