{
    "beta": 0.9010799690560971,
    "cagr": 0.11952537597118273,
    "end_val": 2642173.033894801,
    "max_drawdown": -0.5615873673095945,
    "mwrr": 0.11952537597118273,
    "sharpe": 0.4271586628124451,
    "sortino": 0.5971298529557869,
    "std": 0.1634895690316536,
    "ulcer_index": 12.550494611423138,
    "upi": 0.5565083377115876,
    "us_allocation": 82
}