{
    "beta": 0.7868150869159453,
    "cagr": 0.1072777777458398,
    "end_val": 1534583.4370277463,
    "max_drawdown": -0.5877885771525643,
    "mwrr": 0.1072777777458398,
    "sharpe": 0.3628219481238161,
    "sortino": 0.5100914810230711,
    "std": 0.1621755606008089,
    "ulcer_index": 13.52809511494743,
    "upi": 0.4350028504836013,
    "us_allocation": 41
}