{
    "beta": 0.711418053871368,
    "cagr": 0.0974720684325685,
    "end_val": 988957.9363726571,
    "max_drawdown": -0.6050437808309185,
    "mwrr": 0.0974720684325685,
    "sharpe": 0.2887953492447096,
    "sortino": 0.4071951770789437,
    "std": 0.17296100930213779,
    "ulcer_index": 15.07572236388965,
    "upi": 0.33136064578345326,
    "us_allocation": 14
}