{
    "beta": 0.9122500225839331,
    "cagr": 0.12054751809571584,
    "end_val": 2763997.8571798,
    "max_drawdown": -0.5596494106152845,
    "mwrr": 0.12054751809571584,
    "sharpe": 0.42941814224105435,
    "sortino": 0.6000364490399228,
    "std": 0.1647537392516044,
    "ulcer_index": 12.535453121435554,
    "upi": 0.5644538228558473,
    "us_allocation": 86
}