{
    "beta": 0.7421780034261901,
    "cagr": 0.10163323624988796,
    "end_val": 1192226.6429590199,
    "max_drawdown": -0.5980612520271185,
    "mwrr": 0.10163323624988796,
    "sharpe": 0.3207820173459874,
    "sortino": 0.45183616532939974,
    "std": 0.1675056867963798,
    "ulcer_index": 14.315335808508907,
    "upi": 0.3753900889670243,
    "us_allocation": 25
}