{
    "beta": 0.7086178254828653,
    "cagr": 0.09708242550444646,
    "end_val": 971763.2003699812,
    "max_drawdown": -0.6056753921383798,
    "mwrr": 0.09708242550444646,
    "sharpe": 0.285810312570985,
    "sortino": 0.4030198926336951,
    "std": 0.17352563130902496,
    "ulcer_index": 15.155099401464343,
    "upi": 0.32728266400112976,
    "us_allocation": 13
}