{
    "beta": 0.8091060997247879,
    "cagr": 0.10991868401716398,
    "end_val": 1726203.580899682,
    "max_drawdown": -0.582599199660964,
    "mwrr": 0.10991868401716398,
    "sharpe": 0.3809079612182996,
    "sortino": 0.5348992430392009,
    "std": 0.16072604971886625,
    "ulcer_index": 13.236911081395938,
    "upi": 0.4625634545381649,
    "us_allocation": 49
}