{
    "beta": 0.7337960405455066,
    "cagr": 0.10052106280180073,
    "end_val": 1134204.2964073243,
    "max_drawdown": -0.5999719475064254,
    "mwrr": 0.10052106280180073,
    "sharpe": 0.31224249478037247,
    "sortino": 0.43993634563251366,
    "std": 0.16885356629073806,
    "ulcer_index": 14.505953785922278,
    "upi": 0.3634960060332439,
    "us_allocation": 22
}