{
    "beta": 0.9346170529002131,
    "cagr": 0.12249805288592297,
    "end_val": 3011934.8078247793,
    "max_drawdown": -0.5557839450986222,
    "mwrr": 0.12249805288592297,
    "sharpe": 0.43186549747897124,
    "sortino": 0.6030468527101901,
    "std": 0.1678458578915472,
    "ulcer_index": 12.53767347317551,
    "upi": 0.5782207761760674,
    "us_allocation": 94
}