{
    "beta": 0.9318189730657549,
    "cagr": 0.1222611050026543,
    "end_val": 2980690.8044695877,
    "max_drawdown": -0.5562663532460607,
    "mwrr": 0.1222611050026543,
    "sharpe": 0.431705582881693,
    "sortino": 0.6028671171024154,
    "std": 0.1674191724823311,
    "ulcer_index": 12.534847965378956,
    "upi": 0.5766675035519007,
    "us_allocation": 93
}