{
    "beta": 0.8648225968448092,
    "cagr": 0.11598967069932642,
    "end_val": 2259987.292829236,
    "max_drawdown": -0.5694657451836976,
    "mwrr": 0.11598967069932642,
    "sharpe": 0.41479983594310005,
    "sortino": 0.5807854155682729,
    "std": 0.16073794487311174,
    "ulcer_index": 12.714440805500951,
    "upi": 0.5244614144719262,
    "us_allocation": 69
}