{
    "beta": 0.8230339534458415,
    "cagr": 0.1115077243368765,
    "end_val": 1852598.7529652829,
    "max_drawdown": -0.5793374828633042,
    "mwrr": 0.1115077243368765,
    "sharpe": 0.3909834946494345,
    "sortino": 0.5486348363832171,
    "std": 0.1602414526154167,
    "ulcer_index": 13.081064544843994,
    "upi": 0.47900797634221487,
    "us_allocation": 54
}