{
    "beta": 0.875972718715871,
    "cagr": 0.11711224334587644,
    "end_val": 2375051.5585695384,
    "max_drawdown": -0.5668109262421444,
    "mwrr": 0.11711224334587644,
    "sharpe": 0.41943068511328957,
    "sortino": 0.5869630617609101,
    "std": 0.16135927557276913,
    "ulcer_index": 12.6429166857429,
    "upi": 0.535378175813196,
    "us_allocation": 73
}