{
    "beta": 0.8035343261109436,
    "cagr": 0.10926980731285596,
    "end_val": 1677055.8749335082,
    "max_drawdown": -0.583899914576412,
    "mwrr": 0.10926980731285596,
    "sharpe": 0.37660396708692656,
    "sortino": 0.5290123517283506,
    "std": 0.1610108965801416,
    "ulcer_index": 13.30579527198108,
    "upi": 0.4557750578385326,
    "us_allocation": 47
}