{
    "beta": 0.7533468571725416,
    "cagr": 0.10308968872437063,
    "end_val": 1272625.4331267574,
    "max_drawdown": -0.5955061452353798,
    "mwrr": 0.10308968872437063,
    "sharpe": 0.3318935647194518,
    "sortino": 0.4672947174669827,
    "std": 0.16587647345199055,
    "ulcer_index": 14.08438018416182,
    "upi": 0.39092374066332475,
    "us_allocation": 29
}