{
    "beta": 0.8508900738594818,
    "cagr": 0.11454335668375748,
    "end_val": 2119762.3706033775,
    "max_drawdown": -0.5727709266481509,
    "mwrr": 0.11454335668375748,
    "sharpe": 0.4079770429089284,
    "sortino": 0.5716276387762773,
    "std": 0.16024878717480529,
    "ulcer_index": 12.822189777492188,
    "upi": 0.5099433155867069,
    "us_allocation": 64
}