{
    "beta": 0.8954977955018968,
    "cagr": 0.11900265338397187,
    "end_val": 2581921.118522091,
    "max_drawdown": -0.5626228478425421,
    "mwrr": 0.11900265338397187,
    "sharpe": 0.4257607134054627,
    "sortino": 0.5953111825565491,
    "std": 0.1629298805177694,
    "ulcer_index": 12.56306611662262,
    "upi": 0.5522352329573275,
    "us_allocation": 80
}