{
    "beta": 0.8425324670425447,
    "cagr": 0.11365265272565139,
    "end_val": 2037685.5025475384,
    "max_drawdown": -0.5747469876361856,
    "mwrr": 0.11365265272565139,
    "sharpe": 0.40333937912708845,
    "sortino": 0.5653763427624863,
    "std": 0.1601101183490894,
    "ulcer_index": 12.893443034456405,
    "upi": 0.5009263718984073,
    "us_allocation": 61
}