{
    "beta": 0.9094567505723294,
    "cagr": 0.12029490113826768,
    "end_val": 2733387.159183249,
    "max_drawdown": -0.5601335779014461,
    "mwrr": 0.12029490113826768,
    "sharpe": 0.42891961400774,
    "sortino": 0.5993999386897041,
    "std": 0.16441976115918439,
    "ulcer_index": 12.538393894401011,
    "upi": 0.5625238295425707,
    "us_allocation": 85
}