{
    "beta": 0.7589285494946547,
    "cagr": 0.10380658509593688,
    "end_val": 1314126.8022204132,
    "max_drawdown": -0.5942253506426605,
    "mwrr": 0.10380658509593688,
    "sharpe": 0.3373161055835091,
    "sortino": 0.4748252198750797,
    "std": 0.165134959590171,
    "ulcer_index": 13.976054155001671,
    "upi": 0.3986009708529131,
    "us_allocation": 31
}