{
    "beta": 0.8871276966806932,
    "cagr": 0.11820405397385292,
    "end_val": 2492460.6010466306,
    "max_drawdown": -0.5642071746721871,
    "mwrr": 0.11820405397385292,
    "sharpe": 0.4233231726722098,
    "sortino": 0.5921148557934087,
    "std": 0.1621822401910257,
    "ulcer_index": 12.587397610170544,
    "upi": 0.5454978346931822,
    "us_allocation": 77
}