{
    "beta": 0.9430154802003707,
    "cagr": 0.12319705980240347,
    "end_val": 3105987.408570324,
    "max_drawdown": -0.5543380722033066,
    "mwrr": 0.12319705980240347,
    "sharpe": 0.43210496526111486,
    "sortino": 0.6032637612747982,
    "std": 0.16919307754629845,
    "ulcer_index": 12.549655503692133,
    "upi": 0.5826274834567858,
    "us_allocation": 97
}