{
    "beta": 0.6861885707676891,
    "cagr": 0.0938969835322454,
    "end_val": 841752.8785899777,
    "max_drawdown": -0.6107095692650822,
    "mwrr": 0.0938969835322454,
    "sharpe": 0.2616560679522885,
    "sortino": 0.369181093709818,
    "std": 0.1784368377737284,
    "ulcer_index": 15.837819415055032,
    "upi": 0.29482006507344377,
    "us_allocation": 5
}