{
    "beta": 0.691800704775126,
    "cagr": 0.09470473941572943,
    "end_val": 873009.3243019788,
    "max_drawdown": -0.6094541283660773,
    "mwrr": 0.09470473941572943,
    "sharpe": 0.26772996425571194,
    "sortino": 0.3776988690515665,
    "std": 0.17714440775932344,
    "ulcer_index": 15.657771218835071,
    "upi": 0.30292308870886486,
    "us_allocation": 7
}