{
    "beta": 0.7030151894566501,
    "cagr": 0.09629745314038551,
    "end_val": 938007.5166033207,
    "max_drawdown": -0.6069370486355963,
    "mwrr": 0.09629745314038551,
    "sharpe": 0.27981291062696845,
    "sortino": 0.39462659787669013,
    "std": 0.1746881870718621,
    "ulcer_index": 15.317939168874934,
    "upi": 0.31913205151014284,
    "us_allocation": 11
}