{
    "beta": 0.7979619891633303,
    "cagr": 0.10861336117944309,
    "end_val": 1628730.5615793657,
    "max_drawdown": -0.5851983755855105,
    "mwrr": 0.10861336117944309,
    "sharpe": 0.3721512072923884,
    "sortino": 0.5229109005128876,
    "std": 0.16134755852408555,
    "ulcer_index": 13.377280017625932,
    "upi": 0.44891570235237044,
    "us_allocation": 45
}