{
    "beta": 0.7728758930780715,
    "cagr": 0.10556578565769903,
    "end_val": 1421668.4432386346,
    "max_drawdown": -0.5910138331743311,
    "mwrr": 0.10556578565769903,
    "sharpe": 0.3504284383798028,
    "sortino": 0.49299180551594013,
    "std": 0.16349796551618617,
    "ulcer_index": 13.730974142834702,
    "upi": 0.41730994582786535,
    "us_allocation": 36
}