{
    "beta": 0.7840277989975872,
    "cagr": 0.1069391571420335,
    "end_val": 1511573.9111529363,
    "max_drawdown": -0.5884347349001294,
    "mwrr": 0.1069391571420335,
    "sharpe": 0.3604056933529001,
    "sortino": 0.5067637658296035,
    "std": 0.16241461407560157,
    "ulcer_index": 13.567411374721132,
    "upi": 0.43148855371644806,
    "us_allocation": 40
}