{
    "beta": 0.6946055219946964,
    "cagr": 0.09510576616769617,
    "end_val": 888946.8335421613,
    "max_drawdown": -0.6088256348225478,
    "mwrr": 0.09510576616769617,
    "sharpe": 0.2707598743149678,
    "sortino": 0.38194581242631875,
    "std": 0.176514156338024,
    "ulcer_index": 15.57097695713951,
    "upi": 0.30696317172472615,
    "us_allocation": 8
}