{
    "beta": 0.67776384992315,
    "cagr": 0.09267107809738895,
    "end_val": 796399.6980168102,
    "max_drawdown": -0.6125888814651848,
    "mwrr": 0.09267107809738895,
    "sharpe": 0.2525202479183626,
    "sortino": 0.3563600696904424,
    "std": 0.18045413157461931,
    "ulcer_index": 16.119348226063167,
    "upi": 0.28271669621020123,
    "us_allocation": 2
}