{
    "beta": 0.6749537982819441,
    "cagr": 0.0922586327401258,
    "end_val": 781686.1511626337,
    "max_drawdown": -0.6132142967465787,
    "mwrr": 0.0922586327401258,
    "sharpe": 0.2494709389170618,
    "sortino": 0.35207845765278717,
    "std": 0.18114722362917263,
    "ulcer_index": 16.216110715165094,
    "upi": 0.27870222843019055,
    "us_allocation": 1
}