{
    "beta": 0.9178381934869214,
    "cagr": 0.1210469005607182,
    "end_val": 2825501.66951177,
    "max_drawdown": -0.5586817259363114,
    "mwrr": 0.1210469005607182,
    "sharpe": 0.4302844800802166,
    "sortino": 0.60113249705338,
    "std": 0.165457155366548,
    "ulcer_index": 12.53181116823142,
    "upi": 0.5681720984794927,
    "us_allocation": 88
}