{
    "beta": 0.7505553528883686,
    "cagr": 0.10272840830903784,
    "end_val": 1252200.1998069484,
    "max_drawdown": -0.5961457304363666,
    "mwrr": 0.10272840830903784,
    "sharpe": 0.32914768455259097,
    "sortino": 0.4634780063911807,
    "std": 0.1662655927871132,
    "ulcer_index": 14.14024034259232,
    "upi": 0.3870634989328646,
    "us_allocation": 28
}