{
    "beta": 0.7561379170483422,
    "cagr": 0.10344908095041738,
    "end_val": 1293267.6668651698,
    "max_drawdown": -0.5948660190387531,
    "mwrr": 0.10344908095041738,
    "sharpe": 0.33461666064179757,
    "sortino": 0.4710775033100346,
    "std": 0.1654995765554987,
    "ulcer_index": 14.029575727182351,
    "upi": 0.39477205753134115,
    "us_allocation": 30
}