{
    "beta": 0.9402152874035546,
    "cagr": 0.12296603322084976,
    "end_val": 3074588.3773814607,
    "max_drawdown": -0.5548198035287283,
    "mwrr": 0.12296603322084976,
    "sharpe": 0.43206469800392316,
    "sortino": 0.603244515824807,
    "std": 0.16873289002002054,
    "ulcer_index": 12.545081212193576,
    "upi": 0.5812007650117255,
    "us_allocation": 96
}