{
    "beta": 0.9234286563434504,
    "cagr": 0.12153846447560879,
    "end_val": 2887351.3530068444,
    "max_drawdown": -0.5577149146189501,
    "mwrr": 0.12153846447560879,
    "sharpe": 0.43097897593296125,
    "sortino": 0.601996168722924,
    "std": 0.1662073758326499,
    "ulcer_index": 12.531500943677568,
    "upi": 0.5716832794166693,
    "us_allocation": 90
}