{
    "beta": 0.8202484958559647,
    "cagr": 0.11119370802654038,
    "end_val": 1826922.8474214221,
    "max_drawdown": -0.5799909663015479,
    "mwrr": 0.11119370802654038,
    "sharpe": 0.3890489944906229,
    "sortino": 0.5460031396157077,
    "std": 0.1603123272111068,
    "ulcer_index": 13.110480381255853,
    "upi": 0.4757786915227485,
    "us_allocation": 53
}