{
    "beta": 0.9374158180067679,
    "cagr": 0.12273302992710367,
    "end_val": 3043235.740609,
    "max_drawdown": -0.5553017615105063,
    "mwrr": 0.12273302992710367,
    "sharpe": 0.43198504106111757,
    "sortino": 0.6031724235328144,
    "std": 0.1682837901365804,
    "ulcer_index": 12.541167682713606,
    "upi": 0.5797280836551253,
    "us_allocation": 95
}