{
    "beta": 0.792388954284119,
    "cagr": 0.10794935006198925,
    "end_val": 1581237.00712783,
    "max_drawdown": -0.5864945930275571,
    "mwrr": 0.10794935006198925,
    "sharpe": 0.3675552495885257,
    "sortino": 0.5166012727907967,
    "std": 0.16173585357931214,
    "ulcer_index": 13.451301995537067,
    "upi": 0.4419925154196713,
    "us_allocation": 43
}