{
    "beta": 0.8899173319191683,
    "cagr": 0.11847218642257795,
    "end_val": 2522153.257598231,
    "max_drawdown": -0.5636790205278203,
    "mwrr": 0.11847218642257795,
    "sharpe": 0.42418135474526664,
    "sortino": 0.5932433050912831,
    "std": 0.1624191232715457,
    "ulcer_index": 12.578170712461043,
    "upi": 0.5478035401853976,
    "us_allocation": 78
}