{
    "beta": 0.7282052737193411,
    "cagr": 0.09977016416550066,
    "end_val": 1096603.8809778804,
    "max_drawdown": -0.6012430789832638,
    "mwrr": 0.09977016416550066,
    "sharpe": 0.3064643552717063,
    "sortino": 0.43187702417587326,
    "std": 0.16981115642223737,
    "ulcer_index": 14.638403168762737,
    "upi": 0.3555456995021735,
    "us_allocation": 20
}