{
    "beta": 0.6833812179274154,
    "cagr": 0.09349025235167518,
    "end_val": 826431.9832698684,
    "max_drawdown": -0.6113365188013064,
    "mwrr": 0.09349025235167518,
    "sharpe": 0.2586134577684036,
    "sortino": 0.3649123190499748,
    "std": 0.1790988605757706,
    "ulcer_index": 15.929402520282261,
    "upi": 0.29079112907480725,
    "us_allocation": 4
}