{
    "beta": 0.78960213307083,
    "cagr": 0.10761450884279689,
    "end_val": 1557804.7537844605,
    "max_drawdown": -0.5871418636175262,
    "mwrr": 0.10761450884279689,
    "sharpe": 0.3652053906221126,
    "sortino": 0.5133709928232926,
    "std": 0.16194929591394136,
    "ulcer_index": 13.489371541038393,
    "upi": 0.43850502898115223,
    "us_allocation": 42
}