{
    "beta": 0.8313902571189684,
    "cagr": 0.11243838423561492,
    "end_val": 1930789.6570615373,
    "max_drawdown": -0.5773735909698461,
    "mwrr": 0.11243838423561492,
    "sharpe": 0.3965366009594459,
    "sortino": 0.5561737086603921,
    "std": 0.16010702856662876,
    "ulcer_index": 12.997320911872269,
    "upi": 0.48853175269236854,
    "us_allocation": 57
}