{
    "beta": 0.9486181129046971,
    "cagr": 0.12365317066899761,
    "end_val": 3168902.9985813857,
    "max_drawdown": -0.5533752937366772,
    "mwrr": 0.12365317066899761,
    "sharpe": 0.43206937631578834,
    "sortino": 0.6031461211229924,
    "std": 0.17014639196108935,
    "ulcer_index": 12.563168207830696,
    "upi": 0.5852313208029337,
    "us_allocation": 99
}