{
    "beta": 0.8620356940778582,
    "cagr": 0.1157042337044647,
    "end_val": 2231611.942053249,
    "max_drawdown": -0.5701279626951341,
    "mwrr": 0.1157042337044647,
    "sharpe": 0.41352685238803716,
    "sortino": 0.579081205046399,
    "std": 0.16061443948343015,
    "ulcer_index": 12.735022830530447,
    "upi": 0.5216057539403438,
    "us_allocation": 68
}