{
    "beta": 0.8286048171500566,
    "cagr": 0.11213006337724263,
    "end_val": 1904534.0083069224,
    "max_drawdown": -0.5780287965416108,
    "mwrr": 0.11213006337724263,
    "sharpe": 0.39472778958699795,
    "sortino": 0.5537206251880077,
    "std": 0.16013880383964835,
    "ulcer_index": 13.024585941517076,
    "upi": 0.4853814626884047,
    "us_allocation": 56
}