{
    "beta": 0.9290215595747675,
    "cagr": 0.12202218912385554,
    "end_val": 2949508.871344453,
    "max_drawdown": -0.5567489849087957,
    "mwrr": 0.12202218912385554,
    "sharpe": 0.4315048263298645,
    "sortino": 0.6026325333017862,
    "std": 0.16700381223980174,
    "ulcer_index": 12.533206291625083,
    "upi": 0.5750448584651515,
    "us_allocation": 92
}