{
    "beta": 0.7784524305613841,
    "cagr": 0.10625624869456374,
    "end_val": 1466193.3104529036,
    "max_drawdown": -0.5897253880754051,
    "mwrr": 0.10625624869456374,
    "sharpe": 0.35547790010702607,
    "sortino": 0.4999679106514363,
    "std": 0.16293094174281011,
    "ulcer_index": 13.647928135308979,
    "upi": 0.424422517742216,
    "us_allocation": 38
}