{
    "beta": 0.722612112818766,
    "cagr": 0.09901170176425311,
    "end_val": 1059865.2030816227,
    "max_drawdown": -0.6025120889016815,
    "mwrr": 0.09901170176425311,
    "sharpe": 0.300626030005681,
    "sortino": 0.42372757964041236,
    "std": 0.17081530811069406,
    "ulcer_index": 14.77510384686567,
    "upi": 0.34758819634231986,
    "us_allocation": 18
}