{
    "beta": 0.7198145913184412,
    "cagr": 0.09862963287820992,
    "end_val": 1041817.9210405467,
    "max_drawdown": -0.6031458011580236,
    "mwrr": 0.09862963287820992,
    "sharpe": 0.29768638522597024,
    "sortino": 0.419622029943168,
    "std": 0.17133466754246127,
    "ulcer_index": 14.847551022234043,
    "upi": 0.3435509887574877,
    "us_allocation": 17
}