{
    "beta": 0.9458164156008514,
    "cagr": 0.12342610664695686,
    "end_val": 3137427.441020675,
    "max_drawdown": -0.553856568587271,
    "mwrr": 0.12342610664695686,
    "sharpe": 0.4321063515127048,
    "sortino": 0.6032307609475649,
    "std": 0.16966427198958098,
    "ulcer_index": 12.55565077913945,
    "upi": 0.5839726906416096,
    "us_allocation": 98
}