{
    "beta": 0.6974095299492808,
    "cagr": 0.0955048934275371,
    "end_val": 905091.7812533623,
    "max_drawdown": -0.6081966244215833,
    "mwrr": 0.0955048934275371,
    "sharpe": 0.2737841521001488,
    "sortino": 0.3861834368348213,
    "std": 0.1758946508809669,
    "ulcer_index": 15.485455847893753,
    "upi": 0.31101091498808575,
    "us_allocation": 9
}