{
    "beta": 0.7254090011724152,
    "cagr": 0.09939187868048793,
    "end_val": 1078127.0319445594,
    "max_drawdown": -0.6018778485597515,
    "mwrr": 0.09939187868048793,
    "sharpe": 0.3035522965172208,
    "sortino": 0.4278129628935467,
    "std": 0.17030744723265287,
    "ulcer_index": 14.706333856076109,
    "upi": 0.3515647400025443,
    "us_allocation": 19
}