{
    "beta": 0.8341757251016639,
    "cagr": 0.1127448046661279,
    "end_val": 1957234.720596226,
    "max_drawdown": -0.5767178086554053,
    "mwrr": 0.1127448046661279,
    "sharpe": 0.3983025766483395,
    "sortino": 0.5585663059660423,
    "std": 0.16008828088566746,
    "ulcer_index": 12.97053957160901,
    "upi": 0.49166319437503725,
    "us_allocation": 58
}