{
    "beta": 0.814677444695021,
    "cagr": 0.11055998618213891,
    "end_val": 1776163.1465474765,
    "max_drawdown": -0.5812962204096097,
    "mwrr": 0.11055998618213891,
    "sharpe": 0.38505793882074424,
    "sortino": 0.5405650268254562,
    "std": 0.16049315969819702,
    "ulcer_index": 13.171590284072131,
    "upi": 0.4692415126653955,
    "us_allocation": 51
}