{
    "beta": 0.7365905693028747,
    "cagr": 0.100893676835774,
    "end_val": 1153328.5700039116,
    "max_drawdown": -0.5993355832837514,
    "mwrr": 0.100893676835774,
    "sharpe": 0.31510688200739173,
    "sortino": 0.4439293022086477,
    "std": 0.1683924050280579,
    "ulcer_index": 14.441220307460716,
    "upi": 0.36746886436141235,
    "us_allocation": 23
}