{
    "beta": 0.7393845512134035,
    "cagr": 0.10126440120383373,
    "end_val": 1172669.2762043478,
    "max_drawdown": -0.5986986851818187,
    "mwrr": 0.10126440120383373,
    "sharpe": 0.31795367598338287,
    "sortino": 0.4478963180214948,
    "std": 0.1679430898157532,
    "ulcer_index": 14.377725292876438,
    "upi": 0.3714327744049527,
    "us_allocation": 24
}