{
    "beta": 0.8481040803496537,
    "cagr": 0.11424836230089119,
    "end_val": 2092226.697723281,
    "max_drawdown": -0.5734301981681887,
    "mwrr": 0.11424836230089119,
    "sharpe": 0.40647602366262936,
    "sortino": 0.5696063486285815,
    "std": 0.16018961249176067,
    "ulcer_index": 12.845269980993477,
    "upi": 0.5069669029278201,
    "us_allocation": 63
}