{
    "beta": 0.7058168765548292,
    "cagr": 0.09669088733092446,
    "end_val": 954779.9722318324,
    "max_drawdown": -0.6063064810331514,
    "mwrr": 0.09669088733092446,
    "sharpe": 0.2828159093506664,
    "sortino": 0.39883001325749656,
    "std": 0.17410138249387905,
    "ulcer_index": 15.235984652437258,
    "upi": 0.3232030129199662,
    "us_allocation": 12
}