{
    "beta": 0.8676097332977499,
    "cagr": 0.11627319177456008,
    "end_val": 2288522.0242129276,
    "max_drawdown": -0.5688029342189882,
    "mwrr": 0.11627319177456008,
    "sharpe": 0.4160267741543058,
    "sortino": 0.582425743872082,
    "std": 0.16087422010915944,
    "ulcer_index": 12.69473510100048,
    "upi": 0.5272759004422661,
    "us_allocation": 70
}