{
    "beta": 0.8592490076666349,
    "cagr": 0.11541688233272884,
    "end_val": 2203398.93720111,
    "max_drawdown": -0.5707895881800366,
    "mwrr": 0.11541688233272884,
    "sharpe": 0.4122079303615311,
    "sortino": 0.5773131048310256,
    "std": 0.16050373931181264,
    "ulcer_index": 12.756066449056355,
    "upi": 0.5187265713224731,
    "us_allocation": 67
}