{
    "beta": 0.7700871438174292,
    "cagr": 0.10521772166628596,
    "end_val": 1399728.3394335033,
    "max_drawdown": -0.5916572308063132,
    "mwrr": 0.10521772166628596,
    "sharpe": 0.3478601378506174,
    "sortino": 0.48943906510941865,
    "std": 0.16380038110006206,
    "ulcer_index": 13.776110609604379,
    "upi": 0.4136576299523159,
    "us_allocation": 35
}