{
    "beta": 0.9150438307686397,
    "cagr": 0.12079818538698484,
    "end_val": 2794704.2063809363,
    "max_drawdown": -0.5591654596191125,
    "mwrr": 0.12079818538698484,
    "sharpe": 0.42987297992060614,
    "sortino": 0.600613749824278,
    "std": 0.16509956076442683,
    "ulcer_index": 12.532983377830428,
    "upi": 0.5663491515285511,
    "us_allocation": 87
}