{
    "beta": 0.9206331291743232,
    "cagr": 0.12129366111075646,
    "end_val": 2856385.6221568733,
    "max_drawdown": -0.5581982105931815,
    "mwrr": 0.12129366111075646,
    "sharpe": 0.4306530151090493,
    "sortino": 0.601593100350551,
    "std": 0.16582645137677832,
    "ulcer_index": 12.531441773303937,
    "upi": 0.5699445682359252,
    "us_allocation": 89
}