{
    "beta": 0.7477633871929315,
    "cagr": 0.10236523955630883,
    "end_val": 1231992.0088273087,
    "max_drawdown": -0.5967847758404201,
    "mwrr": 0.10236523955630883,
    "sharpe": 0.32637988802895723,
    "sortino": 0.45962855092042526,
    "std": 0.1666668754620913,
    "ulcer_index": 14.197099758393426,
    "upi": 0.38319384447367133,
    "us_allocation": 27
}