{
    "beta": 0.845318217115237,
    "cagr": 0.11395146055929994,
    "end_val": 2064866.9222726068,
    "max_drawdown": -0.5740888847011095,
    "mwrr": 0.11395146055929994,
    "sharpe": 0.40493004137650934,
    "sortino": 0.5675224894703592,
    "std": 0.16014338277690712,
    "ulcer_index": 12.868980494625198,
    "upi": 0.5039626339061745,
    "us_allocation": 62
}