{
    "beta": 0.8118918173671932,
    "cagr": 0.11024028226259741,
    "end_val": 1751082.585830402,
    "max_drawdown": -0.5819479937326749,
    "mwrr": 0.11024028226259741,
    "sharpe": 0.38300251709028454,
    "sortino": 0.5377602145485968,
    "std": 0.1606031028390365,
    "ulcer_index": 13.203571361485706,
    "upi": 0.46592497051977577,
    "us_allocation": 50
}