{
    "beta": 0.7449709430575817,
    "cagr": 0.10200018227879348,
    "end_val": 1212000.846192723,
    "max_drawdown": -0.5974232826411554,
    "mwrr": 0.10200018227879348,
    "sharpe": 0.32359104320544363,
    "sortino": 0.45574749049520447,
    "std": 0.1670802608369757,
    "ulcer_index": 14.254892656194912,
    "upi": 0.3793174404281457,
    "us_allocation": 26
}