{
    "beta": 0.7170164192878082,
    "cagr": 0.0982456714449127,
    "end_val": 1023984.6663461986,
    "max_drawdown": -0.6037789864729172,
    "mwrr": 0.0982456714449127,
    "sharpe": 0.2947341834684543,
    "sortino": 0.41549738091715865,
    "std": 0.17186545313984064,
    "ulcer_index": 14.922495431270397,
    "upi": 0.339483810479648,
    "us_allocation": 16
}