{
    "beta": 0.8397468130481475,
    "cagr": 0.1133519400216425,
    "end_val": 2010684.8139598744,
    "max_drawdown": -0.5754045083565644,
    "mwrr": 0.1133519400216425,
    "sharpe": 0.4017043489834305,
    "sortino": 0.5631680547067891,
    "std": 0.16008983692787893,
    "ulcer_index": 12.918495448609093,
    "upi": 0.4978650755529196,
    "us_allocation": 60
}