{
    "beta": 0.7310009477576564,
    "cagr": 0.10014655871900224,
    "end_val": 1115296.176418622,
    "max_drawdown": -0.600607779018391,
    "mwrr": 0.10014655871900224,
    "sharpe": 0.30936136927952806,
    "sortino": 0.4359185632223803,
    "std": 0.16932650625284906,
    "ulcer_index": 14.571739982126308,
    "upi": 0.3595198995387427,
    "us_allocation": 21
}