{
    "beta": 0.8731847767944882,
    "cagr": 0.11683447975911454,
    "end_val": 2346057.337763069,
    "max_drawdown": -0.5674755261909366,
    "mwrr": 0.11683447975911454,
    "sharpe": 0.4183422329647765,
    "sortino": 0.5855147445611849,
    "std": 0.161184926722802,
    "ulcer_index": 12.659505011239258,
    "upi": 0.5327129238750854,
    "us_allocation": 72
}