{
    "beta": 0.7142175792976687,
    "cagr": 0.09785981684807288,
    "end_val": 1006364.8743817215,
    "max_drawdown": -0.6044116459856973,
    "mwrr": 0.09785981684807288,
    "sharpe": 0.2917702371619193,
    "sortino": 0.4113547199666307,
    "std": 0.17240759170630304,
    "ulcer_index": 14.998512443925021,
    "upi": 0.335420982631264,
    "us_allocation": 15
}