{
    "beta": 0.7672980517209885,
    "cagr": 0.10486776954504862,
    "end_val": 1378003.756672457,
    "max_drawdown": -0.5923000801419204,
    "mwrr": 0.10486776954504862,
    "sharpe": 0.3452639056533483,
    "sortino": 0.4858447639625733,
    "std": 0.1641153377696191,
    "ulcer_index": 13.823615995866453,
    "upi": 0.40994582684685715,
    "us_allocation": 34
}