{
    "beta": 0.9514205915099098,
    "cagr": 0.1238782487216421,
    "end_val": 3200408.5227320776,
    "max_drawdown": -0.5528942487106144,
    "mwrr": 0.1238782487216421,
    "sharpe": 0.4319945692662607,
    "sortino": 0.6030105388905501,
    "std": 0.1706393554757451,
    "ulcer_index": 12.573824705613738,
    "upi": 0.5863276506245229,
    "us_allocation": 100
}