{
    "beta": 0.6889950603635955,
    "cagr": 0.09430181220558564,
    "end_val": 857278.3267198959,
    "max_drawdown": -0.6100821061493749,
    "mwrr": 0.09430181220558564,
    "sharpe": 0.26469513047908044,
    "sortino": 0.37344362391568015,
    "std": 0.1777853275132508,
    "ulcer_index": 15.747262318701326,
    "upi": 0.29886447865832366,
    "us_allocation": 6
}