{
    "beta": 0.8843384354295121,
    "cagr": 0.11793399153671169,
    "end_val": 2462900.4866407583,
    "max_drawdown": -0.5648135252080562,
    "mwrr": 0.11793399153671169,
    "sharpe": 0.42241911999393156,
    "sortino": 0.590922851460752,
    "std": 0.16195776171062803,
    "ulcer_index": 12.599136214500646,
    "upi": 0.5430730608851072,
    "us_allocation": 76
}