{
    "beta": 0.7002127465024897,
    "cagr": 0.0959021221223646,
    "end_val": 921445.0578940759,
    "max_drawdown": -0.6075670960613979,
    "mwrr": 0.0959021221223646,
    "sharpe": 0.276802075785038,
    "sortino": 0.39041071459799714,
    "std": 0.17528596876852165,
    "ulcer_index": 15.401086465585486,
    "upi": 0.31506794470458704,
    "us_allocation": 10
}