{
    "beta": 0.870397120808959,
    "cagr": 0.1165547953402779,
    "end_val": 2317213.084998319,
    "max_drawdown": -0.5681395283679028,
    "mwrr": 0.1165547953402779,
    "sharpe": 0.41720758936855684,
    "sortino": 0.5840022484389411,
    "std": 0.16102322742946013,
    "ulcer_index": 12.676581020001716,
    "upi": 0.5300201988271824,
    "us_allocation": 71
}