{
    "beta": 0.6805729837130939,
    "cagr": 0.09308161758078781,
    "end_val": 811314.6106332258,
    "max_drawdown": -0.6119629558416392,
    "mwrr": 0.09308161758078781,
    "sharpe": 0.25556796688809474,
    "sortino": 0.36063832326221995,
    "std": 0.17977131786979378,
    "ulcer_index": 16.02358485064088,
    "upi": 0.28675000411619056,
    "us_allocation": 3
}