{
    "beta": 0.878760964081873,
    "cagr": 0.11738808436718062,
    "end_val": 2404192.4366936698,
    "max_drawdown": -0.5661457270691086,
    "mwrr": 0.11738808436718062,
    "sharpe": 0.4204729544853134,
    "sortino": 0.5883471788700266,
    "std": 0.16154622930412105,
    "ulcer_index": 12.627220350448301,
    "upi": 0.5379983090741675,
    "us_allocation": 74
}