{
    "beta": 0.926224793585996,
    "cagr": 0.12178130803790754,
    "end_val": 2918394.0641404414,
    "max_drawdown": -0.5572318390457838,
    "mwrr": 0.12178130803790754,
    "sharpe": 0.4312627711779833,
    "sortino": 0.6023424143816304,
    "std": 0.16659985455951412,
    "ulcer_index": 12.532143600015704,
    "upi": 0.5733809566026452,
    "us_allocation": 91
}