{
    "beta": 0.672142810437528,
    "cagr": 0.09184428030842473,
    "end_val": 767172.8451542562,
    "max_drawdown": -0.6138392027560156,
    "mwrr": 0.09184428030842473,
    "sharpe": 0.24642066322892606,
    "sortino": 0.34779431336421507,
    "std": 0.18185051604282668,
    "ulcer_index": 16.317099512231145,
    "upi": 0.27465265213157725,
    "us_allocation": 0
}