{
    "beta": 0.8982886595648348,
    "cagr": 0.11926498378442973,
    "end_val": 2611988.5640370985,
    "max_drawdown": -0.5620948306372668,
    "mwrr": 0.11926498378442973,
    "sharpe": 0.426482257009484,
    "sortino": 0.5962514094127818,
    "std": 0.16320363854851702,
    "ulcer_index": 12.556292414886881,
    "upi": 0.5543993712354679,
    "us_allocation": 81
}