{
    "beta": 0.8258193882379012,
    "cagr": 0.11181984309185533,
    "end_val": 1878469.7436413486,
    "max_drawdown": -0.5786834267237292,
    "mwrr": 0.11181984309185533,
    "sharpe": 0.39287659459018304,
    "sortino": 0.551207510763773,
    "std": 0.1601836112317452,
    "ulcer_index": 13.052492949495731,
    "upi": 0.48220694059284835,
    "us_allocation": 55
}