{
    "beta": 0.7951755673753507,
    "cagr": 0.10828230099173619,
    "end_val": 1604879.273969999,
    "max_drawdown": -0.5858467641097084,
    "mwrr": 0.10828230099173619,
    "sharpe": 0.3698707686383979,
    "sortino": 0.5197815865018811,
    "std": 0.16153526482964595,
    "ulcer_index": 13.413994358851419,
    "upi": 0.44546110111746123,
    "us_allocation": 44
}