{
    "beta": 0.8369612380771692,
    "cagr": 0.11304932362427511,
    "end_val": 1983867.1495622485,
    "max_drawdown": -0.5760614482393047,
    "mwrr": 0.11304932362427511,
    "sharpe": 0.4000252917490072,
    "sortino": 0.560897917530113,
    "std": 0.16008255361610577,
    "ulcer_index": 12.944254769640112,
    "upi": 0.4947748325089145,
    "us_allocation": 59
}