{
    "beta": 0.8564625203212132,
    "cagr": 0.1151276180800731,
    "end_val": 2175351.1580524053,
    "max_drawdown": -0.5714506230588101,
    "mwrr": 0.1151276180800731,
    "sharpe": 0.4108432060894514,
    "sortino": 0.5754812836204471,
    "std": 0.16040587730093034,
    "ulcer_index": 12.777554901343942,
    "upi": 0.5158249713476067,
    "us_allocation": 66
}