{
    "beta": 0.7645085999044688,
    "cagr": 0.1045159293832234,
    "end_val": 1356495.0924270318,
    "max_drawdown": -0.5929423824109955,
    "mwrr": 0.1045159293832234,
    "sharpe": 0.34264058738431136,
    "sortino": 0.4822101561910847,
    "std": 0.16444278700717505,
    "ulcer_index": 13.873032183762614,
    "upi": 0.4061904503109143,
    "us_allocation": 33
}