{
    "beta": 0.9066639964464505,
    "cagr": 0.12004033691171312,
    "end_val": 2702876.5623154687,
    "max_drawdown": -0.5606179604571226,
    "mwrr": 0.12004033691171312,
    "sharpe": 0.42837706234993017,
    "sortino": 0.5987035533688514,
    "std": 0.16409769539978689,
    "ulcer_index": 12.541789105728407,
    "upi": 0.5605601625022877,
    "us_allocation": 84
}