{
    "beta": 0.8927073589164208,
    "cagr": 0.1187383869028229,
    "end_val": 2551974.7085902956,
    "max_drawdown": -0.5631509113623573,
    "mwrr": 0.1187383869028229,
    "sharpe": 0.42499381135067216,
    "sortino": 0.5943086272064811,
    "std": 0.16266835575716396,
    "ulcer_index": 12.570365759521609,
    "upi": 0.5500362092780444,
    "us_allocation": 79
}