{
    "beta": 0.8007482364677773,
    "cagr": 0.10894253013144706,
    "end_val": 1652789.8067416854,
    "max_drawdown": -0.5845494261709446,
    "mwrr": 0.10894253013144706,
    "sharpe": 0.37439584199107506,
    "sortino": 0.5259880603921633,
    "std": 0.16117276110878007,
    "ulcer_index": 13.341225183105179,
    "upi": 0.4523535062542543,
    "us_allocation": 46
}