{
    "beta": 0.775664316373324,
    "cagr": 0.10591196139016379,
    "end_val": 1443823.6080718793,
    "max_drawdown": -0.590369886010845,
    "mwrr": 0.10591196139016379,
    "sharpe": 0.352967969041614,
    "sortino": 0.49650181383878395,
    "std": 0.163208137560337,
    "ulcer_index": 13.689158151783845,
    "upi": 0.42087104362255756,
    "us_allocation": 37
}