{
    "beta": 0.90387174199005,
    "cagr": 0.11978382775934726,
    "end_val": 2672470.428974939,
    "max_drawdown": -0.5611025572647361,
    "mwrr": 0.11978382775934726,
    "sharpe": 0.4277901753501855,
    "sortino": 0.5979470219375236,
    "std": 0.16378760939969148,
    "ulcer_index": 12.545777895460079,
    "upi": 0.558556874757676,
    "us_allocation": 83
}