{
    "beta": 0.8815495304502537,
    "cagr": 0.1176620010410856,
    "end_val": 2433476.5743825305,
    "max_drawdown": -0.5654799272129047,
    "mwrr": 0.1176620010410856,
    "sharpe": 0.42146907791134247,
    "sortino": 0.5896670463962562,
    "std": 0.161745741031541,
    "ulcer_index": 12.612898111469418,
    "upi": 0.5405519345053694,
    "us_allocation": 75
}