{
    "beta": 0.7762966038119526,
    "cagr": 0.10194285168402262,
    "end_val": 1097126.4629858222,
    "max_drawdown": -0.5897253880754044,
    "mwrr": 0.10194285168402262,
    "sharpe": 0.3347838328767793,
    "sortino": 0.47041164763284005,
    "std": 0.1622781040747113,
    "ulcer_index": 13.75321237183533,
    "upi": 0.39507015595142264,
    "us_allocation": 38
}