{
    "beta": 0.7791208382815273,
    "cagr": 0.10227916527267444,
    "end_val": 1113448.7213703971,
    "max_drawdown": -0.5890803381222213,
    "mwrr": 0.10227916527267444,
    "sharpe": 0.3371583170875558,
    "sortino": 0.4736804489790288,
    "std": 0.16203989940377736,
    "ulcer_index": 13.71240416978563,
    "upi": 0.3984707777704966,
    "us_allocation": 39
}