{
    "beta": 0.9515071188646883,
    "cagr": 0.11913038373795426,
    "end_val": 2320300.317545721,
    "max_drawdown": -0.5528942487106141,
    "mwrr": 0.11913038373795426,
    "sharpe": 0.40802159068882765,
    "sortino": 0.5685120628147537,
    "std": 0.17106805458744848,
    "ulcer_index": 12.673051212084959,
    "upi": 0.5508388175813574,
    "us_allocation": 100
}