{
    "beta": 0.7395474106541983,
    "cagr": 0.09739616355281266,
    "end_val": 898169.5145458586,
    "max_drawdown": -0.5980612520271186,
    "mwrr": 0.09739616355281266,
    "sharpe": 0.3014821325280143,
    "sortino": 0.42428764171405753,
    "std": 0.16649541325991504,
    "ulcer_index": 14.41478954436452,
    "upi": 0.3482614335407728,
    "us_allocation": 25
}