{
    "beta": 0.6799769473817192,
    "cagr": 0.08936545475180235,
    "end_val": 629489.4659766927,
    "max_drawdown": -0.6113365188013067,
    "mwrr": 0.08936545475180235,
    "sharpe": 0.24146337898225292,
    "sortino": 0.3404261538274965,
    "std": 0.17747539441824275,
    "ulcer_index": 15.994212330408004,
    "upi": 0.26795887268960517,
    "us_allocation": 4
}