{
    "beta": 0.7706471982339905,
    "cagr": 0.10126446733380612,
    "end_val": 1064912.3935753084,
    "max_drawdown": -0.5910138331743318,
    "mwrr": 0.10126446733380612,
    "sharpe": 0.3299460614696593,
    "sortino": 0.463741890171767,
    "std": 0.16279192201672232,
    "ulcer_index": 13.836627905164644,
    "upi": 0.3882388084604295,
    "us_allocation": 36
}