{
    "beta": 0.7621704909797613,
    "cagr": 0.10023250010901741,
    "end_val": 1017676.6556924889,
    "max_drawdown": -0.5929423824109954,
    "mwrr": 0.10023250010901741,
    "sharpe": 0.3224788717391566,
    "sortino": 0.4534232300529099,
    "std": 0.16365559550037836,
    "ulcer_index": 13.978880665911337,
    "upi": 0.37758282999122306,
    "us_allocation": 33
}