{
    "beta": 0.7055462881532474,
    "cagr": 0.0929111893978638,
    "end_val": 736692.0429069258,
    "max_drawdown": -0.60567539213838,
    "mwrr": 0.0929111893978638,
    "sharpe": 0.267773199719968,
    "sortino": 0.37727290671298214,
    "std": 0.1721679271681149,
    "ulcer_index": 15.244204584480181,
    "upi": 0.30245436174858753,
    "us_allocation": 13
}