{
    "beta": 0.7819447833839127,
    "cagr": 0.10261355951040052,
    "end_val": 1129913.5305602439,
    "max_drawdown": -0.5884347349001293,
    "mwrr": 0.10261355951040052,
    "sharpe": 0.33950220477710474,
    "sortino": 0.4769038757220113,
    "std": 0.1618142105066882,
    "ulcer_index": 13.672318436820817,
    "upi": 0.40185705357660123,
    "us_allocation": 40
}