{
    "beta": 0.8327458329235935,
    "cagr": 0.10830393685392625,
    "end_val": 1449548.7595049716,
    "max_drawdown": -0.576717808655406,
    "mwrr": 0.10830393685392625,
    "sharpe": 0.37570402798891334,
    "sortino": 0.5262147351769219,
    "std": 0.15991725114231387,
    "ulcer_index": 13.071392438048605,
    "upi": 0.459702680135672,
    "us_allocation": 58
}