{
    "beta": 0.9090019955616951,
    "cagr": 0.1156627853115555,
    "end_val": 1996739.14612875,
    "max_drawdown": -0.5601335779014465,
    "mwrr": 0.1156627853115555,
    "sharpe": 0.40494722595613014,
    "sortino": 0.5649438104452457,
    "std": 0.16470534307306342,
    "ulcer_index": 12.63645165659793,
    "upi": 0.5278830710560204,
    "us_allocation": 85
}