{
    "beta": 0.719724652295022,
    "cagr": 0.09481357546943192,
    "end_val": 801379.5075801121,
    "max_drawdown": -0.602512088901682,
    "mwrr": 0.09481357546943192,
    "sharpe": 0.28207113089702657,
    "sortino": 0.3972433486877269,
    "std": 0.16960374053569613,
    "ulcer_index": 14.869009071352414,
    "upi": 0.32178016601650566,
    "us_allocation": 18
}