{
    "beta": 0.9061731656862123,
    "cagr": 0.11541569607628444,
    "end_val": 1975449.986988583,
    "max_drawdown": -0.5606179604571226,
    "mwrr": 0.11541569607628444,
    "sharpe": 0.4044239707827739,
    "sortino": 0.5642791101367932,
    "std": 0.1643709185473375,
    "ulcer_index": 12.639823142990238,
    "upi": 0.5259903585481639,
    "us_allocation": 84
}