{
    "beta": 0.7027084599158826,
    "cagr": 0.09252493600604961,
    "end_val": 724197.0898366772,
    "max_drawdown": -0.6063064810331518,
    "mwrr": 0.09252493600604961,
    "sharpe": 0.26488043791851046,
    "sortino": 0.37322759100403263,
    "std": 0.17271428367363675,
    "ulcer_index": 15.322893307803149,
    "upi": 0.29859478821625435,
    "us_allocation": 12
}