{
    "beta": 0.6998698714735456,
    "cagr": 0.09213675543810895,
    "end_val": 711848.9643369134,
    "max_drawdown": -0.6069370486355965,
    "mwrr": 0.09213675543810895,
    "sharpe": 0.26197836937934166,
    "sortino": 0.36916768778778636,
    "std": 0.17327164927640168,
    "ulcer_index": 15.402536434977996,
    "upi": 0.2947441226558031,
    "us_allocation": 11
}