{
    "beta": 0.8609673651878149,
    "cagr": 0.11119509465974975,
    "end_val": 1644326.295531306,
    "max_drawdown": -0.5701279626951348,
    "mwrr": 0.11119509465974975,
    "sharpe": 0.3902213013677784,
    "sortino": 0.5456643602477017,
    "std": 0.16064156525912524,
    "ulcer_index": 12.834096321515494,
    "upi": 0.4884968548786608,
    "us_allocation": 68
}