{
    "beta": 0.9146612267962277,
    "cagr": 0.11615102909610231,
    "end_val": 2039468.846724006,
    "max_drawdown": -0.5591654596191122,
    "mwrr": 0.11615102909610231,
    "sharpe": 0.4058694664151798,
    "sortino": 0.5661052136928494,
    "std": 0.16540878885003235,
    "ulcer_index": 12.631098631633055,
    "upi": 0.531569762834039,
    "us_allocation": 87
}