{
    "beta": 0.8468550562121476,
    "cagr": 0.10977373583855288,
    "end_val": 1545563.815349623,
    "max_drawdown": -0.5734301981681882,
    "mwrr": 0.10977373583855288,
    "sharpe": 0.38349774906310086,
    "sortino": 0.5366854781506215,
    "std": 0.1601216935169196,
    "ulcer_index": 12.945174623864695,
    "upi": 0.4744201738022935,
    "us_allocation": 63
}