{
    "beta": 0.7452060179373152,
    "cagr": 0.09811676189393914,
    "end_val": 927160.021113099,
    "max_drawdown": -0.5967847758404198,
    "mwrr": 0.09811676189393914,
    "sharpe": 0.30686466459861406,
    "sortino": 0.43177132947528585,
    "std": 0.1657131750121266,
    "ulcer_index": 14.298167017730089,
    "upi": 0.3556919977133798,
    "us_allocation": 27
}