{
    "beta": 0.8581445517743496,
    "cagr": 0.11091470608413112,
    "end_val": 1624366.4456470087,
    "max_drawdown": -0.5707895881800369,
    "mwrr": 0.11091470608413112,
    "sharpe": 0.38896338132068475,
    "sortino": 0.5439890881765876,
    "std": 0.16051252194345103,
    "ulcer_index": 12.85529880273793,
    "upi": 0.4857285440240452,
    "us_allocation": 67
}