{
    "beta": 0.9288193451631331,
    "cagr": 0.11733690347687675,
    "end_val": 2147016.997844537,
    "max_drawdown": -0.5567489849087945,
    "mwrr": 0.11733690347687675,
    "sharpe": 0.4074663666649868,
    "sortino": 0.5680562826122292,
    "std": 0.1673659444505983,
    "ulcer_index": 12.631595201372262,
    "upi": 0.5399532432293452,
    "us_allocation": 92
}