{
    "beta": 0.6941903419321954,
    "cagr": 0.09135460936221662,
    "end_val": 687591.7358531477,
    "max_drawdown": -0.6081966244215846,
    "mwrr": 0.09135460936221662,
    "sharpe": 0.2561492279065549,
    "sortino": 0.3610082709978583,
    "std": 0.1744191210740797,
    "ulcer_index": 15.564916689421887,
    "upi": 0.2870674714369663,
    "us_allocation": 9
}