{
    "beta": 0.7282236885322544,
    "cagr": 0.0959319263820062,
    "end_val": 841969.7366711919,
    "max_drawdown": -0.6006077790183914,
    "mwrr": 0.0959319263820062,
    "sharpe": 0.2904894069175539,
    "sortino": 0.4089820135674634,
    "std": 0.16820176551067847,
    "ulcer_index": 14.66803620490188,
    "upi": 0.33314803064707704,
    "us_allocation": 21
}