{
    "beta": 0.8920361346831053,
    "cagr": 0.11415066886058378,
    "end_val": 1869890.102028699,
    "max_drawdown": -0.5631509113623576,
    "mwrr": 0.11415066886058378,
    "sharpe": 0.401174831534808,
    "sortino": 0.5600980263875368,
    "std": 0.16287441783084755,
    "ulcer_index": 12.668388177429993,
    "upi": 0.5158491724390114,
    "us_allocation": 79
}