{
    "beta": 0.7649964294739175,
    "cagr": 0.10057840781289595,
    "end_val": 1033276.4413030162,
    "max_drawdown": -0.5923000801419198,
    "mwrr": 0.10057840781289595,
    "sharpe": 0.3249949705026321,
    "sortino": 0.4569031780339628,
    "std": 0.16335536594666814,
    "ulcer_index": 13.92972478288159,
    "upi": 0.3811714159923038,
    "us_allocation": 34
}