{
    "beta": 0.8666136424237086,
    "cagr": 0.11175003674698969,
    "end_val": 1684541.2970894682,
    "max_drawdown": -0.5688029342189882,
    "mwrr": 0.11175003674698969,
    "sharpe": 0.3926061505804775,
    "sortino": 0.548833165052104,
    "std": 0.16093701327081733,
    "ulcer_index": 12.793506671651999,
    "upi": 0.49394838948619907,
    "us_allocation": 70
}