{
    "beta": 0.6685900339116053,
    "cagr": 0.0877393062770333,
    "end_val": 585586.9690734582,
    "max_drawdown": -0.6138392027560151,
    "mwrr": 0.0877393062770333,
    "sharpe": 0.22964258782613697,
    "sortino": 0.32383687928336935,
    "std": 0.18010850668881545,
    "ulcer_index": 16.368461732918668,
    "upi": 0.25270783035046346,
    "us_allocation": 0
}