{
    "beta": 0.8158157848061185,
    "cagr": 0.10647644101813936,
    "end_val": 1338284.5100177987,
    "max_drawdown": -0.5806438783738096,
    "mwrr": 0.10647644101813936,
    "sharpe": 0.36499108635047317,
    "sortino": 0.5117273370016587,
    "std": 0.16009153313610877,
    "ulcer_index": 13.242879855480691,
    "upi": 0.4412910977512634,
    "us_allocation": 52
}