{
    "beta": 0.753690252647204,
    "cagr": 0.09918326543521361,
    "end_val": 971755.6780666246,
    "max_drawdown": -0.5948660190387537,
    "mwrr": 0.09918326543521361,
    "sharpe": 0.31477786265681823,
    "sortino": 0.4427555539505763,
    "std": 0.16462977771137172,
    "ulcer_index": 14.13305407599655,
    "upi": 0.3667145195178779,
    "us_allocation": 30
}