{
    "beta": 0.8948626529556793,
    "cagr": 0.11440761105491593,
    "end_val": 1890873.544387787,
    "max_drawdown": -0.562622847842542,
    "mwrr": 0.11440761105491593,
    "sharpe": 0.40190988401493377,
    "sortino": 0.5610503548981396,
    "std": 0.1631500902619921,
    "ulcer_index": 12.66107581589051,
    "upi": 0.5179678813816487,
    "us_allocation": 80
}