{
    "beta": 0.7678219928324165,
    "cagr": 0.10092239691046889,
    "end_val": 1049021.8620140092,
    "max_drawdown": -0.5916572308063132,
    "mwrr": 0.10092239691046889,
    "sharpe": 0.32748429475002216,
    "sortino": 0.4603431205609234,
    "std": 0.1630674606676424,
    "ulcer_index": 13.88198126987573,
    "upi": 0.3847330073548886,
    "us_allocation": 35
}