{
    "beta": 0.7593441601553108,
    "cagr": 0.09988467382648136,
    "end_val": 1002222.9842716404,
    "max_drawdown": -0.593584138838124,
    "mwrr": 0.09988467382648136,
    "sharpe": 0.3199367888085214,
    "sortino": 0.4499045092833708,
    "std": 0.16396810504959655,
    "ulcer_index": 14.02910117396689,
    "upi": 0.37397787468251276,
    "us_allocation": 32
}