{
    "beta": 0.8271025211160953,
    "cagr": 0.10770248771806701,
    "end_val": 1411965.65659294,
    "max_drawdown": -0.578028796541611,
    "mwrr": 0.10770248771806701,
    "sharpe": 0.3722944536535506,
    "sortino": 0.5216150879947264,
    "std": 0.15992438010415763,
    "ulcer_index": 13.125850211720133,
    "upi": 0.4536608614354791,
    "us_allocation": 56
}