{
    "beta": 0.6913493646645732,
    "cagr": 0.09096064205005039,
    "end_val": 675681.8269858119,
    "max_drawdown": -0.6088256348225478,
    "mwrr": 0.09096064205005039,
    "sharpe": 0.25322358622523505,
    "sortino": 0.35691082482991804,
    "std": 0.1750090826576312,
    "ulcer_index": 15.647689428991958,
    "upi": 0.28324206703214266,
    "us_allocation": 8
}