{
    "beta": 0.8412111184916566,
    "cagr": 0.10919162024188989,
    "end_val": 1506814.192857025,
    "max_drawdown": -0.5747469876361857,
    "mwrr": 0.10919162024188989,
    "sharpe": 0.38050702425048505,
    "sortino": 0.5326749727825661,
    "std": 0.16000189722733957,
    "ulcer_index": 12.993710199960478,
    "upi": 0.46861112354569373,
    "us_allocation": 61
}