{
    "beta": 0.7988833359477944,
    "cagr": 0.10457960051372539,
    "end_val": 1231650.0486090016,
    "max_drawdown": -0.5845494261709449,
    "mwrr": 0.10457960051372539,
    "sharpe": 0.35288301158442575,
    "sortino": 0.4952402348121546,
    "std": 0.16072454267808042,
    "ulcer_index": 13.444927489681149,
    "upi": 0.4219008380386282,
    "us_allocation": 46
}