{
    "beta": 0.7168903570434869,
    "cagr": 0.09443694668868763,
    "end_val": 788146.1718921956,
    "max_drawdown": -0.6031458011580234,
    "mwrr": 0.09443694668868763,
    "sharpe": 0.2792362084616258,
    "sortino": 0.39328703235723333,
    "std": 0.17009400112166773,
    "ulcer_index": 14.940694681621455,
    "upi": 0.31793385993038303,
    "us_allocation": 17
}