{
    "beta": 0.9174916654288886,
    "cagr": 0.11639217878174213,
    "end_val": 2060902.6801216034,
    "max_drawdown": -0.5586817259363115,
    "mwrr": 0.11639217878174213,
    "sharpe": 0.4062691123345392,
    "sortino": 0.5666031777559244,
    "std": 0.16577767216626893,
    "ulcer_index": 12.629970237339954,
    "upi": 0.533327250422807,
    "us_allocation": 88
}