{
    "beta": 0.877909293659635,
    "cagr": 0.11283653588214482,
    "end_val": 1766085.098312579,
    "max_drawdown": -0.5661457270691096,
    "mwrr": 0.11283653588214482,
    "sharpe": 0.39685072433610663,
    "sortino": 0.5544436449379433,
    "std": 0.16167621521928086,
    "ulcer_index": 12.725526810301789,
    "upi": 0.5042611463655535,
    "us_allocation": 74
}