{
    "beta": 0.6828213645515891,
    "cagr": 0.08976715136399238,
    "end_val": 640821.4720938065,
    "max_drawdown": -0.6107095692650829,
    "mwrr": 0.08976715136399238,
    "sharpe": 0.24441072699604316,
    "sortino": 0.3445595561361017,
    "std": 0.17684299383772856,
    "ulcer_index": 15.905784297730257,
    "upi": 0.27176593816059424,
    "us_allocation": 5
}