{
    "beta": 0.8186375260109269,
    "cagr": 0.10678584396111823,
    "end_val": 1356515.2882622918,
    "max_drawdown": -0.5799909663015473,
    "mwrr": 0.10678584396111823,
    "sharpe": 0.3668763601506619,
    "sortino": 0.5142842950935691,
    "std": 0.16003062112016928,
    "ulcer_index": 13.212404773097955,
    "upi": 0.44442458949789004,
    "us_allocation": 53
}