{
    "beta": 0.697030504830362,
    "cagr": 0.091746646850972,
    "end_val": 699647.3090031141,
    "max_drawdown": -0.6075670960613977,
    "mwrr": 0.091746646850972,
    "sharpe": 0.25906772567851805,
    "sortino": 0.36509423199936053,
    "std": 0.17383995243356598,
    "ulcer_index": 15.483169355739005,
    "upi": 0.29090225710407513,
    "us_allocation": 10
}