{
    "beta": 0.8750849493781921,
    "cagr": 0.11256783840756457,
    "end_val": 1745566.1614630793,
    "max_drawdown": -0.5668109262421442,
    "mwrr": 0.11256783840756457,
    "sharpe": 0.3958552264058817,
    "sortino": 0.5531320425532917,
    "std": 0.16147298626975515,
    "ulcer_index": 12.74132790166716,
    "upi": 0.5017409994676919,
    "us_allocation": 73
}