{
    "beta": 0.79041505370597,
    "cagr": 0.10360522320287058,
    "end_val": 1180155.4342981041,
    "max_drawdown": -0.5864945930275569,
    "mwrr": 0.10360522320287058,
    "sharpe": 0.34634303977240605,
    "sortino": 0.48629244517960785,
    "std": 0.16121254720827538,
    "ulcer_index": 13.555624983230668,
    "upi": 0.4119466728175906,
    "us_allocation": 43
}