{
    "beta": 0.7932380125352115,
    "cagr": 0.10393193691622948,
    "end_val": 1197182.3734226222,
    "max_drawdown": -0.5858467641097082,
    "mwrr": 0.10393193691622948,
    "sharpe": 0.34855736220371275,
    "sortino": 0.489325189303534,
    "std": 0.16103721895688958,
    "ulcer_index": 13.518119500977614,
    "upi": 0.4152787521212355,
    "us_allocation": 44
}