{
    "beta": 0.8863843024364898,
    "cagr": 0.11363089412345584,
    "end_val": 1828137.073604587,
    "max_drawdown": -0.5642071746721873,
    "mwrr": 0.11363089412345584,
    "sharpe": 0.3995754182077273,
    "sortino": 0.5580159335663958,
    "std": 0.16235893668837942,
    "ulcer_index": 12.685468086195616,
    "upi": 0.5114771117484174,
    "us_allocation": 77
}