{
    "beta": 0.6856648942489594,
    "cagr": 0.0901669140712893,
    "end_val": 652297.184845922,
    "max_drawdown": -0.6100821061493747,
    "mwrr": 0.0901669140712893,
    "sharpe": 0.2473536547025324,
    "sortino": 0.34868547602068095,
    "std": 0.17622109249388,
    "ulcer_index": 15.81825189809617,
    "upi": 0.2755878955143834,
    "us_allocation": 6
}