{
    "beta": 0.8017057347577461,
    "cagr": 0.10490054940131666,
    "end_val": 1249088.7211261988,
    "max_drawdown": -0.5838999145764121,
    "mwrr": 0.10490054940131666,
    "sharpe": 0.35499304374894747,
    "sortino": 0.49812085345080714,
    "std": 0.16058723340275047,
    "ulcer_index": 13.409224984718882,
    "upi": 0.42519024006600903,
    "us_allocation": 47
}