{
    "beta": 0.7083833741252458,
    "cagr": 0.0932955164172855,
    "end_val": 749334.149716025,
    "max_drawdown": -0.6050437808309184,
    "mwrr": 0.0932955164172855,
    "sharpe": 0.2706559131953473,
    "sortino": 0.3813026116413807,
    "std": 0.17163265071471073,
    "ulcer_index": 15.166658840860478,
    "upi": 0.3063184623029789,
    "us_allocation": 14
}