{
    "beta": 0.8807339553137626,
    "cagr": 0.11310327888876093,
    "end_val": 1786688.3630145828,
    "max_drawdown": -0.5654799272129043,
    "mwrr": 0.11310327888876093,
    "sharpe": 0.3978025307151411,
    "sortino": 0.5556946819483433,
    "std": 0.16189165059725252,
    "ulcer_index": 12.711114976389332,
    "upi": 0.5067178988753571,
    "us_allocation": 75
}