{
    "beta": 0.9231542824775678,
    "cagr": 0.11686852116537083,
    "end_val": 2103891.1173006026,
    "max_drawdown": -0.5577149146189504,
    "mwrr": 0.11686852116537083,
    "sharpe": 0.4069472366859,
    "sortino": 0.5674361951011695,
    "std": 0.16654940584763642,
    "ulcer_index": 12.629766073116103,
    "upi": 0.5367125807144228,
    "us_allocation": 90
}