{
    "beta": 0.8383892911837335,
    "cagr": 0.10889765927568607,
    "end_val": 1487609.3091314603,
    "max_drawdown": -0.5754045083565651,
    "mwrr": 0.10889765927568607,
    "sharpe": 0.3789479896447364,
    "sortino": 0.5305806181855943,
    "std": 0.15996098963659452,
    "ulcer_index": 13.018952204566128,
    "upi": 0.46566709097499714,
    "us_allocation": 60
}