{
    "beta": 0.6742853767603699,
    "cagr": 0.08855625529659505,
    "end_val": 607254.3170839864,
    "max_drawdown": -0.6125888814651849,
    "mwrr": 0.08855625529659505,
    "sharpe": 0.23555800897094695,
    "sortino": 0.33214085761983964,
    "std": 0.17877139701501893,
    "ulcer_index": 16.177599492820235,
    "upi": 0.26032901335773706,
    "us_allocation": 2
}