{
    "beta": 0.9429937042350072,
    "cagr": 0.11847288918296317,
    "end_val": 2255240.0311805857,
    "max_drawdown": -0.5543380722033063,
    "mwrr": 0.11847288918296317,
    "sharpe": 0.4080906356053653,
    "sortino": 0.5687098787814898,
    "std": 0.16959937451116672,
    "ulcer_index": 12.648468858925012,
    "upi": 0.5472645459226895,
    "us_allocation": 97
}