{
    "beta": 0.8101720850483647,
    "cagr": 0.10585185756000204,
    "end_val": 1302210.6154612505,
    "max_drawdown": -0.5819479937326749,
    "mwrr": 0.10585185756000204,
    "sharpe": 0.36110459200652145,
    "sortino": 0.5064469525887616,
    "std": 0.16025160296869204,
    "ulcer_index": 13.306207310475497,
    "upi": 0.4349484306583469,
    "us_allocation": 50
}