{
    "beta": 0.7847684562436553,
    "cagr": 0.1029460341261943,
    "end_val": 1146520.1319943299,
    "max_drawdown": -0.5877885771525642,
    "mwrr": 0.1029460341261943,
    "sharpe": 0.3418147643569556,
    "sortino": 0.48008100709441276,
    "std": 0.16160106936668353,
    "ulcer_index": 13.632810028220916,
    "upi": 0.4052326429975674,
    "us_allocation": 41
}