{
    "beta": 0.7565174197883169,
    "cagr": 0.09953492895275429,
    "end_val": 986915.8615535137,
    "max_drawdown": -0.5942253506426601,
    "mwrr": 0.09953492895275429,
    "sharpe": 0.3173695184173372,
    "sortino": 0.44634819790006297,
    "std": 0.16429284844285835,
    "ulcer_index": 14.08032656628352,
    "upi": 0.37035910207646133,
    "us_allocation": 31
}