{
    "beta": 0.9118313430651298,
    "cagr": 0.1159078971196088,
    "end_val": 2018079.8745505516,
    "max_drawdown": -0.5596494106152846,
    "mwrr": 0.1159078971196088,
    "sharpe": 0.4054289507061438,
    "sortino": 0.5655523013012218,
    "std": 0.16505132262181205,
    "ulcer_index": 12.633537976951933,
    "upi": 0.5297431818341927,
    "us_allocation": 86
}