{
    "beta": 0.7112197357172547,
    "cagr": 0.0936779178287237,
    "end_val": 762123.7045376635,
    "max_drawdown": -0.6044116459856975,
    "mwrr": 0.0936779178287237,
    "sharpe": 0.27352782725151614,
    "sortino": 0.3853155993755874,
    "std": 0.17110852461984832,
    "ulcer_index": 15.090180354428913,
    "upi": 0.3101878556273601,
    "us_allocation": 15
}