{
    "beta": 0.6885075548506188,
    "cagr": 0.09056474395328085,
    "end_val": 663917.1352387613,
    "max_drawdown": -0.6094541283660769,
    "mwrr": 0.09056474395328085,
    "sharpe": 0.2502914994565449,
    "sortino": 0.3528028960223619,
    "std": 0.17560976423273256,
    "ulcer_index": 15.731638976313173,
    "upi": 0.27942393630593687,
    "us_allocation": 7
}