{
    "beta": 0.733886680673316,
    "cagr": 0.09666788598446052,
    "end_val": 869772.538826402,
    "max_drawdown": -0.5993355832837511,
    "mwrr": 0.09666788598446052,
    "sharpe": 0.2960215472376915,
    "sortino": 0.41668785083681376,
    "std": 0.16732510264032185,
    "ulcer_index": 14.539095801391575,
    "upi": 0.34071883386885454,
    "us_allocation": 23
}