{
    "beta": 0.9005169847793274,
    "cagr": 0.11491559466976065,
    "end_val": 1933039.3920781135,
    "max_drawdown": -0.5615873673095944,
    "mwrr": 0.11491559466976065,
    "sharpe": 0.4032516773412071,
    "sortino": 0.5627798073538879,
    "std": 0.16373700131216115,
    "ulcer_index": 12.648497156557088,
    "upi": 0.522085072618712,
    "us_allocation": 82
}