{
    "beta": 0.7960607675784633,
    "cagr": 0.10425672951231513,
    "end_val": 1214347.5802775624,
    "max_drawdown": -0.5851983755855106,
    "mwrr": 0.10425672951231513,
    "sharpe": 0.35073757156588525,
    "sortino": 0.49230813720783534,
    "std": 0.16087454392439715,
    "ulcer_index": 13.481204320714165,
    "upi": 0.4185974892669613,
    "us_allocation": 45
}