{
    "beta": 0.844033034374995,
    "cagr": 0.10948364616766959,
    "end_val": 1526133.004768094,
    "max_drawdown": -0.5740888847011099,
    "mwrr": 0.10948364616766959,
    "sharpe": 0.3820236986233057,
    "sortino": 0.5347099511792995,
    "std": 0.1600554723782334,
    "ulcer_index": 12.969062940815313,
    "upi": 0.47153100302710915,
    "us_allocation": 62
}