{
    "beta": 0.8355675351017776,
    "cagr": 0.10860176443828173,
    "end_val": 1468520.2260961137,
    "max_drawdown": -0.5760614482393049,
    "mwrr": 0.10860176443828173,
    "sharpe": 0.37734688524059157,
    "sortino": 0.5284271035578694,
    "std": 0.15993276872554507,
    "ulcer_index": 13.044907525542328,
    "upi": 0.4626952397312616,
    "us_allocation": 59
}