{
    "beta": 0.8892100238883591,
    "cagr": 0.11389176253897215,
    "end_val": 1848976.9716678606,
    "max_drawdown": -0.5636790205278198,
    "mwrr": 0.11389176253897215,
    "sharpe": 0.40039673523026514,
    "sortino": 0.5590866749422335,
    "std": 0.16261068069575954,
    "ulcer_index": 12.676209383039891,
    "upi": 0.5136979566984099,
    "us_allocation": 78
}