{
    "beta": 0.7140553907623908,
    "cagr": 0.09405839435726748,
    "end_val": 775060.9690927953,
    "max_drawdown": -0.6037789864729173,
    "mwrr": 0.09405839435726748,
    "sharpe": 0.27638818182722713,
    "sortino": 0.38931076834180445,
    "std": 0.17059561848034382,
    "ulcer_index": 15.014899877126355,
    "upi": 0.3140590798270286,
    "us_allocation": 16
}