{
    "beta": 0.8496772014121379,
    "cagr": 0.11006188799454186,
    "end_val": 1565104.6378340092,
    "max_drawdown": -0.5727709266481502,
    "mwrr": 0.11006188799454186,
    "sharpe": 0.38492893877580736,
    "sortino": 0.5386013680367624,
    "std": 0.16020053663980707,
    "ulcer_index": 12.921921926749777,
    "upi": 0.47728251351493245,
    "us_allocation": 64
}