{
    "beta": 0.748034569009368,
    "cagr": 0.09847418205827263,
    "end_val": 941877.4745725831,
    "max_drawdown": -0.5961457304363661,
    "mwrr": 0.09847418205827263,
    "sharpe": 0.3095246245191909,
    "sortino": 0.43546602895997055,
    "std": 0.16533999325157772,
    "ulcer_index": 14.242117251822139,
    "upi": 0.3593763115643224,
    "us_allocation": 28
}