{
    "beta": 0.6771316242916127,
    "cagr": 0.08896182311558243,
    "end_val": 618300.6088503514,
    "max_drawdown": -0.6119629558416392,
    "mwrr": 0.08896182311558243,
    "sharpe": 0.23851226062983974,
    "sortino": 0.33628627330787986,
    "std": 0.17811822020077422,
    "ulcer_index": 16.085159044285007,
    "upi": 0.2641404149362464,
    "us_allocation": 3
}