{
    "beta": 0.8694371415458777,
    "cagr": 0.11202458713190011,
    "end_val": 1704791.721610321,
    "max_drawdown": -0.5681395283679033,
    "mwrr": 0.11202458713190011,
    "sharpe": 0.39373295714524226,
    "sortino": 0.5503267895923926,
    "std": 0.16110333980554092,
    "ulcer_index": 12.775223568516962,
    "upi": 0.4965876470692107,
    "us_allocation": 71
}