{
    "beta": 0.8242808769637013,
    "cagr": 0.10739886819253397,
    "end_val": 1393357.3705969597,
    "max_drawdown": -0.578683426723729,
    "mwrr": 0.10739886819253397,
    "sharpe": 0.3705285003663221,
    "sortino": 0.5192286060785996,
    "std": 0.15994704746327232,
    "ulcer_index": 13.153970448594501,
    "upi": 0.45060746370923377,
    "us_allocation": 55
}