{
    "beta": 0.8553219317000182,
    "cagr": 0.11063237449246488,
    "end_val": 1604508.0838476794,
    "max_drawdown": -0.5714506230588099,
    "mwrr": 0.11063237449246488,
    "sharpe": 0.3876619240298494,
    "sortino": 0.5422533557649375,
    "std": 0.16039598081744633,
    "ulcer_index": 12.876949428290548,
    "upi": 0.4829384618901811,
    "us_allocation": 66
}