{
    "beta": 0.9259864986305484,
    "cagr": 0.11710370866523334,
    "end_val": 2125438.6738408767,
    "max_drawdown": -0.557231839045783,
    "mwrr": 0.11710370866523334,
    "sharpe": 0.40722647622677455,
    "sortino": 0.5677725097917937,
    "std": 0.16695211137627505,
    "ulcer_index": 12.63046891552731,
    "upi": 0.538349288628809,
    "us_allocation": 91
}