{
    "beta": 0.9486685350352723,
    "cagr": 0.11891323412430044,
    "end_val": 2298612.2511501387,
    "max_drawdown": -0.5533752937366775,
    "mwrr": 0.11891323412430044,
    "sharpe": 0.40808045244906405,
    "sortino": 0.5686257731811423,
    "std": 0.17056795973764732,
    "ulcer_index": 12.662225755909114,
    "upi": 0.5497776850784707,
    "us_allocation": 99
}