{
    "beta": 0.8722609046101358,
    "cagr": 0.11229718824665724,
    "end_val": 1725134.1797073875,
    "max_drawdown": -0.5674755261909354,
    "mwrr": 0.11229718824665724,
    "sharpe": 0.3948159808597212,
    "sortino": 0.5517597895374711,
    "std": 0.16128201229060501,
    "ulcer_index": 12.75802997918475,
    "upi": 0.49917762300369234,
    "us_allocation": 72
}