{
    "beta": 0.7310554761105362,
    "cagr": 0.09630086663762727,
    "end_val": 855796.850128059,
    "max_drawdown": -0.5999719475064257,
    "mwrr": 0.09630086663762727,
    "sharpe": 0.29326401673643376,
    "sortino": 0.41284764589230116,
    "std": 0.16775759306284452,
    "ulcer_index": 14.603040081250063,
    "upi": 0.33693523842327006,
    "us_allocation": 22
}