{
    "beta": 0.9344870057553986,
    "cagr": 0.11779730400853805,
    "end_val": 2190251.2432152983,
    "max_drawdown": -0.5557839450986224,
    "mwrr": 0.11779730400853805,
    "sharpe": 0.40782978259627883,
    "sortino": 0.5684688188847976,
    "std": 0.16822669296636006,
    "ulcer_index": 12.636211714109484,
    "upi": 0.543015246939631,
    "us_allocation": 94
}