{
    "beta": 0.671438186191686,
    "cagr": 0.08814875009644796,
    "end_val": 596349.9817103276,
    "max_drawdown": -0.613214296746579,
    "mwrr": 0.08814875009644796,
    "sharpe": 0.232601247870867,
    "sortino": 0.32799078946957966,
    "std": 0.17943485060682418,
    "ulcer_index": 16.2709471534763,
    "upi": 0.2565348248256286,
    "us_allocation": 1
}