{
    "beta": 0.725391300417158,
    "cagr": 0.0955610647680063,
    "end_val": 828291.1829360059,
    "max_drawdown": -0.6012430789832636,
    "mwrr": 0.0955610647680063,
    "sharpe": 0.2876985229621164,
    "sortino": 0.40509196901616046,
    "std": 0.16865755710508284,
    "ulcer_index": 14.73390429043753,
    "upi": 0.3293620752048126,
    "us_allocation": 20
}