{
    "beta": 0.9203226777132208,
    "cagr": 0.1166313436617592,
    "end_val": 2082377.9355156831,
    "max_drawdown": -0.5581982105931816,
    "mwrr": 0.1166313436617592,
    "sharpe": 0.4066282448416762,
    "sortino": 0.5670466388499049,
    "std": 0.16615790179615703,
    "ulcer_index": 12.62965223135788,
    "upi": 0.5350362749742309,
    "us_allocation": 89
}