{
    "beta": 0.940157417909416,
    "cagr": 0.11824970011988722,
    "end_val": 2233563.8977833786,
    "max_drawdown": -0.5548198035287284,
    "mwrr": 0.11824970011988722,
    "sharpe": 0.4080409774662279,
    "sortino": 0.5686790518520163,
    "std": 0.16913104267509593,
    "ulcer_index": 12.64379741964131,
    "upi": 0.5458888233088383,
    "us_allocation": 96
}