{
    "beta": 0.8045279811269773,
    "cagr": 0.10521957561403283,
    "end_val": 1266662.4890276194,
    "max_drawdown": -0.5832498395067021,
    "mwrr": 0.10521957561403283,
    "sharpe": 0.35706704815651924,
    "sortino": 0.5009493191503114,
    "std": 0.16046263187385265,
    "ulcer_index": 13.374142889481467,
    "upi": 0.4284636913723266,
    "us_allocation": 48
}