{
    "beta": 0.8129939768732432,
    "cagr": 0.10616511195997713,
    "end_val": 1320182.494736169,
    "max_drawdown": -0.5812962204096098,
    "mwrr": 0.10616511195997713,
    "sharpe": 0.36306699188495034,
    "sortino": 0.5091146295222453,
    "std": 0.16016519489419706,
    "ulcer_index": 13.273981710650961,
    "upi": 0.4381376000010441,
    "us_allocation": 51
}