{
    "beta": 0.8524994874163063,
    "cagr": 0.11034810132982109,
    "end_val": 1584753.4279763033,
    "max_drawdown": -0.5721110687455646,
    "mwrr": 0.11034810132982109,
    "sharpe": 0.38631705799135674,
    "sortino": 0.5404573791854459,
    "std": 0.16029197533656106,
    "ulcer_index": 12.89916535690581,
    "upi": 0.4801226476141462,
    "us_allocation": 65
}