{
    "beta": 0.7423769709370047,
    "cagr": 0.09775742247607444,
    "end_val": 912590.6412057707,
    "max_drawdown": -0.597423282641155,
    "mwrr": 0.09775742247607444,
    "sharpe": 0.3041835623498075,
    "sortino": 0.42804477926290774,
    "std": 0.1660983337440403,
    "ulcer_index": 14.355144126357864,
    "upi": 0.35200080059777605,
    "us_allocation": 26
}