{
    "beta": 0.8835589522513582,
    "cagr": 0.11336806559623525,
    "end_val": 1807373.2696437037,
    "max_drawdown": -0.5648135252080554,
    "mwrr": 0.11336806559623525,
    "sharpe": 0.3987107267212573,
    "sortino": 0.5568853580833842,
    "std": 0.1621192418946646,
    "ulcer_index": 12.697268165761965,
    "upi": 0.5091432804867023,
    "us_allocation": 76
}