{
    "beta": 0.8214592176656016,
    "cagr": 0.10709331997248461,
    "end_val": 1374873.4023291827,
    "max_drawdown": -0.5793374828633046,
    "mwrr": 0.10709331997248461,
    "sharpe": 0.3687223210371168,
    "sortino": 0.5167848635420774,
    "std": 0.15998245976245595,
    "ulcer_index": 13.182761303670674,
    "upi": 0.4475305412521874,
    "us_allocation": 54
}