{
    "beta": 0.807350092179908,
    "cagr": 0.10553667854873128,
    "end_val": 1284370.1915386354,
    "max_drawdown": -0.5825991996609642,
    "mwrr": 0.10553667854873128,
    "sharpe": 0.35910442433050255,
    "sortino": 0.5037249247617389,
    "std": 0.16035075143338495,
    "ulcer_index": 13.339806158062181,
    "upi": 0.4317165729707949,
    "us_allocation": 49
}