{
    "beta": 0.7734720628431654,
    "cagr": 0.10160461897459361,
    "end_val": 1080947.4659982738,
    "max_drawdown": -0.5903698860108447,
    "mwrr": 0.10160461897459361,
    "sharpe": 0.3323794959728136,
    "sortino": 0.46709842786142236,
    "std": 0.16252879036971862,
    "ulcer_index": 13.794628303994278,
    "upi": 0.3916590969874789,
    "us_allocation": 37
}