{
    "beta": 0.9033448349111746,
    "cagr": 0.11516663176369812,
    "end_val": 1954215.6653905232,
    "max_drawdown": -0.5611025572647353,
    "mwrr": 0.11516663176369812,
    "sharpe": 0.4038588824020233,
    "sortino": 0.5635579375933705,
    "std": 0.16404811607562605,
    "ulcer_index": 12.64379314695622,
    "upi": 0.5240594509643514,
    "us_allocation": 83
}