{
    "beta": 0.7225582942050619,
    "cagr": 0.09518828130661539,
    "end_val": 814761.1362789981,
    "max_drawdown": -0.6018778485597521,
    "mwrr": 0.09518828130661539,
    "sharpe": 0.2848921657070495,
    "sortino": 0.4011786963337141,
    "std": 0.16912490381804723,
    "ulcer_index": 14.801038707847214,
    "upi": 0.32556933404398497,
    "us_allocation": 19
}