{
    "beta": 0.9316528411507552,
    "cagr": 0.11756810285813168,
    "end_val": 2168622.4267627588,
    "max_drawdown": -0.55626635324606,
    "mwrr": 0.11756810285813168,
    "sharpe": 0.4076673252681081,
    "sortino": 0.5682881610048491,
    "std": 0.16779083021731975,
    "ulcer_index": 12.633305354696256,
    "upi": 0.541517404965369,
    "us_allocation": 93
}