{
    "beta": 0.9458307367344684,
    "cagr": 0.11869406821818118,
    "end_val": 2276924.1437122133,
    "max_drawdown": -0.5538565685872715,
    "mwrr": 0.11869406821818118,
    "sharpe": 0.4081036321249683,
    "sortino": 0.5686919326511297,
    "std": 0.1700783732094472,
    "ulcer_index": 12.654577471187746,
    "upi": 0.5485624308798714,
    "us_allocation": 98
}