{
    "beta": 0.897689596901699,
    "cagr": 0.1146625870369864,
    "end_val": 1911924.3200553132,
    "max_drawdown": -0.5620948306372665,
    "mwrr": 0.1146625870369864,
    "sharpe": 0.4026020921379103,
    "sortino": 0.5619441028397703,
    "std": 0.16343763847078085,
    "ulcer_index": 12.6542935678485,
    "upi": 0.5200528924828868,
    "us_allocation": 81
}