{
    "beta": 0.8299241673525918,
    "cagr": 0.10800417760215919,
    "end_val": 1430696.668637754,
    "max_drawdown": -0.5773735909698459,
    "mwrr": 0.10800417760215919,
    "sharpe": 0.3740197610866497,
    "sortino": 0.5239439232127804,
    "std": 0.15991445104800608,
    "ulcer_index": 13.098377660480933,
    "upi": 0.4566909181814947,
    "us_allocation": 57
}