{
    "beta": 0.7875918739794806,
    "cagr": 0.10327658880805957,
    "end_val": 1163267.7186063596,
    "max_drawdown": -0.5871418636175257,
    "mwrr": 0.10327658880805957,
    "sharpe": 0.3440952774361892,
    "sortino": 0.4832108421266318,
    "std": 0.16140050575843004,
    "ulcer_index": 13.593891540690827,
    "upi": 0.4085966540138193,
    "us_allocation": 42
}