{
    "beta": 0.8637903895280845,
    "cagr": 0.11147353872720167,
    "end_val": 1664385.357465122,
    "max_drawdown": -0.5694657451836975,
    "mwrr": 0.11147353872720167,
    "sharpe": 0.3914355826681024,
    "sortino": 0.5472790518705484,
    "std": 0.16078307502804487,
    "ulcer_index": 12.813358932437854,
    "upi": 0.49124234622701984,
    "us_allocation": 69
}