{
    "beta": 0.736717319704852,
    "cagr": 0.09703298483264167,
    "end_val": 883896.7805180647,
    "max_drawdown": -0.5986986851818185,
    "mwrr": 0.09703298483264167,
    "sharpe": 0.2987611896728709,
    "sortino": 0.4205015716040591,
    "std": 0.16690435590923236,
    "ulcer_index": 14.476390783383932,
    "upi": 0.34449349953924685,
    "us_allocation": 24
}