{
    "beta": 0.7508626414793562,
    "cagr": 0.09882968318123475,
    "end_val": 956742.7809530186,
    "max_drawdown": -0.59550614523538,
    "mwrr": 0.09882968318123475,
    "sharpe": 0.3121626280341601,
    "sortino": 0.4391278095234952,
    "std": 0.16497884312534852,
    "ulcer_index": 14.187060781624753,
    "upi": 0.36305126414345956,
    "us_allocation": 29
}