{
    "beta": 0.9373218582277614,
    "cagr": 0.11802450406874399,
    "end_val": 2211899.675442488,
    "max_drawdown": -0.555301761510506,
    "mwrr": 0.11802450406874399,
    "sharpe": 0.40795418172408837,
    "sortino": 0.5685988972874197,
    "std": 0.16867345619557658,
    "ulcer_index": 12.639793214790279,
    "upi": 0.5444688225659546,
    "us_allocation": 95
}