{
    "beta": 0.7142376965004668,
    "cagr": 0.09473082112998932,
    "end_val": 729224.8542645419,
    "max_drawdown": -0.6037789864729171,
    "mwrr": 0.09473082112998932,
    "sharpe": 0.2793157144221468,
    "sortino": 0.3933339665678049,
    "std": 0.17155090297769857,
    "ulcer_index": 15.150150650567838,
    "upi": 0.3163130405092303,
    "us_allocation": 16
}