{
    "beta": 0.8695284099853875,
    "cagr": 0.1102697992042383,
    "end_val": 1422190.2191186799,
    "max_drawdown": -0.5681395283679029,
    "mwrr": 0.1102697992042383,
    "sharpe": 0.38238114380631394,
    "sortino": 0.5340659130553574,
    "std": 0.16215543417085096,
    "ulcer_index": 12.902817099670118,
    "upi": 0.48062012044724994,
    "us_allocation": 71
}