{
    "beta": 0.7905245977756782,
    "cagr": 0.10306901122379641,
    "end_val": 1044803.9342699642,
    "max_drawdown": -0.5864945930275572,
    "mwrr": 0.10306901122379641,
    "sharpe": 0.34215465961179103,
    "sortino": 0.48017900067085784,
    "std": 0.16221082026277645,
    "ulcer_index": 13.689357334199979,
    "upi": 0.40548447104049556,
    "us_allocation": 43
}