{
    "beta": 0.8808270651255988,
    "cagr": 0.11117709320453129,
    "end_val": 1478326.0353717995,
    "max_drawdown": -0.5654799272129045,
    "mwrr": 0.11117709320453129,
    "sharpe": 0.3855201614527386,
    "sortino": 0.5381247149676464,
    "std": 0.1629531826085906,
    "ulcer_index": 12.838270089880755,
    "upi": 0.48939758665532346,
    "us_allocation": 75
}