{
    "beta": 0.9034448452974708,
    "cagr": 0.11289956572566484,
    "end_val": 1590928.3734717304,
    "max_drawdown": -0.5611025572647366,
    "mwrr": 0.11289956572566484,
    "sharpe": 0.3898142568209328,
    "sortino": 0.5435166331680782,
    "std": 0.16513034295384588,
    "ulcer_index": 12.770700229446419,
    "upi": 0.5041126460948739,
    "us_allocation": 83
}