{
    "beta": 0.8525900362716474,
    "cagr": 0.10885163393786224,
    "end_val": 1338600.3997303331,
    "max_drawdown": -0.5721110687455647,
    "mwrr": 0.10885163393786224,
    "sharpe": 0.376416002989727,
    "sortino": 0.5262423532728863,
    "std": 0.16133090995513816,
    "ulcer_index": 13.02769327058487,
    "upi": 0.46620459168024186,
    "us_allocation": 65
}