{
    "beta": 0.8554124288861406,
    "cagr": 0.10909275054308032,
    "end_val": 1352464.8835230723,
    "max_drawdown": -0.5714506230588097,
    "mwrr": 0.10909275054308032,
    "sharpe": 0.3775148346821644,
    "sortino": 0.5276909528245607,
    "std": 0.1614370316600541,
    "ulcer_index": 13.005307153793215,
    "upi": 0.4686784915862661,
    "us_allocation": 66
}