{
    "beta": 0.8977874831770365,
    "cagr": 0.1124805046335795,
    "end_val": 1562784.066689264,
    "max_drawdown": -0.5620948306372662,
    "mwrr": 0.1124805046335795,
    "sharpe": 0.388985041401167,
    "sortino": 0.5425014621578056,
    "std": 0.1645144490267687,
    "ulcer_index": 12.781197279526825,
    "upi": 0.5007527413560007,
    "us_allocation": 81
}