{
    "beta": 0.7283881779130404,
    "cagr": 0.09637787884098947,
    "end_val": 783077.4655447432,
    "max_drawdown": -0.6006077790183916,
    "mwrr": 0.09637787884098947,
    "sharpe": 0.29213834955909623,
    "sortino": 0.4111821736769328,
    "std": 0.16916502278519335,
    "ulcer_index": 14.804539936287657,
    "upi": 0.33385040515196546,
    "us_allocation": 21
}