{
    "beta": 0.8723525319047881,
    "cagr": 0.11049949021464833,
    "end_val": 1436201.1053578975,
    "max_drawdown": -0.567475526190936,
    "mwrr": 0.11049949021464833,
    "sharpe": 0.3832286335705698,
    "sortino": 0.5351673190786628,
    "std": 0.16233641345214594,
    "ulcer_index": 12.885502949071054,
    "upi": 0.4828708844359585,
    "us_allocation": 72
}