{
    "beta": 0.9062743371758513,
    "cagr": 0.11310619668137512,
    "end_val": 1604987.8297860464,
    "max_drawdown": -0.5606179604571233,
    "mwrr": 0.11310619668137512,
    "sharpe": 0.39016892304813006,
    "sortino": 0.5439434019790998,
    "std": 0.16545591754216954,
    "ulcer_index": 12.766744898563168,
    "upi": 0.505722615460977,
    "us_allocation": 84
}