{
    "beta": 0.7057402706551662,
    "cagr": 0.0937201028672976,
    "end_val": 697991.3580767823,
    "max_drawdown": -0.6056753921383794,
    "mwrr": 0.0937201028672976,
    "sharpe": 0.27145353584166426,
    "sortino": 0.3823694654112464,
    "std": 0.17311834337999116,
    "ulcer_index": 15.378646541364493,
    "upi": 0.3056081297005901,
    "us_allocation": 13
}