{
    "beta": 0.8780018418158527,
    "cagr": 0.11095313912172888,
    "end_val": 1464271.2619034383,
    "max_drawdown": -0.5661457270691095,
    "mwrr": 0.11095313912172888,
    "sharpe": 0.3847980600938772,
    "sortino": 0.5371965734722005,
    "std": 0.1627353344189675,
    "ulcer_index": 12.852775848969927,
    "upi": 0.4872773624229631,
    "us_allocation": 74
}