{
    "beta": 0.8864787371528232,
    "cagr": 0.11161925072783929,
    "end_val": 1506463.5052404222,
    "max_drawdown": -0.5642071746721873,
    "mwrr": 0.11161925072783929,
    "sharpe": 0.38683972866267546,
    "sortino": 0.5398092417525016,
    "std": 0.16342540579381065,
    "ulcer_index": 12.812468292652266,
    "upi": 0.4934874462635283,
    "us_allocation": 77
}