{
    "beta": 0.9516357300570987,
    "cagr": 0.11614712895663293,
    "end_val": 1826519.0162198397,
    "max_drawdown": -0.5528942487106144,
    "mwrr": 0.11614712895663293,
    "sharpe": 0.39071876369972014,
    "sortino": 0.5439250614994121,
    "std": 0.17220378811828208,
    "ulcer_index": 12.801168125649545,
    "upi": 0.5256685055053412,
    "us_allocation": 100
}