{
    "beta": 0.7170689359618843,
    "cagr": 0.09506397878843087,
    "end_val": 739816.8998531161,
    "max_drawdown": -0.6031458011580231,
    "mwrr": 0.09506397878843087,
    "sharpe": 0.28191030791387117,
    "sortino": 0.39694886907675575,
    "std": 0.17105089248647604,
    "ulcer_index": 15.07619126839248,
    "upi": 0.3198826906104972,
    "us_allocation": 17
}