{
    "beta": 0.8610579655275508,
    "cagr": 0.10956928181814884,
    "end_val": 1380280.6674605317,
    "max_drawdown": -0.5701279626951347,
    "mwrr": 0.10956928181814884,
    "sharpe": 0.37958709077833996,
    "sortino": 0.530414704016181,
    "std": 0.16168693861734174,
    "ulcer_index": 12.962127425716965,
    "upi": 0.4735529994254686,
    "us_allocation": 68
}