{
    "beta": 0.8046301506971916,
    "cagr": 0.1044632661213345,
    "end_val": 1109261.0921099856,
    "max_drawdown": -0.5832498395067018,
    "mwrr": 0.1044632661213345,
    "sharpe": 0.35154530118279576,
    "sortino": 0.49294034403633774,
    "std": 0.16146935973787757,
    "ulcer_index": 13.506464724312721,
    "upi": 0.4203256688659007,
    "us_allocation": 48
}