{
    "beta": 0.6858890649002021,
    "cagr": 0.09129608878477535,
    "end_val": 628323.2301274879,
    "max_drawdown": -0.6100821061493752,
    "mwrr": 0.09129608878477535,
    "sharpe": 0.252742339838584,
    "sortino": 0.35621699065848544,
    "std": 0.17715978503633606,
    "ulcer_index": 15.950399031525981,
    "upi": 0.2807456630928455,
    "us_allocation": 6
}