{
    "beta": 0.6944010651340735,
    "cagr": 0.09234621906210005,
    "end_val": 657626.5880938573,
    "max_drawdown": -0.6081966244215836,
    "mwrr": 0.09234621906210005,
    "sharpe": 0.2608144726702598,
    "sortino": 0.3675088474332358,
    "std": 0.17536290992176304,
    "ulcer_index": 15.698124420394901,
    "upi": 0.2913831308055701,
    "us_allocation": 9
}