{
    "beta": 0.7368720909439133,
    "cagr": 0.09734364597808809,
    "end_val": 816445.079556976,
    "max_drawdown": -0.5986986851818181,
    "mwrr": 0.09734364597808809,
    "sharpe": 0.2996304975124348,
    "sortino": 0.42159027963327433,
    "std": 0.1678723418568353,
    "ulcer_index": 14.612968600057147,
    "upi": 0.3442512732334766,
    "us_allocation": 24
}