{
    "beta": 0.765123942202516,
    "cagr": 0.10044123564404339,
    "end_val": 933135.3180494895,
    "max_drawdown": -0.5923000801419196,
    "mwrr": 0.10044123564404339,
    "sharpe": 0.32321712309667794,
    "sortino": 0.45422007384708835,
    "std": 0.16433908243429998,
    "ulcer_index": 14.065121034538507,
    "upi": 0.3776975160361039,
    "us_allocation": 34
}