{
    "beta": 0.9289321637894202,
    "cagr": 0.11468932143374477,
    "end_val": 1716817.423477338,
    "max_drawdown": -0.5567489849087955,
    "mwrr": 0.11468932143374477,
    "sharpe": 0.3916112448175285,
    "sortino": 0.5454862981715995,
    "std": 0.16847474725228528,
    "ulcer_index": 12.758865851181959,
    "upi": 0.5171710378179574,
    "us_allocation": 92
}