{
    "beta": 0.8921321619851263,
    "cagr": 0.11205372694986471,
    "end_val": 1534622.5711304427,
    "max_drawdown": -0.5631509113623571,
    "mwrr": 0.11205372694986471,
    "sharpe": 0.38799416604263787,
    "sortino": 0.541267007723325,
    "std": 0.16394597777051226,
    "ulcer_index": 12.79532516439894,
    "upi": 0.4972018670034327,
    "us_allocation": 79
}