{
    "beta": 0.6773700185742663,
    "cagr": 0.09022903457974185,
    "end_val": 599857.800385332,
    "max_drawdown": -0.6119629558416398,
    "mwrr": 0.09022903457974185,
    "sharpe": 0.2446104999523155,
    "sortino": 0.34482856905073656,
    "std": 0.17905168832338728,
    "ulcer_index": 16.21611910035443,
    "upi": 0.2701137948757819,
    "us_allocation": 3
}