{
    "beta": 0.8441241535868091,
    "cagr": 0.10811689875610853,
    "end_val": 1297204.6510405191,
    "max_drawdown": -0.5740888847011095,
    "mwrr": 0.10811689875610853,
    "sharpe": 0.3728700357509774,
    "sortino": 0.5215511903251503,
    "std": 0.16108822875846285,
    "ulcer_index": 13.098131921352111,
    "upi": 0.4586381251946917,
    "us_allocation": 62
}