{
    "beta": 0.9346033863399276,
    "cagr": 0.11506558063253847,
    "end_val": 1744497.5910115985,
    "max_drawdown": -0.5557839450986221,
    "mwrr": 0.11506558063253847,
    "sharpe": 0.3915982968424709,
    "sortino": 0.5453742071037431,
    "std": 0.1693419229654163,
    "ulcer_index": 12.763635301406403,
    "upi": 0.5196211315801428,
    "us_allocation": 94
}