{
    "beta": 0.8074510064743939,
    "cagr": 0.10473648334519226,
    "end_val": 1122340.607246865,
    "max_drawdown": -0.5825991996609639,
    "mwrr": 0.10473648334519226,
    "sharpe": 0.3533174690516223,
    "sortino": 0.49533918832640417,
    "std": 0.16135921315818985,
    "ulcer_index": 13.471851000851224,
    "upi": 0.4232412574944766,
    "us_allocation": 49
}