{
    "beta": 0.9260976333537805,
    "cagr": 0.11449825369763733,
    "end_val": 1702926.25574784,
    "max_drawdown": -0.5572318390457832,
    "mwrr": 0.11449825369763733,
    "sharpe": 0.39156312281135874,
    "sortino": 0.5454699289871255,
    "std": 0.16805777426457968,
    "ulcer_index": 12.75767497751923,
    "upi": 0.5158760220987981,
    "us_allocation": 91
}