{
    "beta": 0.8356598519658769,
    "cagr": 0.10736511576434116,
    "end_val": 1256146.0489292392,
    "max_drawdown": -0.5760614482393044,
    "mwrr": 0.10736511576434116,
    "sharpe": 0.3689534277492393,
    "sortino": 0.5163441845991943,
    "std": 0.160959585503006,
    "ulcer_index": 13.174575222379493,
    "upi": 0.4508267944074663,
    "us_allocation": 59
}