{
    "beta": 0.8215549401602428,
    "cagr": 0.10607435588641856,
    "end_val": 1188598.7963048765,
    "max_drawdown": -0.5793374828633044,
    "mwrr": 0.10607435588641856,
    "sharpe": 0.3616201872064686,
    "sortino": 0.5065321983899644,
    "std": 0.16099984815939014,
    "ulcer_index": 13.313528963168675,
    "upi": 0.43736319583479977,
    "us_allocation": 54
}