{
    "beta": 0.8413025669453214,
    "cagr": 0.10786819678159842,
    "end_val": 1283478.4666513521,
    "max_drawdown": -0.5747469876361857,
    "mwrr": 0.10786819678159842,
    "sharpe": 0.3716054126169094,
    "sortino": 0.5198727563537962,
    "std": 0.16103264830558836,
    "ulcer_index": 13.122972649390924,
    "upi": 0.45605989581625217,
    "us_allocation": 61
}