{
    "beta": 0.7877031143614344,
    "cagr": 0.10278453132481769,
    "end_val": 1032110.040564319,
    "max_drawdown": -0.5871418636175261,
    "mwrr": 0.10278453132481769,
    "sharpe": 0.3401745824812034,
    "sortino": 0.47747813779532816,
    "std": 0.16239712538050094,
    "ulcer_index": 13.727816286569562,
    "upi": 0.40246997464854695,
    "us_allocation": 42
}