{
    "beta": 0.796167141211716,
    "cagr": 0.10363234405228616,
    "end_val": 1070393.2112196856,
    "max_drawdown": -0.5851983755855105,
    "mwrr": 0.10363234405228616,
    "sharpe": 0.3460146385914783,
    "sortino": 0.4854345361456235,
    "std": 0.16187615908520805,
    "ulcer_index": 13.614384172102524,
    "upi": 0.4114668626072255,
    "us_allocation": 45
}