{
    "beta": 0.6830501896410032,
    "cagr": 0.09094228562232654,
    "end_val": 618741.4368466707,
    "max_drawdown": -0.6107095692650828,
    "mwrr": 0.09094228562232654,
    "sharpe": 0.2500375059618651,
    "sortino": 0.3524302850725562,
    "std": 0.17777996004880967,
    "ulcer_index": 16.0375407711572,
    "upi": 0.277198721202221,
    "us_allocation": 5
}