{
    "beta": 0.8751770033040062,
    "cagr": 0.11072727081470579,
    "end_val": 1450228.8640437168,
    "max_drawdown": -0.566810926242144,
    "mwrr": 0.11072727081470579,
    "sharpe": 0.3840342488852663,
    "sortino": 0.5362108220601889,
    "std": 0.16252972878033145,
    "ulcer_index": 12.868684671431184,
    "upi": 0.4850953137718971,
    "us_allocation": 73
}