{
    "beta": 0.8384811387846222,
    "cagr": 0.10761760200833104,
    "end_val": 1269791.64887001,
    "max_drawdown": -0.5754045083565654,
    "mwrr": 0.10761760200833104,
    "sharpe": 0.37029979856279405,
    "sortino": 0.5181370466564177,
    "std": 0.1609897611173093,
    "ulcer_index": 13.148413788283216,
    "upi": 0.4534573206816382,
    "us_allocation": 60
}