{
    "beta": 0.9459550145070805,
    "cagr": 0.11579450957282833,
    "end_val": 1799371.0865098638,
    "max_drawdown": -0.5538565685872711,
    "mwrr": 0.11579450957282833,
    "sharpe": 0.3911482722917641,
    "sortino": 0.5445887939349917,
    "std": 0.1712070639640489,
    "ulcer_index": 12.782398345417558,
    "upi": 0.5239692513356731,
    "us_allocation": 98
}