{
    "beta": 0.6745286866074919,
    "cagr": 0.08986958486191865,
    "end_val": 590556.1922645138,
    "max_drawdown": -0.6125888814651848,
    "mwrr": 0.08986958486191865,
    "sharpe": 0.2418895702785884,
    "sortino": 0.34101544628250696,
    "std": 0.17970309201227053,
    "ulcer_index": 16.308161813348352,
    "upi": 0.2665676385442957,
    "us_allocation": 2
}