{
    "beta": 0.7623003796724207,
    "cagr": 0.1001398974562524,
    "end_val": 921102.0699817846,
    "max_drawdown": -0.5929423824109956,
    "mwrr": 0.1001398974562524,
    "sharpe": 0.3209681108856979,
    "sortino": 0.4511204859290575,
    "std": 0.16463772864012233,
    "ulcer_index": 14.114375247652697,
    "upi": 0.3744394935746939,
    "us_allocation": 33
}