{
    "beta": 0.9006159000443684,
    "cagr": 0.11269100091419193,
    "end_val": 1576859.612150278,
    "max_drawdown": -0.5615873673095949,
    "mwrr": 0.11269100091419193,
    "sharpe": 0.3894197251933581,
    "sortino": 0.5430361997586074,
    "std": 0.16481649895075193,
    "ulcer_index": 12.775396905448188,
    "upi": 0.5024606394246489,
    "us_allocation": 82
}