{
    "beta": 0.7933459344425858,
    "cagr": 0.103351615669385,
    "end_val": 1057565.4191201127,
    "max_drawdown": -0.5858467641097084,
    "mwrr": 0.103351615669385,
    "sharpe": 0.3441015478116003,
    "sortino": 0.48283141229002696,
    "std": 0.1620371569382371,
    "ulcer_index": 13.651593411608175,
    "upi": 0.40848221739241974,
    "us_allocation": 44
}