{
    "beta": 0.9232637981811954,
    "cagr": 0.11430523106518509,
    "end_val": 1689004.69698468,
    "max_drawdown": -0.5577149146189507,
    "mwrr": 0.11430523106518509,
    "sharpe": 0.39147803114019253,
    "sortino": 0.5454044280595403,
    "std": 0.1676519771115367,
    "ulcer_index": 12.756911465332651,
    "upi": 0.514549542702095,
    "us_allocation": 90
}