{
    "beta": 0.767947206246296,
    "cagr": 0.10074070205918817,
    "end_val": 945246.2293787764,
    "max_drawdown": -0.5916572308063135,
    "mwrr": 0.10074070205918817,
    "sharpe": 0.32543904623960845,
    "sortino": 0.4572792644453342,
    "std": 0.16405276537871835,
    "ulcer_index": 14.01728561135159,
    "upi": 0.38092721067545093,
    "us_allocation": 35
}