{
    "beta": 0.8018092324763113,
    "cagr": 0.10418816998949376,
    "end_val": 1096242.4149967176,
    "max_drawdown": -0.5838999145764115,
    "mwrr": 0.10418816998949376,
    "sharpe": 0.3497370797027373,
    "sortino": 0.4904895563655889,
    "std": 0.16159224273560016,
    "ulcer_index": 13.541830837889876,
    "upi": 0.41738877692069043,
    "us_allocation": 47
}