{
    "beta": 0.7227296655026172,
    "cagr": 0.09572467417786523,
    "end_val": 761269.6920031421,
    "max_drawdown": -0.6018778485597525,
    "mwrr": 0.09572467417786523,
    "sharpe": 0.28705588726126835,
    "sortino": 0.40411281208745814,
    "std": 0.1700849891043067,
    "ulcer_index": 14.937054013305158,
    "upi": 0.3268995929491474,
    "us_allocation": 19
}