{
    "beta": 0.813092598252408,
    "cagr": 0.10527727777033702,
    "end_val": 1148676.3142264513,
    "max_drawdown": -0.5812962204096103,
    "mwrr": 0.10527727777033702,
    "sharpe": 0.35675160129646866,
    "sortino": 0.499978460824977,
    "std": 0.16117717345229143,
    "ulcer_index": 13.405487502402218,
    "upi": 0.4289865059198901,
    "us_allocation": 51
}