{
    "beta": 0.9204306394086085,
    "cagr": 0.11411025636080208,
    "end_val": 1675055.4677257643,
    "max_drawdown": -0.5581982105931821,
    "mwrr": 0.11411025636080208,
    "sharpe": 0.39135555607626354,
    "sortino": 0.5452890902790402,
    "std": 0.1672574290846781,
    "ulcer_index": 12.756742597433778,
    "upi": 0.5131850103425577,
    "us_allocation": 89
}