{
    "beta": 0.8836526909727379,
    "cagr": 0.11139913108302957,
    "end_val": 1492390.8908935853,
    "max_drawdown": -0.5648135252080558,
    "mwrr": 0.11139913108302957,
    "sharpe": 0.3862006707121338,
    "sortino": 0.5389955011862517,
    "std": 0.16318322361740872,
    "ulcer_index": 12.824334879254277,
    "upi": 0.4914869788597377,
    "us_allocation": 76
}