{
    "beta": 0.6802105135474072,
    "cagr": 0.0905866011872356,
    "end_val": 609252.9170847986,
    "max_drawdown": -0.6113365188013064,
    "mwrr": 0.0905866011872356,
    "sharpe": 0.24732668365728028,
    "sortino": 0.3486338203045148,
    "std": 0.17841061938367828,
    "ulcer_index": 16.125566024067417,
    "upi": 0.27366377367116185,
    "us_allocation": 4
}