{
    "beta": 0.779237615163955,
    "cagr": 0.10191984439445734,
    "end_val": 994446.2473455681,
    "max_drawdown": -0.5890803381222213,
    "mwrr": 0.10191984439445734,
    "sharpe": 0.3340415399230925,
    "sortino": 0.46909146967751325,
    "std": 0.16303162018157394,
    "ulcer_index": 13.846924396470902,
    "upi": 0.39334435167153997,
    "us_allocation": 39
}