{
    "beta": 0.7594765017554936,
    "cagr": 0.09983668770698961,
    "end_val": 909147.4418227633,
    "max_drawdown": -0.5935841388381241,
    "mwrr": 0.09983668770698961,
    "sharpe": 0.3186927402060882,
    "sortino": 0.4479816421484577,
    "std": 0.1649486590035475,
    "ulcer_index": 14.164696625813477,
    "upi": 0.37116362256155444,
    "us_allocation": 32
}