{
    "beta": 0.6915644847642605,
    "cagr": 0.09199805470016775,
    "end_val": 647765.996890765,
    "max_drawdown": -0.6088256348225475,
    "mwrr": 0.09199805470016775,
    "sharpe": 0.2581314778999242,
    "sortino": 0.3637572234710494,
    "std": 0.175951185840648,
    "ulcer_index": 15.780562969094488,
    "upi": 0.28784122214132235,
    "us_allocation": 8
}