{
    "beta": 0.8271966686153756,
    "cagr": 0.10659632082712545,
    "end_val": 1215474.5733001297,
    "max_drawdown": -0.5780287965416109,
    "mwrr": 0.10659632082712545,
    "sharpe": 0.3646724969805381,
    "sortino": 0.5106252817827902,
    "std": 0.16094547405031664,
    "ulcer_index": 13.256162459787078,
    "upi": 0.4428142035030303,
    "us_allocation": 56
}