{
    "beta": 0.818734143050427,
    "cagr": 0.10581054625081943,
    "end_val": 1175237.5259533608,
    "max_drawdown": -0.579990966301548,
    "mwrr": 0.10581054625081943,
    "sharpe": 0.3600356018020501,
    "sortino": 0.504402447319833,
    "std": 0.16104618723670028,
    "ulcer_index": 13.343411888610555,
    "upi": 0.43459640604945693,
    "us_allocation": 53
}