{
    "beta": 0.9374401166250955,
    "cagr": 0.11525076615785812,
    "end_val": 1758281.0387681643,
    "max_drawdown": -0.5553017615105063,
    "mwrr": 0.11525076615785812,
    "sharpe": 0.39153811417264855,
    "sortino": 0.5452470586420037,
    "std": 0.16979197470180435,
    "ulcer_index": 12.767306146153688,
    "upi": 0.5207720124079651,
    "us_allocation": 95
}