{
    "beta": 0.782059639902617,
    "cagr": 0.10220994740170042,
    "end_val": 1006929.9961044105,
    "max_drawdown": -0.5884347349001302,
    "mwrr": 0.10220994740170042,
    "sharpe": 0.336117375406318,
    "sortino": 0.4719335002422093,
    "std": 0.1628075547371573,
    "ulcer_index": 13.806638090260318,
    "upi": 0.3963982953545986,
    "us_allocation": 40
}