{
    "beta": 0.8582350661864464,
    "cagr": 0.1093319670363091,
    "end_val": 1366358.9880831605,
    "max_drawdown": -0.570789588180037,
    "mwrr": 0.1093319670363091,
    "sharpe": 0.3785718905121455,
    "sortino": 0.5290817861597867,
    "std": 0.16155571876374025,
    "ulcer_index": 12.983491635181363,
    "upi": 0.47112666005391407,
    "us_allocation": 67
}