{
    "beta": 0.8667046199636702,
    "cagr": 0.11003819961803774,
    "end_val": 1408198.408017794,
    "max_drawdown": -0.5688029342189888,
    "mwrr": 0.11003819961803774,
    "sharpe": 0.3814917335409486,
    "sortino": 0.5329066645889334,
    "std": 0.16198683460108418,
    "ulcer_index": 12.921232014265541,
    "upi": 0.4783209982033036,
    "us_allocation": 70
}