{
    "beta": 0.739699102441546,
    "cagr": 0.09766182529027256,
    "end_val": 827740.1014106305,
    "max_drawdown": -0.5980612520271182,
    "mwrr": 0.09766182529027256,
    "sharpe": 0.3020897611431544,
    "sortino": 0.4250033463379188,
    "std": 0.16746497033009702,
    "ulcer_index": 14.551211779590151,
    "upi": 0.34770428382410284,
    "us_allocation": 25
}