{
    "beta": 0.8328386893804036,
    "cagr": 0.10711073933346982,
    "end_val": 1242543.4850939934,
    "max_drawdown": -0.5767178086554062,
    "mwrr": 0.10711073933346982,
    "sharpe": 0.36756655979788616,
    "sortino": 0.514494384632791,
    "std": 0.16094213730145165,
    "ulcer_index": 13.201271187400282,
    "upi": 0.4481752200337739,
    "us_allocation": 58
}