{
    "beta": 0.7312166458156981,
    "cagr": 0.09670167294853749,
    "end_val": 794113.1301559978,
    "max_drawdown": -0.5999719475064252,
    "mwrr": 0.09670167294853749,
    "sharpe": 0.29465403008401764,
    "sortino": 0.4146786514337406,
    "std": 0.168722429792555,
    "ulcer_index": 14.739763580133591,
    "upi": 0.3373205196850839,
    "us_allocation": 22
}