{
    "beta": 0.7000720557052831,
    "cagr": 0.09303691433148997,
    "end_val": 677625.0406493826,
    "max_drawdown": -0.6069370486355968,
    "mwrr": 0.09303691433148997,
    "sharpe": 0.2661539622028799,
    "sortino": 0.3749703075570599,
    "std": 0.17421877351878168,
    "ulcer_index": 15.536383305492347,
    "upi": 0.2984843387822065,
    "us_allocation": 11
}