{
    "beta": 0.9402776185182306,
    "cagr": 0.11543398491085743,
    "end_val": 1772022.9925606782,
    "max_drawdown": -0.5548198035287282,
    "mwrr": 0.11543398491085743,
    "sharpe": 0.39144273497051774,
    "sortino": 0.54507338112127,
    "std": 0.17025290042349883,
    "ulcer_index": 12.771403599918491,
    "upi": 0.5218907749062532,
    "us_allocation": 96
}