{
    "beta": 0.8102718166935575,
    "cagr": 0.10500782084680216,
    "end_val": 1135479.5094462417,
    "max_drawdown": -0.581947993732675,
    "mwrr": 0.10500782084680216,
    "sharpe": 0.3550530674727331,
    "sortino": 0.49768545510219925,
    "std": 0.16126181466363437,
    "ulcer_index": 13.43797585402036,
    "upi": 0.4261353305966135,
    "us_allocation": 50
}