{
    "beta": 0.9317674084383187,
    "cagr": 0.11487843139186671,
    "end_val": 1730675.45698846,
    "max_drawdown": -0.5562663532460602,
    "mwrr": 0.11487843139186671,
    "sharpe": 0.39162282345527155,
    "sortino": 0.5454541686773178,
    "std": 0.16890282185013145,
    "ulcer_index": 12.760646273093894,
    "upi": 0.5184278661546364,
    "us_allocation": 93
}