{
    "beta": 0.7735929064158307,
    "cagr": 0.10133401853059865,
    "end_val": 969697.0545461493,
    "max_drawdown": -0.5903698860108443,
    "mwrr": 0.10133401853059865,
    "sharpe": 0.3297987444763862,
    "sortino": 0.4632722561373092,
    "std": 0.16351728902914933,
    "ulcer_index": 13.929561557168165,
    "upi": 0.38719394334697826,
    "us_allocation": 37
}