{
    "beta": 0.745351788757723,
    "cagr": 0.09829257019723103,
    "end_val": 850584.8572292081,
    "max_drawdown": -0.5967847758404199,
    "mwrr": 0.09829257019723103,
    "sharpe": 0.30694653367597935,
    "sortino": 0.43173767672567565,
    "std": 0.16668587077158178,
    "ulcer_index": 14.434328113243838,
    "upi": 0.3544989152215203,
    "us_allocation": 27
}