{
    "beta": 0.7566522915369603,
    "cagr": 0.09953160656831228,
    "end_val": 897272.3582855805,
    "max_drawdown": -0.5942253506426597,
    "mwrr": 0.09953160656831228,
    "sharpe": 0.31639174886006405,
    "sortino": 0.4448046435310849,
    "std": 0.16527182666368628,
    "ulcer_index": 14.21602486674378,
    "upi": 0.3678723816689435,
    "us_allocation": 31
}