{
    "beta": 0.9119350341233662,
    "cagr": 0.11351364721404411,
    "end_val": 1633068.611257879,
    "max_drawdown": -0.5596494106152846,
    "mwrr": 0.11351364721404411,
    "sharpe": 0.3907598974529293,
    "sortino": 0.5446377641214373,
    "std": 0.16614199731574633,
    "ulcer_index": 12.76050505932634,
    "upi": 0.5088371986213434,
    "us_allocation": 86
}