{
    "beta": 0.7989882349365919,
    "cagr": 0.10391119572256868,
    "end_val": 1083285.9933685663,
    "max_drawdown": -0.5845494261709449,
    "mwrr": 0.10391119572256868,
    "sharpe": 0.3478933404568258,
    "sortino": 0.487987428331994,
    "std": 0.1617278480336807,
    "ulcer_index": 13.577818935548105,
    "upi": 0.4144352122864306,
    "us_allocation": 46
}