{
    "beta": 0.6887271573033759,
    "cagr": 0.09164801153621238,
    "end_val": 637998.1430151557,
    "max_drawdown": -0.6094541283660778,
    "mwrr": 0.09164801153621238,
    "sharpe": 0.25544054693958884,
    "sortino": 0.3599929544154478,
    "std": 0.17655016887295433,
    "ulcer_index": 15.864164476838939,
    "upi": 0.28430379609829737,
    "us_allocation": 7
}