{
    "beta": 0.9487949475393177,
    "cagr": 0.11597180906668547,
    "end_val": 1812971.512187045,
    "max_drawdown": -0.5533752937366772,
    "mwrr": 0.11597180906668547,
    "sharpe": 0.39095015289966145,
    "sortino": 0.5442790034809737,
    "std": 0.1717001453846121,
    "ulcer_index": 12.790177622985711,
    "upi": 0.5248924174338697,
    "us_allocation": 99
}