{
    "beta": 0.9091043939900063,
    "cagr": 0.11331089134180505,
    "end_val": 1619035.4336033536,
    "max_drawdown": -0.5601335779014462,
    "mwrr": 0.11331089134180505,
    "sharpe": 0.390484028994566,
    "sortino": 0.544317016017005,
    "std": 0.16579315777253747,
    "ulcer_index": 12.76339392905851,
    "upi": 0.50729566290268,
    "us_allocation": 85
}