{
    "beta": 0.7425256626920277,
    "cagr": 0.09797813333027494,
    "end_val": 839120.2628558003,
    "max_drawdown": -0.5974232826411549,
    "mwrr": 0.09797813333027494,
    "sharpe": 0.30452869418148426,
    "sortino": 0.4283863393196017,
    "std": 0.16706946052287866,
    "ulcer_index": 14.491424786446949,
    "upi": 0.3511266533589861,
    "us_allocation": 26
}