{
    "beta": 0.8497678710282347,
    "cagr": 0.10860861877404893,
    "end_val": 1324767.5506362943,
    "max_drawdown": -0.5727709266481504,
    "mwrr": 0.10860861877404893,
    "sharpe": 0.3752755008415728,
    "sortino": 0.5247361258000353,
    "std": 0.16123738397975396,
    "ulcer_index": 13.050625101226302,
    "upi": 0.46370630346273517,
    "us_allocation": 64
}