{
    "beta": 0.7848814673526008,
    "cagr": 0.10249817654127757,
    "end_val": 1019484.9886685816,
    "max_drawdown": -0.587788577152564,
    "mwrr": 0.10249817654127757,
    "sharpe": 0.33816194108096936,
    "sortino": 0.4747293579979867,
    "std": 0.16259604629709426,
    "ulcer_index": 13.766930766386837,
    "upi": 0.39944046527053845,
    "us_allocation": 41
}