{
    "beta": 0.7029065013152026,
    "cagr": 0.09337944661967179,
    "end_val": 687762.3665112846,
    "max_drawdown": -0.6063064810331518,
    "mwrr": 0.09337944661967179,
    "sharpe": 0.26880908682512134,
    "sortino": 0.37867816869976373,
    "std": 0.17366305899281906,
    "ulcer_index": 15.457043845600971,
    "upi": 0.30204313027402296,
    "us_allocation": 12
}