{
    "beta": 0.8159133680624213,
    "cagr": 0.10554485321820106,
    "end_val": 1161929.5035755592,
    "max_drawdown": -0.5806438783738095,
    "mwrr": 0.10554485321820106,
    "sharpe": 0.35841259670218145,
    "sortino": 0.5022176855992472,
    "std": 0.16110529623776237,
    "ulcer_index": 13.374134231213999,
    "upi": 0.43180171414096535,
    "us_allocation": 52
}