{
    "beta": 0.6972369162036092,
    "cagr": 0.09269250536941653,
    "end_val": 667579.6875912052,
    "max_drawdown": -0.607567096061398,
    "mwrr": 0.09269250536941653,
    "sharpe": 0.2634888608747468,
    "sortino": 0.3712468670453548,
    "std": 0.17478541474305948,
    "ulcer_index": 15.616701327074063,
    "upi": 0.29493160276635705,
    "us_allocation": 10
}