{
    "beta": 0.9147662760342863,
    "cagr": 0.11371446175127664,
    "end_val": 1647084.763368623,
    "max_drawdown": -0.5591654596191127,
    "mwrr": 0.11371446175127664,
    "sharpe": 0.3909968681842445,
    "sortino": 0.5449062929090104,
    "std": 0.16650236852045358,
    "ulcer_index": 12.758094999024262,
    "upi": 0.5103463548829325,
    "us_allocation": 87
}