{
    "beta": 0.8638811443064113,
    "cagr": 0.10980469324286246,
    "end_val": 1394227.8438915317,
    "max_drawdown": -0.5694657451836974,
    "mwrr": 0.10980469324286246,
    "sharpe": 0.38056038135859627,
    "sortino": 0.5316896446945106,
    "std": 0.1618306562889346,
    "ulcer_index": 12.941232656171099,
    "upi": 0.4759564780801581,
    "us_allocation": 69
}