{
    "beta": 0.671686499461848,
    "cagr": 0.0895082510576315,
    "end_val": 581348.1745557409,
    "max_drawdown": -0.6132142967465786,
    "mwrr": 0.0895082510576315,
    "sharpe": 0.2391644982241911,
    "sortino": 0.3371953035907152,
    "std": 0.18036475550814524,
    "ulcer_index": 16.40109985296267,
    "upi": 0.2630357212673208,
    "us_allocation": 1
}