{
    "beta": 0.8300176339480176,
    "cagr": 0.10685447395564096,
    "end_val": 1228985.7425491964,
    "max_drawdown": -0.5773735909698458,
    "mwrr": 0.10685447395564096,
    "sharpe": 0.3661394795843132,
    "sortino": 0.5125879728073853,
    "std": 0.160937429865585,
    "ulcer_index": 13.228471669852825,
    "upi": 0.4455040566293805,
    "us_allocation": 57
}