{
    "beta": 0.9175981382579858,
    "cagr": 0.1139133323522632,
    "end_val": 1661081.2653148584,
    "max_drawdown": -0.5586817259363108,
    "mwrr": 0.1139133323522632,
    "sharpe": 0.3911952972080681,
    "sortino": 0.5451232476359531,
    "std": 0.16687420247751236,
    "ulcer_index": 12.757009539471655,
    "upi": 0.5117889986161644,
    "us_allocation": 88
}