{
    "beta": 0.7255591902155051,
    "cagr": 0.09605221268100506,
    "end_val": 772129.4669000607,
    "max_drawdown": -0.6012430789832641,
    "mwrr": 0.09605221268100506,
    "sharpe": 0.2896053834159865,
    "sortino": 0.4076598547875061,
    "std": 0.16961923079024985,
    "ulcer_index": 14.87017087602937,
    "upi": 0.3303794654783225,
    "us_allocation": 20
}