{
    "beta": 0.7510028064546045,
    "cagr": 0.09891583061598408,
    "end_val": 873764.3653466387,
    "max_drawdown": -0.5955061452353798,
    "mwrr": 0.09891583061598408,
    "sharpe": 0.3117158858855925,
    "sortino": 0.43834084795672706,
    "std": 0.16595467741956002,
    "ulcer_index": 14.322985770367819,
    "upi": 0.3612148166256024,
    "us_allocation": 29
}