{
    "beta": 0.9431159113395123,
    "cagr": 0.11561523377486083,
    "end_val": 1785720.6243772418,
    "max_drawdown": -0.5543380722033061,
    "mwrr": 0.11561523377486083,
    "sharpe": 0.3913126283517861,
    "sortino": 0.5448537736469482,
    "std": 0.17072462281895626,
    "ulcer_index": 12.776174874958869,
    "upi": 0.5229672035421127,
    "us_allocation": 97
}