{
    "beta": 0.8243757763543236,
    "cagr": 0.10633628110080351,
    "end_val": 1202011.6960858407,
    "max_drawdown": -0.5786834267237287,
    "mwrr": 0.10633628110080351,
    "sharpe": 0.36316594655178386,
    "sortino": 0.508606591974181,
    "std": 0.1609662782034004,
    "ulcer_index": 13.284507160249287,
    "upi": 0.4401006540196601,
    "us_allocation": 55
}