{
    "beta": 0.8893052215192538,
    "cagr": 0.11183745005986245,
    "end_val": 1520541.5258417926,
    "max_drawdown": -0.5636790205278198,
    "mwrr": 0.11183745005986245,
    "sharpe": 0.38743749864752286,
    "sortino": 0.5405662504949246,
    "std": 0.1636796756205511,
    "ulcer_index": 12.803170418227305,
    "upi": 0.4953784153018517,
    "us_allocation": 78
}