{
    "beta": 0.753827732086116,
    "cagr": 0.0992246541732662,
    "end_val": 885477.712329247,
    "max_drawdown": -0.5948660190387535,
    "mwrr": 0.0992246541732662,
    "sharpe": 0.31406588093402765,
    "sortino": 0.4415906634765203,
    "std": 0.16560718294621857,
    "ulcer_index": 14.268863019574617,
    "upi": 0.36455377137447265,
    "us_allocation": 30
}