{
    "beta": 0.7198995865168824,
    "cagr": 0.09539526300268109,
    "end_val": 750498.6696356238,
    "max_drawdown": -0.6025120889016817,
    "mwrr": 0.09539526300268109,
    "sharpe": 0.28449061295623407,
    "sortino": 0.4005421361655489,
    "std": 0.1705622319394687,
    "ulcer_index": 15.004755549403827,
    "upi": 0.32342111575989085,
    "us_allocation": 18
}