{
    "beta": 0.7481774976747281,
    "cagr": 0.09860513595177856,
    "end_val": 862133.147360807,
    "max_drawdown": -0.5961457304363664,
    "mwrr": 0.09860513595177856,
    "sharpe": 0.3093425176360727,
    "sortino": 0.4350561747056683,
    "std": 0.16631425795227295,
    "ulcer_index": 14.378160479028958,
    "upi": 0.35786242234636007,
    "us_allocation": 28
}