{
    "beta": 0.8469459158797292,
    "cagr": 0.10836370655935101,
    "end_val": 1310968.3179621082,
    "max_drawdown": -0.5734301981681886,
    "mwrr": 0.10836370655935101,
    "sharpe": 0.3740934594269275,
    "sortino": 0.5231723504032219,
    "std": 0.16115648171417055,
    "ulcer_index": 13.07405763704638,
    "upi": 0.4611856574355264,
    "us_allocation": 63
}