{
    "beta": 0.6688434388787317,
    "cagr": 0.08914503215249092,
    "end_val": 572233.8057568046,
    "max_drawdown": -0.6138392027560151,
    "mwrr": 0.08914503215249092,
    "sharpe": 0.23643587530988663,
    "sortino": 0.33336893380301585,
    "std": 0.1810366038327338,
    "ulcer_index": 16.498230846104356,
    "upi": 0.25946648910118436,
    "us_allocation": 0
}