{
    "beta": 0.7114058507528335,
    "cagr": 0.09439578958415984,
    "end_val": 718722.9763173066,
    "max_drawdown": -0.6044116459856976,
    "mwrr": 0.09439578958415984,
    "sharpe": 0.2767075689973095,
    "sortino": 0.38969840981362847,
    "std": 0.1720621947498766,
    "ulcer_index": 15.225172582300843,
    "upi": 0.3127443923621382,
    "us_allocation": 15
}