{
    "beta": 0.7764153762864838,
    "cagr": 0.101627867967919,
    "end_val": 982034.8939240931,
    "max_drawdown": -0.5897253880754043,
    "mwrr": 0.101627867967919,
    "sharpe": 0.33193510269187154,
    "sortino": 0.46620409306540755,
    "std": 0.16326820990725457,
    "ulcer_index": 13.88793754317911,
    "upi": 0.390274956563718,
    "us_allocation": 38
}