{
    "beta": 0.7340446111087063,
    "cagr": 0.0970235952561549,
    "end_val": 805235.8736855814,
    "max_drawdown": -0.5993355832837516,
    "mwrr": 0.0970235952561549,
    "sharpe": 0.29715166636563817,
    "sortino": 0.41814834853625654,
    "std": 0.1682915153680972,
    "ulcer_index": 14.675833493235686,
    "upi": 0.3407893972039138,
    "us_allocation": 23
}