{
    "beta": 0.7085733812946587,
    "cagr": 0.09405888366969095,
    "end_val": 708311.6815876958,
    "max_drawdown": -0.6050437808309181,
    "mwrr": 0.09405888366969095,
    "sharpe": 0.2740866017593533,
    "sortino": 0.3860432278736833,
    "std": 0.17258469830653772,
    "ulcer_index": 15.30138183683428,
    "upi": 0.3091749402381793,
    "us_allocation": 14
}