{
    "beta": 0.770770188691714,
    "cagr": 0.10103829645128726,
    "end_val": 957433.8152175348,
    "max_drawdown": -0.5910138331743315,
    "mwrr": 0.10103829645128726,
    "sharpe": 0.3276331578411665,
    "sortino": 0.46029698242278816,
    "std": 0.16377882054442747,
    "ulcer_index": 13.971768584859026,
    "upi": 0.38410257812992515,
    "us_allocation": 36
}