{
    "beta": 0.8949595765250478,
    "cagr": 0.1122680792180426,
    "end_val": 1548704.230902038,
    "max_drawdown": -0.5626228478425415,
    "mwrr": 0.1122680792180426,
    "sharpe": 0.3885099377057488,
    "sortino": 0.5419119199180622,
    "std": 0.16422425516389855,
    "ulcer_index": 12.787993616955973,
    "upi": 0.4989936826093366,
    "us_allocation": 80
}