{
    "beta": 0.8837554920885388,
    "cagr": 0.11385507397635264,
    "end_val": 1486391.2030795442,
    "max_drawdown": -0.5648135252080554,
    "mwrr": 0.11385507397635264,
    "sharpe": 0.3978696501971911,
    "sortino": 0.555401943764486,
    "std": 0.16447426373417706,
    "ulcer_index": 12.954549118159807,
    "upi": 0.5052121059655199,
    "us_allocation": 76
}