{
    "beta": 0.6942458067832513,
    "cagr": 0.09138550806103374,
    "end_val": 577571.0249893226,
    "max_drawdown": -0.6081966244215835,
    "mwrr": 0.09138550806103374,
    "sharpe": 0.25564632535661425,
    "sortino": 0.360159324911171,
    "std": 0.17629909636119284,
    "ulcer_index": 15.864379081496471,
    "upi": 0.2841257809449071,
    "us_allocation": 9
}