{
    "beta": 0.7226263195291728,
    "cagr": 0.09525453870686773,
    "end_val": 680601.673815856,
    "max_drawdown": -0.6018778485597515,
    "mwrr": 0.09525453870686773,
    "sharpe": 0.2841550303803736,
    "sortino": 0.39998550030922636,
    "std": 0.17105877564328603,
    "ulcer_index": 15.095263331486228,
    "upi": 0.3220386454939775,
    "us_allocation": 19
}