{
    "beta": 0.8611417798784506,
    "cagr": 0.11160077632558929,
    "end_val": 1353074.6433700747,
    "max_drawdown": -0.570127962695135,
    "mwrr": 0.11160077632558929,
    "sharpe": 0.38920392586858876,
    "sortino": 0.5439520491089438,
    "std": 0.16293313540640392,
    "ulcer_index": 13.096201885260141,
    "upi": 0.48428278415123954,
    "us_allocation": 68
}