{
    "beta": 0.9432510968942799,
    "cagr": 0.1192077495025683,
    "end_val": 1856551.4166380528,
    "max_drawdown": -0.5543380722033058,
    "mwrr": 0.1192077495025683,
    "sharpe": 0.40805115774126544,
    "sortino": 0.5683136644962334,
    "std": 0.17211504447417775,
    "ulcer_index": 12.890026777260177,
    "upi": 0.5449205544153013,
    "us_allocation": 97
}