{
    "beta": 0.8781002265088977,
    "cagr": 0.11330253470457019,
    "end_val": 1452572.1331932086,
    "max_drawdown": -0.566145727069109,
    "mwrr": 0.11330253470457019,
    "sharpe": 0.39595862168612445,
    "sortino": 0.5528930356855013,
    "std": 0.16401544052097278,
    "ulcer_index": 12.983972402472599,
    "upi": 0.5002469123824498,
    "us_allocation": 74
}