{
    "beta": 0.7650900944930555,
    "cagr": 0.10071941553033703,
    "end_val": 857346.7583182633,
    "max_drawdown": -0.5923000801419199,
    "mwrr": 0.10071941553033703,
    "sharpe": 0.3239804031790555,
    "sortino": 0.45529167850574864,
    "std": 0.16538600720813232,
    "ulcer_index": 14.213997700655447,
    "upi": 0.37701120449556713,
    "us_allocation": 34
}