{
    "beta": 0.9120565112417607,
    "cagr": 0.1165067260897199,
    "end_val": 1659711.2563523257,
    "max_drawdown": -0.5596494106152852,
    "mwrr": 0.1165067260897199,
    "sharpe": 0.4049112087911739,
    "sortino": 0.5645034707056729,
    "std": 0.16748422361021648,
    "ulcer_index": 12.885258014582979,
    "upi": 0.5263765024327305,
    "us_allocation": 86
}