{
    "beta": 0.8300697448458558,
    "cagr": 0.10830985577698193,
    "end_val": 1179219.6746470032,
    "max_drawdown": -0.5773735909698458,
    "mwrr": 0.10830985577698193,
    "sharpe": 0.3728791520239989,
    "sortino": 0.5220894503314272,
    "std": 0.16211854114448987,
    "ulcer_index": 13.367514640820074,
    "upi": 0.4522801610713615,
    "us_allocation": 57
}