{
    "beta": 0.767917624633401,
    "cagr": 0.10106930828543548,
    "end_val": 870079.6029757368,
    "max_drawdown": -0.5916572308063128,
    "mwrr": 0.10106930828543548,
    "sharpe": 0.3264555633555542,
    "sortino": 0.4587094993101118,
    "std": 0.16510512667358448,
    "ulcer_index": 14.165640389431672,
    "upi": 0.3805412139082021,
    "us_allocation": 35
}