{
    "beta": 0.7396247810361478,
    "cagr": 0.0974892077771099,
    "end_val": 748087.7938728262,
    "max_drawdown": -0.5980612520271182,
    "mwrr": 0.0974892077771099,
    "sharpe": 0.3006210699107435,
    "sortino": 0.42290978936201745,
    "std": 0.1684659030899094,
    "ulcer_index": 14.705328804024674,
    "upi": 0.3444346414986128,
    "us_allocation": 25
}