{
    "beta": 0.9092242639612669,
    "cagr": 0.11624992447056637,
    "end_val": 1642096.4256244209,
    "max_drawdown": -0.5601335779014459,
    "mwrr": 0.11624992447056637,
    "sharpe": 0.4043921585694465,
    "sortino": 0.5638443258906778,
    "std": 0.16713055565971802,
    "ulcer_index": 12.888900738205606,
    "upi": 0.5244435963555357,
    "us_allocation": 85
}