{
    "beta": 0.708444626115295,
    "cagr": 0.09334263889853833,
    "end_val": 627620.9468012619,
    "max_drawdown": -0.6050437808309181,
    "mwrr": 0.09334263889853833,
    "sharpe": 0.2700322043469118,
    "sortino": 0.38027671864962886,
    "std": 0.17353840672490242,
    "ulcer_index": 15.463429333209202,
    "upi": 0.3030759114896577,
    "us_allocation": 14
}