{
    "beta": 0.6970870452872898,
    "cagr": 0.09178055676767838,
    "end_val": 587348.4396343464,
    "max_drawdown": -0.6075670960613978,
    "mwrr": 0.09178055676767838,
    "sharpe": 0.2585401443003951,
    "sortino": 0.3642092279242726,
    "std": 0.1757248913660688,
    "ulcer_index": 15.78209254606774,
    "upi": 0.2878996699934709,
    "us_allocation": 10
}