{
    "beta": 0.9007305975808061,
    "cagr": 0.11546834126850247,
    "end_val": 1589603.2181187554,
    "max_drawdown": -0.5615873673095944,
    "mwrr": 0.11546834126850247,
    "sharpe": 0.4025911793385869,
    "sortino": 0.5615377388579301,
    "std": 0.16613900499202985,
    "ulcer_index": 12.902780878924968,
    "upi": 0.5184526469449373,
    "us_allocation": 82
}