{
    "beta": 0.7311280137152907,
    "cagr": 0.09637999701116917,
    "end_val": 713809.8170216661,
    "max_drawdown": -0.5999719475064256,
    "mwrr": 0.09637999701116917,
    "sharpe": 0.29246307186781745,
    "sortino": 0.41155964240630455,
    "std": 0.16970939725170148,
    "ulcer_index": 14.895882904061787,
    "upi": 0.3332420172183664,
    "us_allocation": 22
}