{
    "beta": 0.7339607942235008,
    "cagr": 0.09675153877669929,
    "end_val": 725116.8101390093,
    "max_drawdown": -0.5993355832837514,
    "mwrr": 0.09675153877669929,
    "sharpe": 0.29520013112319227,
    "sortino": 0.4153693122948006,
    "std": 0.1692830536063087,
    "ulcer_index": 14.831274022971435,
    "upi": 0.3369775783281791,
    "us_allocation": 23
}