{
    "beta": 0.8328939426968969,
    "cagr": 0.10861813980597357,
    "end_val": 1194530.651805931,
    "max_drawdown": -0.5767178086554062,
    "mwrr": 0.10861813980597357,
    "sharpe": 0.374569126504959,
    "sortino": 0.5243651918021959,
    "std": 0.16212925347074092,
    "ulcer_index": 13.33990890934024,
    "upi": 0.4553003616578202,
    "us_allocation": 58
}