{
    "beta": 0.6914037958062317,
    "cagr": 0.09098864652658878,
    "end_val": 567909.1473854557,
    "max_drawdown": -0.6088256348225481,
    "mwrr": 0.09098864652658878,
    "sharpe": 0.25274559958584714,
    "sortino": 0.3560982451163109,
    "std": 0.1768841921370731,
    "ulcer_index": 15.947691902441953,
    "upi": 0.28036155817240127,
    "us_allocation": 8
}