{
    "beta": 0.7707448263821814,
    "cagr": 0.1014173969715777,
    "end_val": 882930.329029608,
    "max_drawdown": -0.5910138331743322,
    "mwrr": 0.1014173969715777,
    "sharpe": 0.3289038164051953,
    "sortino": 0.46208701294714194,
    "std": 0.16483667412764968,
    "ulcer_index": 14.119625518500715,
    "upi": 0.3840193727986674,
    "us_allocation": 36
}