{
    "beta": 0.8583162623335474,
    "cagr": 0.11131073054525364,
    "end_val": 1336795.004578186,
    "max_drawdown": -0.5707895881800369,
    "mwrr": 0.11131073054525364,
    "sharpe": 0.38792917321176557,
    "sortino": 0.5422556225016968,
    "std": 0.16279612604738278,
    "ulcer_index": 13.118048939654068,
    "upi": 0.48148752796140437,
    "us_allocation": 67
}