{
    "beta": 0.674334513396323,
    "cagr": 0.08856935801043964,
    "end_val": 512339.93335204123,
    "max_drawdown": -0.6125888814651843,
    "mwrr": 0.08856935801043964,
    "sharpe": 0.23523396515335354,
    "sortino": 0.33155226961735185,
    "std": 0.18061940125571443,
    "ulcer_index": 16.480890672720015,
    "upi": 0.25782496573922475,
    "us_allocation": 2
}