{
    "beta": 0.7961776180962907,
    "cagr": 0.1044689698735759,
    "end_val": 1003833.4108247096,
    "max_drawdown": -0.5851983755855105,
    "mwrr": 0.1044689698735759,
    "sharpe": 0.3496063082652888,
    "sortino": 0.49050443285875933,
    "std": 0.16298549900141243,
    "ulcer_index": 13.758251116408061,
    "upi": 0.4142101052605782,
    "us_allocation": 45
}