{
    "beta": 0.8215973179829211,
    "cagr": 0.1073741045457055,
    "end_val": 1133911.9892325548,
    "max_drawdown": -0.5793374828633044,
    "mwrr": 0.1073741045457055,
    "sharpe": 0.3675708582540583,
    "sortino": 0.5149245872218515,
    "std": 0.16216291550454975,
    "ulcer_index": 13.453780573109071,
    "upi": 0.44310371582401786,
    "us_allocation": 54
}