{
    "beta": 0.7367930443377904,
    "cagr": 0.09712127560477768,
    "end_val": 736542.7810944526,
    "max_drawdown": -0.598698685181818,
    "mwrr": 0.09712127560477768,
    "sharpe": 0.29791972868687655,
    "sortino": 0.4191530769817184,
    "std": 0.1688685359248121,
    "ulcer_index": 14.767741541917829,
    "upi": 0.34070907766567693,
    "us_allocation": 24
}