{
    "beta": 0.671486596399469,
    "cagr": 0.08815978093045418,
    "end_val": 503474.3159414861,
    "max_drawdown": -0.6132142967465788,
    "mwrr": 0.08815978093045418,
    "sharpe": 0.2323035230221958,
    "sortino": 0.32744039777842554,
    "std": 0.18127869024191562,
    "ulcer_index": 16.57481590443296,
    "upi": 0.25409413689528443,
    "us_allocation": 1
}