{
    "beta": 0.9035613251608344,
    "cagr": 0.11573072972771814,
    "end_val": 1607040.17714439,
    "max_drawdown": -0.5611025572647357,
    "mwrr": 0.11573072972771814,
    "sharpe": 0.40323242635463985,
    "sortino": 0.5623618199779248,
    "std": 0.16645787917381713,
    "ulcer_index": 12.897607406728062,
    "upi": 0.5204836122307972,
    "us_allocation": 83
}