{
    "beta": 0.7141192371381568,
    "cagr": 0.0941128222056904,
    "end_val": 648459.5602289527,
    "max_drawdown": -0.6037789864729176,
    "mwrr": 0.0941128222056904,
    "sharpe": 0.2757181269252908,
    "sortino": 0.38821667246815167,
    "std": 0.1725123478328186,
    "ulcer_index": 15.310616528392439,
    "upi": 0.3106988652852489,
    "us_allocation": 16
}