{
    "beta": 0.7537763553735973,
    "cagr": 0.09930180601194105,
    "end_val": 807598.8284732552,
    "max_drawdown": -0.5948660190387539,
    "mwrr": 0.09930180601194105,
    "sharpe": 0.31382605755151216,
    "sortino": 0.4412406088649543,
    "std": 0.16663297204445054,
    "ulcer_index": 14.419945587760804,
    "upi": 0.36269210771853805,
    "us_allocation": 30
}