{
    "beta": 0.7481170799453796,
    "cagr": 0.09858217860916496,
    "end_val": 783437.3194518867,
    "max_drawdown": -0.5961457304363661,
    "mwrr": 0.09858217860916496,
    "sharpe": 0.30860759095600715,
    "sortino": 0.43400389047905175,
    "std": 0.16732988132731472,
    "ulcer_index": 14.530421357163554,
    "upi": 0.35542914871839215,
    "us_allocation": 28
}