{
    "beta": 0.6999275289386413,
    "cagr": 0.09217379345372168,
    "end_val": 597241.7805258841,
    "max_drawdown": -0.6069370486355964,
    "mwrr": 0.09217379345372168,
    "sharpe": 0.26142635675845,
    "sortino": 0.3682469465795898,
    "std": 0.17516164894028266,
    "ulcer_index": 15.70092326494965,
    "upi": 0.29168096403999627,
    "us_allocation": 11
}