{
    "beta": 0.852665835668912,
    "cagr": 0.11072515073402589,
    "end_val": 1304509.5915198037,
    "max_drawdown": -0.5721110687455652,
    "mwrr": 0.11072515073402589,
    "sharpe": 0.38525262162833857,
    "sortino": 0.5386866110090794,
    "std": 0.16255964135392934,
    "ulcer_index": 13.163203137091562,
    "upi": 0.4758329795400271,
    "us_allocation": 65
}