{
    "beta": 0.9460910763126842,
    "cagr": 0.11944197160162329,
    "end_val": 1874659.0844737843,
    "max_drawdown": -0.5538565685872714,
    "mwrr": 0.11944197160162329,
    "sharpe": 0.4081133814910767,
    "sortino": 0.5683630210296504,
    "std": 0.17260139060187896,
    "ulcer_index": 12.894814907259555,
    "upi": 0.5463404113570889,
    "us_allocation": 98
}