{
    "beta": 0.8357181963538604,
    "cagr": 0.10892460555887884,
    "end_val": 1209944.0596582866,
    "max_drawdown": -0.5760614482393044,
    "mwrr": 0.10892460555887884,
    "sharpe": 0.37621875850047737,
    "sortino": 0.5265840284852684,
    "std": 0.16215269703176788,
    "ulcer_index": 13.312794295557353,
    "upi": 0.4583032848894641,
    "us_allocation": 59
}