{
    "beta": 0.8667935090879382,
    "cagr": 0.11217537204708616,
    "end_val": 1385900.2713445788,
    "max_drawdown": -0.5688029342189885,
    "mwrr": 0.11217537204708616,
    "sharpe": 0.3916258993704649,
    "sortino": 0.5471681240738577,
    "std": 0.1632445014175181,
    "ulcer_index": 13.054330383882567,
    "upi": 0.4897935576869214,
    "us_allocation": 70
}