{
    "beta": 0.7169555585677174,
    "cagr": 0.0944952016223417,
    "end_val": 659055.4677268905,
    "max_drawdown": -0.6031458011580236,
    "mwrr": 0.0944952016223417,
    "sharpe": 0.2785434544856196,
    "sortino": 0.3921594603499481,
    "std": 0.17201635478044222,
    "ulcer_index": 15.235873778552556,
    "upi": 0.3145158633084838,
    "us_allocation": 17
}