{
    "beta": 0.7933526211024998,
    "cagr": 0.1041371304882146,
    "end_val": 989938.6017646168,
    "max_drawdown": -0.5858467641097086,
    "mwrr": 0.1041371304882146,
    "sharpe": 0.34743284942251557,
    "sortino": 0.48753394720403287,
    "std": 0.16314062713778063,
    "ulcer_index": 13.795882309185446,
    "upi": 0.41090271985664145,
    "us_allocation": 44
}