{
    "beta": 0.8103005117166047,
    "cagr": 0.10610104057081049,
    "end_val": 1074997.1206615246,
    "max_drawdown": -0.5819479937326748,
    "mwrr": 0.10610104057081049,
    "sharpe": 0.3599527281847638,
    "sortino": 0.504598829565647,
    "std": 0.16240086108634258,
    "ulcer_index": 13.579818405250585,
    "upi": 0.4305230548299765,
    "us_allocation": 50
}