{
    "beta": 0.9318984640528658,
    "cagr": 0.11825191849467087,
    "end_val": 1784414.0796035163,
    "max_drawdown": -0.55626635324606,
    "mwrr": 0.11825191849467087,
    "sharpe": 0.4074401312010838,
    "sortino": 0.5676355617898304,
    "std": 0.17027680560594335,
    "ulcer_index": 12.87958474278093,
    "upi": 0.5387309653521428,
    "us_allocation": 93
}