{
    "beta": 0.9404118649608134,
    "cagr": 0.11897163013196188,
    "end_val": 1838470.3222867292,
    "max_drawdown": -0.5548198035287285,
    "mwrr": 0.11897163013196188,
    "sharpe": 0.4079531738116861,
    "sortino": 0.5682168096676342,
    "std": 0.17163933439908602,
    "ulcer_index": 12.886655086805849,
    "upi": 0.5434264068800672,
    "us_allocation": 96
}