{
    "beta": 0.8498408923866589,
    "cagr": 0.11042961960103392,
    "end_val": 1288506.6947599705,
    "max_drawdown": -0.5727709266481505,
    "mwrr": 0.11042961960103392,
    "sharpe": 0.3838510951122123,
    "sortino": 0.5368144549684616,
    "std": 0.16246023397552478,
    "ulcer_index": 13.186605859592989,
    "upi": 0.4729711040383373,
    "us_allocation": 64
}