{
    "beta": 0.7877020755291048,
    "cagr": 0.10346803097646307,
    "end_val": 962491.863359515,
    "max_drawdown": -0.5871418636175263,
    "mwrr": 0.10346803097646307,
    "sharpe": 0.3429867412733636,
    "sortino": 0.481447782533587,
    "std": 0.16348895083675952,
    "ulcer_index": 13.87296538166184,
    "upi": 0.4042513635416224,
    "us_allocation": 42
}