{
    "beta": 0.8809276858762061,
    "cagr": 0.11357972602267696,
    "end_val": 1469442.88517554,
    "max_drawdown": -0.5654799272129045,
    "mwrr": 0.11357972602267696,
    "sharpe": 0.3969353631079292,
    "sortino": 0.5541768385558222,
    "std": 0.1642387812801483,
    "ulcer_index": 12.968978562556254,
    "upi": 0.5027442505567568,
    "us_allocation": 75
}