{
    "beta": 0.6771815327683477,
    "cagr": 0.08897711556208177,
    "end_val": 521317.8359668268,
    "max_drawdown": -0.6119629558416393,
    "mwrr": 0.08897711556208177,
    "sharpe": 0.23816207382363702,
    "sortino": 0.3356597166781566,
    "std": 0.17997049058066256,
    "ulcer_index": 16.387870353738144,
    "upi": 0.26157306203165126,
    "us_allocation": 3
}