{
    "beta": 0.6885609946754805,
    "cagr": 0.09058997131968294,
    "end_val": 558362.3978673447,
    "max_drawdown": -0.6094541283660776,
    "mwrr": 0.09058997131968294,
    "sharpe": 0.2498386557642172,
    "sortino": 0.35202697769214886,
    "std": 0.17748010643756298,
    "ulcer_index": 16.032180068969062,
    "upi": 0.2766049854101896,
    "us_allocation": 7
}