{
    "beta": 0.7990024534426399,
    "cagr": 0.10479900164826694,
    "end_val": 1017841.7366954482,
    "max_drawdown": -0.584549426170945,
    "mwrr": 0.10479900164826694,
    "sharpe": 0.3517458491373472,
    "sortino": 0.49342520809792895,
    "std": 0.1628430853884501,
    "ulcer_index": 13.721272529202203,
    "upi": 0.41750319487293286,
    "us_allocation": 46
}