{
    "beta": 0.8752730965289618,
    "cagr": 0.11302350187126842,
    "end_val": 1435780.7544122674,
    "max_drawdown": -0.566810926242144,
    "mwrr": 0.11302350187126842,
    "sharpe": 0.39493934703010175,
    "sortino": 0.5515503304666791,
    "std": 0.16380429326052187,
    "ulcer_index": 13.000372135652697,
    "upi": 0.49768830498767,
    "us_allocation": 73
}