{
    "beta": 0.7622622192407313,
    "cagr": 0.10036771884483864,
    "end_val": 844732.0501076696,
    "max_drawdown": -0.5929423824109952,
    "mwrr": 0.10036771884483864,
    "sharpe": 0.32147909885757964,
    "sortino": 0.4518346803356033,
    "std": 0.16567927532357185,
    "ulcer_index": 14.26378792367609,
    "upi": 0.3734554122322676,
    "us_allocation": 33
}