{
    "beta": 0.8441914607841476,
    "cagr": 0.10983308178516715,
    "end_val": 1256787.396860005,
    "max_drawdown": -0.5740888847011094,
    "mwrr": 0.10983308178516715,
    "sharpe": 0.3809224179847131,
    "sortino": 0.5328957057406286,
    "std": 0.16229924177879226,
    "ulcer_index": 13.235038250644015,
    "upi": 0.467181401543293,
    "us_allocation": 62
}