{
    "beta": 0.7282946858013508,
    "cagr": 0.09600664998873132,
    "end_val": 702621.711502909,
    "max_drawdown": -0.6006077790183915,
    "mwrr": 0.09600664998873132,
    "sharpe": 0.2897093432122026,
    "sortino": 0.40772509952687647,
    "std": 0.1701475066533959,
    "ulcer_index": 14.961346014940338,
    "upi": 0.32950813260417555,
    "us_allocation": 21
}