{
    "beta": 0.818773175315248,
    "cagr": 0.10705855771101924,
    "end_val": 1119021.1973671927,
    "max_drawdown": -0.5799909663015476,
    "mwrr": 0.10705855771101924,
    "sharpe": 0.3657233209805468,
    "sortino": 0.5124249783332543,
    "std": 0.16220323959897268,
    "ulcer_index": 13.484071902054538,
    "upi": 0.4399953786086883,
    "us_allocation": 53
}