{
    "beta": 0.8979003406206749,
    "cagr": 0.11520409510573981,
    "end_val": 1572229.9340261708,
    "max_drawdown": -0.562094830637266,
    "mwrr": 0.11520409510573981,
    "sharpe": 0.40190866659368424,
    "sortino": 0.5606577042861169,
    "std": 0.16583186080781775,
    "ulcer_index": 12.90905422522039,
    "upi": 0.5163659781185381,
    "us_allocation": 81
}