{
    "beta": 0.7594339821410718,
    "cagr": 0.10001421832881507,
    "end_val": 832235.702137742,
    "max_drawdown": -0.593584138838124,
    "mwrr": 0.10001421832881507,
    "sharpe": 0.3189524208666624,
    "sortino": 0.4483397142958864,
    "std": 0.16598488865596495,
    "ulcer_index": 14.314655718292613,
    "upi": 0.3698843447902047,
    "us_allocation": 32
}