{
    "beta": 0.8272455859752208,
    "cagr": 0.10799975454455857,
    "end_val": 1164012.2144048,
    "max_drawdown": -0.578028796541611,
    "mwrr": 0.10799975454455857,
    "sharpe": 0.37114919113945716,
    "sortino": 0.5197572042548758,
    "std": 0.16212057368863353,
    "ulcer_index": 13.395609815444082,
    "upi": 0.44924317501980676,
    "us_allocation": 56
}