{
    "beta": 0.8018271438057643,
    "cagr": 0.10512722523922369,
    "end_val": 1031962.9523106967,
    "max_drawdown": -0.5838999145764118,
    "mwrr": 0.10512722523922369,
    "sharpe": 0.3538508528429386,
    "sortino": 0.4962956820784556,
    "std": 0.16271340235887985,
    "ulcer_index": 13.684876035900524,
    "upi": 0.4207835770463592,
    "us_allocation": 47
}