{
    "beta": 0.8865836626560867,
    "cagr": 0.11412857666742715,
    "end_val": 1503415.2355297373,
    "max_drawdown": -0.5642071746721868,
    "mwrr": 0.11412857666742715,
    "sharpe": 0.3987615855899325,
    "sortino": 0.5565686109342218,
    "std": 0.16472183421351358,
    "ulcer_index": 12.942199210047987,
    "upi": 0.5075906231073732,
    "us_allocation": 77
}