{
    "beta": 0.9375733614640781,
    "cagr": 0.11873361653023484,
    "end_val": 1820418.5831035434,
    "max_drawdown": -0.5553017615105064,
    "mwrr": 0.11873361653023484,
    "sharpe": 0.4078189717578553,
    "sortino": 0.5680719087159184,
    "std": 0.17117433917648445,
    "ulcer_index": 12.883912339165946,
    "upi": 0.5418915355807281,
    "us_allocation": 95
}