{
    "beta": 0.9262262541044352,
    "cagr": 0.11776267852671274,
    "end_val": 1748559.287607728,
    "max_drawdown": -0.5572318390457838,
    "mwrr": 0.11776267852671274,
    "sharpe": 0.4069111816170628,
    "sortino": 0.5669995891217781,
    "std": 0.16942306175807942,
    "ulcer_index": 12.87837977961034,
    "upi": 0.5353845809348884,
    "us_allocation": 91
}