{
    "beta": 0.8244214492817549,
    "cagr": 0.10768783713844132,
    "end_val": 1148909.3171736551,
    "max_drawdown": -0.5786834267237289,
    "mwrr": 0.10768783713844132,
    "sharpe": 0.3693796247636301,
    "sortino": 0.517368798357135,
    "std": 0.16213536225529082,
    "ulcer_index": 13.424356203814147,
    "upi": 0.44618446063781375,
    "us_allocation": 55
}