{
    "beta": 0.9177226522427536,
    "cagr": 0.11701472576083116,
    "end_val": 1695102.8494257927,
    "max_drawdown": -0.5586817259363113,
    "mwrr": 0.11701472576083116,
    "sharpe": 0.40582922486972484,
    "sortino": 0.5656602701401834,
    "std": 0.16822587345332596,
    "ulcer_index": 12.880200850017356,
    "upi": 0.530113686097195,
    "us_allocation": 88
}