{
    "beta": 0.8639675230702457,
    "cagr": 0.11188899068083824,
    "end_val": 1369443.5808767674,
    "max_drawdown": -0.5694657451836973,
    "mwrr": 0.11188899068083824,
    "sharpe": 0.3904361916444234,
    "sortino": 0.5455895499440596,
    "std": 0.16308260704761599,
    "ulcer_index": 13.074819113885638,
    "upi": 0.48705696912139834,
    "us_allocation": 69
}