{
    "beta": 0.8470161064229202,
    "cagr": 0.11013226283942124,
    "end_val": 1272598.8521754178,
    "max_drawdown": -0.5734301981681883,
    "mwrr": 0.11013226283942124,
    "sharpe": 0.3824076266769358,
    "sortino": 0.5348840778843813,
    "std": 0.16237342472047378,
    "ulcer_index": 13.210505198764878,
    "upi": 0.4700887130083661,
    "us_allocation": 63
}