{
    "beta": 0.7424560212645168,
    "cagr": 0.09785533553759285,
    "end_val": 759751.8857409479,
    "max_drawdown": -0.597423282641155,
    "mwrr": 0.09785533553759285,
    "sharpe": 0.303303358605475,
    "sortino": 0.42663818789806196,
    "std": 0.16807521259775565,
    "ulcer_index": 14.644902107061775,
    "upi": 0.3481327581021049,
    "us_allocation": 26
}