{
    "beta": 0.906392541289143,
    "cagr": 0.1159912582303011,
    "end_val": 1624538.6486644067,
    "max_drawdown": -0.5606179604571233,
    "mwrr": 0.1159912582303011,
    "sharpe": 0.4038326616831902,
    "sortino": 0.563130531437074,
    "std": 0.1667884182337349,
    "ulcer_index": 12.892981853854835,
    "upi": 0.5224806474815699,
    "us_allocation": 84
}