{
    "beta": 0.7254607934342553,
    "cagr": 0.09563149735223164,
    "end_val": 691552.3775527677,
    "max_drawdown": -0.601243078983264,
    "mwrr": 0.09563149735223164,
    "sharpe": 0.2869397343034907,
    "sortino": 0.40386666540408306,
    "std": 0.17059732034093097,
    "ulcer_index": 15.027671907550058,
    "upi": 0.325776340081016,
    "us_allocation": 20
}