{
    "beta": 0.923391110262475,
    "cagr": 0.11751523729100066,
    "end_val": 1730694.5230112143,
    "max_drawdown": -0.5577149146189505,
    "mwrr": 0.11751523729100066,
    "sharpe": 0.40658938830916547,
    "sortino": 0.5666051787831282,
    "std": 0.1690128008676755,
    "ulcer_index": 12.87846524364226,
    "upi": 0.533662484607603,
    "us_allocation": 90
}