{
    "beta": 0.7566053664421124,
    "cagr": 0.09965891404356952,
    "end_val": 819857.907388693,
    "max_drawdown": -0.5942253506426599,
    "mwrr": 0.09965891404356952,
    "sharpe": 0.3164011462251469,
    "sortino": 0.44480794453024225,
    "std": 0.1663028029365086,
    "ulcer_index": 14.366540130417794,
    "upi": 0.36630051106722733,
    "us_allocation": 31
}