{
    "beta": 0.7820506834396885,
    "cagr": 0.10279170689484296,
    "end_val": 935505.8276711921,
    "max_drawdown": -0.5884347349001295,
    "mwrr": 0.10279170689484296,
    "sharpe": 0.33841281313588056,
    "sortino": 0.47517307534388803,
    "std": 0.1638878807867413,
    "ulcer_index": 13.952669343701437,
    "upi": 0.3975492372860459,
    "us_allocation": 40
}