{
    "beta": 0.8894122151433506,
    "cagr": 0.11440023214837503,
    "end_val": 1520513.0869429186,
    "max_drawdown": -0.5636790205278194,
    "mwrr": 0.11440023214837503,
    "sharpe": 0.39961129518850236,
    "sortino": 0.5576771059062291,
    "std": 0.16498143723782424,
    "ulcer_index": 12.932434737963884,
    "upi": 0.509858448928724,
    "us_allocation": 78
}