{
    "beta": 0.8413669385089015,
    "cagr": 0.1095320777296327,
    "end_val": 1241073.6200826745,
    "max_drawdown": -0.5747469876361855,
    "mwrr": 0.1095320777296327,
    "sharpe": 0.3793956968410855,
    "sortino": 0.530849515180641,
    "std": 0.162237710970611,
    "ulcer_index": 13.260321604512516,
    "upi": 0.46424564144595437,
    "us_allocation": 61
}