{
    "beta": 0.6828729509151491,
    "cagr": 0.08978717632244271,
    "end_val": 539612.5512705998,
    "max_drawdown": -0.6107095692650837,
    "mwrr": 0.08978717632244271,
    "sharpe": 0.2440088123732923,
    "sortino": 0.3438577966976617,
    "std": 0.1787040995928278,
    "ulcer_index": 16.20739636334303,
    "upi": 0.26907244642960565,
    "us_allocation": 5
}