{
    "beta": 0.9489318223598247,
    "cagr": 0.11967429332777835,
    "end_val": 1892790.5008774519,
    "max_drawdown": -0.5533752937366783,
    "mwrr": 0.11967429332777835,
    "sharpe": 0.40814031207088963,
    "sortino": 0.5683654589149271,
    "std": 0.1730982934797529,
    "ulcer_index": 12.901125840502637,
    "upi": 0.5476810642259391,
    "us_allocation": 99
}