{
    "beta": 0.8131247889051393,
    "cagr": 0.10642202488385677,
    "end_val": 1089562.8935259688,
    "max_drawdown": -0.5812962204096098,
    "mwrr": 0.10642202488385677,
    "sharpe": 0.3619137687917577,
    "sortino": 0.507261424869379,
    "std": 0.16232221247440493,
    "ulcer_index": 13.546940026682114,
    "upi": 0.43370914389302095,
    "us_allocation": 51
}