{
    "beta": 0.7197912469620382,
    "cagr": 0.09487577362022992,
    "end_val": 669769.4340769253,
    "max_drawdown": -0.602512088901682,
    "mwrr": 0.09487577362022992,
    "sharpe": 0.2813560120316344,
    "sortino": 0.39608273669248195,
    "std": 0.17153180875134807,
    "ulcer_index": 15.163681857050976,
    "upi": 0.31830525217831473,
    "us_allocation": 18
}