{
    "beta": 0.7905274458000464,
    "cagr": 0.1038034840249571,
    "end_val": 976157.9007057403,
    "max_drawdown": -0.5864945930275572,
    "mwrr": 0.1038034840249571,
    "sharpe": 0.34522610930401976,
    "sortino": 0.48451476752210093,
    "std": 0.16330845135135147,
    "ulcer_index": 13.83407334572667,
    "upi": 0.40758434882066563,
    "us_allocation": 43
}