{
    "beta": 0.8922411671709225,
    "cagr": 0.1146700384218835,
    "end_val": 1537682.8174291395,
    "max_drawdown": -0.5631509113623578,
    "mwrr": 0.1146700384218835,
    "sharpe": 0.40041892766534976,
    "sortino": 0.5587278674909846,
    "std": 0.16525301557232752,
    "ulcer_index": 12.924126954064725,
    "upi": 0.5120586848670777,
    "us_allocation": 79
}