{
    "beta": 0.8046517058544751,
    "cagr": 0.10545364003290847,
    "end_val": 1046196.394337887,
    "max_drawdown": -0.5832498395067017,
    "mwrr": 0.10545364003290847,
    "sharpe": 0.3559207184906078,
    "sortino": 0.49911522767749456,
    "std": 0.16259646356216012,
    "ulcer_index": 13.649106980512617,
    "upi": 0.4240493286374535,
    "us_allocation": 48
}