{
    "beta": 0.70560630187438,
    "cagr": 0.09295483380556502,
    "end_val": 617377.6963549239,
    "max_drawdown": -0.60567539213838,
    "mwrr": 0.09295483380556502,
    "sharpe": 0.2671731116981381,
    "sortino": 0.37628170561543517,
    "std": 0.17406833626359747,
    "ulcer_index": 15.541513613153118,
    "upi": 0.29927117465091524,
    "us_allocation": 13
}