{
    "beta": 0.7112822654205246,
    "cagr": 0.09372863482525706,
    "end_val": 637981.4735849221,
    "max_drawdown": -0.604411645985697,
    "mwrr": 0.09372863482525706,
    "sharpe": 0.2728807918290259,
    "sortino": 0.3842554020188594,
    "std": 0.17301972106000324,
    "ulcer_index": 15.386420033572934,
    "upi": 0.30688626065949026,
    "us_allocation": 15
}