{
    "beta": 0.7763983115219544,
    "cagr": 0.10210816138864542,
    "end_val": 908984.2462045352,
    "max_drawdown": -0.5897253880754043,
    "mwrr": 0.10210816138864542,
    "sharpe": 0.3337165923605241,
    "sortino": 0.4687169566402888,
    "std": 0.16433720455521533,
    "ulcer_index": 14.034871790112486,
    "upi": 0.39080430064818217,
    "us_allocation": 38
}