{
    "beta": 0.7509469321453117,
    "cagr": 0.09894289421840385,
    "end_val": 795458.5980854318,
    "max_drawdown": -0.59550614523538,
    "mwrr": 0.09894289421840385,
    "sharpe": 0.311227942124507,
    "sortino": 0.43763891260732807,
    "std": 0.1669753480614588,
    "ulcer_index": 14.474652298616613,
    "upi": 0.35906598484474206,
    "us_allocation": 29
}