{
    "beta": 0.9290620325003918,
    "cagr": 0.11800823984321829,
    "end_val": 1766466.6607352768,
    "max_drawdown": -0.5567489849087945,
    "mwrr": 0.11800823984321829,
    "sharpe": 0.4071946287140935,
    "sortino": 0.5673428507716965,
    "std": 0.1698444217883854,
    "ulcer_index": 12.878698084444443,
    "upi": 0.537076425046216,
    "us_allocation": 92
}