{
    "beta": 0.8950705364172942,
    "cagr": 0.11493799344041222,
    "end_val": 1554922.4427060024,
    "max_drawdown": -0.5626228478425411,
    "mwrr": 0.11493799344041222,
    "sharpe": 0.40118465393438085,
    "sortino": 0.5597212564093851,
    "std": 0.16553651028547045,
    "ulcer_index": 12.916326223255927,
    "upi": 0.5142282557849747,
    "us_allocation": 80
}