{
    "beta": 0.6857173856477379,
    "cagr": 0.09018948155817896,
    "end_val": 548930.3481888097,
    "max_drawdown": -0.6100821061493753,
    "mwrr": 0.09018948155817896,
    "sharpe": 0.24692617139914924,
    "sortino": 0.3479465016278951,
    "std": 0.1780867665962468,
    "ulcer_index": 16.119329815351023,
    "upi": 0.2728315893401907,
    "us_allocation": 6
}