{
    "beta": 0.8724462785295081,
    "cagr": 0.11274262932348322,
    "end_val": 1419070.5121413746,
    "max_drawdown": -0.5674755261909362,
    "mwrr": 0.11274262932348322,
    "sharpe": 0.3938774843978303,
    "sortino": 0.5501486398625871,
    "std": 0.16360538938367847,
    "ulcer_index": 13.01767879114576,
    "upi": 0.49508846768419384,
    "us_allocation": 72
}