{
    "beta": 0.869619755152695,
    "cagr": 0.11245991881380357,
    "end_val": 1402443.125855337,
    "max_drawdown": -0.568139528367903,
    "mwrr": 0.11245991881380357,
    "sharpe": 0.3927730036037096,
    "sortino": 0.5486878655268128,
    "std": 0.16341877680472439,
    "ulcer_index": 13.035474297845564,
    "upi": 0.49246390328019407,
    "us_allocation": 71
}