{
    "beta": 0.7027672752991794,
    "cagr": 0.092565218888915,
    "end_val": 607251.4166586869,
    "max_drawdown": -0.6063064810331514,
    "mwrr": 0.092565218888915,
    "sharpe": 0.26430425260613094,
    "sortino": 0.3722714458575512,
    "std": 0.17460944034671091,
    "ulcer_index": 15.620742499620151,
    "upi": 0.2954714188174479,
    "us_allocation": 12
}