{
    "beta": 0.8385425226661954,
    "cagr": 0.10922925191986232,
    "end_val": 1225458.7715466076,
    "max_drawdown": -0.5754045083565653,
    "mwrr": 0.10922925191986232,
    "sharpe": 0.37782771709665064,
    "sortino": 0.5287455617840635,
    "std": 0.16218885572002598,
    "ulcer_index": 13.286197522310928,
    "upi": 0.4612875671193434,
    "us_allocation": 60
}