{
    "beta": 0.7792246282939493,
    "cagr": 0.1024508366479624,
    "end_val": 922186.7669982077,
    "max_drawdown": -0.589080338122221,
    "mwrr": 0.1024508366479624,
    "sharpe": 0.33607963531714186,
    "sortino": 0.4719672356834991,
    "std": 0.1641062581251666,
    "ulcer_index": 13.993403931250109,
    "upi": 0.39418338316585594,
    "us_allocation": 39
}