{
    "beta": 0.6800276726031547,
    "cagr": 0.08938305465531493,
    "end_val": 530408.5416563615,
    "max_drawdown": -0.6113365188013061,
    "mwrr": 0.08938305465531493,
    "sharpe": 0.2410872326199994,
    "sortino": 0.3397618698951832,
    "std": 0.17933203210855814,
    "ulcer_index": 16.296355750429605,
    "upi": 0.2653283329140482,
    "us_allocation": 4
}