{
    "beta": 0.8159490045327095,
    "cagr": 0.10674119753688083,
    "end_val": 1104237.8691996187,
    "max_drawdown": -0.5806438783738096,
    "mwrr": 0.10674119753688083,
    "sharpe": 0.3638374658513318,
    "sortino": 0.5098703862070468,
    "std": 0.16225633820116378,
    "ulcer_index": 13.515199187490554,
    "upi": 0.4368612301913693,
    "us_allocation": 52
}