{
    "beta": 0.7452867819385531,
    "cagr": 0.09821965909225039,
    "end_val": 771535.0667854436,
    "max_drawdown": -0.5967847758404204,
    "mwrr": 0.09821965909225039,
    "sharpe": 0.30596579787157624,
    "sortino": 0.43033663496373364,
    "std": 0.1676965204968126,
    "ulcer_index": 14.587192939056287,
    "upi": 0.3517839474114314,
    "us_allocation": 27
}