{
    "beta": 0.9347355674492812,
    "cagr": 0.11849371167758993,
    "end_val": 1802398.9373351408,
    "max_drawdown": -0.5557839450986215,
    "mwrr": 0.11849371167758993,
    "sharpe": 0.4076481034293321,
    "sortino": 0.5678783734267319,
    "std": 0.17072013704221808,
    "ulcer_index": 12.881549617026382,
    "upi": 0.54032659233451,
    "us_allocation": 94
}