{
    "beta": 0.807476156263807,
    "cagr": 0.10577824537512281,
    "end_val": 1060541.3627929855,
    "max_drawdown": -0.5825991996609637,
    "mwrr": 0.10577824537512281,
    "sharpe": 0.35795486426721246,
    "sortino": 0.5018831798696474,
    "std": 0.1624922802157243,
    "ulcer_index": 13.614096497414097,
    "upi": 0.42729577357136955,
    "us_allocation": 49
}