{
    "beta": 0.7848764936296179,
    "cagr": 0.10313077179544661,
    "end_val": 948941.0103600614,
    "max_drawdown": -0.5877885771525643,
    "mwrr": 0.10313077179544661,
    "sharpe": 0.34071541451056764,
    "sortino": 0.47833358236310264,
    "std": 0.16368210245919862,
    "ulcer_index": 13.912518497662793,
    "upi": 0.40090553256867,
    "us_allocation": 41
}