{
    "beta": 0.914889301266128,
    "cagr": 0.11676166067533722,
    "end_val": 1677380.8445709534,
    "max_drawdown": -0.5591654596191123,
    "mwrr": 0.11676166067533722,
    "sharpe": 0.4053901219698459,
    "sortino": 0.5651085821266864,
    "std": 0.1678493529778309,
    "ulcer_index": 12.8820774935414,
    "upi": 0.5282781587749242,
    "us_allocation": 87
}