{
    "beta": 0.7735717164465354,
    "cagr": 0.10176368141140735,
    "end_val": 895898.6497327132,
    "max_drawdown": -0.5903698860108444,
    "mwrr": 0.10176368141140735,
    "sharpe": 0.33132440778864264,
    "sortino": 0.4654231849965159,
    "std": 0.16458068797216632,
    "ulcer_index": 14.076955538579059,
    "upi": 0.38741585581916593,
    "us_allocation": 37
}