{
    "beta": 0.855490953296967,
    "cagr": 0.1110188548574862,
    "end_val": 1320606.167286568,
    "max_drawdown": -0.5714506230588099,
    "mwrr": 0.1110188548574862,
    "sharpe": 0.38661203075420697,
    "sortino": 0.5405004019802124,
    "std": 0.16267161632468347,
    "ulcer_index": 13.14034247390459,
    "upi": 0.4786722508168072,
    "us_allocation": 66
}