{
    "beta": 0.6686377636147519,
    "cagr": 0.08774838321451428,
    "end_val": 494720.44929195615,
    "max_drawdown": -0.6138392027560154,
    "mwrr": 0.08774838321451428,
    "sharpe": 0.22937135087411292,
    "sortino": 0.32332491528005447,
    "std": 0.18194828356025558,
    "ulcer_index": 16.67297969049927,
    "upi": 0.25033081133556584,
    "us_allocation": 0
}