{
    "beta": 0.9205565824548593,
    "cagr": 0.11726591882490656,
    "end_val": 1712874.8855277502,
    "max_drawdown": -0.5581982105931818,
    "mwrr": 0.11726591882490656,
    "sharpe": 0.40622886068368047,
    "sortino": 0.5661589482202324,
    "std": 0.16861371358991073,
    "ulcer_index": 12.879124680794297,
    "upi": 0.53190327904778,
    "us_allocation": 89
}