{
    "beta": 0.9517733542773142,
    "cagr": 0.11990471151806514,
    "end_val": 1910942.7979213924,
    "max_drawdown": -0.5528942487106141,
    "mwrr": 0.11990471151806514,
    "sharpe": 0.4081324248372892,
    "sortino": 0.5683216131062738,
    "std": 0.17360567336354585,
    "ulcer_index": 12.910637196721094,
    "upi": 0.5488708111130991,
    "us_allocation": 100
}