{
    "beta": 0.9265855352325459,
    "cagr": 0.11768496859401711,
    "end_val": 1560004.169843419,
    "max_drawdown": -0.5572318390457833,
    "mwrr": 0.11768496859401711,
    "sharpe": 0.4079212277220418,
    "sortino": 0.5682134567432071,
    "std": 0.17045044922892907,
    "ulcer_index": 12.989335421493225,
    "upi": 0.5353532520225651,
    "us_allocation": 91
}