{
    "beta": 0.6803584705863865,
    "cagr": 0.08447724111401778,
    "end_val": 396815.4913382926,
    "max_drawdown": -0.6119629558416388,
    "mwrr": 0.08447724111401778,
    "sharpe": 0.21718847280385534,
    "sortino": 0.3059313800644763,
    "std": 0.1813169986116107,
    "ulcer_index": 16.560927339874688,
    "upi": 0.23781360177594543,
    "us_allocation": 3
}