{
    "beta": 0.7925903922713462,
    "cagr": 0.10123545966025982,
    "end_val": 795905.8917315521,
    "max_drawdown": -0.5864945930275569,
    "mwrr": 0.10123545966025982,
    "sharpe": 0.3325368004884445,
    "sortino": 0.46649068684165385,
    "std": 0.1645173748568899,
    "ulcer_index": 13.97666181565798,
    "upi": 0.39147613191729536,
    "us_allocation": 43
}