{
    "beta": 0.8009715543657279,
    "cagr": 0.10238100477051937,
    "end_val": 834364.8293414743,
    "max_drawdown": -0.5845494261709451,
    "mwrr": 0.10238100477051937,
    "sharpe": 0.3398351038574039,
    "sortino": 0.47649980388718344,
    "std": 0.16404239723312644,
    "ulcer_index": 13.862014643217492,
    "upi": 0.40221254902264925,
    "us_allocation": 46
}