{
    "beta": 0.7730208501655159,
    "cagr": 0.09850214012945924,
    "end_val": 711009.2808079105,
    "max_drawdown": -0.5910138331743319,
    "mwrr": 0.09850214012945924,
    "sharpe": 0.31447357468534715,
    "sortino": 0.44160515221200697,
    "std": 0.1660678913738787,
    "ulcer_index": 14.266603611119756,
    "upi": 0.3661047165679972,
    "us_allocation": 36
}