{
    "beta": 0.8763245281637353,
    "cagr": 0.11198913569838442,
    "end_val": 1237130.923601115,
    "max_drawdown": -0.5668109262421437,
    "mwrr": 0.11198913569838442,
    "sharpe": 0.39065377709442406,
    "sortino": 0.5453534525018516,
    "std": 0.16490928580200498,
    "ulcer_index": 13.125319273032224,
    "upi": 0.4908900124716697,
    "us_allocation": 73
}