{
    "beta": 0.7000864369295089,
    "cagr": 0.08760970361537623,
    "end_val": 452317.26390207245,
    "max_drawdown": -0.6075670960613979,
    "mwrr": 0.08760970361537623,
    "sharpe": 0.23871446960709716,
    "sortino": 0.33610263040162086,
    "std": 0.17704424014467068,
    "ulcer_index": 15.949362010801746,
    "upi": 0.26501218532365817,
    "us_allocation": 10
}