{
    "beta": 0.7394158484312143,
    "cagr": 0.09361988945789568,
    "end_val": 580860.2769932055,
    "max_drawdown": -0.598698685181819,
    "mwrr": 0.09361988945789568,
    "sharpe": 0.2807797026016057,
    "sortino": 0.3948437589319235,
    "std": 0.17013867176011166,
    "ulcer_index": 14.923489133115048,
    "upi": 0.32014854274927884,
    "us_allocation": 24
}