{
    "beta": 0.7953844565533953,
    "cagr": 0.10161903406398287,
    "end_val": 808586.3309447225,
    "max_drawdown": -0.585846764109708,
    "mwrr": 0.10161903406398287,
    "sharpe": 0.3350010101230159,
    "sortino": 0.46987324494048877,
    "std": 0.16434635413395385,
    "ulcer_index": 13.937857306629725,
    "upi": 0.3950641013367062,
    "us_allocation": 44
}