{
    "beta": 0.8540034630924598,
    "cagr": 0.10927448408021245,
    "end_val": 1107223.4093642887,
    "max_drawdown": -0.5721110687455648,
    "mwrr": 0.10927448408021245,
    "sharpe": 0.37862513197010467,
    "sortino": 0.5292022967118112,
    "std": 0.1636946931417747,
    "ulcer_index": 13.293049296672903,
    "upi": 0.46631275856456705,
    "us_allocation": 65
}