{
    "beta": 0.8567934905222653,
    "cagr": 0.10961993091871647,
    "end_val": 1122982.2471224377,
    "max_drawdown": -0.5714506230588096,
    "mwrr": 0.10961993091871647,
    "sharpe": 0.3802749786343137,
    "sortino": 0.5314241501301329,
    "std": 0.1638030330600456,
    "ulcer_index": 13.269638989984209,
    "upi": 0.4694813798893249,
    "us_allocation": 66
}