{
    "beta": 0.9377691635616787,
    "cagr": 0.11887231568330425,
    "end_val": 1637023.906268606,
    "max_drawdown": -0.5553017615105056,
    "mwrr": 0.11887231568330425,
    "sharpe": 0.4099837976986615,
    "sortino": 0.570898054423677,
    "std": 0.1721822311405811,
    "ulcer_index": 12.991264052924159,
    "upi": 0.5434447083987323,
    "us_allocation": 95
}