{
    "beta": 0.8177257348033504,
    "cagr": 0.10462545737449447,
    "end_val": 915057.7319524038,
    "max_drawdown": -0.5806438783738089,
    "mwrr": 0.10462545737449447,
    "sharpe": 0.3535357841634768,
    "sortino": 0.49521421724351433,
    "std": 0.1634361338542199,
    "ulcer_index": 13.6523502169951,
    "upi": 0.4232842698320744,
    "us_allocation": 52
}