{
    "beta": 0.8819055773139309,
    "cagr": 0.11265028144328171,
    "end_val": 1270960.497377646,
    "max_drawdown": -0.5654799272129045,
    "mwrr": 0.11265028144328171,
    "sharpe": 0.39323984919627575,
    "sortino": 0.5488073133023651,
    "std": 0.1653358804619354,
    "ulcer_index": 13.092420639473687,
    "upi": 0.49666241123810473,
    "us_allocation": 75
}