{
    "beta": 0.789795963402339,
    "cagr": 0.10085015973320477,
    "end_val": 783364.2630291895,
    "max_drawdown": -0.5871418636175258,
    "mwrr": 0.10085015973320477,
    "sharpe": 0.3300420736288505,
    "sortino": 0.46306326086187866,
    "std": 0.16470106524140726,
    "ulcer_index": 14.016171492136332,
    "upi": 0.38787646866072767,
    "us_allocation": 42
}