{
    "beta": 0.8791149894569008,
    "cagr": 0.1123205868002759,
    "end_val": 1253979.0807521858,
    "max_drawdown": -0.5661457270691087,
    "mwrr": 0.1123205868002759,
    "sharpe": 0.39196795081246105,
    "sortino": 0.5471097017741656,
    "std": 0.16511650671778325,
    "ulcer_index": 13.108164642260576,
    "upi": 0.4938055181192431,
    "us_allocation": 74
}