{
    "beta": 0.714150509843561,
    "cagr": 0.08979511946214358,
    "end_val": 495463.67257686536,
    "max_drawdown": -0.6044116459856973,
    "mwrr": 0.08979511946214358,
    "sharpe": 0.2539542752356313,
    "sortino": 0.3574200846414183,
    "std": 0.17432081919033418,
    "ulcer_index": 15.54988990899387,
    "upi": 0.28472644770244765,
    "us_allocation": 15
}