{
    "beta": 0.9517595577002395,
    "cagr": 0.12031590399389747,
    "end_val": 1735685.873796668,
    "max_drawdown": -0.5528942487106138,
    "mwrr": 0.12031590399389747,
    "sharpe": 0.4117187199284587,
    "sortino": 0.5731313473450937,
    "std": 0.17458788074630482,
    "ulcer_index": 13.013381236065639,
    "upi": 0.5524267956344577,
    "us_allocation": 100
}