{
    "beta": 0.8484233393873666,
    "cagr": 0.10857836214291261,
    "end_val": 1076121.469252595,
    "max_drawdown": -0.5734301981681884,
    "mwrr": 0.10857836214291261,
    "sharpe": 0.37520190056058284,
    "sortino": 0.52458700155863,
    "std": 0.16351565182539007,
    "ulcer_index": 13.341452952951881,
    "upi": 0.45991677221465677,
    "us_allocation": 63
}