{
    "beta": 0.8372623724083984,
    "cagr": 0.10716523863712046,
    "end_val": 1015589.7466585939,
    "max_drawdown": -0.5760614482393053,
    "mwrr": 0.10716523863712046,
    "sharpe": 0.36786894521740854,
    "sortino": 0.5146774834346992,
    "std": 0.16330892535179073,
    "ulcer_index": 13.445971366457517,
    "upi": 0.4468574975917293,
    "us_allocation": 59
}