{
    "beta": 0.6888190868923636,
    "cagr": 0.08583015345190259,
    "end_val": 419917.7662156569,
    "max_drawdown": -0.6100821061493747,
    "mwrr": 0.08583015345190259,
    "sharpe": 0.22642885839876295,
    "sortino": 0.3188907803890599,
    "std": 0.179421385141935,
    "ulcer_index": 16.28981519597693,
    "upi": 0.24942328178497106,
    "us_allocation": 6
}