{
    "beta": 0.9209962379066154,
    "cagr": 0.11708052967490379,
    "end_val": 1522168.8351379628,
    "max_drawdown": -0.5581982105931813,
    "mwrr": 0.11708052967490379,
    "sharpe": 0.4066567140699003,
    "sortino": 0.5665596022472739,
    "std": 0.16965051590978047,
    "ulcer_index": 12.991824869265708,
    "upi": 0.5310879509253044,
    "us_allocation": 89
}