{
    "beta": 0.9182021589025192,
    "cagr": 0.11677562782791018,
    "end_val": 1503425.28399793,
    "max_drawdown": -0.5586817259363112,
    "mwrr": 0.11677562782791018,
    "sharpe": 0.4059649639385191,
    "sortino": 0.5656527872595493,
    "std": 0.1692673027901996,
    "ulcer_index": 12.993751695887815,
    "upi": 0.5289088175554241,
    "us_allocation": 88
}