{
    "beta": 0.6747129885755763,
    "cagr": 0.08356659316994164,
    "end_val": 381970.1658941902,
    "max_drawdown": -0.6132142967465786,
    "mwrr": 0.08356659316994164,
    "sharpe": 0.21102527743687816,
    "sortino": 0.2972821671196978,
    "std": 0.18263334851139187,
    "ulcer_index": 16.749670255953596,
    "upi": 0.23011959164484577,
    "us_allocation": 1
}