{
    "beta": 0.9461618305472393,
    "cagr": 0.11974390146416813,
    "end_val": 1695915.6836460219,
    "max_drawdown": -0.5538565685872711,
    "mwrr": 0.11974390146416813,
    "sharpe": 0.41113434137513055,
    "sortino": 0.5723839706507949,
    "std": 0.17359405289304863,
    "ulcer_index": 12.99938056726792,
    "upi": 0.5490940780059864,
    "us_allocation": 98
}