{
    "beta": 0.7366114765927033,
    "cagr": 0.09320182403471122,
    "end_val": 570866.9175008598,
    "max_drawdown": -0.5993355832837512,
    "mwrr": 0.09320182403471122,
    "sharpe": 0.2778509850527652,
    "sortino": 0.3907644134631273,
    "std": 0.17055653162195086,
    "ulcer_index": 14.987830323524152,
    "upi": 0.31622368408437906,
    "us_allocation": 23
}