{
    "beta": 0.677536248345197,
    "cagr": 0.08402278854280198,
    "end_val": 389337.84000760794,
    "max_drawdown": -0.6125888814651843,
    "mwrr": 0.08402278854280198,
    "sharpe": 0.21410676321924688,
    "sortino": 0.3016071340675265,
    "std": 0.18196996133998522,
    "ulcer_index": 16.65484180318398,
    "upi": 0.23395657232407574,
    "us_allocation": 2
}