{
    "beta": 0.8260996025366957,
    "cagr": 0.10572433286121785,
    "end_val": 957299.7338225481,
    "max_drawdown": -0.5786834267237292,
    "mwrr": 0.10572433286121785,
    "sharpe": 0.35990564135832126,
    "sortino": 0.503879177670387,
    "std": 0.16330518482315629,
    "ulcer_index": 13.559786900408037,
    "upi": 0.43350484285712637,
    "us_allocation": 55
}