{
    "beta": 0.9489604208524746,
    "cagr": 0.12003081018526052,
    "end_val": 1715751.1789458485,
    "max_drawdown": -0.5533752937366773,
    "mwrr": 0.12003081018526052,
    "sharpe": 0.41144451016048394,
    "sortino": 0.5727816136700759,
    "std": 0.17408575904648488,
    "ulcer_index": 13.004766571139436,
    "upi": 0.5508361822539249,
    "us_allocation": 99
}