{
    "beta": 0.9321764648600531,
    "cagr": 0.11828223760998902,
    "end_val": 1598293.5437104926,
    "max_drawdown": -0.5562663532460602,
    "mwrr": 0.11828223760998902,
    "sharpe": 0.4090293033022526,
    "sortino": 0.569658105206971,
    "std": 0.17129455844037025,
    "ulcer_index": 12.988750536216019,
    "upi": 0.5394894528880306,
    "us_allocation": 93
}