{
    "beta": 0.7169608110435153,
    "cagr": 0.09022700793078187,
    "end_val": 504454.6194563086,
    "max_drawdown": -0.6037789864729175,
    "mwrr": 0.09022700793078187,
    "sharpe": 0.25697944415823387,
    "sortino": 0.3616469794447218,
    "std": 0.17380989568139107,
    "ulcer_index": 15.473159968502394,
    "upi": 0.28869851101128935,
    "us_allocation": 16
}