{
    "beta": 0.7506268219200175,
    "cagr": 0.09527489702321179,
    "end_val": 622127.7575276755,
    "max_drawdown": -0.5961457304363664,
    "mwrr": 0.09527489702321179,
    "sharpe": 0.29233019856386044,
    "sortino": 0.4109134935935881,
    "std": 0.1685868367464978,
    "ulcer_index": 14.683100162156508,
    "upi": 0.33568646648507455,
    "us_allocation": 28
}