{
    "beta": 0.8065573827817301,
    "cagr": 0.10313606839515987,
    "end_val": 860701.8649602807,
    "max_drawdown": -0.5832498395067018,
    "mwrr": 0.10313606839515987,
    "sharpe": 0.34453896340551604,
    "sortino": 0.4829360730886525,
    "std": 0.16378932200064986,
    "ulcer_index": 13.78863105245026,
    "upi": 0.40931776667344455,
    "us_allocation": 48
}