{
    "beta": 0.7338064209264207,
    "cagr": 0.09278203247806505,
    "end_val": 561001.5418910866,
    "max_drawdown": -0.5999719475064258,
    "mwrr": 0.09278203247806505,
    "sharpe": 0.2749074449463101,
    "sortino": 0.386662849320475,
    "std": 0.170986238937765,
    "ulcer_index": 15.053259514402752,
    "upi": 0.3122983439168568,
    "us_allocation": 22
}