{
    "beta": 0.8288905192621939,
    "cagr": 0.10608716047576716,
    "end_val": 971661.5586584012,
    "max_drawdown": -0.5780287965416109,
    "mwrr": 0.10608716047576716,
    "sharpe": 0.3619541654511157,
    "sortino": 0.5066605692611688,
    "std": 0.16328703185810975,
    "ulcer_index": 13.530474886738531,
    "upi": 0.43686820451136876,
    "us_allocation": 56
}