{
    "beta": 0.8344718884320547,
    "cagr": 0.10680761428676089,
    "end_val": 1000806.6696041138,
    "max_drawdown": -0.5767178086554062,
    "mwrr": 0.10680761428676089,
    "sharpe": 0.36593624701778926,
    "sortino": 0.5120601803103572,
    "std": 0.16328891567550038,
    "ulcer_index": 13.473648172072119,
    "upi": 0.4435423896864887,
    "us_allocation": 58
}