{
    "beta": 0.8958609829709531,
    "cagr": 0.11427234616698834,
    "end_val": 1357837.3430601778,
    "max_drawdown": -0.5626228478425418,
    "mwrr": 0.11427234616698834,
    "sharpe": 0.39896650118055954,
    "sortino": 0.5564214948455068,
    "std": 0.16661313308762854,
    "ulcer_index": 13.03610519544075,
    "upi": 0.5099803714483319,
    "us_allocation": 80
}