{
    "beta": 0.8512134180106176,
    "cagr": 0.1089272940721302,
    "end_val": 1091603.0246270602,
    "max_drawdown": -0.5727709266481509,
    "mwrr": 0.1089272940721302,
    "sharpe": 0.37693402546659366,
    "sortino": 0.5269231688990876,
    "std": 0.16359888887240728,
    "ulcer_index": 13.317002607629863,
    "upi": 0.46312386259351856,
    "us_allocation": 64
}