{
    "beta": 0.7758177980645147,
    "cagr": 0.09889778755604972,
    "end_val": 722725.8486955473,
    "max_drawdown": -0.5903698860108446,
    "mwrr": 0.09889778755604972,
    "sharpe": 0.3171360297371843,
    "sortino": 0.4452828170421199,
    "std": 0.1658087197056526,
    "ulcer_index": 14.223296652571706,
    "upi": 0.3697506672634077,
    "us_allocation": 37
}