{
    "beta": 0.7814103315705817,
    "cagr": 0.09968390995210608,
    "end_val": 746568.8139335013,
    "max_drawdown": -0.5890803381222214,
    "mwrr": 0.09968390995210608,
    "sharpe": 0.32238197016774955,
    "sortino": 0.45251969511539764,
    "std": 0.16532792495837487,
    "ulcer_index": 14.138480362763273,
    "upi": 0.37702562811122564,
    "us_allocation": 39
}