{
    "beta": 0.7618281473592121,
    "cagr": 0.09690231081152123,
    "end_val": 665497.7741266993,
    "max_drawdown": -0.5935841388381243,
    "mwrr": 0.09690231081152123,
    "sharpe": 0.30357874447865485,
    "sortino": 0.42652577430271055,
    "std": 0.16722890027427925,
    "ulcer_index": 14.464422171451737,
    "upi": 0.35102402187635273,
    "us_allocation": 32
}