{
    "beta": 0.7981781720028838,
    "cagr": 0.10200088257151418,
    "end_val": 821405.8844466414,
    "max_drawdown": -0.5851983755855105,
    "mwrr": 0.10200088257151418,
    "sharpe": 0.33743400528922196,
    "sortino": 0.4732099785978833,
    "std": 0.16418802255026574,
    "ulcer_index": 13.899614046496275,
    "upi": 0.3986438703745853,
    "us_allocation": 45
}