{
    "beta": 0.7870011541819814,
    "cagr": 0.10046313461637513,
    "end_val": 770961.1149500378,
    "max_drawdown": -0.587788577152564,
    "mwrr": 0.10046313461637513,
    "sharpe": 0.3275175410179125,
    "sortino": 0.45959162829611583,
    "std": 0.16489740348843462,
    "ulcer_index": 14.056345367982985,
    "upi": 0.38426686178329383,
    "us_allocation": 41
}