{
    "beta": 0.890278262329814,
    "cagr": 0.11362880926109487,
    "end_val": 1322696.2046021272,
    "max_drawdown": -0.5636790205278203,
    "mwrr": 0.11362880926109487,
    "sharpe": 0.3968021423182704,
    "sortino": 0.5535496630797068,
    "std": 0.16606638237032198,
    "ulcer_index": 13.05365462996511,
    "upi": 0.5048701278809988,
    "us_allocation": 78
}