{
    "beta": 0.8735341772843036,
    "cagr": 0.11165592980109884,
    "end_val": 1220416.7701636027,
    "max_drawdown": -0.5674755261909364,
    "mwrr": 0.11165592980109884,
    "sharpe": 0.3892973395651562,
    "sortino": 0.5435385861368041,
    "std": 0.16471426851523235,
    "ulcer_index": 13.143379534739786,
    "upi": 0.48793580959365834,
    "us_allocation": 72
}