{
    "beta": 0.7310006651403099,
    "cagr": 0.09236051436266313,
    "end_val": 551263.4124484751,
    "max_drawdown": -0.6006077790183911,
    "mwrr": 0.09236051436266313,
    "sharpe": 0.2719498837198364,
    "sortino": 0.38254011961513606,
    "std": 0.1714277348142282,
    "ulcer_index": 15.119549635074442,
    "upi": 0.30837799183380943,
    "us_allocation": 21
}