{
    "beta": 0.691637333381126,
    "cagr": 0.08627764606616539,
    "end_val": 427844.7499387599,
    "max_drawdown": -0.6094541283660777,
    "mwrr": 0.08627764606616539,
    "sharpe": 0.22950531015955486,
    "sortino": 0.32320290632169946,
    "std": 0.17881084724539947,
    "ulcer_index": 16.201832129987697,
    "upi": 0.2533203050346842,
    "us_allocation": 7
}