{
    "beta": 0.71977031339527,
    "cagr": 0.09065716651318767,
    "end_val": 513568.08952303365,
    "max_drawdown": -0.6031458011580233,
    "mwrr": 0.09065716651318767,
    "sharpe": 0.25999527785071674,
    "sortino": 0.3658591799069314,
    "std": 0.1733103827989458,
    "ulcer_index": 15.39749944956434,
    "upi": 0.2926785186048762,
    "us_allocation": 17
}