{
    "beta": 0.9405662193566938,
    "cagr": 0.11916465128858,
    "end_val": 1656550.150453912,
    "max_drawdown": -0.5548198035287288,
    "mwrr": 0.11916465128858,
    "sharpe": 0.410404403470675,
    "sortino": 0.5714426959166712,
    "std": 0.17264220906854738,
    "ulcer_index": 12.9930825630936,
    "upi": 0.5453787881212736,
    "us_allocation": 96
}