{
    "beta": 0.8400527436866213,
    "cagr": 0.10752112664918978,
    "end_val": 1030512.9746415472,
    "max_drawdown": -0.5754045083565646,
    "mwrr": 0.10752112664918978,
    "sharpe": 0.3697622157935605,
    "sortino": 0.5172391350243674,
    "std": 0.16334162470041153,
    "ulcer_index": 13.418813227333528,
    "upi": 0.450156421814657,
    "us_allocation": 60
}