{
    "beta": 0.8233085100461496,
    "cagr": 0.10535977260107732,
    "end_val": 943078.4791731816,
    "max_drawdown": -0.5793374828633049,
    "mwrr": 0.10535977260107732,
    "sharpe": 0.35781940733454753,
    "sortino": 0.5010439864662631,
    "std": 0.16333608165231314,
    "ulcer_index": 13.58977972874733,
    "upi": 0.43012211693322167,
    "us_allocation": 54
}