{
    "beta": 0.7029009830297561,
    "cagr": 0.08805025250329379,
    "end_val": 460708.30249446456,
    "max_drawdown": -0.6069370486355964,
    "mwrr": 0.08805025250329379,
    "sharpe": 0.2417751921055948,
    "sortino": 0.3403870415120934,
    "std": 0.17647727705717373,
    "ulcer_index": 15.867417894381422,
    "upi": 0.2689324680401236,
    "us_allocation": 11
}