{
    "beta": 0.6944546291378181,
    "cagr": 0.08672340131923861,
    "end_val": 435886.38717641914,
    "max_drawdown": -0.6088256348225477,
    "mwrr": 0.08672340131923861,
    "sharpe": 0.23257884294753958,
    "sortino": 0.3275095714336562,
    "std": 0.17821109613819608,
    "ulcer_index": 16.11653883675863,
    "upi": 0.25720598054920796,
    "us_allocation": 8
}