{
    "beta": 0.8651636261451106,
    "cagr": 0.11064579925985352,
    "end_val": 1171085.1318171031,
    "max_drawdown": -0.5694657451836979,
    "mwrr": 0.11064579925985352,
    "sharpe": 0.3849749332461592,
    "sortino": 0.5377431207006048,
    "std": 0.16420291676893006,
    "ulcer_index": 13.202469763298254,
    "upi": 0.4788677791663149,
    "us_allocation": 69
}