{
    "beta": 0.7281941928987503,
    "cagr": 0.09193726922619971,
    "end_val": 541651.7765213812,
    "max_drawdown": -0.6012430789832639,
    "mwrr": 0.09193726922619971,
    "sharpe": 0.26897909814628357,
    "sortino": 0.3783972318488143,
    "std": 0.17188095908501852,
    "ulcer_index": 15.186709226785545,
    "upi": 0.30446304247316364,
    "us_allocation": 20
}