{
    "beta": 0.90702924761205,
    "cagr": 0.11553819398841414,
    "end_val": 1429645.1297528339,
    "max_drawdown": -0.5606179604571228,
    "mwrr": 0.11553819398841414,
    "sharpe": 0.4027944501991018,
    "sortino": 0.5614819445305351,
    "std": 0.16784783844386136,
    "ulcer_index": 13.009751639547288,
    "upi": 0.5197386066901963,
    "us_allocation": 84
}