{
    "beta": 0.842843018064384,
    "cagr": 0.10787527729330049,
    "end_val": 1045576.1620325331,
    "max_drawdown": -0.574746987636185,
    "mwrr": 0.10787527729330049,
    "sharpe": 0.3716156900948659,
    "sortino": 0.5197447693510667,
    "std": 0.16338699403591175,
    "ulcer_index": 13.392379087556048,
    "upi": 0.4534317332506617,
    "us_allocation": 61
}