{
    "beta": 0.8623735560990464,
    "cagr": 0.11030558986939587,
    "end_val": 1154913.5824651034,
    "max_drawdown": -0.5701279626951351,
    "mwrr": 0.11030558986939587,
    "sharpe": 0.38345005602538906,
    "sortino": 0.535694827992968,
    "std": 0.16405718211308193,
    "ulcer_index": 13.22440130945324,
    "upi": 0.4757574798211263,
    "us_allocation": 68
}