{
    "beta": 0.9349725844859254,
    "cagr": 0.11857817686543459,
    "end_val": 1617604.4497559594,
    "max_drawdown": -0.5557839450986226,
    "mwrr": 0.11857817686543459,
    "sharpe": 0.4095255610222038,
    "sortino": 0.5703033840772835,
    "std": 0.17173298812446303,
    "ulcer_index": 12.989814007298392,
    "upi": 0.5414817918971603,
    "us_allocation": 94
}