{
    "beta": 0.7646270915419037,
    "cagr": 0.09730485403340894,
    "end_val": 676673.4731926329,
    "max_drawdown": -0.5929423824109948,
    "mwrr": 0.09730485403340894,
    "sharpe": 0.3063376202649656,
    "sortino": 0.43034861624088483,
    "std": 0.16692007776144385,
    "ulcer_index": 14.412838925230206,
    "upi": 0.3548255124353421,
    "us_allocation": 33
}