{
    "beta": 0.6718886736801835,
    "cagr": 0.08310865379659416,
    "end_val": 374711.5138502111,
    "max_drawdown": -0.6138392027560158,
    "mwrr": 0.08310865379659416,
    "sharpe": 0.2079446035314702,
    "sortino": 0.29295727823256257,
    "std": 0.18330708712947374,
    "ulcer_index": 16.84878421936227,
    "upi": 0.22625764196459577,
    "us_allocation": 0
}