{
    "beta": 0.6859998724638638,
    "cagr": 0.0853809224620683,
    "end_val": 412104.5153362457,
    "max_drawdown": -0.6107095692650826,
    "mwrr": 0.0853809224620683,
    "sharpe": 0.22335014248868293,
    "sortino": 0.31457416040449954,
    "std": 0.18004263788531794,
    "ulcer_index": 16.378723963227603,
    "upi": 0.24554343823718358,
    "us_allocation": 5
}