{
    "beta": 0.6831796728142583,
    "cagr": 0.08492995204545872,
    "end_val": 404404.06893085246,
    "max_drawdown": -0.6113365188013058,
    "mwrr": 0.08492995204545872,
    "sharpe": 0.2202698043623805,
    "sortino": 0.3102540352458297,
    "std": 0.18067453321601346,
    "ulcer_index": 16.468534268973126,
    "upi": 0.24168148623917615,
    "us_allocation": 4
}