{
    "beta": 0.7674255127923892,
    "cagr": 0.09770567332443925,
    "end_val": 687983.6009415088,
    "max_drawdown": -0.5923000801419198,
    "mwrr": 0.09770567332443925,
    "sharpe": 0.30907358139962554,
    "sortino": 0.4341369338176554,
    "std": 0.1666236084372485,
    "ulcer_index": 14.362341722875744,
    "upi": 0.3586153227059615,
    "us_allocation": 34
}