{
    "beta": 0.8874871975052802,
    "cagr": 0.11330439445809959,
    "end_val": 1305319.9135867415,
    "max_drawdown": -0.5642071746721876,
    "mwrr": 0.11330439445809959,
    "sharpe": 0.3956568959760655,
    "sortino": 0.5520271203277353,
    "std": 0.1658108737502372,
    "ulcer_index": 13.064142328816198,
    "upi": 0.50223513950106,
    "us_allocation": 77
}