{
    "beta": 0.8707439207036362,
    "cagr": 0.1113209707242897,
    "end_val": 1203837.321616366,
    "max_drawdown": -0.5681395283679033,
    "mwrr": 0.1113209707242897,
    "sharpe": 0.38789867456471844,
    "sortino": 0.5416651059703304,
    "std": 0.164531503699942,
    "ulcer_index": 13.161921536655546,
    "upi": 0.48495929648570196,
    "us_allocation": 71
}