{
    "beta": 0.7253869878208266,
    "cagr": 0.09151229656940507,
    "end_val": 532165.867011542,
    "max_drawdown": -0.6018778485597517,
    "mwrr": 0.09151229656940507,
    "sharpe": 0.26599587959889304,
    "sortino": 0.3742353602001981,
    "std": 0.17234585037236608,
    "ulcer_index": 15.255145328749983,
    "upi": 0.3005460587205489,
    "us_allocation": 19
}