{
    "beta": 0.8316812759737985,
    "cagr": 0.10644825458490836,
    "end_val": 986163.8997432503,
    "max_drawdown": -0.5773735909698459,
    "mwrr": 0.10644825458490836,
    "sharpe": 0.36396451453751916,
    "sortino": 0.5093877141170714,
    "std": 0.16328161291521107,
    "ulcer_index": 13.501816565803296,
    "upi": 0.44021245741948795,
    "us_allocation": 57
}