{
    "beta": 0.742219552692177,
    "cagr": 0.0940362291358432,
    "end_val": 590982.342653066,
    "max_drawdown": -0.5980612520271182,
    "mwrr": 0.0940362291358432,
    "sharpe": 0.28369279225269334,
    "sortino": 0.398899723149043,
    "std": 0.16973271691132955,
    "ulcer_index": 14.860277888273528,
    "upi": 0.3240711521151685,
    "us_allocation": 25
}