{
    "beta": 0.8456332113546865,
    "cagr": 0.10822768949663097,
    "end_val": 1060779.081484326,
    "max_drawdown": -0.5740888847011101,
    "mwrr": 0.10822768949663097,
    "sharpe": 0.3734290244753347,
    "sortino": 0.5221941110029065,
    "std": 0.16344501124867108,
    "ulcer_index": 13.366539091379485,
    "upi": 0.45668720071331775,
    "us_allocation": 62
}