{
    "beta": 0.7057146465324156,
    "cagr": 0.08848906771975362,
    "end_val": 469217.59195712,
    "max_drawdown": -0.6063064810331511,
    "mwrr": 0.08848906771975362,
    "sharpe": 0.24483025360960828,
    "sortino": 0.34466201239600264,
    "std": 0.17592138424195744,
    "ulcer_index": 15.7864690059597,
    "upi": 0.272865124303257,
    "us_allocation": 12
}