{
    "beta": 0.8205172260473056,
    "cagr": 0.10499348051335389,
    "end_val": 928997.8156865921,
    "max_drawdown": -0.5799909663015476,
    "mwrr": 0.10499348051335389,
    "sharpe": 0.35569595143624483,
    "sortino": 0.49815549610775034,
    "std": 0.163379729704776,
    "ulcer_index": 13.620644621123132,
    "upi": 0.42671466384509704,
    "us_allocation": 53
}