{
    "beta": 0.7225790334785888,
    "cagr": 0.09108559585609055,
    "end_val": 522804.902859132,
    "max_drawdown": -0.6025120889016818,
    "mwrr": 0.09108559585609055,
    "sharpe": 0.2630010133420393,
    "sortino": 0.37005564493631704,
    "std": 0.17282234614879516,
    "ulcer_index": 15.32441585212148,
    "upi": 0.2966365879817032,
    "us_allocation": 18
}