{
    "beta": 0.9098219982348327,
    "cagr": 0.1158502217684525,
    "end_val": 1447908.3591597192,
    "max_drawdown": -0.5601335779014461,
    "mwrr": 0.1158502217684525,
    "sharpe": 0.40364814460090426,
    "sortino": 0.5626071512648559,
    "std": 0.16818555410685007,
    "ulcer_index": 13.004897091528187,
    "upi": 0.5220826261063998,
    "us_allocation": 85
}