{
    "beta": 0.7478250232833371,
    "cagr": 0.09486373262322734,
    "end_val": 611615.4014664143,
    "max_drawdown": -0.5967847758404203,
    "mwrr": 0.09486373262322734,
    "sharpe": 0.2894688517314178,
    "sortino": 0.4069360398793389,
    "std": 0.16895674545349673,
    "ulcer_index": 14.740614034300192,
    "upi": 0.33183010590226464,
    "us_allocation": 27
}