{
    "beta": 0.9293807874854813,
    "cagr": 0.1179845006333693,
    "end_val": 1579092.89797744,
    "max_drawdown": -0.5567489849087953,
    "mwrr": 0.1179845006333693,
    "sharpe": 0.4084946469658224,
    "sortino": 0.5689616585224728,
    "std": 0.1708670198169704,
    "ulcer_index": 12.988763268779124,
    "upi": 0.5374393341979047,
    "us_allocation": 92
}