{
    "beta": 0.9237906910386854,
    "cagr": 0.11738364409305291,
    "end_val": 1541028.9644368473,
    "max_drawdown": -0.5577149146189507,
    "mwrr": 0.11738364409305291,
    "sharpe": 0.4073086952813561,
    "sortino": 0.5674129721455059,
    "std": 0.17004492283400122,
    "ulcer_index": 12.990300171522511,
    "upi": 0.533238336164363,
    "us_allocation": 90
}