{
    "beta": 0.9014446008245602,
    "cagr": 0.11490881316827983,
    "end_val": 1393489.8755901572,
    "max_drawdown": -0.5615873673095946,
    "mwrr": 0.11490881316827983,
    "sharpe": 0.40096350607555986,
    "sortino": 0.5590645017156622,
    "std": 0.16720712173094318,
    "ulcer_index": 13.021076746005479,
    "upi": 0.5149534084840938,
    "us_allocation": 82
}