{
    "beta": 0.81214206765603,
    "cagr": 0.10388422084277105,
    "end_val": 887599.0996127487,
    "max_drawdown": -0.5819479937326751,
    "mwrr": 0.10388422084277105,
    "sharpe": 0.34910746620626776,
    "sortino": 0.4891762680018705,
    "std": 0.16358721751568636,
    "ulcer_index": 13.718138652205742,
    "upi": 0.4163621947299339,
    "us_allocation": 50
}