{
    "beta": 0.7450226055856765,
    "cagr": 0.09445084341965204,
    "end_val": 601233.8208362584,
    "max_drawdown": -0.5974232826411552,
    "mwrr": 0.09445084341965204,
    "sharpe": 0.2865894455498018,
    "sortino": 0.40293102815646603,
    "std": 0.16933872323959864,
    "ulcer_index": 14.79907321729849,
    "upi": 0.32797117120145214,
    "us_allocation": 26
}