{
    "beta": 0.9154084371542898,
    "cagr": 0.11646894098492644,
    "end_val": 1484799.7621671,
    "max_drawdown": -0.5591654596191122,
    "mwrr": 0.11646894098492644,
    "sharpe": 0.40523314086512086,
    "sortino": 0.5646920349886694,
    "std": 0.16889535680188597,
    "ulcer_index": 12.996472879586573,
    "upi": 0.5266852619125386,
    "us_allocation": 87
}