{
    "beta": 0.7702234270338195,
    "cagr": 0.09810476869799989,
    "end_val": 699428.6972381687,
    "max_drawdown": -0.5916572308063127,
    "mwrr": 0.09810476869799989,
    "sharpe": 0.3117858301792648,
    "sortino": 0.43788949644640823,
    "std": 0.16633953329545229,
    "ulcer_index": 14.31328996537447,
    "upi": 0.3623833795766383,
    "us_allocation": 35
}