{
    "beta": 0.9433637692130107,
    "cagr": 0.11945518084695927,
    "end_val": 1676181.3661877098,
    "max_drawdown": -0.5543380722033056,
    "mwrr": 0.11945518084695927,
    "sharpe": 0.4107877803236998,
    "sortino": 0.5719378386154984,
    "std": 0.1731128428586521,
    "ulcer_index": 12.995521926714591,
    "upi": 0.5472732402008492,
    "us_allocation": 97
}