{
    "beta": 0.912615055849728,
    "cagr": 0.11616047152390263,
    "end_val": 1466293.6703318655,
    "max_drawdown": -0.5596494106152843,
    "mwrr": 0.11616047152390263,
    "sharpe": 0.40446095765049506,
    "sortino": 0.5636770008872447,
    "std": 0.16853475020045253,
    "ulcer_index": 13.000472195758912,
    "upi": 0.5243982107753057,
    "us_allocation": 86
}