{
    "beta": 0.8986526715316143,
    "cagr": 0.11459146440379975,
    "end_val": 1375600.2093987714,
    "max_drawdown": -0.5620948306372671,
    "mwrr": 0.11459146440379975,
    "sharpe": 0.3999858500239332,
    "sortino": 0.5577713934430009,
    "std": 0.16690425396853958,
    "ulcer_index": 13.028103914484841,
    "upi": 0.5124910194016431,
    "us_allocation": 81
}