{
    "beta": 0.7786142865871489,
    "cagr": 0.09929171087674016,
    "end_val": 734578.8757212644,
    "max_drawdown": -0.5897253880754049,
    "mwrr": 0.09929171087674016,
    "sharpe": 0.31977241784573235,
    "sortino": 0.4489213793610515,
    "std": 0.16556205327223852,
    "ulcer_index": 14.18057871465356,
    "upi": 0.37339140634827267,
    "us_allocation": 38
}