{
    "beta": 0.6972709912984718,
    "cagr": 0.08716742018870627,
    "end_val": 444043.59048780974,
    "max_drawdown": -0.6081966244215842,
    "mwrr": 0.08716742018870627,
    "sharpe": 0.23564878933524952,
    "sortino": 0.3318098068866628,
    "std": 0.17762220339061374,
    "ulcer_index": 16.03243228694443,
    "upi": 0.2611026663024,
    "us_allocation": 9
}