{
    "beta": 0.9042367873385577,
    "cagr": 0.11522439040039001,
    "end_val": 1411505.23410895,
    "max_drawdown": -0.561102557264736,
    "mwrr": 0.11522439040039001,
    "sharpe": 0.4018996417610413,
    "sortino": 0.5603011852801836,
    "std": 0.16752167187286074,
    "ulcer_index": 13.015143772293895,
    "upi": 0.5173621307571448,
    "us_allocation": 83
}