{
    "beta": 0.8149340205823961,
    "cagr": 0.10425570391962236,
    "end_val": 901258.1847479816,
    "max_drawdown": -0.5812962204096103,
    "mwrr": 0.10425570391962236,
    "sharpe": 0.35133943788178384,
    "sortino": 0.4922208689446374,
    "std": 0.16350529648905146,
    "ulcer_index": 13.684671513159032,
    "upi": 0.4198386223597882,
    "us_allocation": 51
}