{
    "beta": 0.7113393931614194,
    "cagr": 0.08936150042374935,
    "end_val": 486594.4167330674,
    "max_drawdown": -0.6050437808309185,
    "mwrr": 0.08936150042374935,
    "sharpe": 0.2509205253972306,
    "sortino": 0.3531795741375525,
    "std": 0.17484308681710814,
    "ulcer_index": 15.627647154449528,
    "upi": 0.2807637669256021,
    "us_allocation": 14
}