{
    "beta": 0.7085274443070342,
    "cagr": 0.08892615009530425,
    "end_val": 477846.0081644209,
    "max_drawdown": -0.6056753921383798,
    "mwrr": 0.08892615009530425,
    "sharpe": 0.24787893973922212,
    "sortino": 0.34892652526275125,
    "std": 0.1753766312113772,
    "ulcer_index": 15.706480493116366,
    "upi": 0.2768102300054314,
    "us_allocation": 13
}