{
    "beta": 0.8595835162122614,
    "cagr": 0.10996363329450176,
    "end_val": 1138879.1228980168,
    "max_drawdown": -0.5707895881800366,
    "mwrr": 0.10996363329450176,
    "sharpe": 0.381883349882175,
    "sortino": 0.533588431542454,
    "std": 0.16392387475969225,
    "ulcer_index": 13.246797029500023,
    "upi": 0.47262832794321313,
    "us_allocation": 67
}