{
    "beta": 0.7590286642957338,
    "cagr": 0.09649804360748315,
    "end_val": 654455.9432770351,
    "max_drawdown": -0.59422535064266,
    "mwrr": 0.09649804360748315,
    "sharpe": 0.30079775658276625,
    "sortino": 0.42266960328505637,
    "std": 0.16755003307649516,
    "ulcer_index": 14.517029824574156,
    "upi": 0.3472132900598589,
    "us_allocation": 31
}