{
    "beta": 0.7534280175954444,
    "cagr": 0.09568433685890998,
    "end_val": 632771.5445531823,
    "max_drawdown": -0.5955061452353803,
    "mwrr": 0.09568433685890998,
    "sharpe": 0.29517267319255314,
    "sortino": 0.414862310873413,
    "std": 0.1682290487380183,
    "ulcer_index": 14.62659684130433,
    "upi": 0.33953797469123365,
    "us_allocation": 29
}