{
    "beta": 0.8679537423403532,
    "cagr": 0.11098426003660378,
    "end_val": 1187393.2366112662,
    "max_drawdown": -0.5688029342189878,
    "mwrr": 0.11098426003660378,
    "sharpe": 0.38645784353195184,
    "sortino": 0.5397332134724137,
    "std": 0.16436103819113942,
    "ulcer_index": 13.181437311843743,
    "upi": 0.4819429026796015,
    "us_allocation": 70
}