{
    "beta": 0.8846963079216714,
    "cagr": 0.11297821791587936,
    "end_val": 1288074.3856424093,
    "max_drawdown": -0.5648135252080554,
    "mwrr": 0.11297821791587936,
    "sharpe": 0.39446948521591096,
    "sortino": 0.5504463954586927,
    "std": 0.16556735432675998,
    "ulcer_index": 13.077235166716523,
    "upi": 0.4994920992472954,
    "us_allocation": 76
}