{
    "beta": 0.8093498602977975,
    "cagr": 0.1035110087971094,
    "end_val": 874080.3714220212,
    "max_drawdown": -0.5825991996609644,
    "mwrr": 0.1035110087971094,
    "sharpe": 0.3468404433444425,
    "sortino": 0.4860810657756221,
    "std": 0.1636818943648135,
    "ulcer_index": 13.75301686435049,
    "upi": 0.4128481108629534,
    "us_allocation": 49
}