{
    "beta": 0.8930695187018166,
    "cagr": 0.1139514604667009,
    "end_val": 1340202.3369124054,
    "max_drawdown": -0.5631509113623574,
    "mwrr": 0.1139514604667009,
    "sharpe": 0.39790530839038285,
    "sortino": 0.5550143659450648,
    "std": 0.16633382208066116,
    "ulcer_index": 13.044629416459836,
    "upi": 0.5074396690324713,
    "us_allocation": 79
}