{
    "beta": 0.7842059488343677,
    "cagr": 0.10007438460419316,
    "end_val": 758696.0920589966,
    "max_drawdown": -0.58843473490013,
    "mwrr": 0.10007438460419316,
    "sharpe": 0.3249639274585236,
    "sortino": 0.4560767620852214,
    "std": 0.16510636550902485,
    "ulcer_index": 14.097119691369421,
    "upi": 0.3806496175200045,
    "us_allocation": 40
}