{
    "beta": 0.756228626375877,
    "cagr": 0.0960920523322073,
    "end_val": 643547.4001094957,
    "max_drawdown": -0.5948660190387536,
    "mwrr": 0.0960920523322073,
    "sharpe": 0.2979954630180897,
    "sortino": 0.4187813695169806,
    "std": 0.1678834314153381,
    "ulcer_index": 14.571164773830784,
    "upi": 0.34338235627176084,
    "us_allocation": 30
}