{
    "beta": 0.8037646193808611,
    "cagr": 0.10275940020901042,
    "end_val": 847463.4154936575,
    "max_drawdown": -0.5838999145764118,
    "mwrr": 0.10275940020901042,
    "sharpe": 0.34220363967494744,
    "sortino": 0.47974206822482823,
    "std": 0.16390949293314913,
    "ulcer_index": 13.825008020508562,
    "upi": 0.4057710566082403,
    "us_allocation": 47
}