{
    "beta": 0.7929211693738697,
    "cagr": 0.10013006154013349,
    "end_val": 691634.6531400258,
    "max_drawdown": -0.586494593027557,
    "mwrr": 0.10013006154013349,
    "sharpe": 0.33243822543326995,
    "sortino": 0.46635571478866933,
    "std": 0.16557960723792717,
    "ulcer_index": 14.124687780869479,
    "upi": 0.3897583914464504,
    "us_allocation": 43
}