{
    "beta": 0.8429645963848318,
    "cagr": 0.10639926214501338,
    "end_val": 890091.9821495728,
    "max_drawdown": -0.5747469876361856,
    "mwrr": 0.10639926214501338,
    "sharpe": 0.36912688684089484,
    "sortino": 0.5162537473967252,
    "std": 0.16451193239512982,
    "ulcer_index": 13.533666752023702,
    "upi": 0.44876194769892785,
    "us_allocation": 61
}