{
    "beta": 0.9319689163480915,
    "cagr": 0.11613163101066815,
    "end_val": 1313076.8299536856,
    "max_drawdown": -0.55626635324606,
    "mwrr": 0.11613163101066815,
    "sharpe": 0.4028051951949942,
    "sortino": 0.5610222788323732,
    "std": 0.17249557906447213,
    "ulcer_index": 13.12474094695871,
    "upi": 0.5294642792753664,
    "us_allocation": 93
}