{
    "beta": 0.6868301372842626,
    "cagr": 0.08503582092019224,
    "end_val": 374552.923182007,
    "max_drawdown": -0.6107095692650824,
    "mwrr": 0.08503582092019224,
    "sharpe": 0.22789530434567656,
    "sortino": 0.32101817859011483,
    "std": 0.18093434047478152,
    "ulcer_index": 16.551271954925447,
    "upi": 0.24915489981785807,
    "us_allocation": 5
}