{
    "beta": 0.8374063355096861,
    "cagr": 0.10573072266762962,
    "end_val": 866525.5245720105,
    "max_drawdown": -0.5760614482393053,
    "mwrr": 0.10573072266762962,
    "sharpe": 0.36564108413058144,
    "sortino": 0.5115504081362549,
    "std": 0.16442765074006893,
    "ulcer_index": 13.587902234480817,
    "upi": 0.442522942441601,
    "us_allocation": 59
}