{
    "beta": 0.7232294903307889,
    "cagr": 0.09048389469930163,
    "end_val": 467819.8766231575,
    "max_drawdown": -0.6025120889016821,
    "mwrr": 0.09048389469930163,
    "sharpe": 0.26609528578259906,
    "sortino": 0.3744370663118898,
    "std": 0.17377609136797265,
    "ulcer_index": 15.48608684631877,
    "upi": 0.29863102166457733,
    "us_allocation": 18
}