{
    "beta": 0.7399864659852422,
    "cagr": 0.09289850758197526,
    "end_val": 516086.81855516054,
    "max_drawdown": -0.5986986851818181,
    "mwrr": 0.09289850758197526,
    "sharpe": 0.2831465422326115,
    "sortino": 0.39819444384513253,
    "std": 0.1711201429798794,
    "ulcer_index": 15.081080922948308,
    "upi": 0.321315301321623,
    "us_allocation": 24
}