{
    "beta": 0.7706527947072388,
    "cagr": 0.09716197940619442,
    "end_val": 613464.9212989653,
    "max_drawdown": -0.5916572308063134,
    "mwrr": 0.09716197940619442,
    "sharpe": 0.31274712432728186,
    "sortino": 0.4392525227349489,
    "std": 0.1673693139365413,
    "ulcer_index": 14.464657371532581,
    "upi": 0.36192263305311523,
    "us_allocation": 35
}