{
    "beta": 0.9403306099780678,
    "cagr": 0.11694978991933103,
    "end_val": 1356494.1516916137,
    "max_drawdown": -0.5548198035287278,
    "mwrr": 0.11694978991933103,
    "sharpe": 0.40388472978160267,
    "sortino": 0.5624024643904406,
    "std": 0.17384861944738095,
    "ulcer_index": 13.129043025926737,
    "upi": 0.5348712015185917,
    "us_allocation": 96
}