{
    "beta": 0.8568600434301898,
    "cagr": 0.10803982289734759,
    "end_val": 950609.656803913,
    "max_drawdown": -0.5714506230588102,
    "mwrr": 0.10803982289734759,
    "sharpe": 0.3771438013230256,
    "sortino": 0.5270399741293328,
    "std": 0.164942673072171,
    "ulcer_index": 13.409438949762103,
    "upi": 0.46396773154112086,
    "us_allocation": 66
}