{
    "beta": 0.7427770559536477,
    "cagr": 0.09329482520143828,
    "end_val": 524460.841550909,
    "max_drawdown": -0.5980612520271187,
    "mwrr": 0.09329482520143828,
    "sharpe": 0.2859353594779091,
    "sortino": 0.40207457441194194,
    "std": 0.17071872726404771,
    "ulcer_index": 15.017223160270305,
    "upi": 0.3250956833882649,
    "us_allocation": 25
}