{
    "beta": 0.9236116822029756,
    "cagr": 0.1152971198024475,
    "end_val": 1270191.814639364,
    "max_drawdown": -0.5577149146189503,
    "mwrr": 0.1152971198024475,
    "sharpe": 0.40139046059812394,
    "sortino": 0.5591954842992883,
    "std": 0.1712403441344274,
    "ulcer_index": 13.126386589331139,
    "upi": 0.5237005575181857,
    "us_allocation": 90
}