{
    "beta": 0.8846568150145638,
    "cagr": 0.11118845755464535,
    "end_val": 1078230.41903776,
    "max_drawdown": -0.5648135252080562,
    "mwrr": 0.11118845755464535,
    "sharpe": 0.39010936942449737,
    "sortino": 0.5443650717508686,
    "std": 0.16673298057507555,
    "ulcer_index": 13.2146322873568,
    "upi": 0.4922779772785097,
    "us_allocation": 76
}