{
    "beta": 0.6896351871031301,
    "cagr": 0.08546544750647489,
    "end_val": 381193.7615696597,
    "max_drawdown": -0.6100821061493744,
    "mwrr": 0.08546544750647489,
    "sharpe": 0.23086911942671698,
    "sortino": 0.32518547500822964,
    "std": 0.18031791600893762,
    "ulcer_index": 16.461440425165613,
    "upi": 0.2529191529540566,
    "us_allocation": 6
}