{
    "beta": 0.8513018206482162,
    "cagr": 0.1073888821812683,
    "end_val": 926130.8637647309,
    "max_drawdown": -0.5727709266481502,
    "mwrr": 0.1073888821812683,
    "sharpe": 0.3740579201758327,
    "sortino": 0.5228931724062122,
    "std": 0.16473278963417531,
    "ulcer_index": 13.457379224038691,
    "upi": 0.4579487129734127,
    "us_allocation": 64
}