{
    "beta": 0.8596392244089653,
    "cagr": 0.10836264780192728,
    "end_val": 962983.0436234953,
    "max_drawdown": -0.5707895881800366,
    "mwrr": 0.10836264780192728,
    "sharpe": 0.3786256703180436,
    "sortino": 0.5290288303687539,
    "std": 0.16506631457331455,
    "ulcer_index": 13.386317602199936,
    "upi": 0.46694500106048453,
    "us_allocation": 67
}