{
    "beta": 0.681217231991675,
    "cagr": 0.08417128028599818,
    "end_val": 361530.4687337912,
    "max_drawdown": -0.6119629558416393,
    "mwrr": 0.08417128028599818,
    "sharpe": 0.22193990192340118,
    "sortino": 0.3126690546939615,
    "std": 0.18219903291480757,
    "ulcer_index": 16.73536980992531,
    "upi": 0.24165165225869162,
    "us_allocation": 3
}