{
    "beta": 0.8679772367826198,
    "cagr": 0.10932052482422505,
    "end_val": 1000630.8682707637,
    "max_drawdown": -0.5688029342189883,
    "mwrr": 0.10932052482422505,
    "sharpe": 0.38282514785510263,
    "sortino": 0.5346545237638726,
    "std": 0.16551160286317,
    "ulcer_index": 13.320152987956972,
    "upi": 0.47574898299477486,
    "us_allocation": 70
}