{
    "beta": 0.7204342694857122,
    "cagr": 0.09007533629705922,
    "end_val": 460101.70816438337,
    "max_drawdown": -0.6031458011580237,
    "mwrr": 0.09007533629705922,
    "sharpe": 0.2632075214365933,
    "sortino": 0.3704080072020702,
    "std": 0.17425943554299628,
    "ulcer_index": 15.559918619189359,
    "upi": 0.2948060013314361,
    "us_allocation": 17
}