{
    "beta": 0.7567213794363229,
    "cagr": 0.09525021904843989,
    "end_val": 567760.9268415268,
    "max_drawdown": -0.594866019038753,
    "mwrr": 0.09525021904843989,
    "sharpe": 0.29960535742661937,
    "sortino": 0.4210614185580856,
    "std": 0.16889172121905718,
    "ulcer_index": 14.725147803212268,
    "upi": 0.3436779185572768,
    "us_allocation": 30
}