{
    "beta": 0.8902181999224551,
    "cagr": 0.11179688538761878,
    "end_val": 1104753.7724180487,
    "max_drawdown": -0.5636790205278196,
    "mwrr": 0.11179688538761878,
    "sharpe": 0.39220694637954795,
    "sortino": 0.5471451833743138,
    "std": 0.1672366961343064,
    "ulcer_index": 13.190738959785309,
    "upi": 0.4973190157201427,
    "us_allocation": 78
}