{
    "beta": 0.8012662533670568,
    "cagr": 0.10121429012419525,
    "end_val": 722551.6320132711,
    "max_drawdown": -0.5845494261709446,
    "mwrr": 0.10121429012419525,
    "sharpe": 0.3393354212719429,
    "sortino": 0.47579862376890736,
    "std": 0.16511611504278062,
    "ulcer_index": 14.008850534026275,
    "upi": 0.40001217783287996,
    "us_allocation": 46
}