{
    "beta": 0.6980449318038359,
    "cagr": 0.0867437657316299,
    "end_val": 401641.03658491315,
    "max_drawdown": -0.6081966244215835,
    "mwrr": 0.0867437657316299,
    "sharpe": 0.2397673980361397,
    "sortino": 0.33764676118048437,
    "std": 0.17853318294531306,
    "ulcer_index": 16.201393714499485,
    "upi": 0.26424252678720245,
    "us_allocation": 9
}