{
    "beta": 0.9486972295835976,
    "cagr": 0.11775152166749336,
    "end_val": 1400399.7271207606,
    "max_drawdown": -0.5533752937366766,
    "mwrr": 0.11775152166749336,
    "sharpe": 0.4046396279385962,
    "sortino": 0.5633509835198843,
    "std": 0.1752973826514784,
    "ulcer_index": 13.14078091253822,
    "upi": 0.5398529314189905,
    "us_allocation": 99
}