{
    "beta": 0.7092459496230203,
    "cagr": 0.08842358459801725,
    "end_val": 430147.23292170366,
    "max_drawdown": -0.6056753921383796,
    "mwrr": 0.08842358459801725,
    "sharpe": 0.25155292181222777,
    "sortino": 0.35413118933838944,
    "std": 0.1763067509825103,
    "ulcer_index": 15.87207878994425,
    "upi": 0.279455107530628,
    "us_allocation": 13
}