{
    "beta": 0.8235093733676803,
    "cagr": 0.10402865743267542,
    "end_val": 809245.4633725667,
    "max_drawdown": -0.5793374828633043,
    "mwrr": 0.10402865743267542,
    "sharpe": 0.35625142499315365,
    "sortino": 0.49884015803104714,
    "std": 0.16443843791023832,
    "ulcer_index": 13.733421818689674,
    "upi": 0.4266180736793126,
    "us_allocation": 54
}