{
    "beta": 0.8763162890464906,
    "cagr": 0.11026247532546929,
    "end_val": 1039054.2146497908,
    "max_drawdown": -0.5668109262421435,
    "mwrr": 0.11026247532546929,
    "sharpe": 0.38665337817568957,
    "sortino": 0.5397673217790404,
    "std": 0.16606757389328686,
    "ulcer_index": 13.263332583523068,
    "upi": 0.48418565376735867,
    "us_allocation": 73
}