{
    "beta": 0.8929992514178188,
    "cagr": 0.11209842583706875,
    "end_val": 1118134.209560263,
    "max_drawdown": -0.5631509113623572,
    "mwrr": 0.11209842583706875,
    "sharpe": 0.39319405069738045,
    "sortino": 0.5484504578359242,
    "std": 0.16750642060238033,
    "ulcer_index": 13.181589448566761,
    "upi": 0.4997212313906662,
    "us_allocation": 79
}