{
    "beta": 0.9069087543195304,
    "cagr": 0.11357931623313555,
    "end_val": 1186180.2545581525,
    "max_drawdown": -0.5606179604571229,
    "mwrr": 0.11357931623313555,
    "sharpe": 0.39751833515506046,
    "sortino": 0.5541432557915478,
    "std": 0.1690313061773416,
    "ulcer_index": 13.146204386088716,
    "upi": 0.5111875576224125,
    "us_allocation": 84
}