{
    "beta": 0.8624184729936081,
    "cagr": 0.10868370733746358,
    "end_val": 975444.8557489547,
    "max_drawdown": -0.5701279626951347,
    "mwrr": 0.10868370733746358,
    "sharpe": 0.38006660351812516,
    "sortino": 0.5309609655135706,
    "std": 0.1652023756770451,
    "ulcer_index": 13.363647002556647,
    "upi": 0.46990417283509567,
    "us_allocation": 68
}