{
    "beta": 0.804047400347779,
    "cagr": 0.10157220608339745,
    "end_val": 733051.1834402764,
    "max_drawdown": -0.5838999145764117,
    "mwrr": 0.10157220608339745,
    "sharpe": 0.34157012806152676,
    "sortino": 0.47885219217326386,
    "std": 0.16498695102415165,
    "ulcer_index": 13.971413674169895,
    "upi": 0.40340970629551154,
    "us_allocation": 47
}