{
    "beta": 0.7873562537005774,
    "cagr": 0.09939851215040951,
    "end_val": 671508.9601804009,
    "max_drawdown": -0.5877885771525645,
    "mwrr": 0.09939851215040951,
    "sharpe": 0.3276856554775244,
    "sortino": 0.45983347474449476,
    "std": 0.16595176450647575,
    "ulcer_index": 14.205161416848668,
    "upi": 0.3828681689883271,
    "us_allocation": 41
}