{
    "beta": 0.8262889784768817,
    "cagr": 0.10437257734171301,
    "end_val": 820512.8279662069,
    "max_drawdown": -0.5786834267237289,
    "mwrr": 0.10437257734171301,
    "sharpe": 0.35820497104926496,
    "sortino": 0.5014893759317608,
    "std": 0.1644109103541277,
    "ulcer_index": 13.703073698427989,
    "upi": 0.4298356056638256,
    "us_allocation": 55
}