{
    "beta": 0.6756004700601024,
    "cagr": 0.08329968176167313,
    "end_val": 348850.01370645076,
    "max_drawdown": -0.6132142967465782,
    "mwrr": 0.08329968176167313,
    "sharpe": 0.2159782075092043,
    "sortino": 0.3043067494475921,
    "std": 0.1835057057810356,
    "ulcer_index": 16.92608076323431,
    "upi": 0.23417790288198975,
    "us_allocation": 1
}