{
    "beta": 0.6840241580158635,
    "cagr": 0.0846044322343309,
    "end_val": 367998.67154621065,
    "max_drawdown": -0.6113365188013058,
    "mwrr": 0.0846044322343309,
    "sharpe": 0.2249186918320259,
    "sortino": 0.3168457184886611,
    "std": 0.18156140326982906,
    "ulcer_index": 16.6420146930961,
    "upi": 0.2454071467741259,
    "us_allocation": 4
}