{
    "beta": 0.7790062759792956,
    "cagr": 0.09828809793921267,
    "end_val": 642049.6454970599,
    "max_drawdown": -0.5897253880754044,
    "mwrr": 0.09828809793921267,
    "sharpe": 0.3203387034705012,
    "sortino": 0.44972599806396607,
    "std": 0.16660429942088636,
    "ulcer_index": 14.330625586593971,
    "upi": 0.3724654011757408,
    "us_allocation": 38
}