{
    "beta": 0.7260240005666133,
    "cagr": 0.09089070269726429,
    "end_val": 475630.6706022265,
    "max_drawdown": -0.6018778485597513,
    "mwrr": 0.09089070269726429,
    "sharpe": 0.2689712079470124,
    "sortino": 0.37844806461488556,
    "std": 0.1733042695120041,
    "ulcer_index": 15.41611163515604,
    "upi": 0.3024056995658014,
    "us_allocation": 19
}