{
    "beta": 0.7957031535879341,
    "cagr": 0.10049321746352669,
    "end_val": 701843.2600569945,
    "max_drawdown": -0.585846764109708,
    "mwrr": 0.10049321746352669,
    "sharpe": 0.3347688358320352,
    "sortino": 0.4695495833264113,
    "std": 0.1654124585093372,
    "ulcer_index": 14.08549788212166,
    "upi": 0.3931857315599213,
    "us_allocation": 44
}