{
    "beta": 0.7817899701218786,
    "cagr": 0.09865998109442731,
    "end_val": 651772.1856696124,
    "max_drawdown": -0.5890803381222212,
    "mwrr": 0.09865998109442731,
    "sharpe": 0.32281583249852985,
    "sortino": 0.4531371332387981,
    "std": 0.16637424944041115,
    "ulcer_index": 14.288109793059364,
    "upi": 0.37594287118000086,
    "us_allocation": 39
}