{
    "beta": 0.9514872789488161,
    "cagr": 0.118015101457007,
    "end_val": 1415135.3789041052,
    "max_drawdown": -0.5528942487106145,
    "mwrr": 0.118015101457007,
    "sharpe": 0.40482106899279424,
    "sortino": 0.563573692009043,
    "std": 0.1758012086980404,
    "ulcer_index": 13.14946874632826,
    "upi": 0.5412890861490869,
    "us_allocation": 100
}