{
    "beta": 0.90134403829103,
    "cagr": 0.11299233047168711,
    "end_val": 1158737.6426573517,
    "max_drawdown": -0.5615873673095944,
    "mwrr": 0.11299233047168711,
    "sharpe": 0.39591018329451244,
    "sortino": 0.552031166716917,
    "std": 0.16838634896234508,
    "ulcer_index": 13.157702789893726,
    "upi": 0.506734162133782,
    "us_allocation": 82
}