{
    "beta": 0.9263969599770596,
    "cagr": 0.11557710270435817,
    "end_val": 1284425.0765622025,
    "max_drawdown": -0.5572318390457837,
    "mwrr": 0.11557710270435817,
    "sharpe": 0.4018998957553407,
    "sortino": 0.5598549671348662,
    "std": 0.17164776225281744,
    "ulcer_index": 13.125384949340935,
    "upi": 0.5256526351275117,
    "us_allocation": 91
}