{
    "beta": 0.7344034316743773,
    "cagr": 0.09210063044232553,
    "end_val": 499622.5322806403,
    "max_drawdown": -0.5999719475064261,
    "mwrr": 0.09210063044232553,
    "sharpe": 0.2775203343567896,
    "sortino": 0.3903618751065593,
    "std": 0.17195855729211124,
    "ulcer_index": 15.212171720151701,
    "upi": 0.3137459965838738,
    "us_allocation": 22
}