{
    "beta": 0.7984848430153211,
    "cagr": 0.100854627114491,
    "end_val": 712148.9514294183,
    "max_drawdown": -0.5851983755855107,
    "mwrr": 0.100854627114491,
    "sharpe": 0.3370681151633498,
    "sortino": 0.47269755590109885,
    "std": 0.16525795560140516,
    "ulcer_index": 14.046875026058213,
    "upi": 0.3966041184521946,
    "us_allocation": 45
}