{
    "beta": 0.678409341827713,
    "cagr": 0.08373636387457606,
    "end_val": 355147.7679229812,
    "max_drawdown": -0.612588881465184,
    "mwrr": 0.08373636387457606,
    "sharpe": 0.21895954218852656,
    "sortino": 0.3084891129801584,
    "std": 0.18284715770885154,
    "ulcer_index": 16.83026336836996,
    "upi": 0.23790545462527152,
    "us_allocation": 2
}