{
    "beta": 0.692439324703136,
    "cagr": 0.08589331311838078,
    "end_val": 387921.71543363197,
    "max_drawdown": -0.6094541283660773,
    "mwrr": 0.08589331311838078,
    "sharpe": 0.23383950481628926,
    "sortino": 0.32934663601743125,
    "std": 0.17971220107743502,
    "ulcer_index": 16.37254453822091,
    "upi": 0.25669918500302563,
    "us_allocation": 7
}