{
    "beta": 0.7622953827829181,
    "cagr": 0.09602015794465668,
    "end_val": 585752.7243805039,
    "max_drawdown": -0.5935841388381242,
    "mwrr": 0.09602015794465668,
    "sharpe": 0.3049308755908022,
    "sortino": 0.42844136699441215,
    "std": 0.16824588806012883,
    "ulcer_index": 14.617319270782474,
    "upi": 0.35102015589441576,
    "us_allocation": 32
}