{
    "beta": 0.6727905991429002,
    "cagr": 0.08286123267107826,
    "end_val": 342636.64239622717,
    "max_drawdown": -0.613839202756015,
    "mwrr": 0.08286123267107826,
    "sharpe": 0.21299647988737241,
    "sortino": 0.300122748722113,
    "std": 0.18417460514086587,
    "ulcer_index": 17.026233465744703,
    "upi": 0.23042309172443265,
    "us_allocation": 0
}