{
    "beta": 0.8957805640460826,
    "cagr": 0.11239818147080194,
    "end_val": 1131592.4072478157,
    "max_drawdown": -0.5626228478425412,
    "mwrr": 0.11239818147080194,
    "sharpe": 0.39414019098520303,
    "sortino": 0.549699619366593,
    "std": 0.16778797817150248,
    "ulcer_index": 13.17294638635563,
    "upi": 0.5020947408055714,
    "us_allocation": 80
}