{
    "beta": 0.9041262328224385,
    "cagr": 0.11328671979980176,
    "end_val": 1172422.3744677957,
    "max_drawdown": -0.5611025572647357,
    "mwrr": 0.11328671979980176,
    "sharpe": 0.39673438855632187,
    "sortino": 0.5531144020148963,
    "std": 0.16870303657201924,
    "ulcer_index": 13.151680213418414,
    "upi": 0.5089768529950656,
    "us_allocation": 83
}