{
    "beta": 0.8123894180460606,
    "cagr": 0.10263546695549186,
    "end_val": 765129.5247317236,
    "max_drawdown": -0.5819479937326751,
    "mwrr": 0.10263546695549186,
    "sharpe": 0.3480726487327917,
    "sortino": 0.4877212767177057,
    "std": 0.16467562459117593,
    "ulcer_index": 13.863293793373114,
    "upi": 0.41351419697787306,
    "us_allocation": 50
}