{
    "beta": 0.7288178166228171,
    "cagr": 0.09129576092747049,
    "end_val": 483534.46970808425,
    "max_drawdown": -0.6012430789832636,
    "mwrr": 0.09129576092747049,
    "sharpe": 0.27183453205657065,
    "sortino": 0.3824399403219748,
    "std": 0.17284403246730182,
    "ulcer_index": 15.346978468561131,
    "upi": 0.30618664825203257,
    "us_allocation": 20
}