{
    "beta": 0.7008464354066539,
    "cagr": 0.08716635479521662,
    "end_val": 408633.41246626177,
    "max_drawdown": -0.6075670960613979,
    "mwrr": 0.08716635479521662,
    "sharpe": 0.24272358283394113,
    "sortino": 0.34178381797110585,
    "std": 0.17796002029808786,
    "ulcer_index": 16.117465650403183,
    "upi": 0.26803040884252316,
    "us_allocation": 10
}