{
    "beta": 0.9124748446037348,
    "cagr": 0.11415912175756016,
    "end_val": 1213910.4685688876,
    "max_drawdown": -0.5596494106152843,
    "mwrr": 0.11415912175756016,
    "sharpe": 0.3989663724156893,
    "sortino": 0.556039129082603,
    "std": 0.16972232477906207,
    "ulcer_index": 13.136773976525225,
    "upi": 0.5155164023142468,
    "us_allocation": 86
}