{
    "beta": 0.6952425672414552,
    "cagr": 0.0863194188434584,
    "end_val": 394737.3039809412,
    "max_drawdown": -0.6088256348225481,
    "mwrr": 0.0863194188434584,
    "sharpe": 0.23680581630478365,
    "sortino": 0.33350071398835884,
    "std": 0.1791172665577609,
    "ulcer_index": 16.286369254199364,
    "upi": 0.26046607165177665,
    "us_allocation": 8
}