{
    "beta": 0.915258446724024,
    "cagr": 0.11444632638526753,
    "end_val": 1227880.2197602764,
    "max_drawdown": -0.5591654596191125,
    "mwrr": 0.11444632638526753,
    "sharpe": 0.39963096857187047,
    "sortino": 0.5569069060538362,
    "std": 0.17008493729372776,
    "ulcer_index": 13.132705620315956,
    "upi": 0.5176384480774939,
    "us_allocation": 87
}