{
    "beta": 0.8318478382119668,
    "cagr": 0.10505515858034586,
    "end_val": 843331.3072580984,
    "max_drawdown": -0.577373590969846,
    "mwrr": 0.10505515858034586,
    "sharpe": 0.36199946169059066,
    "sortino": 0.5066278450438423,
    "std": 0.16439393400337315,
    "ulcer_index": 13.644414309722933,
    "upi": 0.43621147555506673,
    "us_allocation": 57
}