{
    "beta": 0.9431189126405779,
    "cagr": 0.11721886291279837,
    "end_val": 1371077.353752464,
    "max_drawdown": -0.5543380722033071,
    "mwrr": 0.11721886291279837,
    "sharpe": 0.404171885802234,
    "sortino": 0.5627659146529406,
    "std": 0.17432100893592034,
    "ulcer_index": 13.131483410683993,
    "upi": 0.5366058256350558,
    "us_allocation": 97
}