{
    "beta": 0.898562154192857,
    "cagr": 0.11269615034684399,
    "end_val": 1145127.263568931,
    "max_drawdown": -0.5620948306372658,
    "mwrr": 0.11269615034684399,
    "sharpe": 0.3950455130114059,
    "sortino": 0.5508930350359391,
    "std": 0.16808130831360782,
    "ulcer_index": 13.164831985766336,
    "upi": 0.5044383592273485,
    "us_allocation": 81
}