{
    "beta": 0.865197805127597,
    "cagr": 0.10900300014628961,
    "end_val": 987994.3789666144,
    "max_drawdown": -0.5694657451836974,
    "mwrr": 0.10900300014628961,
    "sharpe": 0.38146646604312656,
    "sortino": 0.5328362123768362,
    "std": 0.1653508184613283,
    "ulcer_index": 13.341445434158206,
    "upi": 0.4728442081965607,
    "us_allocation": 69
}