{
    "beta": 0.840185487615612,
    "cagr": 0.10606587097588838,
    "end_val": 878262.4592957469,
    "max_drawdown": -0.5754045083565652,
    "mwrr": 0.10606587097588838,
    "sharpe": 0.36740363251766833,
    "sortino": 0.513929654722507,
    "std": 0.16446348046550904,
    "ulcer_index": 13.560418558693915,
    "upi": 0.44565442683404427,
    "us_allocation": 60
}