{
    "beta": 0.7845732907737234,
    "cagr": 0.09903011922127392,
    "end_val": 661591.9522371592,
    "max_drawdown": -0.5884347349001293,
    "mwrr": 0.09903011922127392,
    "sharpe": 0.325265053149004,
    "sortino": 0.4565065910433581,
    "std": 0.1661567285390128,
    "ulcer_index": 14.24633942988513,
    "upi": 0.37940929596644457,
    "us_allocation": 40
}