{
    "beta": 0.8290684615172219,
    "cagr": 0.10471474466582142,
    "end_val": 831874.8989412612,
    "max_drawdown": -0.5780287965416109,
    "mwrr": 0.10471474466582142,
    "sharpe": 0.36012112568840104,
    "sortino": 0.5040854025526599,
    "std": 0.16439607904105388,
    "ulcer_index": 13.673413699931134,
    "upi": 0.43303331553510505,
    "us_allocation": 56
}