{
    "beta": 0.8818764490524938,
    "cagr": 0.11088157380163488,
    "end_val": 1065089.538963536,
    "max_drawdown": -0.5654799272129045,
    "mwrr": 0.11088157380163488,
    "sharpe": 0.38899871354633797,
    "sortino": 0.5428896748959579,
    "std": 0.16649910233178133,
    "ulcer_index": 13.23001368738838,
    "upi": 0.489618120886511,
    "us_allocation": 75
}