{
    "beta": 0.7595086312631172,
    "cagr": 0.09563606103750955,
    "end_val": 576708.6344231742,
    "max_drawdown": -0.5942253506426601,
    "mwrr": 0.09563606103750955,
    "sharpe": 0.3022790718988429,
    "sortino": 0.4247678470251,
    "std": 0.168562688163434,
    "ulcer_index": 14.670461320303783,
    "upi": 0.3473596777766343,
    "us_allocation": 31
}