{
    "beta": 0.7734377040796689,
    "cagr": 0.09753909702404662,
    "end_val": 622896.0799707718,
    "max_drawdown": -0.5910138331743316,
    "mwrr": 0.09753909702404662,
    "sharpe": 0.3153036138797715,
    "sortino": 0.4427826199944456,
    "std": 0.16710186475222327,
    "ulcer_index": 14.41750285818971,
    "upi": 0.3654897352806182,
    "us_allocation": 36
}