{
    "beta": 0.7455670493642262,
    "cagr": 0.09368939607976556,
    "end_val": 532929.8449264786,
    "max_drawdown": -0.5974232826411544,
    "mwrr": 0.09368939607976556,
    "sharpe": 0.28870694629765215,
    "sortino": 0.40592896546989976,
    "std": 0.1703292464033786,
    "ulcer_index": 14.955387813284895,
    "upi": 0.32885231924433517,
    "us_allocation": 26
}