{
    "beta": 0.7539336113405953,
    "cagr": 0.09486263179653598,
    "end_val": 558909.4110403486,
    "max_drawdown": -0.5955061452353796,
    "mwrr": 0.09486263179653598,
    "sharpe": 0.2969105080434531,
    "sortino": 0.4173232779433186,
    "std": 0.1692329416779608,
    "ulcer_index": 14.78114583358524,
    "upi": 0.3399816119822145,
    "us_allocation": 29
}