{
    "beta": 0.7316109548805715,
    "cagr": 0.09169906998877475,
    "end_val": 491531.6397273187,
    "max_drawdown": -0.6006077790183911,
    "mwrr": 0.09169906998877475,
    "sharpe": 0.2746844964517014,
    "sortino": 0.38641158912477047,
    "std": 0.17239544164049683,
    "ulcer_index": 15.279135787632505,
    "upi": 0.3099642459331383,
    "us_allocation": 21
}