{
    "beta": 0.7650816499295174,
    "cagr": 0.09640250991233579,
    "end_val": 594893.369242402,
    "max_drawdown": -0.5929423824109948,
    "mwrr": 0.09640250991233579,
    "sharpe": 0.3075599963435854,
    "sortino": 0.43208075632588827,
    "std": 0.16794136467766105,
    "ulcer_index": 14.565212810618531,
    "upi": 0.35467035871151215,
    "us_allocation": 33
}