{
    "beta": 0.8346271242944775,
    "cagr": 0.10539381821780536,
    "end_val": 854881.6569071201,
    "max_drawdown": -0.5767178086554062,
    "mwrr": 0.10539381821780536,
    "sharpe": 0.3638395748006986,
    "sortino": 0.5091163245084465,
    "std": 0.1644044628429327,
    "ulcer_index": 13.615909930416075,
    "upi": 0.4393748472592069,
    "us_allocation": 58
}