{
    "beta": 0.8151696685140444,
    "cagr": 0.10298638980544705,
    "end_val": 776014.9008720224,
    "max_drawdown": -0.5812962204096099,
    "mwrr": 0.10298638980544705,
    "sharpe": 0.35017104537408184,
    "sortino": 0.4905780470429253,
    "std": 0.1645972611482249,
    "ulcer_index": 13.829433221872014,
    "upi": 0.4168273525048281,
    "us_allocation": 51
}