{
    "beta": 0.748356462344153,
    "cagr": 0.09408222058884363,
    "end_val": 541494.1042259019,
    "max_drawdown": -0.5967847758404202,
    "mwrr": 0.09408222058884363,
    "sharpe": 0.2914605212837113,
    "sortino": 0.40975599533297397,
    "std": 0.16995175402773213,
    "ulcer_index": 14.896329547416013,
    "upi": 0.33256654842586514,
    "us_allocation": 27
}