{
    "beta": 0.7148416299961758,
    "cagr": 0.08925296554547746,
    "end_val": 444941.66234493465,
    "max_drawdown": -0.6044116459856976,
    "mwrr": 0.08925296554547746,
    "sharpe": 0.257399456916653,
    "sortino": 0.362299655198143,
    "std": 0.1752604358167273,
    "ulcer_index": 15.713875887637416,
    "upi": 0.28711540887670345,
    "us_allocation": 15
}