{
    "beta": 0.8457436776060007,
    "cagr": 0.10673089513351242,
    "end_val": 902013.5859050883,
    "max_drawdown": -0.5740888847011097,
    "mwrr": 0.10673089513351242,
    "sharpe": 0.37081053828896743,
    "sortino": 0.5185224590533153,
    "std": 0.16457298452755953,
    "ulcer_index": 13.507515391671134,
    "upi": 0.45184925784228736,
    "us_allocation": 62
}