{
    "beta": 0.8068282996572473,
    "cagr": 0.10192837454226122,
    "end_val": 743647.4638602764,
    "max_drawdown": -0.5832498395067016,
    "mwrr": 0.10192837454226122,
    "sharpe": 0.34377162627947533,
    "sortino": 0.481857622625863,
    "std": 0.1648704753756951,
    "ulcer_index": 13.934612718718189,
    "upi": 0.4067947885274709,
    "us_allocation": 48
}