{
    "beta": 0.8096089669918372,
    "cagr": 0.10228279501016257,
    "end_val": 754340.3075847523,
    "max_drawdown": -0.5825991996609641,
    "mwrr": 0.10228279501016257,
    "sharpe": 0.34593932427505714,
    "sortino": 0.48481422176870137,
    "std": 0.16476669754723594,
    "ulcer_index": 13.898581298535824,
    "upi": 0.4101629256921466,
    "us_allocation": 49
}