{
    "beta": 0.7762221925646832,
    "cagr": 0.09791446988554386,
    "end_val": 632424.2957776916,
    "max_drawdown": -0.5903698860108445,
    "mwrr": 0.09791446988554386,
    "sharpe": 0.3178343869528762,
    "sortino": 0.44627413066525357,
    "std": 0.16684684854120246,
    "ulcer_index": 14.373766710856827,
    "upi": 0.36898059707390085,
    "us_allocation": 37
}