{
    "beta": 0.7901388746541979,
    "cagr": 0.09976515967291344,
    "end_val": 681523.2031569974,
    "max_drawdown": -0.5871418636175257,
    "mwrr": 0.09976515967291344,
    "sharpe": 0.33007694137275245,
    "sortino": 0.4631168198031986,
    "std": 0.165759382945766,
    "ulcer_index": 14.16459002028509,
    "upi": 0.3863186117646324,
    "us_allocation": 42
}