{
    "beta": 0.8735364626928805,
    "cagr": 0.10995026393593998,
    "end_val": 1026161.6094036109,
    "max_drawdown": -0.5674755261909364,
    "mwrr": 0.10995026393593998,
    "sharpe": 0.38541865255911995,
    "sortino": 0.5381202605902903,
    "std": 0.16587002580738833,
    "ulcer_index": 13.281620832545618,
    "upi": 0.4814016597116683,
    "us_allocation": 72
}