{
    "beta": 0.7371952632937994,
    "cagr": 0.09250044281152392,
    "end_val": 507807.48447518656,
    "max_drawdown": -0.5993355832837508,
    "mwrr": 0.09250044281152392,
    "sharpe": 0.2803412745798118,
    "sortino": 0.39428983265870865,
    "std": 0.17153343847614147,
    "ulcer_index": 15.146077611429556,
    "upi": 0.31753149404054093,
    "us_allocation": 23
}