{
    "beta": 0.8790962791210146,
    "cagr": 0.11057291249483203,
    "end_val": 1052030.4922563324,
    "max_drawdown": -0.5661457270691092,
    "mwrr": 0.11057291249483203,
    "sharpe": 0.3878467280562589,
    "sortino": 0.5413571297181132,
    "std": 0.16627728277488568,
    "ulcer_index": 13.245959716162012,
    "upi": 0.48693102468982763,
    "us_allocation": 74
}