{
    "beta": 0.7511453109842333,
    "cagr": 0.09447329906252033,
    "end_val": 550153.8787180324,
    "max_drawdown": -0.5961457304363661,
    "mwrr": 0.09447329906252033,
    "sharpe": 0.2941953024462384,
    "sortino": 0.41355444363446064,
    "std": 0.169586302263863,
    "ulcer_index": 14.838226886735884,
    "upi": 0.3362770685240048,
    "us_allocation": 28
}