{
    "beta": 0.8207296304749297,
    "cagr": 0.10368298572079171,
    "end_val": 798073.1475694316,
    "max_drawdown": -0.5799909663015481,
    "mwrr": 0.10368298572079171,
    "sharpe": 0.3542609372604797,
    "sortino": 0.49613819643830387,
    "std": 0.16447866924042912,
    "ulcer_index": 13.764651591083629,
    "upi": 0.42337537450913554,
    "us_allocation": 53
}