{
    "beta": 0.7036470949989222,
    "cagr": 0.0875871870089564,
    "end_val": 415714.9203715179,
    "max_drawdown": -0.6069370486355962,
    "mwrr": 0.0875871870089564,
    "sharpe": 0.24567369256212526,
    "sortino": 0.34591090795960416,
    "std": 0.17739784818054238,
    "ulcer_index": 16.03467586226476,
    "upi": 0.27182763364828616,
    "us_allocation": 11
}