{
    "beta": 0.8707567839601293,
    "cagr": 0.10963627992021174,
    "end_val": 1013353.5475708803,
    "max_drawdown": -0.5681395283679036,
    "mwrr": 0.10963627992021174,
    "sharpe": 0.38414256362581684,
    "sortino": 0.536415935303111,
    "std": 0.16568468671903408,
    "ulcer_index": 13.300394584671574,
    "upi": 0.47859524505611556,
    "us_allocation": 71
}