{
    "beta": 0.9291826990035903,
    "cagr": 0.11585527397220363,
    "end_val": 1298720.5892007174,
    "max_drawdown": -0.5567489849087957,
    "mwrr": 0.11585527397220363,
    "sharpe": 0.40237135573115024,
    "sortino": 0.5604637272490842,
    "std": 0.17206619888761063,
    "ulcer_index": 13.124780130132535,
    "upi": 0.5275762080263,
    "us_allocation": 92
}