{
    "beta": 0.8179497340910461,
    "cagr": 0.10333556294582302,
    "end_val": 786996.1966772481,
    "max_drawdown": -0.5806438783738094,
    "mwrr": 0.10333556294582302,
    "sharpe": 0.3522339796261522,
    "sortino": 0.4933839404503818,
    "std": 0.16453160943598868,
    "ulcer_index": 13.796731280104467,
    "upi": 0.42010926070154725,
    "us_allocation": 52
}