{
    "beta": 0.7678674486101832,
    "cagr": 0.09678311704443954,
    "end_val": 604130.7231107006,
    "max_drawdown": -0.59230008014192,
    "mwrr": 0.09678311704443954,
    "sharpe": 0.31016566660456824,
    "sortino": 0.43568486830295833,
    "std": 0.1676491599520949,
    "ulcer_index": 14.514204294633847,
    "upi": 0.358307867558525,
    "us_allocation": 34
}