{
    "beta": 0.7120441782338937,
    "cagr": 0.08883915173500356,
    "end_val": 437498.9597591328,
    "max_drawdown": -0.6050437808309184,
    "mwrr": 0.08883915173500356,
    "sharpe": 0.2544806338868099,
    "sortino": 0.3582224134967023,
    "std": 0.17577796204766616,
    "ulcer_index": 15.792433444536293,
    "upi": 0.2832813864151146,
    "us_allocation": 14
}