{
    "beta": 0.8540809141404881,
    "cagr": 0.10771523393523053,
    "end_val": 938325.3790090585,
    "max_drawdown": -0.5721110687455657,
    "mwrr": 0.10771523393523053,
    "sharpe": 0.37562115634522864,
    "sortino": 0.5249946688391992,
    "std": 0.1648314869165023,
    "ulcer_index": 13.433134705541358,
    "upi": 0.4609685120236203,
    "us_allocation": 65
}