{
    "beta": 0.7176383215514965,
    "cagr": 0.08966502681637545,
    "end_val": 452475.77214360755,
    "max_drawdown": -0.6037789864729174,
    "mwrr": 0.08966502681637545,
    "sharpe": 0.2603086643506694,
    "sortino": 0.36636186831688605,
    "std": 0.1747542385198401,
    "ulcer_index": 15.636356742606546,
    "upi": 0.2909574272524343,
    "us_allocation": 16
}