{
    "beta": 0.9347556291442486,
    "cagr": 0.11640617116620922,
    "end_val": 1327492.2400587345,
    "max_drawdown": -0.5557839450986222,
    "mwrr": 0.11640617116620922,
    "sharpe": 0.40320178193176454,
    "sortino": 0.5615312050557286,
    "std": 0.17293582700734844,
    "ulcer_index": 13.125790345075217,
    "upi": 0.5312954275276454,
    "us_allocation": 94
}