{
    "beta": 0.9459077800082321,
    "cagr": 0.11748610781374813,
    "end_val": 1385713.1260142676,
    "max_drawdown": -0.5538565685872708,
    "mwrr": 0.11748610781374813,
    "sharpe": 0.40442337752845264,
    "sortino": 0.5630819151250376,
    "std": 0.1748039562940479,
    "ulcer_index": 13.135359577813642,
    "upi": 0.5382680641520604,
    "us_allocation": 98
}