{
    "beta": 0.9375428545957221,
    "cagr": 0.11667889172641344,
    "end_val": 1341965.2244612,
    "max_drawdown": -0.5553017615105063,
    "mwrr": 0.11667889172641344,
    "sharpe": 0.40356149614858067,
    "sortino": 0.5619910733515472,
    "std": 0.17338686620003962,
    "ulcer_index": 13.127230471865662,
    "upi": 0.533097540067821,
    "us_allocation": 95
}