{
    "beta": 0.9180424424798078,
    "cagr": 0.11473172919034247,
    "end_val": 1241917.9533886183,
    "max_drawdown": -0.5586817259363113,
    "mwrr": 0.11473172919034247,
    "sharpe": 0.4002563157857293,
    "sortino": 0.5577219685048942,
    "std": 0.17045885896394553,
    "ulcer_index": 13.129928488284001,
    "upi": 0.5196978774444794,
    "us_allocation": 88
}