{
    "beta": 0.9208268486821242,
    "cagr": 0.11501532780419321,
    "end_val": 1256022.290012299,
    "max_drawdown": -0.5581982105931821,
    "mwrr": 0.11501532780419321,
    "sharpe": 0.4008427093977475,
    "sortino": 0.5584846669916914,
    "std": 0.17084401864315155,
    "ulcer_index": 13.127954388616503,
    "upi": 0.5217134368554751,
    "us_allocation": 89
}