{
    "beta": 0.8874373932200242,
    "cagr": 0.11149356201336924,
    "end_val": 1091452.164009616,
    "max_drawdown": -0.5642071746721873,
    "mwrr": 0.11149356201336924,
    "sharpe": 0.39117875353339965,
    "sortino": 0.5457835094033342,
    "std": 0.16697886369904377,
    "ulcer_index": 13.201367834595697,
    "upi": 0.4948519604180718,
    "us_allocation": 77
}