{
    "beta": 0.909691619367051,
    "cagr": 0.11387011762060273,
    "end_val": 1200010.0438787679,
    "max_drawdown": -0.5601335779014461,
    "mwrr": 0.11387011762060273,
    "sharpe": 0.39826224849455144,
    "sortino": 0.5551180959921066,
    "std": 0.16937109145387497,
    "ulcer_index": 13.141272053057246,
    "upi": 0.5133660824479772,
    "us_allocation": 85
}