{
    "beta": 0.8485227470853574,
    "cagr": 0.10706076885567462,
    "end_val": 914026.7347095717,
    "max_drawdown": -0.5734301981681887,
    "mwrr": 0.10706076885567462,
    "sharpe": 0.3724543025869025,
    "sortino": 0.5207356777379367,
    "std": 0.16464661250456447,
    "ulcer_index": 13.482125987821357,
    "upi": 0.45491038113287857,
    "us_allocation": 63
}