{
    "beta": 0.7064469274642956,
    "cagr": 0.08800626331001982,
    "end_val": 422886.0382489069,
    "max_drawdown": -0.6063064810331515,
    "mwrr": 0.08800626331001982,
    "sharpe": 0.2486170385109202,
    "sortino": 0.3500270285406657,
    "std": 0.17684673560669412,
    "ulcer_index": 15.952891959403251,
    "upi": 0.2756358391258843,
    "us_allocation": 12
}