{
    "beta": 0.7800364919647901,
    "cagr": 0.09457544754956415,
    "end_val": 504611.621240982,
    "max_drawdown": -0.5897253880754049,
    "mwrr": 0.09457544754956415,
    "sharpe": 0.30999737638647407,
    "sortino": 0.4346581788116263,
    "std": 0.1667506328744663,
    "ulcer_index": 14.401422711169563,
    "upi": 0.35898093171833145,
    "us_allocation": 38
}