{
    "beta": 0.8957974973751911,
    "cagr": 0.10814072435265021,
    "end_val": 861135.2494938994,
    "max_drawdown": -0.5626228478425417,
    "mwrr": 0.10814072435265021,
    "sharpe": 0.3806585636728603,
    "sortino": 0.5306578659791024,
    "std": 0.1681458238329845,
    "ulcer_index": 13.278045670704053,
    "upi": 0.4821048417009671,
    "us_allocation": 80
}