{
    "beta": 0.6858725956715657,
    "cagr": 0.08129508246520367,
    "end_val": 297108.1932698318,
    "max_drawdown": -0.6113365188013067,
    "mwrr": 0.08129508246520367,
    "sharpe": 0.2178086940746442,
    "sortino": 0.3063102415540225,
    "std": 0.18130059321868552,
    "ulcer_index": 16.639268183401192,
    "upi": 0.23734512513784822,
    "us_allocation": 4
}