{
    "beta": 0.7965884422650281,
    "cagr": 0.09670583414861622,
    "end_val": 549034.7792148228,
    "max_drawdown": -0.5858467641097084,
    "mwrr": 0.09670583414861622,
    "sharpe": 0.32386448055792627,
    "sortino": 0.45373166637858897,
    "std": 0.16561279054249362,
    "ulcer_index": 14.16961322351322,
    "upi": 0.378574858494734,
    "us_allocation": 44
}