{
    "beta": 0.7855552039644256,
    "cagr": 0.0952926743537601,
    "end_val": 519160.3213484112,
    "max_drawdown": -0.5884347349001299,
    "mwrr": 0.0952926743537601,
    "sharpe": 0.3147338102256937,
    "sortino": 0.4411844032454051,
    "std": 0.16632182837898019,
    "ulcer_index": 14.321682504867429,
    "upi": 0.3655529906755954,
    "us_allocation": 40
}