{
    "beta": 0.813129751086357,
    "cagr": 0.09877230692671546,
    "end_val": 595765.2977894173,
    "max_drawdown": -0.5819479937326748,
    "mwrr": 0.09877230692671546,
    "sharpe": 0.33663066609229797,
    "sortino": 0.4712013180418296,
    "std": 0.16492270236417175,
    "ulcer_index": 13.95970913999699,
    "upi": 0.3977510474232387,
    "us_allocation": 50
}