{
    "beta": 0.6830895982070082,
    "cagr": 0.08087326014948837,
    "end_val": 292120.20994821785,
    "max_drawdown": -0.6119629558416393,
    "mwrr": 0.08087326014948837,
    "sharpe": 0.2149175199397649,
    "sortino": 0.302261972770414,
    "std": 0.18192454953900766,
    "ulcer_index": 16.730786797836565,
    "upi": 0.23371494352047484,
    "us_allocation": 3
}