{
    "beta": 0.8461942194235622,
    "cagr": 0.10271308082588804,
    "end_val": 695892.7551656668,
    "max_drawdown": -0.5740888847011094,
    "mwrr": 0.10271308082588804,
    "sharpe": 0.3584043354019406,
    "sortino": 0.5007868985142486,
    "std": 0.16488973200262702,
    "ulcer_index": 13.608584507575694,
    "upi": 0.43431875867300995,
    "us_allocation": 62
}