{
    "beta": 0.7358195913250654,
    "cagr": 0.08858209578459086,
    "end_val": 397638.0138571858,
    "max_drawdown": -0.5999719475064257,
    "mwrr": 0.08858209578459086,
    "sharpe": 0.26873252921032986,
    "sortino": 0.37742380355498983,
    "std": 0.1719307647322962,
    "ulcer_index": 15.245735691628772,
    "upi": 0.3030903293549192,
    "us_allocation": 22
}