{
    "beta": 0.8544590707417409,
    "cagr": 0.10365811487774068,
    "end_val": 722246.9381142766,
    "max_drawdown": -0.5721110687455653,
    "mwrr": 0.10365811487774068,
    "sharpe": 0.363002373675143,
    "sortino": 0.5069976651018148,
    "std": 0.1651604300569743,
    "ulcer_index": 13.534761590477677,
    "upi": 0.4430162008399181,
    "us_allocation": 65
}