{
    "beta": 0.9344370194716725,
    "cagr": 0.11195603099783935,
    "end_val": 999638.2419319296,
    "max_drawdown": -0.5557839450986231,
    "mwrr": 0.11195603099783935,
    "sharpe": 0.3892257063710738,
    "sortino": 0.5418793404047182,
    "std": 0.17327400854706027,
    "ulcer_index": 13.239731095024286,
    "upi": 0.5094569444924391,
    "us_allocation": 94
}