{
    "beta": 0.7524168702252628,
    "cagr": 0.09088285992672174,
    "end_val": 435788.2824189156,
    "max_drawdown": -0.596145730436366,
    "mwrr": 0.09088285992672174,
    "sharpe": 0.28482295410136454,
    "sortino": 0.3998044183981068,
    "std": 0.1696283696088693,
    "ulcer_index": 14.886046393441788,
    "upi": 0.3245956158607216,
    "us_allocation": 28
}