{
    "beta": 0.757944699154137,
    "cagr": 0.09163557368199515,
    "end_val": 449028.790924376,
    "max_drawdown": -0.5948660190387531,
    "mwrr": 0.09163557368199515,
    "sharpe": 0.290037794919793,
    "sortino": 0.40704319125772187,
    "std": 0.1689559383381529,
    "ulcer_index": 14.777740706071384,
    "upi": 0.3316417146116601,
    "us_allocation": 30
}