{
    "beta": 0.7634704464987201,
    "cagr": 0.09238118796622463,
    "end_val": 462531.5830134451,
    "max_drawdown": -0.5935841388381244,
    "mwrr": 0.09238118796622463,
    "sharpe": 0.29516846279150516,
    "sortino": 0.41415679791703497,
    "std": 0.16833163588968347,
    "ulcer_index": 14.674437623346828,
    "upi": 0.3386288385699068,
    "us_allocation": 32
}