{
    "beta": 0.9316742072037171,
    "cagr": 0.11169543585581576,
    "end_val": 989522.9719275702,
    "max_drawdown": -0.5562663532460601,
    "mwrr": 0.11169543585581576,
    "sharpe": 0.3888548820269518,
    "sortino": 0.541403914184718,
    "std": 0.17283656606431527,
    "ulcer_index": 13.238537083587262,
    "upi": 0.5077326622959172,
    "us_allocation": 93
}