{
    "beta": 0.7302821305508497,
    "cagr": 0.08780095499589069,
    "end_val": 385443.1403190265,
    "max_drawdown": -0.601243078983263,
    "mwrr": 0.08780095499589069,
    "sharpe": 0.2632401715005321,
    "sortino": 0.36977332667886903,
    "std": 0.17279191948263004,
    "ulcer_index": 15.376383718896488,
    "upi": 0.2958471178033002,
    "us_allocation": 20
}