{
    "beta": 0.9261500856511603,
    "cagr": 0.11116871365493752,
    "end_val": 969382.09220647,
    "max_drawdown": -0.5572318390457838,
    "mwrr": 0.11116871365493752,
    "sharpe": 0.3880053550979386,
    "sortino": 0.5403080190291274,
    "std": 0.17199373658630862,
    "ulcer_index": 13.237334746403503,
    "upi": 0.5041991371662806,
    "us_allocation": 91
}