{
    "beta": 0.7496521345660815,
    "cagr": 0.09050384005476331,
    "end_val": 429266.3503300633,
    "max_drawdown": -0.5967847758404202,
    "mwrr": 0.09050384005476331,
    "sharpe": 0.28218581185054614,
    "sortino": 0.3961406728374164,
    "std": 0.16998252374347592,
    "ulcer_index": 14.941692377793181,
    "upi": 0.32106125105179634,
    "us_allocation": 27
}