{
    "beta": 0.6914357360937964,
    "cagr": 0.0821333453480404,
    "end_val": 307268.72216090414,
    "max_drawdown": -0.6100821061493746,
    "mwrr": 0.0821333453480404,
    "sharpe": 0.22358175910986777,
    "sortino": 0.31439094282025976,
    "std": 0.1800842821173171,
    "ulcer_index": 16.462472817907496,
    "upi": 0.24460085527037975,
    "us_allocation": 6
}