{
    "beta": 0.9123477418004186,
    "cagr": 0.1098197582766085,
    "end_val": 919609.2539323816,
    "max_drawdown": -0.5596494106152845,
    "mwrr": 0.1098197582766085,
    "sharpe": 0.3852368065999054,
    "sortino": 0.5366973976001109,
    "std": 0.1700770271932877,
    "ulcer_index": 13.24441722031558,
    "upi": 0.49475903234814483,
    "us_allocation": 86
}