{
    "beta": 0.6803056257371117,
    "cagr": 0.08044964224203688,
    "end_val": 287193.3577900578,
    "max_drawdown": -0.6125888814651845,
    "mwrr": 0.08044964224203688,
    "sharpe": 0.2120240424544385,
    "sortino": 0.29820962133312334,
    "std": 0.18255894890742877,
    "ulcer_index": 16.823850770273978,
    "upi": 0.2300923413433411,
    "us_allocation": 2
}