{
    "beta": 0.8682348391241995,
    "cagr": 0.10519733139140319,
    "end_val": 767272.3753077432,
    "max_drawdown": -0.5688029342189882,
    "mwrr": 0.10519733139140319,
    "sharpe": 0.3698807731762817,
    "sortino": 0.5162602475905658,
    "std": 0.1658561159929486,
    "ulcer_index": 13.42278566789673,
    "upi": 0.45709375461911467,
    "us_allocation": 70
}