{
    "beta": 0.884769934723819,
    "cagr": 0.10698504350737803,
    "end_val": 823014.8179284402,
    "max_drawdown": -0.5648135252080562,
    "mwrr": 0.10698504350737803,
    "sharpe": 0.37682404707195155,
    "sortino": 0.5255589319590105,
    "std": 0.16708832133590357,
    "ulcer_index": 13.318571701596934,
    "upi": 0.4728042846151673,
    "us_allocation": 76
}