{
    "beta": 0.8517041017518874,
    "cagr": 0.10334489307718586,
    "end_val": 713405.872052453,
    "max_drawdown": -0.5727709266481502,
    "mwrr": 0.10334489307718586,
    "sharpe": 0.36150860270189683,
    "sortino": 0.5049814144537436,
    "std": 0.16505790450831703,
    "ulcer_index": 13.55881776679528,
    "upi": 0.44013699407049917,
    "us_allocation": 64
}