{
    "beta": 0.6775206605335762,
    "cagr": 0.08002422743812199,
    "end_val": 282327.3346841724,
    "max_drawdown": -0.6132142967465788,
    "mwrr": 0.08002422743812199,
    "sharpe": 0.2091288404103484,
    "sortino": 0.2941539990838621,
    "std": 0.18320372294946413,
    "ulcer_index": 16.917835150759537,
    "upi": 0.22648653302451857,
    "us_allocation": 1
}