{
    "beta": 0.9013129250756304,
    "cagr": 0.10870768337395686,
    "end_val": 880461.927362233,
    "max_drawdown": -0.5615873673095942,
    "mwrr": 0.10870768337395686,
    "sharpe": 0.3823397414336342,
    "sortino": 0.5328827045143875,
    "std": 0.16874405599307035,
    "ulcer_index": 13.263584967378234,
    "upi": 0.486486421250788,
    "us_allocation": 82
}