{
    "beta": 0.7330511948209132,
    "cagr": 0.08819241472002681,
    "end_val": 391508.07450028986,
    "max_drawdown": -0.6006077790183916,
    "mwrr": 0.08819241472002681,
    "sharpe": 0.2659935445172632,
    "sortino": 0.37360923986826433,
    "std": 0.17235554893311597,
    "ulcer_index": 15.310634159620168,
    "upi": 0.2994673528147678,
    "us_allocation": 21
}