{
    "beta": 0.7827960356961854,
    "cagr": 0.09493494806208425,
    "end_val": 511853.46691393707,
    "max_drawdown": -0.5890803381222214,
    "mwrr": 0.09493494806208425,
    "sharpe": 0.312379304577066,
    "sortino": 0.43794164054331786,
    "std": 0.1665300593153513,
    "ulcer_index": 14.361191010725486,
    "upi": 0.36227297432286276,
    "us_allocation": 39
}