{
    "beta": 0.7053277504369715,
    "cagr": 0.08419766363598447,
    "end_val": 333759.4138462228,
    "max_drawdown": -0.606937048635596,
    "mwrr": 0.08419766363598447,
    "sharpe": 0.23793141803757623,
    "sortino": 0.3344574075005426,
    "std": 0.17723099074935553,
    "ulcer_index": 16.04557303882616,
    "upi": 0.2628324411058981,
    "us_allocation": 11
}