{
    "beta": 0.8269085304575534,
    "cagr": 0.1004454784031914,
    "end_val": 636428.8532117787,
    "max_drawdown": -0.5786834267237289,
    "mwrr": 0.1004454784031914,
    "sharpe": 0.34634087575447137,
    "sortino": 0.4844303123179144,
    "std": 0.16469100148212448,
    "ulcer_index": 13.802596122966962,
    "upi": 0.4133015496358942,
    "us_allocation": 55
}