{
    "beta": 0.9178674007688472,
    "cagr": 0.11036483945255826,
    "end_val": 939413.2101114964,
    "max_drawdown": -0.5586817259363115,
    "mwrr": 0.11036483945255826,
    "sharpe": 0.38645630673036113,
    "sortino": 0.5382934246324366,
    "std": 0.1708107218124351,
    "ulcer_index": 13.23882524937304,
    "upi": 0.49867650644732703,
    "us_allocation": 88
}