{
    "beta": 0.8213974910733589,
    "cagr": 0.09978154840212738,
    "end_val": 619978.6168025768,
    "max_drawdown": -0.5799909663015478,
    "mwrr": 0.09978154840212738,
    "sharpe": 0.34256250839818825,
    "sortino": 0.47928937400633354,
    "std": 0.16474622291314595,
    "ulcer_index": 13.863419290959976,
    "upi": 0.4071354445291938,
    "us_allocation": 53
}