{
    "beta": 0.8406843041502543,
    "cagr": 0.10207411781496023,
    "end_val": 678608.8037554645,
    "max_drawdown": -0.5754045083565649,
    "mwrr": 0.10207411781496023,
    "sharpe": 0.35514596202202753,
    "sortino": 0.49637788977404323,
    "std": 0.16477091763065063,
    "ulcer_index": 13.661036091647711,
    "upi": 0.4284088016462544,
    "us_allocation": 60
}