{
    "beta": 0.9095885003789951,
    "cagr": 0.10954447526398603,
    "end_val": 909763.2404978801,
    "max_drawdown": -0.560133577901446,
    "mwrr": 0.10954447526398603,
    "sharpe": 0.38457016900598595,
    "sortino": 0.5358222448976422,
    "std": 0.16972688197945185,
    "ulcer_index": 13.248475180431198,
    "upi": 0.49273525384242195,
    "us_allocation": 85
}