{
    "beta": 0.9289119017311848,
    "cagr": 0.11143299585765387,
    "end_val": 979437.1744542905,
    "max_drawdown": -0.5567489849087948,
    "mwrr": 0.11143299585765387,
    "sharpe": 0.3884482149136101,
    "sortino": 0.5408803322192507,
    "std": 0.17240978425205816,
    "ulcer_index": 13.237739094886184,
    "upi": 0.5059799758854862,
    "us_allocation": 92
}