{
    "beta": 0.9399642343646256,
    "cagr": 0.11247167580767825,
    "end_val": 1019952.1107799797,
    "max_drawdown": -0.5548198035287284,
    "mwrr": 0.11247167580767825,
    "sharpe": 0.3898612835536019,
    "sortino": 0.542687995437281,
    "std": 0.17418057828203995,
    "ulcer_index": 13.243311662803496,
    "upi": 0.5128195017339747,
    "us_allocation": 96
}