{
    "beta": 0.7081035767823171,
    "cagr": 0.08460516358026049,
    "end_val": 339246.3294048223,
    "max_drawdown": -0.6063064810331511,
    "mwrr": 0.08460516358026049,
    "sharpe": 0.24078198601615322,
    "sortino": 0.33844011255962386,
    "std": 0.17669300428719498,
    "ulcer_index": 15.965780904833542,
    "upi": 0.26649943549559935,
    "us_allocation": 12
}