{
    "beta": 0.7689942417629195,
    "cagr": 0.09311970444928597,
    "end_val": 476296.5712298642,
    "max_drawdown": -0.5923000801419199,
    "mwrr": 0.09311970444928597,
    "sharpe": 0.300209109546314,
    "sortino": 0.42113629401381886,
    "std": 0.1677557898483699,
    "ulcer_index": 14.57585310985173,
    "upi": 0.3455553792619691,
    "us_allocation": 34
}