{
    "beta": 0.7993459730045102,
    "cagr": 0.09705468660969241,
    "end_val": 556664.2471753982,
    "max_drawdown": -0.5851983755855105,
    "mwrr": 0.09705468660969241,
    "sharpe": 0.3260721392221169,
    "sortino": 0.4567588272418503,
    "std": 0.16546659868950875,
    "ulcer_index": 14.133115475192762,
    "upi": 0.38180260222696366,
    "us_allocation": 45
}