{
    "beta": 0.6997735728396246,
    "cagr": 0.08337730314287395,
    "end_val": 322975.08647133474,
    "max_drawdown": -0.6081966244215838,
    "mwrr": 0.08337730314287395,
    "sharpe": 0.23220895500218078,
    "sortino": 0.32645858455639465,
    "std": 0.17833983287466085,
    "ulcer_index": 16.208311539693035,
    "upi": 0.2555239078400206,
    "us_allocation": 9
}