{
    "beta": 0.7772765567514426,
    "cagr": 0.09421417290403866,
    "end_val": 497434.9083859029,
    "max_drawdown": -0.5903698860108445,
    "mwrr": 0.09421417290403866,
    "sharpe": 0.30758870191834736,
    "sortino": 0.4313349000694366,
    "std": 0.16698352240183625,
    "ulcer_index": 14.44226727853435,
    "upi": 0.355680164059692,
    "us_allocation": 37
}