{
    "beta": 0.7607078249197636,
    "cagr": 0.09200926813895105,
    "end_val": 455747.40164592094,
    "max_drawdown": -0.5942253506426596,
    "mwrr": 0.09200926813895105,
    "sharpe": 0.2926140175576816,
    "sortino": 0.410616185392927,
    "std": 0.16863774988461344,
    "ulcer_index": 14.725313411061386,
    "upi": 0.33514659092424065,
    "us_allocation": 31
}