{
    "beta": 0.848949156675034,
    "cagr": 0.1030298813431656,
    "end_val": 704620.948621753,
    "max_drawdown": -0.5734301981681883,
    "mwrr": 0.1030298813431656,
    "sharpe": 0.35997585272146465,
    "sortino": 0.5029110718377994,
    "std": 0.164967661942541,
    "ulcer_index": 13.583378734349665,
    "upi": 0.4372391961246664,
    "us_allocation": 63
}