{
    "beta": 0.7136527899374091,
    "cagr": 0.08541480766302811,
    "end_val": 350410.7798866227,
    "max_drawdown": -0.605043780830918,
    "mwrr": 0.08541480766302811,
    "sharpe": 0.2464584296658587,
    "sortino": 0.346367348306575,
    "std": 0.17565022353781895,
    "ulcer_index": 15.80930283861303,
    "upi": 0.2738567859074112,
    "us_allocation": 14
}