{
    "beta": 0.6969951872446195,
    "cagr": 0.08296444055980068,
    "end_val": 317677.1995638709,
    "max_drawdown": -0.6088256348225481,
    "mwrr": 0.08296444055980068,
    "sharpe": 0.22933837858553152,
    "sortino": 0.3224443717747031,
    "std": 0.17891055747957155,
    "ulcer_index": 16.291302624538858,
    "upi": 0.25188280257250895,
    "us_allocation": 8
}