{
    "beta": 0.9454936870964649,
    "cagr": 0.11297990786714385,
    "end_val": 1040368.3675301091,
    "max_drawdown": -0.5538565685872716,
    "mwrr": 0.11297990786714385,
    "sharpe": 0.39035796521851696,
    "sortino": 0.5433106076966178,
    "std": 0.17512889310562132,
    "ulcer_index": 13.249565100025512,
    "upi": 0.5160242164756744,
    "us_allocation": 98
}