{
    "beta": 0.7191988634866557,
    "cagr": 0.08621731662370036,
    "end_val": 361830.76064784307,
    "max_drawdown": -0.6037789864729171,
    "mwrr": 0.08621731662370036,
    "sharpe": 0.2520973648404257,
    "sortino": 0.3542371978386913,
    "std": 0.17465212134264974,
    "ulcer_index": 15.657240699119509,
    "upi": 0.281236382745833,
    "us_allocation": 16
}