{
    "beta": 0.8930402200607587,
    "cagr": 0.1078545216171769,
    "end_val": 851537.1257380398,
    "max_drawdown": -0.5631509113623581,
    "mwrr": 0.1078545216171769,
    "sharpe": 0.37975916249654035,
    "sortino": 0.5294647789404238,
    "std": 0.16786398960510437,
    "ulcer_index": 13.286381784320795,
    "upi": 0.47985844703093555,
    "us_allocation": 79
}