{
    "beta": 0.7025510881688314,
    "cagr": 0.08378837715618692,
    "end_val": 328335.743811165,
    "max_drawdown": -0.6075670960613979,
    "mwrr": 0.08378837715618692,
    "sharpe": 0.2350735196787011,
    "sortino": 0.33046324369415037,
    "std": 0.17777995535846144,
    "ulcer_index": 16.126371072052216,
    "upi": 0.25917447330598925,
    "us_allocation": 10
}