{
    "beta": 0.6886546357778268,
    "cagr": 0.08171511045544211,
    "end_val": 302157.60197193327,
    "max_drawdown": -0.6107095692650824,
    "mwrr": 0.08171511045544211,
    "sharpe": 0.220696974417596,
    "sortino": 0.3103535388048743,
    "std": 0.18068714811037703,
    "ulcer_index": 16.550409558620423,
    "upi": 0.24096578490612014,
    "us_allocation": 5
}