{
    "beta": 0.8627242824143679,
    "cagr": 0.1045870284864534,
    "end_val": 749100.8033904196,
    "max_drawdown": -0.5701279626951347,
    "mwrr": 0.1045870284864534,
    "sharpe": 0.3672480469832615,
    "sortino": 0.5127197601023081,
    "std": 0.16554137603612315,
    "ulcer_index": 13.465920547947388,
    "upi": 0.4515280665262078,
    "us_allocation": 68
}