{
    "beta": 0.6747346847846353,
    "cagr": 0.07959701439449796,
    "end_val": 277521.83084044425,
    "max_drawdown": -0.6138392027560151,
    "mwrr": 0.07959701439449796,
    "sharpe": 0.20623248074253217,
    "sortino": 0.29009585574887947,
    "std": 0.1838588031292481,
    "ulcer_index": 17.01623783281016,
    "upi": 0.2228519865927844,
    "us_allocation": 0
}