{
    "beta": 0.8186417511391153,
    "cagr": 0.09944691344169887,
    "end_val": 611845.5373899353,
    "max_drawdown": -0.5806438783738089,
    "mwrr": 0.09944691344169887,
    "sharpe": 0.3406200106177726,
    "sortino": 0.47664298080750267,
    "std": 0.1647925584639519,
    "ulcer_index": 13.89489954900934,
    "upi": 0.40402309936277275,
    "us_allocation": 52
}