{
    "beta": 0.8324190888710951,
    "cagr": 0.1011022835768065,
    "end_val": 653121.8484413527,
    "max_drawdown": -0.5773735909698456,
    "mwrr": 0.1011022835768065,
    "sharpe": 0.3499742740575953,
    "sortino": 0.48936605377973846,
    "std": 0.16468565499125984,
    "ulcer_index": 13.744355383298807,
    "upi": 0.41939368988005726,
    "us_allocation": 57
}