{
    "beta": 0.9206278524027727,
    "cagr": 0.11063463294729337,
    "end_val": 949368.9262625054,
    "max_drawdown": -0.5581982105931822,
    "mwrr": 0.11063463294729337,
    "sharpe": 0.38700971919557864,
    "sortino": 0.5390151106960039,
    "std": 0.17119413385190055,
    "ulcer_index": 13.237872720051055,
    "upi": 0.5005473992722516,
    "us_allocation": 89
}