{
    "beta": 0.8985550601509505,
    "cagr": 0.10842511226540874,
    "end_val": 870777.1707765136,
    "max_drawdown": -0.5620948306372662,
    "mwrr": 0.10842511226540874,
    "sharpe": 0.3815187023439464,
    "sortino": 0.5317970520772797,
    "std": 0.16843919954302652,
    "ulcer_index": 13.27028440129816,
    "upi": 0.48432023608356706,
    "us_allocation": 81
}