{
    "beta": 0.8021032241184477,
    "cagr": 0.09740176347539253,
    "end_val": 564357.6348332864,
    "max_drawdown": -0.5845494261709449,
    "mwrr": 0.09740176347539253,
    "sharpe": 0.32824857469332314,
    "sortino": 0.4597405409481403,
    "std": 0.16533286465742023,
    "ulcer_index": 14.097167656531765,
    "upi": 0.3850198453662021,
    "us_allocation": 46
}