{
    "beta": 0.9151073695926157,
    "cagr": 0.11009321377489001,
    "end_val": 929492.9443303973,
    "max_drawdown": -0.559165459619113,
    "mwrr": 0.11009321377489001,
    "sharpe": 0.38586543007700436,
    "sortino": 0.5375209505353755,
    "std": 0.17043832985982119,
    "ulcer_index": 13.240788115812052,
    "upi": 0.4967550621749861,
    "us_allocation": 87
}