{
    "beta": 0.7441209393694073,
    "cagr": 0.08974047259655915,
    "end_val": 416418.9427171273,
    "max_drawdown": -0.5980612520271189,
    "mwrr": 0.08974047259655915,
    "sharpe": 0.27685578775181335,
    "sortino": 0.38872962742965206,
    "std": 0.1707264753141036,
    "ulcer_index": 15.057631152440978,
    "upi": 0.3139391200822925,
    "us_allocation": 25
}