{
    "beta": 0.835174227625285,
    "cagr": 0.10142801234066878,
    "end_val": 661558.3037304796,
    "max_drawdown": -0.5767178086554062,
    "mwrr": 0.10142801234066878,
    "sharpe": 0.351735640586372,
    "sortino": 0.491755976111781,
    "std": 0.164701654423427,
    "ulcer_index": 13.716060655812637,
    "upi": 0.42241506095008347,
    "us_allocation": 58
}