{
    "beta": 0.7413544471297305,
    "cagr": 0.0893561242037697,
    "end_val": 410093.3522547847,
    "max_drawdown": -0.5986986851818183,
    "mwrr": 0.0893561242037697,
    "sharpe": 0.27416438990100533,
    "sortino": 0.3849850240851097,
    "std": 0.17111617469641943,
    "ulcer_index": 15.119019483623743,
    "upi": 0.31033143541568853,
    "us_allocation": 24
}