{
    "beta": 0.6942159141105969,
    "cagr": 0.08254978833245596,
    "end_val": 312441.831614709,
    "max_drawdown": -0.6094541283660775,
    "mwrr": 0.08254978833245596,
    "sharpe": 0.22646243513196593,
    "sortino": 0.31842152268371066,
    "std": 0.17949206283105015,
    "ulcer_index": 16.37550037939538,
    "upi": 0.2482493305156306,
    "us_allocation": 7
}