{
    "beta": 0.8103734590998561,
    "cagr": 0.09843233657494976,
    "end_val": 587818.8179999096,
    "max_drawdown": -0.5825991996609636,
    "mwrr": 0.09843233657494976,
    "sharpe": 0.3345847906082153,
    "sortino": 0.4684073127144885,
    "std": 0.1650065129926819,
    "ulcer_index": 13.993001149565877,
    "upi": 0.39459342709191514,
    "us_allocation": 49
}