{
    "beta": 0.8902832115683598,
    "cagr": 0.10756650598815609,
    "end_val": 841983.7387672097,
    "max_drawdown": -0.5636790205278203,
    "mwrr": 0.10756650598815609,
    "sharpe": 0.37882035518843293,
    "sortino": 0.5282174489841898,
    "std": 0.16759375616364888,
    "ulcer_index": 13.295225678252864,
    "upi": 0.47758381412122225,
    "us_allocation": 78
}