{
    "beta": 0.7938306159520516,
    "cagr": 0.09635520642295092,
    "end_val": 541469.4545925442,
    "max_drawdown": -0.5864945930275571,
    "mwrr": 0.09635520642295092,
    "sharpe": 0.3216261976141788,
    "sortino": 0.4506599358905065,
    "std": 0.16577142648698498,
    "ulcer_index": 14.206652099017795,
    "upi": 0.37533729333232574,
    "us_allocation": 43
}