{
    "beta": 0.738587336597793,
    "cagr": 0.08896999876639033,
    "end_val": 403833.07247155946,
    "max_drawdown": -0.5993355832837509,
    "mwrr": 0.08896999876639033,
    "sharpe": 0.2714563903483801,
    "sortino": 0.38121605827975347,
    "std": 0.1715176220251671,
    "ulcer_index": 15.181691328149176,
    "upi": 0.30671542800146023,
    "us_allocation": 23
}