{
    "beta": 0.9372003560094113,
    "cagr": 0.11221477857238416,
    "end_val": 1009781.7181785246,
    "max_drawdown": -0.5553017615105056,
    "mwrr": 0.11221477857238416,
    "sharpe": 0.38956104942160036,
    "sortino": 0.5423071744916043,
    "std": 0.17372203754509868,
    "ulcer_index": 13.241333839901575,
    "upi": 0.5111521753349642,
    "us_allocation": 95
}