{
    "beta": 0.7717554477156856,
    "cagr": 0.09348630136568148,
    "end_val": 483277.2984436891,
    "max_drawdown": -0.5916572308063127,
    "mwrr": 0.09348630136568148,
    "sharpe": 0.30269386872761084,
    "sortino": 0.4245729696304809,
    "std": 0.1674861325715679,
    "ulcer_index": 14.528568796390315,
    "upi": 0.3489877350645851,
    "us_allocation": 35
}