{
    "beta": 0.8048602115483945,
    "cagr": 0.09774706437384317,
    "end_val": 572114.7011933227,
    "max_drawdown": -0.5838999145764119,
    "mwrr": 0.09774706437384317,
    "sharpe": 0.3303932036282954,
    "sortino": 0.4626762690352494,
    "std": 0.16521159993068033,
    "ulcer_index": 14.061784802528297,
    "upi": 0.3882257237433126,
    "us_allocation": 47
}