{
    "beta": 0.8296638618058947,
    "cagr": 0.10077477198509222,
    "end_val": 644745.2164695847,
    "max_drawdown": -0.5780287965416105,
    "mwrr": 0.10077477198509222,
    "sharpe": 0.3481758953013624,
    "sortino": 0.48692403191665035,
    "std": 0.16468209937602615,
    "ulcer_index": 13.77314439779696,
    "upi": 0.416357395778956,
    "us_allocation": 56
}