{
    "beta": 0.904071108886802,
    "cagr": 0.10898843564397587,
    "end_val": 890188.5339781608,
    "max_drawdown": -0.5611025572647366,
    "mwrr": 0.10898843564397587,
    "sharpe": 0.3831218626502444,
    "sortino": 0.533915176655419,
    "std": 0.16906033105931403,
    "ulcer_index": 13.258001675675189,
    "upi": 0.48860079656767136,
    "us_allocation": 83
}