{
    "beta": 0.8599691449256689,
    "cagr": 0.10427918384792978,
    "end_val": 740095.0438272892,
    "max_drawdown": -0.5707895881800366,
    "mwrr": 0.10427918384792978,
    "sharpe": 0.3658722489591067,
    "sortino": 0.5108670905816332,
    "std": 0.1654022007880582,
    "ulcer_index": 13.48837995946061,
    "upi": 0.4487099665056388,
    "us_allocation": 67
}