{
    "beta": 0.7910724781096945,
    "cagr": 0.09600280372257974,
    "end_val": 533968.4798088967,
    "max_drawdown": -0.5871418636175258,
    "mwrr": 0.09600280372257974,
    "sharpe": 0.31935790413978665,
    "sortino": 0.44754442081924267,
    "std": 0.16594249057056806,
    "ulcer_index": 14.244377925987262,
    "upi": 0.37208653366156585,
    "us_allocation": 42
}