{
    "beta": 0.7883140127726128,
    "cagr": 0.0956486262966536,
    "end_val": 526532.0444387547,
    "max_drawdown": -0.5877885771525639,
    "mwrr": 0.0956486262966536,
    "sharpe": 0.3170602279645009,
    "sortino": 0.4443856319302045,
    "std": 0.16612596464219515,
    "ulcer_index": 14.282740271261126,
    "upi": 0.3688244456575836,
    "us_allocation": 41
}