{
    "beta": 0.8076169512310688,
    "cagr": 0.0980905888918997,
    "end_val": 579935.1876944539,
    "max_drawdown": -0.583249839506702,
    "mwrr": 0.0980905888918997,
    "sharpe": 0.332505458964591,
    "sortino": 0.4655654092332653,
    "std": 0.16510281372942784,
    "ulcer_index": 14.027017601280038,
    "upi": 0.39141835815540044,
    "us_allocation": 48
}