{
    "beta": 0.8379292940525112,
    "cagr": 0.10175195739522569,
    "end_val": 670054.1171930342,
    "max_drawdown": -0.5760614482393047,
    "mwrr": 0.10175195739522569,
    "sharpe": 0.35345964555043036,
    "sortino": 0.49409339180286355,
    "std": 0.16473008146745532,
    "ulcer_index": 13.688274513022723,
    "upi": 0.4254206497640299,
    "us_allocation": 59
}