{
    "beta": 0.8709902908084485,
    "cagr": 0.10549978684427042,
    "end_val": 776436.778637381,
    "max_drawdown": -0.5681395283679036,
    "mwrr": 0.10549978684427042,
    "sharpe": 0.3711375347096169,
    "sortino": 0.5179480689194195,
    "std": 0.166031598549501,
    "ulcer_index": 13.403228021384505,
    "upi": 0.45980202611079063,
    "us_allocation": 71
}