{
    "beta": 0.7662325800643065,
    "cagr": 0.09275133335301278,
    "end_val": 469381.31703068886,
    "max_drawdown": -0.5929423824109951,
    "mwrr": 0.09275133335301278,
    "sharpe": 0.297700401489161,
    "sortino": 0.4176638645852647,
    "std": 0.1680376364435686,
    "ulcer_index": 14.624598495478772,
    "upi": 0.3420991690891667,
    "us_allocation": 33
}