{
    "beta": 0.8765016222311329,
    "cagr": 0.10609929835748377,
    "end_val": 794919.133856861,
    "max_drawdown": -0.5668109262421439,
    "mwrr": 0.10609929835748377,
    "sharpe": 0.37353161017205905,
    "sortino": 0.5211582043646502,
    "std": 0.16641856884682152,
    "ulcer_index": 13.366588480535922,
    "upi": 0.46511797726625626,
    "us_allocation": 73
}