{
    "beta": 0.710878584278682,
    "cagr": 0.0850108779487686,
    "end_val": 344796.7136564581,
    "max_drawdown": -0.6056753921383801,
    "mwrr": 0.0850108779487686,
    "sharpe": 0.24362455048014264,
    "sortino": 0.3424104043421981,
    "std": 0.17616606057794632,
    "ulcer_index": 15.886957336023139,
    "upi": 0.27017554873358535,
    "us_allocation": 13
}