{
    "beta": 0.8654795084084289,
    "cagr": 0.10489307812860105,
    "end_val": 758160.1451036118,
    "max_drawdown": -0.5694657451836973,
    "mwrr": 0.10489307812860105,
    "sharpe": 0.36858425334432277,
    "sortino": 0.5145174918860997,
    "std": 0.16569269446663934,
    "ulcer_index": 13.443895165411714,
    "upi": 0.4543282520068661,
    "us_allocation": 69
}