{
    "beta": 0.8158858431219088,
    "cagr": 0.09911049940904526,
    "end_val": 603774.314553499,
    "max_drawdown": -0.5812962204096098,
    "mwrr": 0.09911049940904526,
    "sharpe": 0.3386425712107079,
    "sortino": 0.47394672550023137,
    "std": 0.16485138418082504,
    "ulcer_index": 13.927000038612857,
    "upi": 0.4008946830002706,
    "us_allocation": 51
}