{
    "beta": 0.7468868297250079,
    "cagr": 0.09012304440601615,
    "end_val": 422809.92073696165,
    "max_drawdown": -0.5974232826411556,
    "mwrr": 0.09012304440601615,
    "sharpe": 0.27952984242787504,
    "sortino": 0.39244868854498977,
    "std": 0.17034857507381312,
    "ulcer_index": 14.998267157532267,
    "upi": 0.31752178400189557,
    "us_allocation": 26
}