{
    "beta": 0.9510255195891354,
    "cagr": 0.11348070376698582,
    "end_val": 1060876.221399217,
    "max_drawdown": -0.5528942487106144,
    "mwrr": 0.11348070376698582,
    "sharpe": 0.39071892407270914,
    "sortino": 0.5437511369710508,
    "std": 0.17611834455418995,
    "ulcer_index": 13.263418491403057,
    "upi": 0.5188764618076029,
    "us_allocation": 100
}