{
    "beta": 0.7275123819347454,
    "cagr": 0.08740771599695707,
    "end_val": 379443.08529156214,
    "max_drawdown": -0.6018778485597516,
    "mwrr": 0.08740771599695707,
    "sharpe": 0.2604731419034672,
    "sortino": 0.36591714399188013,
    "std": 0.17323982003227795,
    "ulcer_index": 15.443383990507204,
    "upi": 0.2922226103078224,
    "us_allocation": 19
}