{
    "beta": 0.755181052999985,
    "cagr": 0.09126010436703558,
    "end_val": 442375.75460217515,
    "max_drawdown": -0.59550614523538,
    "mwrr": 0.09126010436703558,
    "sharpe": 0.287440528203867,
    "sortino": 0.4034389411774163,
    "std": 0.16928615941995812,
    "ulcer_index": 14.831400108830175,
    "upi": 0.32812260243008823,
    "us_allocation": 29
}