{
    "beta": 0.90682962837371,
    "cagr": 0.10926736698781725,
    "end_val": 899955.9822236956,
    "max_drawdown": -0.5606179604571223,
    "mwrr": 0.10926736698781725,
    "sharpe": 0.38386526595393056,
    "sortino": 0.5348949193581926,
    "std": 0.16938796129328873,
    "ulcer_index": 13.252966274369006,
    "upi": 0.4906837960857967,
    "us_allocation": 84
}