{
    "beta": 0.7164262107093204,
    "cagr": 0.08581695360632335,
    "end_val": 356088.7312708235,
    "max_drawdown": -0.6044116459856973,
    "mwrr": 0.08581695360632335,
    "sharpe": 0.2492829336492736,
    "sortino": 0.3503099446995131,
    "std": 0.17514555633693976,
    "ulcer_index": 15.732734073356008,
    "upi": 0.2775438899038456,
    "us_allocation": 15
}