{
    "beta": 0.8434392739309571,
    "cagr": 0.10239449263001199,
    "end_val": 687221.858235389,
    "max_drawdown": -0.5747469876361856,
    "mwrr": 0.10239449263001199,
    "sharpe": 0.3567942857529398,
    "sortino": 0.4986091349787549,
    "std": 0.16482414214841948,
    "ulcer_index": 13.634524151109131,
    "upi": 0.43137340053842405,
    "us_allocation": 61
}