{
    "beta": 0.8820136333194898,
    "cagr": 0.1066916002565943,
    "end_val": 813601.0485810619,
    "max_drawdown": -0.5654799272129042,
    "mwrr": 0.1066916002565943,
    "sharpe": 0.37576635978160067,
    "sortino": 0.5241472396063842,
    "std": 0.1668532308745329,
    "ulcer_index": 13.333721812837481,
    "upi": 0.47027896878751674,
    "us_allocation": 75
}