{
    "beta": 0.8241530788643299,
    "cagr": 0.1001144036252446,
    "end_val": 628173.1845025199,
    "max_drawdown": -0.5793374828633048,
    "mwrr": 0.1001144036252446,
    "sharpe": 0.34446960860423764,
    "sortino": 0.4818852897104351,
    "std": 0.1647123729029259,
    "ulcer_index": 13.832738278500626,
    "upi": 0.4102258878516302,
    "us_allocation": 54
}