{
    "beta": 0.7219707651049714,
    "cagr": 0.08661589752195686,
    "end_val": 367637.0502922669,
    "max_drawdown": -0.603145801158023,
    "mwrr": 0.08661589752195686,
    "sharpe": 0.2549010185048443,
    "sortino": 0.3581481138333385,
    "std": 0.17416998006249446,
    "ulcer_index": 15.582911557939918,
    "upi": 0.28493197082150373,
    "us_allocation": 17
}