{
    "beta": 0.9427286721602574,
    "cagr": 0.11272671987083349,
    "end_val": 1030148.1062533737,
    "max_drawdown": -0.5543380722033063,
    "mwrr": 0.11272671987083349,
    "sharpe": 0.39012679140127443,
    "sortino": 0.5430223172388614,
    "std": 0.1746495554178093,
    "ulcer_index": 13.245861667386633,
    "upi": 0.5144511288246564,
    "us_allocation": 97
}