{
    "beta": 0.8792575346295181,
    "cagr": 0.10639635131511871,
    "end_val": 804235.5452648473,
    "max_drawdown": -0.5661457270691093,
    "mwrr": 0.10639635131511871,
    "sharpe": 0.37466889424869076,
    "sortino": 0.5226803612088515,
    "std": 0.166629962943653,
    "ulcer_index": 13.349435038889329,
    "upi": 0.4677269011054652,
    "us_allocation": 74
}