{
    "beta": 0.8572140797548545,
    "cagr": 0.10396954554874993,
    "end_val": 731143.5385093868,
    "max_drawdown": -0.5714506230588104,
    "mwrr": 0.10396954554874993,
    "sharpe": 0.3644569773755553,
    "sortino": 0.5089596383972184,
    "std": 0.165275206790791,
    "ulcer_index": 13.511285180278342,
    "upi": 0.44587392272828547,
    "us_allocation": 66
}