{
    "beta": 0.8737458797399663,
    "cagr": 0.10580044300861968,
    "end_val": 785652.6178829167,
    "max_drawdown": -0.5674755261909358,
    "mwrr": 0.10580044300861968,
    "sharpe": 0.37235448909158003,
    "sortino": 0.519580778075297,
    "std": 0.16621909813323668,
    "ulcer_index": 13.384663970451593,
    "upi": 0.4624711621055689,
    "us_allocation": 72
}