{
    "beta": 0.8875264553052933,
    "cagr": 0.10727667934290808,
    "end_val": 832476.0049636794,
    "max_drawdown": -0.5642071746721875,
    "mwrr": 0.10727667934290808,
    "sharpe": 0.3778420179094766,
    "sortino": 0.5269156086298822,
    "std": 0.16733518131954753,
    "ulcer_index": 13.30556437166921,
    "upi": 0.4752460058424529,
    "us_allocation": 77
}