{
    "beta": 0.7247419323450478,
    "cagr": 0.08701269706962567,
    "end_val": 373507.7716863855,
    "max_drawdown": -0.6025120889016812,
    "mwrr": 0.08701269706962567,
    "sharpe": 0.25769318331101937,
    "sortino": 0.36204173867217165,
    "std": 0.17369919308699638,
    "ulcer_index": 15.51120100992906,
    "upi": 0.2886028207053937,
    "us_allocation": 18
}