{
    "beta": 0.9482592969525889,
    "cagr": 0.11323123683936709,
    "end_val": 1050611.5339728107,
    "max_drawdown": -0.5533752937366778,
    "mwrr": 0.11323123683936709,
    "sharpe": 0.39055520624401335,
    "sortino": 0.5435533620112697,
    "std": 0.17561851504834375,
    "ulcer_index": 13.254835632949879,
    "upi": 0.517522239823641,
    "us_allocation": 99
}