{
    "beta": 0.923388741630252,
    "cagr": 0.11090259184014561,
    "end_val": 959358.9442945693,
    "max_drawdown": -0.5577149146189502,
    "mwrr": 0.11090259184014561,
    "sharpe": 0.3875259648323954,
    "sortino": 0.5396864738161458,
    "std": 0.1715884958055229,
    "ulcer_index": 13.237321837535227,
    "upi": 0.5023903944809982,
    "us_allocation": 90
}