{
    "beta": 0.7745162140200565,
    "cagr": 0.09385112417338992,
    "end_val": 490323.4365781172,
    "max_drawdown": -0.591013833174332,
    "mwrr": 0.09385112417338992,
    "sharpe": 0.30515396750827406,
    "sortino": 0.42797283159394145,
    "std": 0.1672286992010554,
    "ulcer_index": 14.483692585312774,
    "upi": 0.35237193455860216,
    "us_allocation": 36
}