{
    "beta": 0.7676605821476552,
    "cagr": 0.0960306687311887,
    "end_val": 487752.25387048896,
    "max_drawdown": -0.592942382410995,
    "mwrr": 0.0960306687311887,
    "sharpe": 0.3281020205637102,
    "sortino": 0.46070659236668937,
    "std": 0.16897475302020962,
    "ulcer_index": 14.674690956545803,
    "upi": 0.37781372880228337,
    "us_allocation": 33
}