{
    "beta": 0.8633481537691815,
    "cagr": 0.10815698313043431,
    "end_val": 777637.3315037526,
    "max_drawdown": -0.5701279626951351,
    "mwrr": 0.10815698313043431,
    "sharpe": 0.3990159332161949,
    "sortino": 0.557590343002551,
    "std": 0.16651773042454932,
    "ulcer_index": 13.51738377852567,
    "upi": 0.4915611884673451,
    "us_allocation": 68
}