{
    "beta": 0.6797101634254757,
    "cagr": 0.08298976225079491,
    "end_val": 293647.3045944974,
    "max_drawdown": -0.6132142967465778,
    "mwrr": 0.08298976225079491,
    "sharpe": 0.23619270304952153,
    "sortino": 0.332481311547618,
    "std": 0.18405385995716078,
    "ulcer_index": 16.974397808183255,
    "upi": 0.2561106764182701,
    "us_allocation": 1
}