{
    "beta": 0.7703988228035211,
    "cagr": 0.09640811306574659,
    "end_val": 494923.93713373423,
    "max_drawdown": -0.5923000801419201,
    "mwrr": 0.09640811306574659,
    "sharpe": 0.3306869502548732,
    "sortino": 0.46428535676994737,
    "std": 0.1686950314536719,
    "ulcer_index": 14.625761494872535,
    "upi": 0.3814318743414765,
    "us_allocation": 34
}