{
    "beta": 0.86608090895142,
    "cagr": 0.10847050993838447,
    "end_val": 787019.1864728275,
    "max_drawdown": -0.5694657451836975,
    "mwrr": 0.10847050993838447,
    "sharpe": 0.4003508824286651,
    "sortino": 0.559383319234138,
    "std": 0.1666690365825525,
    "ulcer_index": 13.495407297488189,
    "upi": 0.49445784443484075,
    "us_allocation": 69
}