{
    "beta": 0.9454571196478392,
    "cagr": 0.11675355905219642,
    "end_val": 1079071.090479501,
    "max_drawdown": -0.553856568587271,
    "mwrr": 0.11675355905219642,
    "sharpe": 0.4212273739138963,
    "sortino": 0.5868664802820669,
    "std": 0.17608170056041061,
    "ulcer_index": 13.302034665727673,
    "upi": 0.5576120652513067,
    "us_allocation": 98
}