{
    "beta": 0.8360244190276792,
    "cagr": 0.10492064385579924,
    "end_val": 686957.1925080298,
    "max_drawdown": -0.5767178086554064,
    "mwrr": 0.10492064385579924,
    "sharpe": 0.3833940923335179,
    "sortino": 0.5365045971193685,
    "std": 0.1656746555691607,
    "ulcer_index": 13.767127357770912,
    "upi": 0.4613994241211974,
    "us_allocation": 58
}