{
    "beta": 0.9207863386136812,
    "cagr": 0.11435170773542258,
    "end_val": 984940.6763388286,
    "max_drawdown": -0.5581982105931815,
    "mwrr": 0.11435170773542258,
    "sharpe": 0.4183209799659215,
    "sortino": 0.5831998413327998,
    "std": 0.17215839035083616,
    "ulcer_index": 13.292922730861365,
    "upi": 0.5417976174658513,
    "us_allocation": 89
}