{
    "beta": 0.729270769705404,
    "cagr": 0.09055534328530568,
    "end_val": 394452.67950326373,
    "max_drawdown": -0.6018778485597517,
    "mwrr": 0.09055534328530568,
    "sharpe": 0.28960889891798786,
    "sortino": 0.4071792560532029,
    "std": 0.17414253540079175,
    "ulcer_index": 15.496715488669373,
    "upi": 0.3254549288398389,
    "us_allocation": 19
}