{
    "beta": 0.9317456629102556,
    "cagr": 0.11543814304493982,
    "end_val": 1026481.4300336522,
    "max_drawdown": -0.5562663532460602,
    "mwrr": 0.11543814304493982,
    "sharpe": 0.41998581368711324,
    "sortino": 0.5853313843027137,
    "std": 0.17379609824438594,
    "ulcer_index": 13.292671322240972,
    "upi": 0.5491386338087089,
    "us_allocation": 93
}