{
    "beta": 0.822361910376259,
    "cagr": 0.10323379138699784,
    "end_val": 643873.6170448535,
    "max_drawdown": -0.5799909663015475,
    "mwrr": 0.10323379138699784,
    "sharpe": 0.3740814509926543,
    "sortino": 0.5238577825362827,
    "std": 0.16571513083192205,
    "ulcer_index": 13.91405442523936,
    "upi": 0.44554655314036734,
    "us_allocation": 53
}