{
    "beta": 0.8879491805368048,
    "cagr": 0.11091224255402854,
    "end_val": 863965.4055691136,
    "max_drawdown": -0.5642071746721874,
    "mwrr": 0.11091224255402854,
    "sharpe": 0.40952191851104347,
    "sortino": 0.5716387334599354,
    "std": 0.16830927125989406,
    "ulcer_index": 13.358151098060565,
    "upi": 0.5160105939787399,
    "us_allocation": 77
}