{
    "beta": 0.8961537301319624,
    "cagr": 0.11179730913018515,
    "end_val": 893631.7669210006,
    "max_drawdown": -0.5626228478425419,
    "mwrr": 0.11179730913018515,
    "sharpe": 0.4122720355747336,
    "sortino": 0.5752813594752377,
    "std": 0.16911813335378492,
    "ulcer_index": 13.331527098655068,
    "upi": 0.5230147817568509,
    "us_allocation": 80
}