{
    "beta": 0.8059626084502505,
    "cagr": 0.10114933478131083,
    "end_val": 594267.3659861379,
    "max_drawdown": -0.5838999145764117,
    "mwrr": 0.10114933478131083,
    "sharpe": 0.3616696605063113,
    "sortino": 0.5069219057578486,
    "std": 0.16617348237219792,
    "ulcer_index": 14.111795257543864,
    "upi": 0.4259016792146677,
    "us_allocation": 47
}