{
    "beta": 0.9070976493387639,
    "cagr": 0.11295131502472122,
    "end_val": 933810.2627046144,
    "max_drawdown": -0.5606179604571232,
    "mwrr": 0.11295131502472122,
    "sharpe": 0.41536290918128843,
    "sortino": 0.5793483105779815,
    "std": 0.17035716823371938,
    "ulcer_index": 13.307490979808428,
    "upi": 0.5317552046578077,
    "us_allocation": 84
}