{
    "beta": 0.9098345489425151,
    "cagr": 0.1132351447096116,
    "end_val": 943959.3572421116,
    "max_drawdown": -0.5601335779014464,
    "mwrr": 0.1132351447096116,
    "sharpe": 0.41603414809013983,
    "sortino": 0.5802267648120991,
    "std": 0.1706951902881332,
    "ulcer_index": 13.303271619730388,
    "upi": 0.5338406010039425,
    "us_allocation": 85
}