{
    "beta": 0.8606155168715904,
    "cagr": 0.10784161473491771,
    "end_val": 768310.5627055215,
    "max_drawdown": -0.5707895881800369,
    "mwrr": 0.10784161473491771,
    "sharpe": 0.3976392090132797,
    "sortino": 0.5557394164084037,
    "std": 0.16637850548674563,
    "ulcer_index": 13.539800874265497,
    "upi": 0.4886451635159994,
    "us_allocation": 67
}