{
    "beta": 0.9016249878344559,
    "cagr": 0.11237804513269078,
    "end_val": 913635.3262949076,
    "max_drawdown": -0.5615873673095947,
    "mwrr": 0.11237804513269078,
    "sharpe": 0.41389911402979557,
    "sortino": 0.5774263088754951,
    "std": 0.16971491482990414,
    "ulcer_index": 13.31758903865647,
    "upi": 0.5274832962285734,
    "us_allocation": 82
}