{
    "beta": 0.8578829819131419,
    "cagr": 0.10752440615658387,
    "end_val": 759039.5825615511,
    "max_drawdown": -0.5714506230588102,
    "mwrr": 0.10752440615658387,
    "sharpe": 0.39622081430306694,
    "sortino": 0.5538306606667638,
    "std": 0.16625139932584715,
    "ulcer_index": 13.562670613679588,
    "upi": 0.4857097176313886,
    "us_allocation": 66
}