{
    "beta": 0.7127799238387269,
    "cagr": 0.08809939601892225,
    "end_val": 358497.6502604617,
    "max_drawdown": -0.6056753921383797,
    "mwrr": 0.08809939601892225,
    "sharpe": 0.27211697172444155,
    "sortino": 0.3827634252360859,
    "std": 0.17705194305779556,
    "ulcer_index": 15.941152812920322,
    "upi": 0.30223818254408685,
    "us_allocation": 13
}