{
    "beta": 0.9153095711883572,
    "cagr": 0.11379718213263734,
    "end_val": 964375.3089555416,
    "max_drawdown": -0.5591654596191127,
    "mwrr": 0.11379718213263734,
    "sharpe": 0.41725660975526613,
    "sortino": 0.5818203514169585,
    "std": 0.17140470132043636,
    "ulcer_index": 13.29614398921063,
    "upi": 0.5379228772683707,
    "us_allocation": 87
}