{
    "beta": 0.6879897863842709,
    "cagr": 0.0842919573922396,
    "end_val": 308994.1379966558,
    "max_drawdown": -0.6113365188013061,
    "mwrr": 0.0842919573922396,
    "sharpe": 0.24524498209060636,
    "sortino": 0.3451667340786985,
    "std": 0.18215982582135284,
    "ulcer_index": 16.69504214256748,
    "upi": 0.2675940080266851,
    "us_allocation": 4
}