{
    "beta": 0.7320167698465936,
    "cagr": 0.09095827891258979,
    "end_val": 400678.55773853324,
    "max_drawdown": -0.6012430789832631,
    "mwrr": 0.09095827891258979,
    "sharpe": 0.29247776346704724,
    "sortino": 0.4111791575864353,
    "std": 0.17369733994617031,
    "ulcer_index": 15.429633793441647,
    "upi": 0.3292640504727281,
    "us_allocation": 20
}