{
    "beta": 0.8032287110361612,
    "cagr": 0.10079554609531116,
    "end_val": 586226.7825831905,
    "max_drawdown": -0.5845494261709449,
    "mwrr": 0.10079554609531116,
    "sharpe": 0.35947671562651295,
    "sortino": 0.5039211319933586,
    "std": 0.16629335687674232,
    "ulcer_index": 14.147069380325824,
    "upi": 0.4225682729084774,
    "us_allocation": 46
}