{
    "beta": 0.8824808432681416,
    "cagr": 0.1103129126441702,
    "end_val": 844424.9587398448,
    "max_drawdown": -0.5654799272129045,
    "mwrr": 0.1103129126441702,
    "sharpe": 0.40748047245648145,
    "sortino": 0.5689231042989117,
    "std": 0.16782823267645863,
    "ulcer_index": 13.385918657355505,
    "upi": 0.5109087999793881,
    "us_allocation": 75
}