{
    "beta": 0.7840838827909002,
    "cagr": 0.09826805030958363,
    "end_val": 531795.0002431024,
    "max_drawdown": -0.5890803381222212,
    "mwrr": 0.09826805030958363,
    "sharpe": 0.343207312664199,
    "sortino": 0.48157623980688624,
    "std": 0.16747914237337092,
    "ulcer_index": 14.410754759722026,
    "upi": 0.39888467992035687,
    "us_allocation": 39
}