{
    "beta": 0.7375068009485115,
    "cagr": 0.0917586799448018,
    "end_val": 413331.69051572675,
    "max_drawdown": -0.5999719475064257,
    "mwrr": 0.0917586799448018,
    "sharpe": 0.29816886678135524,
    "sortino": 0.419109968002007,
    "std": 0.1728414962132242,
    "ulcer_index": 15.298883984589814,
    "upi": 0.33687191594608845,
    "us_allocation": 22
}