{
    "beta": 0.8742800481106316,
    "cagr": 0.10940002606224053,
    "end_val": 815487.9081562508,
    "max_drawdown": -0.5674755261909357,
    "mwrr": 0.10940002606224053,
    "sharpe": 0.40410439673038984,
    "sortino": 0.5644146114065568,
    "std": 0.16719503748335524,
    "ulcer_index": 13.436446153044528,
    "upi": 0.5028659217382505,
    "us_allocation": 72
}