{
    "beta": 0.7072769123419933,
    "cagr": 0.08726612513519338,
    "end_val": 347041.72917225916,
    "max_drawdown": -0.6069370486355965,
    "mwrr": 0.08726612513519338,
    "sharpe": 0.2661979208776636,
    "sortino": 0.37449076369128564,
    "std": 0.17811106836525095,
    "ulcer_index": 16.10004295765201,
    "upi": 0.29449702792584986,
    "us_allocation": 11
}