{
    "beta": 0.7567029816548251,
    "cagr": 0.09450269968331271,
    "end_val": 459742.5842238859,
    "max_drawdown": -0.5955061452353791,
    "mwrr": 0.09450269968331271,
    "sharpe": 0.31751741087394253,
    "sortino": 0.44602697500983496,
    "std": 0.1702142907186747,
    "ulcer_index": 14.882449558882197,
    "upi": 0.3631654393653056,
    "us_allocation": 29
}