{
    "beta": 0.7731366322606441,
    "cagr": 0.09678373843528276,
    "end_val": 502163.2398104039,
    "max_drawdown": -0.5916572308063134,
    "mwrr": 0.09678373843528276,
    "sharpe": 0.33324589753847167,
    "sortino": 0.4678253429811311,
    "std": 0.16842744838233994,
    "ulcer_index": 14.578322968429804,
    "upi": 0.3850227388503295,
    "us_allocation": 35
}