{
    "beta": 0.8770134404971308,
    "cagr": 0.10970617150026163,
    "end_val": 825082.6347645705,
    "max_drawdown": -0.5668109262421441,
    "mwrr": 0.10970617150026163,
    "sharpe": 0.40527168172294287,
    "sortino": 0.5659755692110299,
    "std": 0.16739425412989004,
    "ulcer_index": 13.418488030153247,
    "upi": 0.5055951679353613,
    "us_allocation": 73
}