{
    "beta": 0.6907477617368729,
    "cagr": 0.08472234413224111,
    "end_val": 314236.51163000154,
    "max_drawdown": -0.610709569265082,
    "mwrr": 0.08472234413224111,
    "sharpe": 0.24825533448497558,
    "sortino": 0.3493833405828172,
    "std": 0.1815493969022767,
    "ulcer_index": 16.60596933323417,
    "upi": 0.2714191669456914,
    "us_allocation": 5
}