{
    "beta": 0.8469535354991742,
    "cagr": 0.10623719643918084,
    "end_val": 722526.8260248773,
    "max_drawdown": -0.5740888847011093,
    "mwrr": 0.10623719643918084,
    "sharpe": 0.3901334717272358,
    "sortino": 0.5456218899238476,
    "std": 0.16586484262799317,
    "ulcer_index": 13.659798745099064,
    "upi": 0.47374258789953044,
    "us_allocation": 62
}