{
    "beta": 0.9180477281386762,
    "cagr": 0.11407538513197268,
    "end_val": 974639.8978571566,
    "max_drawdown": -0.5586817259363117,
    "mwrr": 0.11407538513197268,
    "sharpe": 0.4178084035502193,
    "sortino": 0.5825366725629239,
    "std": 0.1717760574449786,
    "ulcer_index": 13.294123276934997,
    "upi": 0.5398832479284813,
    "us_allocation": 88
}