{
    "beta": 0.8852148867827506,
    "cagr": 0.11061350489819977,
    "end_val": 854170.8562449075,
    "max_drawdown": -0.5648135252080554,
    "mwrr": 0.11061350489819977,
    "sharpe": 0.4085220753059232,
    "sortino": 0.5703098118797566,
    "std": 0.16806289532831997,
    "ulcer_index": 13.370942308734492,
    "upi": 0.5135055217647887,
    "us_allocation": 76
}