{
    "beta": 0.9235254199216101,
    "cagr": 0.114626147429846,
    "end_val": 995276.4497981403,
    "max_drawdown": -0.5577149146189506,
    "mwrr": 0.114626147429846,
    "sharpe": 0.41879466348429434,
    "sortino": 0.5838103526501688,
    "std": 0.17255163111470515,
    "ulcer_index": 13.29213054994744,
    "upi": 0.5436824549330067,
    "us_allocation": 90
}