{
    "beta": 0.9262649894356147,
    "cagr": 0.11489870164351323,
    "end_val": 1005645.9993778012,
    "max_drawdown": -0.5572318390457831,
    "mwrr": 0.11489870164351323,
    "sharpe": 0.4192297930000245,
    "sortino": 0.5843687294349229,
    "std": 0.1729557099184345,
    "ulcer_index": 13.291911979005196,
    "upi": 0.54553079142849,
    "us_allocation": 91
}