{
    "beta": 0.676948330474444,
    "cagr": 0.08255201459548323,
    "end_val": 288657.426972312,
    "max_drawdown": -0.613839202756015,
    "mwrr": 0.08255201459548323,
    "sharpe": 0.23317025295316313,
    "sortino": 0.32824384675548696,
    "std": 0.18470589747360705,
    "ulcer_index": 17.073142036586155,
    "upi": 0.25226147643085145,
    "us_allocation": 0
}