{
    "beta": 0.808696284648168,
    "cagr": 0.10150130173545602,
    "end_val": 602373.3613238989,
    "max_drawdown": -0.5832498395067021,
    "mwrr": 0.10150130173545602,
    "sharpe": 0.3638279862941022,
    "sortino": 0.5098728771674639,
    "std": 0.16606602452833139,
    "ulcer_index": 14.07713453013884,
    "upi": 0.42922060527094097,
    "us_allocation": 48
}