{
    "beta": 0.7155302501247629,
    "cagr": 0.08851328779509537,
    "end_val": 364324.32162005437,
    "max_drawdown": -0.6050437808309187,
    "mwrr": 0.08851328779509537,
    "sharpe": 0.2750617477406484,
    "sortino": 0.3868772055873688,
    "std": 0.17653897581937844,
    "ulcer_index": 15.8633763258643,
    "upi": 0.30611744000973784,
    "us_allocation": 14
}