{
    "beta": 0.7813476358364799,
    "cagr": 0.09789970087816013,
    "end_val": 524286.08192151046,
    "max_drawdown": -0.5897253880754038,
    "mwrr": 0.09789970087816013,
    "sharpe": 0.3407595469104568,
    "sortino": 0.4782019426237089,
    "std": 0.1676978555982566,
    "ulcer_index": 14.451009835483863,
    "upi": 0.3954522325437199,
    "us_allocation": 38
}