{
    "beta": 0.7922905873528115,
    "cagr": 0.0993621826386819,
    "end_val": 554723.7809067183,
    "max_drawdown": -0.5871418636175263,
    "mwrr": 0.0993621826386819,
    "sharpe": 0.350370535984134,
    "sortino": 0.4914324028011613,
    "std": 0.16689681554138994,
    "ulcer_index": 14.29397499133466,
    "upi": 0.4091097466353156,
    "us_allocation": 42
}