{
    "beta": 0.9372284993922301,
    "cagr": 0.11597001016987418,
    "end_val": 1047436.7314564721,
    "max_drawdown": -0.5553017615105061,
    "mwrr": 0.11597001016987418,
    "sharpe": 0.4205920161766846,
    "sortino": 0.5860924646426788,
    "std": 0.17467898107300078,
    "ulcer_index": 13.295019922952235,
    "upi": 0.5526271702924347,
    "us_allocation": 95
}