{
    "beta": 0.7977601881978884,
    "cagr": 0.10008250533300611,
    "end_val": 570342.9302702402,
    "max_drawdown": -0.5858467641097085,
    "mwrr": 0.10008250533300611,
    "sharpe": 0.35498929273495067,
    "sortino": 0.49777243023384027,
    "std": 0.16657031908358724,
    "ulcer_index": 14.219338050890316,
    "upi": 0.4158636473446317,
    "us_allocation": 44
}