{
    "beta": 0.7457371750374868,
    "cagr": 0.09294561416370106,
    "end_val": 432816.5207870487,
    "max_drawdown": -0.5980612520271187,
    "mwrr": 0.09294561416370106,
    "sharpe": 0.3065774440988716,
    "sortino": 0.43081797591078574,
    "std": 0.17164490406851962,
    "ulcer_index": 15.110023517865788,
    "upi": 0.34827372262730066,
    "us_allocation": 25
}