{
    "beta": 0.682471005086143,
    "cagr": 0.08342566772221538,
    "end_val": 298699.8391193023,
    "max_drawdown": -0.6125888814651848,
    "mwrr": 0.08342566772221538,
    "sharpe": 0.23921304536097257,
    "sortino": 0.33671481892524124,
    "std": 0.18341212415063848,
    "ulcer_index": 16.88014386824581,
    "upi": 0.25992471858927835,
    "us_allocation": 2
}