{
    "beta": 0.8988891919665968,
    "cagr": 0.11208860932870413,
    "end_val": 903611.6084216745,
    "max_drawdown": -0.5620948306372668,
    "mwrr": 0.11208860932870413,
    "sharpe": 0.4131060904572856,
    "sortino": 0.5763819222018128,
    "std": 0.1694108094129989,
    "ulcer_index": 13.324051516880179,
    "upi": 0.5252743872496008,
    "us_allocation": 81
}