{
    "beta": 0.7100288169690279,
    "cagr": 0.08768367543224276,
    "end_val": 352736.85814105876,
    "max_drawdown": -0.606306481033151,
    "mwrr": 0.08768367543224276,
    "sharpe": 0.26916212352045754,
    "sortino": 0.3786342827310337,
    "std": 0.17757599471272925,
    "ulcer_index": 16.02010998566304,
    "upi": 0.2983632053710471,
    "us_allocation": 12
}