{
    "beta": 0.8906837411977925,
    "cagr": 0.11120912375753922,
    "end_val": 873807.6986858035,
    "max_drawdown": -0.5636790205278198,
    "mwrr": 0.11120912375753922,
    "sharpe": 0.4104801059656304,
    "sortino": 0.5729100960693774,
    "std": 0.1685673067102026,
    "ulcer_index": 13.348081473688488,
    "upi": 0.5184016856779144,
    "us_allocation": 78
}