{
    "beta": 0.7950255305793451,
    "cagr": 0.09972325405414062,
    "end_val": 562500.1553815145,
    "max_drawdown": -0.586494593027557,
    "mwrr": 0.09972325405414062,
    "sharpe": 0.35269601968049125,
    "sortino": 0.4946259210936069,
    "std": 0.16672738287415312,
    "ulcer_index": 14.25630394607947,
    "upi": 0.4124942395625092,
    "us_allocation": 43
}