{
    "beta": 0.8496858256245532,
    "cagr": 0.10656175265501755,
    "end_val": 731568.067491183,
    "max_drawdown": -0.5734301981681885,
    "mwrr": 0.10656175265501755,
    "sharpe": 0.39171701679080717,
    "sortino": 0.5477597387527298,
    "std": 0.1659431387602502,
    "ulcer_index": 13.634636783972148,
    "upi": 0.4767683366649852,
    "us_allocation": 63
}