{
    "beta": 0.8196290989808205,
    "cagr": 0.10289094150967815,
    "end_val": 635445.3279391569,
    "max_drawdown": -0.5806438783738092,
    "mwrr": 0.10289094150967815,
    "sharpe": 0.3721042134713683,
    "sortino": 0.5211656407263832,
    "std": 0.165760454247604,
    "ulcer_index": 13.94543607964915,
    "upi": 0.44231510159506426,
    "us_allocation": 52
}