{
    "beta": 0.7758740267696691,
    "cagr": 0.09715754487244,
    "end_val": 509470.09155195823,
    "max_drawdown": -0.5910138331743312,
    "mwrr": 0.09715754487244,
    "sharpe": 0.33577812825752823,
    "sortino": 0.4713254477634584,
    "std": 0.16817203729953403,
    "ulcer_index": 14.533341916891603,
    "upi": 0.3885591195678079,
    "us_allocation": 36
}