{
    "beta": 0.879747033367783,
    "cagr": 0.11001046759442401,
    "end_val": 834728.5977525703,
    "max_drawdown": -0.5661457270691096,
    "mwrr": 0.11001046759442401,
    "sharpe": 0.40639702788133814,
    "sortino": 0.5674783967130049,
    "std": 0.16760533545005557,
    "ulcer_index": 13.4014690903634,
    "upi": 0.5082831033951818,
    "us_allocation": 74
}