{
    "beta": 0.7265240908056413,
    "cagr": 0.09015058342794036,
    "end_val": 388293.7475697236,
    "max_drawdown": -0.6025120889016815,
    "mwrr": 0.09015058342794036,
    "sharpe": 0.28672550860440926,
    "sortino": 0.4031578309459321,
    "std": 0.17459917223052518,
    "ulcer_index": 15.56462834220007,
    "upi": 0.3216498374333178,
    "us_allocation": 18
}