{
    "beta": 0.7402508653388724,
    "cagr": 0.0921561464858065,
    "end_val": 419759.18305167183,
    "max_drawdown": -0.5993355832837507,
    "mwrr": 0.0921561464858065,
    "sharpe": 0.3009895728331189,
    "sortino": 0.4230387631304217,
    "std": 0.17243095657024327,
    "ulcer_index": 15.234812019040437,
    "upi": 0.34067792889671017,
    "us_allocation": 23
}