{
    "beta": 0.9427136403954383,
    "cagr": 0.1164942802693143,
    "end_val": 1068501.2776338907,
    "max_drawdown": -0.5543380722033062,
    "mwrr": 0.1164942802693143,
    "sharpe": 0.4210515625293649,
    "sortino": 0.5866567770696434,
    "std": 0.1756037734989278,
    "ulcer_index": 13.299087483898216,
    "upi": 0.5559897120129513,
    "us_allocation": 97
}