{
    "beta": 0.753962340353401,
    "cagr": 0.09411615862900646,
    "end_val": 452909.51884295663,
    "max_drawdown": -0.5961457304363665,
    "mwrr": 0.09411615862900646,
    "sharpe": 0.31481381936604297,
    "sortino": 0.4422716514689578,
    "std": 0.1705541393373379,
    "ulcer_index": 14.937392823089409,
    "upi": 0.35946487666754134,
    "us_allocation": 28
}