{
    "beta": 0.8141630377375669,
    "cagr": 0.1021997683888003,
    "end_val": 618780.3985289908,
    "max_drawdown": -0.5819479937326746,
    "mwrr": 0.1021997683888003,
    "sharpe": 0.3680385652297756,
    "sortino": 0.5156228146018579,
    "std": 0.16588838222207866,
    "ulcer_index": 14.010039897084145,
    "upi": 0.43580085316894285,
    "us_allocation": 50
}