{
    "beta": 0.8305596607951831,
    "cagr": 0.10425138552394642,
    "end_val": 669537.0667390497,
    "max_drawdown": -0.5780287965416101,
    "mwrr": 0.10425138552394642,
    "sharpe": 0.37978538116354155,
    "sortino": 0.5316102435709308,
    "std": 0.1656536573186697,
    "ulcer_index": 13.82405326318434,
    "upi": 0.4551165137331156,
    "us_allocation": 56
}