{
    "beta": 0.751221169790869,
    "cagr": 0.0937277975723434,
    "end_val": 446144.1776102941,
    "max_drawdown": -0.59678477584042,
    "mwrr": 0.0937277975723434,
    "sharpe": 0.3120887810056462,
    "sortino": 0.4384843302877127,
    "std": 0.17090588831785145,
    "ulcer_index": 14.993356183667226,
    "upi": 0.3557552998902164,
    "us_allocation": 27
}