{
    "beta": 0.939970772937086,
    "cagr": 0.11623309630844614,
    "end_val": 1057956.0282787657,
    "max_drawdown": -0.5548198035287288,
    "mwrr": 0.11623309630844614,
    "sharpe": 0.4208399169867307,
    "sortino": 0.5863989358688184,
    "std": 0.1751361755093697,
    "ulcer_index": 13.296775995995553,
    "upi": 0.5543268919020766,
    "us_allocation": 96
}