{
    "beta": 0.8715468397001117,
    "cagr": 0.10909203293060332,
    "end_val": 805945.233327932,
    "max_drawdown": -0.5681395283679029,
    "mwrr": 0.10909203293060332,
    "sharpe": 0.4028951586086943,
    "sortino": 0.5627954853445796,
    "std": 0.16700773251746706,
    "ulcer_index": 13.454898743046234,
    "upi": 0.5001126316004295,
    "us_allocation": 71
}