{
    "beta": 0.7868197795937111,
    "cagr": 0.09863458053407115,
    "end_val": 539371.0265557931,
    "max_drawdown": -0.5884347349001299,
    "mwrr": 0.09863458053407115,
    "sharpe": 0.3456255192111116,
    "sortino": 0.4849066693403536,
    "std": 0.16727271584947392,
    "ulcer_index": 14.37124105338872,
    "upi": 0.4023032971066243,
    "us_allocation": 40
}