{
    "beta": 0.8387567239103065,
    "cagr": 0.1052525290068389,
    "end_val": 695759.1994179863,
    "max_drawdown": -0.5760614482393047,
    "mwrr": 0.1052525290068389,
    "sharpe": 0.3851391674777005,
    "sortino": 0.5388684007064087,
    "std": 0.1657037070029015,
    "ulcer_index": 13.73939628925749,
    "upi": 0.4645165845353132,
    "us_allocation": 59
}