{
    "beta": 0.893418585477156,
    "cagr": 0.11150414660251884,
    "end_val": 883696.8041345822,
    "max_drawdown": -0.5631509113623581,
    "mwrr": 0.11150414660251884,
    "sharpe": 0.411396762932768,
    "sortino": 0.5741242114672818,
    "std": 0.16883694635398852,
    "ulcer_index": 13.339540601437022,
    "upi": 0.5207236322319185,
    "us_allocation": 79
}