{
    "beta": 0.86881379879314,
    "cagr": 0.10878219370569786,
    "end_val": 796455.402825845,
    "max_drawdown": -0.5688029342189885,
    "mwrr": 0.10878219370569786,
    "sharpe": 0.40164397633276455,
    "sortino": 0.5611183369734648,
    "std": 0.1668323844333848,
    "ulcer_index": 13.474362789571611,
    "upi": 0.4973166176069893,
    "us_allocation": 70
}