{
    "beta": 0.7045241927207802,
    "cagr": 0.08684674418894378,
    "end_val": 341412.0369619691,
    "max_drawdown": -0.6075670960613984,
    "mwrr": 0.08684674418894378,
    "sharpe": 0.2632250731050286,
    "sortino": 0.3703338751967264,
    "std": 0.17865710090824283,
    "ulcer_index": 16.18098974748724,
    "upi": 0.290639518396455,
    "us_allocation": 10
}