{
    "beta": 0.7237767163117715,
    "cagr": 0.0897439986746491,
    "end_val": 382201.61259030947,
    "max_drawdown": -0.6031458011580235,
    "mwrr": 0.0897439986746491,
    "sharpe": 0.2838283493772525,
    "sortino": 0.3991159213081783,
    "std": 0.17506719331111414,
    "ulcer_index": 15.636511452918732,
    "upi": 0.31778550453625254,
    "us_allocation": 17
}