{
    "beta": 0.7347621080150101,
    "cagr": 0.09135939093654666,
    "end_val": 406971.5196728077,
    "max_drawdown": -0.6006077790183909,
    "mwrr": 0.09135939093654666,
    "sharpe": 0.295331341046555,
    "sortino": 0.4151564383327958,
    "std": 0.17326364191286184,
    "ulcer_index": 15.36382587750267,
    "upi": 0.3330670576141946,
    "us_allocation": 21
}