{
    "beta": 0.7182798129396424,
    "cagr": 0.08892535162165793,
    "end_val": 370217.0777734614,
    "max_drawdown": -0.6044116459856974,
    "mwrr": 0.08892535162165793,
    "sharpe": 0.27799572588588906,
    "sortino": 0.3909745748455817,
    "std": 0.17603715467316017,
    "ulcer_index": 15.786701231969197,
    "upi": 0.3100017455032841,
    "us_allocation": 15
}