{
    "beta": 0.8442212659702962,
    "cagr": 0.10591080635203087,
    "end_val": 713544.5564318856,
    "max_drawdown": -0.574746987636186,
    "mwrr": 0.10591080635203087,
    "sharpe": 0.3885091440129526,
    "sortino": 0.5434273047652649,
    "std": 0.16579882229335408,
    "ulcer_index": 13.685702379151852,
    "upi": 0.47068970875947075,
    "us_allocation": 61
}