{
    "beta": 0.8332920700354286,
    "cagr": 0.10458692904805877,
    "end_val": 678216.3188492947,
    "max_drawdown": -0.5773735909698463,
    "mwrr": 0.10458692904805877,
    "sharpe": 0.3816093815100082,
    "sortino": 0.5340850748888012,
    "std": 0.16565796693854543,
    "ulcer_index": 13.795347001788734,
    "upi": 0.4582659032393104,
    "us_allocation": 57
}