{
    "beta": 0.721028629336647,
    "cagr": 0.08933558832053135,
    "end_val": 376176.11350410903,
    "max_drawdown": -0.6037789864729171,
    "mwrr": 0.08933558832053135,
    "sharpe": 0.28091817307457695,
    "sortino": 0.395054495149171,
    "std": 0.17554654049616955,
    "ulcer_index": 15.711064323066177,
    "upi": 0.31389163644553697,
    "us_allocation": 16
}