{
    "beta": 0.6990162392206289,
    "cagr": 0.08600248639867769,
    "end_val": 330348.00713124755,
    "max_drawdown": -0.6088256348225483,
    "mwrr": 0.08600248639867769,
    "sharpe": 0.25725623437278744,
    "sortino": 0.3619840193183202,
    "std": 0.1797817871236932,
    "ulcer_index": 16.34625013516637,
    "upi": 0.2829471512769158,
    "us_allocation": 8
}