{
    "beta": 0.9509459854605152,
    "cagr": 0.11726638876187812,
    "end_val": 1100278.7290734686,
    "max_drawdown": -0.5528942487106141,
    "mwrr": 0.11726638876187812,
    "sharpe": 0.4214732233989674,
    "sortino": 0.5871436209382974,
    "std": 0.17706824181915118,
    "ulcer_index": 13.31450156267038,
    "upi": 0.5605380302822193,
    "us_allocation": 100
}