{
    "beta": 0.7786110225590092,
    "cagr": 0.09752953236948136,
    "end_val": 516844.4062734707,
    "max_drawdown": -0.5903698860108447,
    "mwrr": 0.09752953236948136,
    "sharpe": 0.33828291678870104,
    "sortino": 0.47478465867455977,
    "std": 0.16792882981169172,
    "ulcer_index": 14.49188251378272,
    "upi": 0.39200993374696846,
    "us_allocation": 37
}