{
    "beta": 0.7484794535148672,
    "cagr": 0.09333761620115055,
    "end_val": 439446.5272882879,
    "max_drawdown": -0.5974232826411544,
    "mwrr": 0.09333761620115055,
    "sharpe": 0.3093430654652074,
    "sortino": 0.43466602969027895,
    "std": 0.17126949221428425,
    "ulcer_index": 15.050267228591698,
    "upi": 0.35203924343405696,
    "us_allocation": 26
}