{
    "beta": 0.6935048172338637,
    "cagr": 0.08515089377124285,
    "end_val": 319542.760280966,
    "max_drawdown": -0.6100821061493747,
    "mwrr": 0.08515089377124285,
    "sharpe": 0.2512610955458423,
    "sortino": 0.35359241328683644,
    "std": 0.18094953680285542,
    "ulcer_index": 16.517821686549627,
    "upi": 0.2752589630156227,
    "us_allocation": 6
}