{
    "beta": 0.8168961467973959,
    "cagr": 0.10254626695169167,
    "end_val": 627080.7989363979,
    "max_drawdown": -0.5812962204096099,
    "mwrr": 0.10254626695169167,
    "sharpe": 0.3700897583280276,
    "sortino": 0.5184204106090778,
    "std": 0.16581820383687473,
    "ulcer_index": 13.977434485273784,
    "upi": 0.43906625350384754,
    "us_allocation": 51
}