{
    "beta": 0.7429943178335502,
    "cagr": 0.09255179106878986,
    "end_val": 426254.09740199085,
    "max_drawdown": -0.5986986851818189,
    "mwrr": 0.09255179106878986,
    "sharpe": 0.3037926891269677,
    "sortino": 0.42694180799515863,
    "std": 0.17203207546232396,
    "ulcer_index": 15.171844623788632,
    "upi": 0.34447914438229976,
    "us_allocation": 24
}