{
    "beta": 0.6962609705340449,
    "cagr": 0.0855776074821184,
    "end_val": 324913.1673036627,
    "max_drawdown": -0.6094541283660773,
    "mwrr": 0.0855776074821184,
    "sharpe": 0.2542616156736387,
    "sortino": 0.3577929600972513,
    "std": 0.18036031163042657,
    "ulcer_index": 16.4306296006681,
    "upi": 0.27911248629842234,
    "us_allocation": 7
}