{
    "beta": 0.7895553424005333,
    "cagr": 0.09899929138100627,
    "end_val": 547014.0095190124,
    "max_drawdown": -0.5877885771525645,
    "mwrr": 0.09899929138100627,
    "sharpe": 0.3480134836761269,
    "sortino": 0.48819236693355267,
    "std": 0.16707859970287128,
    "ulcer_index": 14.332308472013455,
    "upi": 0.4057119862447166,
    "us_allocation": 41
}