{
    "beta": 0.685230873439522,
    "cagr": 0.08385973233926713,
    "end_val": 303815.3473323491,
    "max_drawdown": -0.6119629558416393,
    "mwrr": 0.08385973233926713,
    "sharpe": 0.24223067675180265,
    "sortino": 0.34094357773195866,
    "std": 0.18278075713502942,
    "ulcer_index": 16.786813158171963,
    "upi": 0.2637560051917056,
    "us_allocation": 3
}