{
    "beta": 0.8114297557158562,
    "cagr": 0.10185144645354116,
    "end_val": 610544.4759389062,
    "max_drawdown": -0.5825991996609635,
    "mwrr": 0.10185144645354116,
    "sharpe": 0.3659511344492501,
    "sortino": 0.5127734010400249,
    "std": 0.16597098975617236,
    "ulcer_index": 14.043224870553876,
    "upi": 0.4325202771618908,
    "us_allocation": 49
}