{
    "beta": 0.8524181525688866,
    "cagr": 0.10688447383105237,
    "end_val": 740667.6875495284,
    "max_drawdown": -0.5727709266481513,
    "mwrr": 0.10688447383105237,
    "sharpe": 0.3932595528321014,
    "sortino": 0.5498406296402742,
    "std": 0.16603368349149478,
    "ulcer_index": 13.610125451749752,
    "upi": 0.47976952258274813,
    "us_allocation": 64
}