{
    "beta": 0.948201228655142,
    "cagr": 0.11701092959276194,
    "end_val": 1089664.0534877144,
    "max_drawdown": -0.5533752937366773,
    "mwrr": 0.11701092959276194,
    "sharpe": 0.4213677813312613,
    "sortino": 0.5870285626118301,
    "std": 0.1765698817706753,
    "ulcer_index": 13.306579084411446,
    "upi": 0.5591533266970304,
    "us_allocation": 99
}