{
    "beta": 0.9290050645956371,
    "cagr": 0.11516936774547926,
    "end_val": 1016048.0819377118,
    "max_drawdown": -0.5567489849087953,
    "mwrr": 0.11516936774547926,
    "sharpe": 0.4196267211582194,
    "sortino": 0.584875562882354,
    "std": 0.17337055610667595,
    "ulcer_index": 13.292091476278772,
    "upi": 0.5473496060920001,
    "us_allocation": 92
}