{
    "beta": 0.9125718505175879,
    "cagr": 0.11351710119258596,
    "end_val": 954148.0800162016,
    "max_drawdown": -0.559649410615285,
    "mwrr": 0.11351710119258596,
    "sharpe": 0.41666528916759776,
    "sortino": 0.5810505705960131,
    "std": 0.17104438994797094,
    "ulcer_index": 13.29949075132082,
    "upi": 0.5358965109185465,
    "us_allocation": 86
}