{
    "beta": 0.762182742116264,
    "cagr": 0.0952703228352656,
    "end_val": 473611.9496956385,
    "max_drawdown": -0.5942253506426601,
    "mwrr": 0.0952703228352656,
    "sharpe": 0.3228571880405057,
    "sortino": 0.4534373467361414,
    "std": 0.1695704684838557,
    "ulcer_index": 14.775833384793732,
    "upi": 0.3705308467184089,
    "us_allocation": 31
}