{
    "beta": 0.8278271751807617,
    "cagr": 0.10391401417903667,
    "end_val": 660919.9040234115,
    "max_drawdown": -0.5786834267237289,
    "mwrr": 0.10391401417903667,
    "sharpe": 0.37792246068616675,
    "sortino": 0.5290804950303898,
    "std": 0.165661740669922,
    "ulcer_index": 13.853418088684506,
    "upi": 0.4519460711717697,
    "us_allocation": 55
}