{
    "beta": 0.8004945763167083,
    "cagr": 0.1004399361393098,
    "end_val": 578251.885341211,
    "max_drawdown": -0.5851983755855104,
    "mwrr": 0.1004399361393098,
    "sharpe": 0.3572497283301574,
    "sortino": 0.5008711339657512,
    "std": 0.16642563939970506,
    "ulcer_index": 14.18291579243703,
    "upi": 0.419222133197348,
    "us_allocation": 45
}