{
    "beta": 0.8551505325760963,
    "cagr": 0.10720535875222792,
    "end_val": 749825.0714005284,
    "max_drawdown": -0.5721110687455652,
    "mwrr": 0.10720535875222792,
    "sharpe": 0.394760877859443,
    "sortino": 0.5518643249998947,
    "std": 0.16613644749142434,
    "ulcer_index": 13.586120718214996,
    "upi": 0.4827507021793455,
    "us_allocation": 65
}