{
    "beta": 0.7594431101136577,
    "cagr": 0.09488742100779635,
    "end_val": 466643.39290101244,
    "max_drawdown": -0.5948660190387534,
    "mwrr": 0.09488742100779635,
    "sharpe": 0.320198788367986,
    "sortino": 0.4497492114823471,
    "std": 0.16988638634446204,
    "ulcer_index": 14.828513083540805,
    "upi": 0.3668564674086388,
    "us_allocation": 30
}