{
    "beta": 0.9344868019585989,
    "cagr": 0.1157050247905751,
    "end_val": 1036944.751902879,
    "max_drawdown": -0.5557839450986227,
    "mwrr": 0.1157050247905751,
    "sharpe": 0.42030744873068643,
    "sortino": 0.5857368160702696,
    "std": 0.17423226417411666,
    "ulcer_index": 13.29364541954853,
    "upi": 0.5508979603580142,
    "us_allocation": 94
}