{
    "beta": 0.7017706408033915,
    "cagr": 0.08642553161569722,
    "end_val": 335847.5450482891,
    "max_drawdown": -0.608196624421584,
    "mwrr": 0.08642553161569722,
    "sharpe": 0.26024428059490184,
    "sortino": 0.36616463484825684,
    "std": 0.17921402860105806,
    "ulcer_index": 16.263089936045198,
    "upi": 0.2867887891549706,
    "us_allocation": 9
}