{
    "beta": 0.8250945970766065,
    "cagr": 0.1035748158644263,
    "end_val": 652365.2782868727,
    "max_drawdown": -0.5793374828633046,
    "mwrr": 0.1035748158644263,
    "sharpe": 0.3760210123622385,
    "sortino": 0.5264962092866421,
    "std": 0.16568222869513888,
    "ulcer_index": 13.883470069370942,
    "upi": 0.4487542304210633,
    "us_allocation": 54
}