{
    "beta": 0.7649218940185621,
    "cagr": 0.09565140535870764,
    "end_val": 480648.2448658482,
    "max_drawdown": -0.5935841388381242,
    "mwrr": 0.09565140535870764,
    "sharpe": 0.3254918502868801,
    "sortino": 0.45709021120633325,
    "std": 0.16926657774358847,
    "ulcer_index": 14.724736147312637,
    "upi": 0.37417919495623486,
    "us_allocation": 32
}