{
    "beta": 0.9043611346396582,
    "cagr": 0.11266561442270362,
    "end_val": 923701.8943970698,
    "max_drawdown": -0.561102557264736,
    "mwrr": 0.11266561442270362,
    "sharpe": 0.414651312082011,
    "sortino": 0.5784149393280642,
    "std": 0.17003038855244051,
    "ulcer_index": 13.312262243026419,
    "upi": 0.5296360493615626,
    "us_allocation": 83
}