{
    "beta": 0.8414890008353952,
    "cagr": 0.10558258351581262,
    "end_val": 704621.8306443823,
    "max_drawdown": -0.5754045083565648,
    "mwrr": 0.10558258351581262,
    "sharpe": 0.38684428431693174,
    "sortino": 0.5411760752100646,
    "std": 0.16574510279786012,
    "ulcer_index": 13.712182957026188,
    "upi": 0.4676159623001299,
    "us_allocation": 60
}