{
    "beta": 0.892643680761704,
    "cagr": 0.10997558000124408,
    "end_val": 751076.5759964986,
    "max_drawdown": -0.5636790205278199,
    "mwrr": 0.10997558000124408,
    "sharpe": 0.4130598497676048,
    "sortino": 0.5755933194745724,
    "std": 0.16894697668338401,
    "ulcer_index": 13.460210756232293,
    "upi": 0.5184607498477734,
    "us_allocation": 78
}