{
    "beta": 0.6832765242659217,
    "cagr": 0.08497129187673913,
    "end_val": 292474.18956995266,
    "max_drawdown": -0.6138392027560151,
    "mwrr": 0.08497129187673913,
    "sharpe": 0.2547535126210766,
    "sortino": 0.3589697190351971,
    "std": 0.18449674412840664,
    "ulcer_index": 17.148965221766137,
    "upi": 0.27406749624918436,
    "us_allocation": 0
}