{
    "beta": 0.8173410917950331,
    "cagr": 0.10224965597445368,
    "end_val": 562495.1879999785,
    "max_drawdown": -0.5819479937326751,
    "mwrr": 0.10224965597445368,
    "sharpe": 0.377735903490102,
    "sortino": 0.528989194183106,
    "std": 0.1662566647085508,
    "ulcer_index": 14.111037941221781,
    "upi": 0.4450467917165685,
    "us_allocation": 50
}