{
    "beta": 0.6886443524743525,
    "cagr": 0.08574806583790218,
    "end_val": 301268.2649422265,
    "max_drawdown": -0.6125888814651839,
    "mwrr": 0.08574806583790218,
    "sharpe": 0.2604035926366502,
    "sortino": 0.3668827301468662,
    "std": 0.18324218927048483,
    "ulcer_index": 16.95681100738258,
    "upi": 0.2813941895186928,
    "us_allocation": 2
}