{
    "beta": 0.8603238406576418,
    "cagr": 0.10683740406887199,
    "end_val": 668015.9148235968,
    "max_drawdown": -0.5714506230588099,
    "mwrr": 0.10683740406887199,
    "sharpe": 0.40177274564702525,
    "sortino": 0.5609892772641519,
    "std": 0.16664719296735694,
    "ulcer_index": 13.669881823943905,
    "upi": 0.4897959107942096,
    "us_allocation": 66
}