{
    "beta": 0.7985632423857985,
    "cagr": 0.10009860172512353,
    "end_val": 518802.66194346687,
    "max_drawdown": -0.5864945930275575,
    "mwrr": 0.10009860172512353,
    "sharpe": 0.3642218603042076,
    "sortino": 0.5107153139950316,
    "std": 0.16706242557669157,
    "ulcer_index": 14.354462512646437,
    "upi": 0.4238901765812741,
    "us_allocation": 43
}