{
    "beta": 0.8630140241566177,
    "cagr": 0.10710887139156866,
    "end_val": 674831.5491338898,
    "max_drawdown": -0.5707895881800364,
    "mwrr": 0.10710887139156866,
    "sharpe": 0.40293748897474585,
    "sortino": 0.5625169210386417,
    "std": 0.16677402816662965,
    "ulcer_index": 13.64740017138625,
    "upi": 0.4923997896112295,
    "us_allocation": 67
}