{
    "beta": 0.8818607522811233,
    "cagr": 0.10895853909011155,
    "end_val": 723110.7623424772,
    "max_drawdown": -0.5661457270691085,
    "mwrr": 0.10895853909011155,
    "sharpe": 0.409948640008856,
    "sortino": 0.5716269000366311,
    "std": 0.16799333376513212,
    "ulcer_index": 13.511840542190493,
    "upi": 0.5096950194233855,
    "us_allocation": 74
}