{
    "beta": 0.7020589572736415,
    "cagr": 0.08765861797570507,
    "end_val": 324010.4875137581,
    "max_drawdown": -0.6094541283660768,
    "mwrr": 0.08765861797570507,
    "sharpe": 0.2744315914235573,
    "sortino": 0.38650561110693943,
    "std": 0.18028226212433995,
    "ulcer_index": 16.509672509535747,
    "upi": 0.29966519531551944,
    "us_allocation": 7
}