{
    "beta": 0.7690740854389729,
    "cagr": 0.0965421352375384,
    "end_val": 453723.11679408443,
    "max_drawdown": -0.593584138838124,
    "mwrr": 0.0965421352375384,
    "sharpe": 0.3398405560587874,
    "sortino": 0.47735554625948273,
    "std": 0.1695199657043568,
    "ulcer_index": 14.817075881742834,
    "upi": 0.3888000695826069,
    "us_allocation": 32
}