{
    "beta": 0.8683959763567696,
    "cagr": 0.10764639231777196,
    "end_val": 688527.6889189484,
    "max_drawdown": -0.5694657451836981,
    "mwrr": 0.10764639231777196,
    "sharpe": 0.40514473929890626,
    "sortino": 0.5654023757540091,
    "std": 0.167063392432197,
    "ulcer_index": 13.60377348085909,
    "upi": 0.49754721183693723,
    "us_allocation": 69
}