{
    "beta": 0.8710877727242402,
    "cagr": 0.10791244278181455,
    "end_val": 695406.6919324271,
    "max_drawdown": -0.5688029342189885,
    "mwrr": 0.10791244278181455,
    "sharpe": 0.4061871505516208,
    "sortino": 0.5667602028774842,
    "std": 0.16722585311440144,
    "ulcer_index": 13.583114895966485,
    "upi": 0.5000721421043782,
    "us_allocation": 70
}