{
    "beta": 0.9196506038968681,
    "cagr": 0.11239020551020573,
    "end_val": 821766.9185331846,
    "max_drawdown": -0.5586817259363117,
    "mwrr": 0.11239020551020573,
    "sharpe": 0.4180577882449521,
    "sortino": 0.5817072007930849,
    "std": 0.172124334638916,
    "ulcer_index": 13.411071949852357,
    "upi": 0.5365640779183157,
    "us_allocation": 88
}