{
    "beta": 0.8953410746645264,
    "cagr": 0.11022528585830993,
    "end_val": 758102.5568154606,
    "max_drawdown": -0.5631509113623578,
    "mwrr": 0.11022528585830993,
    "sharpe": 0.41373687538567355,
    "sortino": 0.5764459354872365,
    "std": 0.16921412199037109,
    "ulcer_index": 13.452152946073024,
    "upi": 0.5204435166126893,
    "us_allocation": 79
}