{
    "beta": 0.9250614417261138,
    "cagr": 0.11285104370186239,
    "end_val": 835977.4768353683,
    "max_drawdown": -0.5577149146189506,
    "mwrr": 0.11285104370186239,
    "sharpe": 0.4185965619178694,
    "sortino": 0.5823079227838424,
    "std": 0.17289211307283706,
    "ulcer_index": 13.4100817035359,
    "upi": 0.5396924046470135,
    "us_allocation": 90
}