{
    "beta": 0.8388195918830856,
    "cagr": 0.1046008893585042,
    "end_val": 614363.0742548232,
    "max_drawdown": -0.5767178086554059,
    "mwrr": 0.1046008893585042,
    "sharpe": 0.39100341001341576,
    "sortino": 0.5467478535325361,
    "std": 0.16606456321430468,
    "ulcer_index": 13.871222500130516,
    "upi": 0.4681037962738681,
    "us_allocation": 58
}