{
    "beta": 0.8012450678051084,
    "cagr": 0.1004112409993263,
    "end_val": 524940.8735419003,
    "max_drawdown": -0.5858467641097085,
    "mwrr": 0.1004112409993263,
    "sharpe": 0.36625470001249394,
    "sortino": 0.5134747453594045,
    "std": 0.166910971425871,
    "ulcer_index": 14.317938811235193,
    "upi": 0.42695621688087226,
    "us_allocation": 44
}