{
    "beta": 0.9115405190257776,
    "cagr": 0.11168510078141991,
    "end_val": 800479.2149687824,
    "max_drawdown": -0.5601335779014464,
    "mwrr": 0.11168510078141991,
    "sharpe": 0.4169667399242668,
    "sortino": 0.5804259953845728,
    "std": 0.17105429298826091,
    "ulcer_index": 13.418754044696712,
    "upi": 0.5315315831512759,
    "us_allocation": 85
}