{
    "beta": 0.8280775472227279,
    "cagr": 0.1034395784463702,
    "end_val": 588186.7398638767,
    "max_drawdown": -0.5793374828633047,
    "mwrr": 0.1034395784463702,
    "sharpe": 0.38467232936339973,
    "sortino": 0.5382990144051936,
    "std": 0.16606340963179184,
    "ulcer_index": 13.986009114380591,
    "upi": 0.4567404109191124,
    "us_allocation": 54
}