{
    "beta": 0.8899469659955681,
    "cagr": 0.1097240503776773,
    "end_val": 744063.5333058739,
    "max_drawdown": -0.5642071746721877,
    "mwrr": 0.1097240503776773,
    "sharpe": 0.4123426599539864,
    "sortino": 0.5746854610463177,
    "std": 0.1686912752757675,
    "ulcer_index": 13.469805746619123,
    "upi": 0.516408834479742,
    "us_allocation": 77
}