{
    "beta": 0.9142430780414812,
    "cagr": 0.11192197858092778,
    "end_val": 807570.022275164,
    "max_drawdown": -0.5596494106152844,
    "mwrr": 0.11192197858092778,
    "sharpe": 0.41736857232877383,
    "sortino": 0.5809043755882434,
    "std": 0.1714000058974128,
    "ulcer_index": 13.41545843152237,
    "upi": 0.5332503420381283,
    "us_allocation": 86
}