{
    "beta": 0.9034374768866604,
    "cagr": 0.11096343960208443,
    "end_val": 779249.1330237142,
    "max_drawdown": -0.5615873673095944,
    "mwrr": 0.11096343960208443,
    "sharpe": 0.41552882194690444,
    "sortino": 0.5786764392131565,
    "std": 0.17008369196354625,
    "ulcer_index": 13.431616760351197,
    "upi": 0.5261877911264199,
    "us_allocation": 82
}