{
    "beta": 0.7958816244725242,
    "cagr": 0.09978418195412742,
    "end_val": 512700.1519175844,
    "max_drawdown": -0.587141863617526,
    "mwrr": 0.09978418195412742,
    "sharpe": 0.36215638206837386,
    "sortino": 0.5079080029845127,
    "std": 0.16722595426518308,
    "ulcer_index": 14.391673418645913,
    "upi": 0.4208077916834912,
    "us_allocation": 42
}