{
    "beta": 0.7529937078816589,
    "cagr": 0.09451155946038714,
    "end_val": 420213.74856553116,
    "max_drawdown": -0.5974232826411553,
    "mwrr": 0.09451155946038714,
    "sharpe": 0.3251807576061916,
    "sortino": 0.4571139466472775,
    "std": 0.17146229320500883,
    "ulcer_index": 15.13926303272823,
    "upi": 0.3682816887120736,
    "us_allocation": 26
}