{
    "beta": 0.8441929737202591,
    "cagr": 0.10517079553034625,
    "end_val": 627621.3935750583,
    "max_drawdown": -0.5754045083565649,
    "mwrr": 0.10517079553034625,
    "sharpe": 0.3939352742059714,
    "sortino": 0.5506430230307462,
    "std": 0.16613788134418248,
    "ulcer_index": 13.817053446737129,
    "upi": 0.47367232128880776,
    "us_allocation": 60
}