{
    "beta": 0.8791666101776763,
    "cagr": 0.10869973432542679,
    "end_val": 716158.1334527967,
    "max_drawdown": -0.5668109262421442,
    "mwrr": 0.10869973432542679,
    "sharpe": 0.4090694295821268,
    "sortino": 0.5704949366112608,
    "std": 0.16778389932876236,
    "ulcer_index": 13.528451222612095,
    "upi": 0.5073438403346107,
    "us_allocation": 73
}