{
    "beta": 0.8334478183725902,
    "cagr": 0.1040238141616372,
    "end_val": 601216.5839345207,
    "max_drawdown": -0.5780287965416104,
    "mwrr": 0.1040238141616372,
    "sharpe": 0.38791495985405966,
    "sortino": 0.5426323559533095,
    "std": 0.16603970898248513,
    "ulcer_index": 13.927368213909526,
    "upi": 0.46246439573054055,
    "us_allocation": 56
}