{
    "beta": 0.9007379580828273,
    "cagr": 0.11071921783457839,
    "end_val": 772189.7480980044,
    "max_drawdown": -0.5620948306372664,
    "mwrr": 0.11071921783457839,
    "sharpe": 0.4149711571936399,
    "sortino": 0.5779870203932909,
    "std": 0.16978253399656879,
    "ulcer_index": 13.437604680439815,
    "upi": 0.5243171631808805,
    "us_allocation": 81
}