{
    "beta": 0.8845555161079354,
    "cagr": 0.10921552795553469,
    "end_val": 730079.7670401931,
    "max_drawdown": -0.5654799272129052,
    "mwrr": 0.10921552795553469,
    "sharpe": 0.41078718147840126,
    "sortino": 0.5727025356298381,
    "std": 0.1682144054546774,
    "ulcer_index": 13.49671109256323,
    "upi": 0.5119832534898816,
    "us_allocation": 75
}