{
    "beta": 0.7395933905048769,
    "cagr": 0.09277050782458152,
    "end_val": 393415.3318874832,
    "max_drawdown": -0.6006077790183911,
    "mwrr": 0.09277050782458152,
    "sharpe": 0.3123712869717014,
    "sortino": 0.4393561797038326,
    "std": 0.17339696312985473,
    "ulcer_index": 15.450098935102343,
    "upi": 0.3505674898961423,
    "us_allocation": 21
}