{
    "beta": 0.7101047996119598,
    "cagr": 0.08878347048688973,
    "end_val": 338174.770886862,
    "max_drawdown": -0.6075670960613982,
    "mwrr": 0.08878347048688973,
    "sharpe": 0.2827568997774498,
    "sortino": 0.39813229776090947,
    "std": 0.1786299979341459,
    "ulcer_index": 16.261561286789576,
    "upi": 0.3105943431418695,
    "us_allocation": 10
}