{
    "beta": 0.7449536281040273,
    "cagr": 0.09347226562961697,
    "end_val": 404009.9712584786,
    "max_drawdown": -0.5993355832837509,
    "mwrr": 0.09347226562961697,
    "sharpe": 0.3175532775656392,
    "sortino": 0.44654569618309836,
    "std": 0.17258906285182707,
    "ulcer_index": 15.322182159012861,
    "upi": 0.3576843878306064,
    "us_allocation": 23
}