{
    "beta": 0.8549449901380587,
    "cagr": 0.10628906319547093,
    "end_val": 654453.1715581273,
    "max_drawdown": -0.5727709266481511,
    "mwrr": 0.10628906319547093,
    "sharpe": 0.3993214341637854,
    "sortino": 0.5577648684617482,
    "std": 0.16642937274037672,
    "ulcer_index": 13.716558562563563,
    "upi": 0.48451627478334464,
    "us_allocation": 64
}