{
    "beta": 0.9386038374941469,
    "cagr": 0.11397067052146492,
    "end_val": 871509.1230800352,
    "max_drawdown": -0.5553017615105063,
    "mwrr": 0.11397067052146492,
    "sharpe": 0.41930403867834193,
    "sortino": 0.582954929319914,
    "std": 0.17499821528625278,
    "ulcer_index": 13.415482962348324,
    "upi": 0.5469708512284159,
    "us_allocation": 95
}