{
    "beta": 0.7744346372501874,
    "cagr": 0.09720477103987779,
    "end_val": 465212.1509568228,
    "max_drawdown": -0.5923000801419197,
    "mwrr": 0.09720477103987779,
    "sharpe": 0.34452996087974047,
    "sortino": 0.483805907954461,
    "std": 0.16896605251837638,
    "ulcer_index": 14.71917012916338,
    "upi": 0.395490798823565,
    "us_allocation": 34
}