{
    "beta": 0.7771150487364091,
    "cagr": 0.09753342209267091,
    "end_val": 471015.2628398568,
    "max_drawdown": -0.5916572308063134,
    "mwrr": 0.09753342209267091,
    "sharpe": 0.3468345609917458,
    "sortino": 0.4869706496818912,
    "std": 0.16870681335879187,
    "ulcer_index": 14.67226159257773,
    "upi": 0.39879658115137145,
    "us_allocation": 35
}