{
    "beta": 0.8066093920120324,
    "cagr": 0.10103117606313083,
    "end_val": 537322.6893760506,
    "max_drawdown": -0.5845494261709449,
    "mwrr": 0.10103117606313083,
    "sharpe": 0.37022022396708787,
    "sortino": 0.518846951932637,
    "std": 0.1666443561102432,
    "ulcer_index": 14.246507410569679,
    "upi": 0.43305056281337784,
    "us_allocation": 46
}