{
    "beta": 0.9061377334066935,
    "cagr": 0.11120582889867237,
    "end_val": 786317.805110282,
    "max_drawdown": -0.5611025572647353,
    "mwrr": 0.11120582889867237,
    "sharpe": 0.4160471385888409,
    "sortino": 0.5793123913681467,
    "std": 0.1703960764677483,
    "ulcer_index": 13.426773847523911,
    "upi": 0.5280024102184793,
    "us_allocation": 83
}