{
    "beta": 0.7851569749234037,
    "cagr": 0.09850870623571106,
    "end_val": 488655.1810709606,
    "max_drawdown": -0.5897253880754046,
    "mwrr": 0.09850870623571106,
    "sharpe": 0.3535798839680479,
    "sortino": 0.49621144481725493,
    "std": 0.1680003851462753,
    "ulcer_index": 14.546636773935726,
    "upi": 0.4083470928344656,
    "us_allocation": 38
}