{
    "beta": 0.7047411238781762,
    "cagr": 0.08803535682113228,
    "end_val": 328688.7122750091,
    "max_drawdown": -0.6088256348225483,
    "mwrr": 0.08803535682113228,
    "sharpe": 0.27721559857750633,
    "sortino": 0.3903953001114182,
    "std": 0.17972106658318807,
    "ulcer_index": 16.42580088363783,
    "upi": 0.303303852553714,
    "us_allocation": 8
}