{
    "beta": 0.9494545324619265,
    "cagr": 0.11483278304982658,
    "end_val": 899868.6598091989,
    "max_drawdown": -0.553375293736677,
    "mwrr": 0.11483278304982658,
    "sharpe": 0.4192383075018094,
    "sortino": 0.5826334557928803,
    "std": 0.17687060004091723,
    "ulcer_index": 13.42907266595837,
    "upi": 0.5521780112358072,
    "us_allocation": 99
}