{
    "beta": 0.852256295799638,
    "cagr": 0.10601219249979721,
    "end_val": 647707.4834913955,
    "max_drawdown": -0.5734301981681886,
    "mwrr": 0.10601219249979721,
    "sharpe": 0.3980350999448431,
    "sortino": 0.5560683137415154,
    "std": 0.16633844424029587,
    "ulcer_index": 13.740678082745402,
    "upi": 0.48184407076618835,
    "us_allocation": 63
}