{
    "beta": 0.9169464346096698,
    "cagr": 0.11215701433508873,
    "end_val": 814666.2559537936,
    "max_drawdown": -0.5591654596191126,
    "mwrr": 0.11215701433508873,
    "sharpe": 0.417732150867485,
    "sortino": 0.5813312488932949,
    "std": 0.1717567072370343,
    "ulcer_index": 13.412596135158948,
    "upi": 0.5349399715877574,
    "us_allocation": 87
}