{
    "beta": 0.9088387424805363,
    "cagr": 0.11144638341364965,
    "end_val": 793394.8186720065,
    "max_drawdown": -0.5606179604571222,
    "mwrr": 0.11144638341364965,
    "sharpe": 0.41652635600564814,
    "sortino": 0.5798954391731306,
    "std": 0.1707196297953761,
    "ulcer_index": 13.42248747648898,
    "upi": 0.5297837137663062,
    "us_allocation": 84
}