{
    "beta": 0.7476336793506398,
    "cagr": 0.0938204756524117,
    "end_val": 409369.84186395083,
    "max_drawdown": -0.5986986851818182,
    "mwrr": 0.0938204756524117,
    "sharpe": 0.3201158952630109,
    "sortino": 0.45009830111007704,
    "std": 0.172202076425773,
    "ulcer_index": 15.259754677400602,
    "upi": 0.3612343359291034,
    "us_allocation": 24
}