{
    "beta": 0.8576341672138037,
    "cagr": 0.10656413418652466,
    "end_val": 661222.8832179313,
    "max_drawdown": -0.5721110687455647,
    "mwrr": 0.10656413418652466,
    "sharpe": 0.4005673589166595,
    "sortino": 0.5594052136958545,
    "std": 0.1665322980670292,
    "ulcer_index": 13.692943300011185,
    "upi": 0.48716761359453314,
    "us_allocation": 65
}