{
    "beta": 0.7797955671936196,
    "cagr": 0.09786029509282979,
    "end_val": 476857.02410960477,
    "max_drawdown": -0.5910138331743319,
    "mwrr": 0.09786029509282979,
    "sharpe": 0.3491115236312503,
    "sortino": 0.49009376510692426,
    "std": 0.16845943364515917,
    "ulcer_index": 14.62782657794544,
    "upi": 0.402043884713478,
    "us_allocation": 36
}