{
    "beta": 0.7422735358935771,
    "cagr": 0.09312227646797422,
    "end_val": 398691.74246147944,
    "max_drawdown": -0.5999719475064257,
    "mwrr": 0.09312227646797422,
    "sharpe": 0.31497150028152165,
    "sortino": 0.44296467472490314,
    "std": 0.17298737632215166,
    "ulcer_index": 15.385710030460283,
    "upi": 0.35412668104807693,
    "us_allocation": 22
}