{
    "beta": 0.873780134481886,
    "cagr": 0.10817668440651063,
    "end_val": 702305.292740384,
    "max_drawdown": -0.5681395283679026,
    "mwrr": 0.10817668440651063,
    "sharpe": 0.40718872657567773,
    "sortino": 0.5680616227313797,
    "std": 0.16740011739611566,
    "ulcer_index": 13.564051701737684,
    "upi": 0.5025331864701255,
    "us_allocation": 71
}