{
    "beta": 0.7932002013939272,
    "cagr": 0.09946798213358199,
    "end_val": 506633.75558928703,
    "max_drawdown": -0.5877885771525637,
    "mwrr": 0.09946798213358199,
    "sharpe": 0.3600588445832655,
    "sortino": 0.505053196759794,
    "std": 0.16740153755443724,
    "ulcer_index": 14.42951920487804,
    "upi": 0.4177111366422242,
    "us_allocation": 41
}