{
    "beta": 0.8657047314552582,
    "cagr": 0.10737853465645175,
    "end_val": 681669.0553105497,
    "max_drawdown": -0.5701279626951342,
    "mwrr": 0.10737853465645175,
    "sharpe": 0.404061506621931,
    "sortino": 0.5639879719567695,
    "std": 0.16691277239765365,
    "ulcer_index": 13.625368120391618,
    "upi": 0.49498352646834753,
    "us_allocation": 68
}