{
    "beta": 0.7369131797367456,
    "cagr": 0.09241695931807814,
    "end_val": 388180.90522953565,
    "max_drawdown": -0.601243078983264,
    "mwrr": 0.09241695931807814,
    "sharpe": 0.3097533603290786,
    "sortino": 0.43572112232353966,
    "std": 0.17381776836421572,
    "ulcer_index": 15.51534628876743,
    "upi": 0.3470074704339759,
    "us_allocation": 20
}