{
    "beta": 0.8200247274304444,
    "cagr": 0.10254981577868771,
    "end_val": 568870.6955385071,
    "max_drawdown": -0.5812962204096102,
    "mwrr": 0.10254981577868771,
    "sharpe": 0.379525423624931,
    "sortino": 0.5313959854670417,
    "std": 0.16619011403429143,
    "ulcer_index": 14.078819901119955,
    "upi": 0.4479993365668909,
    "us_allocation": 51
}