{
    "beta": 0.944027246162142,
    "cagr": 0.11440547315384886,
    "end_val": 885701.3600610847,
    "max_drawdown": -0.5543380722033059,
    "mwrr": 0.11440547315384886,
    "sharpe": 0.4193394176923182,
    "sortino": 0.5828847343907221,
    "std": 0.17591389808299626,
    "ulcer_index": 13.420553319750855,
    "upi": 0.5496719831665812,
    "us_allocation": 97
}