{
    "beta": 0.930475714610444,
    "cagr": 0.1133044717310534,
    "end_val": 850193.4639625929,
    "max_drawdown": -0.5567489849087948,
    "mwrr": 0.1133044717310534,
    "sharpe": 0.41898767252431157,
    "sortino": 0.582710871429094,
    "std": 0.17370282268742754,
    "ulcer_index": 13.411048912645994,
    "upi": 0.5426910389074563,
    "us_allocation": 92
}