{
    "beta": 0.811974699136949,
    "cagr": 0.10164398274392106,
    "end_val": 549842.0471239918,
    "max_drawdown": -0.5832498395067018,
    "mwrr": 0.10164398274392106,
    "sharpe": 0.3740486381382263,
    "sortino": 0.5240198687842811,
    "std": 0.16642622600863602,
    "ulcer_index": 14.177352427240601,
    "upi": 0.43908792272599506,
    "us_allocation": 48
}