{
    "beta": 0.9521696702971378,
    "cagr": 0.1150436201833025,
    "end_val": 906940.1204711116,
    "max_drawdown": -0.5528942487106144,
    "mwrr": 0.1150436201833025,
    "sharpe": 0.41913766499241695,
    "sortino": 0.582441282294771,
    "std": 0.17736415630099814,
    "ulcer_index": 13.4375613828614,
    "upi": 0.5532364362550493,
    "us_allocation": 100
}