{
    "beta": 0.8980391622361187,
    "cagr": 0.11047316585248557,
    "end_val": 765140.5828996291,
    "max_drawdown": -0.5626228478425419,
    "mwrr": 0.11047316585248557,
    "sharpe": 0.4143739128483104,
    "sortino": 0.5772436808619662,
    "std": 0.16949265898325944,
    "ulcer_index": 13.444609938866991,
    "upi": 0.522396046630708,
    "us_allocation": 80
}