{
    "beta": 0.7878378892132246,
    "cagr": 0.09883024392885242,
    "end_val": 494610.88945919136,
    "max_drawdown": -0.5890803381222207,
    "mwrr": 0.09883024392885242,
    "sharpe": 0.355769981229853,
    "sortino": 0.4992041282480255,
    "std": 0.16778877798915204,
    "ulcer_index": 14.506926289354116,
    "upi": 0.41148242753886344,
    "us_allocation": 39
}