{
    "beta": 0.9277681410376677,
    "cagr": 0.11307868536250698,
    "end_val": 843085.3142066986,
    "max_drawdown": -0.5572318390457834,
    "mwrr": 0.11307868536250698,
    "sharpe": 0.4188103933242109,
    "sortino": 0.582533807189496,
    "std": 0.17329213444943323,
    "ulcer_index": 13.410366535640792,
    "upi": 0.5412061688797364,
    "us_allocation": 91
}