{
    "beta": 0.8415060751081872,
    "cagr": 0.10488673913197566,
    "end_val": 620978.5647780518,
    "max_drawdown": -0.5760614482393048,
    "mwrr": 0.10488673913197566,
    "sharpe": 0.3924890516779103,
    "sortino": 0.5487231384078918,
    "std": 0.16609517133542673,
    "ulcer_index": 13.843879583711283,
    "upi": 0.47089750432869293,
    "us_allocation": 59
}