{
    "beta": 0.8227086732051859,
    "cagr": 0.10284819001505596,
    "end_val": 575278.144752394,
    "max_drawdown": -0.5806438783738088,
    "mwrr": 0.10284819001505596,
    "sharpe": 0.3812782770524409,
    "sortino": 0.5337502407896455,
    "std": 0.16613572121617945,
    "ulcer_index": 14.047204972350173,
    "upi": 0.4509340078794635,
    "us_allocation": 52
}