{
    "beta": 0.7235107189782343,
    "cagr": 0.090622502806194,
    "end_val": 362643.5937968128,
    "max_drawdown": -0.6044116459856975,
    "mwrr": 0.090622502806194,
    "sharpe": 0.29642317466772056,
    "sortino": 0.41718358780770715,
    "std": 0.17608807137790833,
    "ulcer_index": 15.869793646589185,
    "upi": 0.32889700065622407,
    "us_allocation": 15
}