{
    "beta": 0.941315065187099,
    "cagr": 0.11418900685418754,
    "end_val": 878607.796989125,
    "max_drawdown": -0.5548198035287285,
    "mwrr": 0.11418900685418754,
    "sharpe": 0.41933900462508006,
    "sortino": 0.5829427181053977,
    "std": 0.17545089413965964,
    "ulcer_index": 13.417739558170803,
    "upi": 0.5483394550947394,
    "us_allocation": 96
}