{
    "beta": 0.9358935470841085,
    "cagr": 0.11375046722747717,
    "end_val": 864406.4470750999,
    "max_drawdown": -0.5557839450986225,
    "mwrr": 0.11375046722747717,
    "sharpe": 0.4192341000099934,
    "sortino": 0.5829207856506771,
    "std": 0.17455593116532475,
    "ulcer_index": 13.413607114982758,
    "upi": 0.5455735123853453,
    "us_allocation": 94
}