{
    "beta": 0.9223556011556313,
    "cagr": 0.11262154951537173,
    "end_val": 828870.9997899171,
    "max_drawdown": -0.558198210593182,
    "mwrr": 0.11262154951537173,
    "sharpe": 0.4183458116074231,
    "sortino": 0.5820325774119575,
    "std": 0.17250282470711517,
    "ulcer_index": 13.410372763488072,
    "upi": 0.5381427328586856,
    "us_allocation": 89
}