{
    "beta": 0.7342328914003704,
    "cagr": 0.09206163052870431,
    "end_val": 382988.61757234065,
    "max_drawdown": -0.6018778485597519,
    "mwrr": 0.09206163052870431,
    "sharpe": 0.30711844148484957,
    "sortino": 0.43206057882303045,
    "std": 0.17424973596279114,
    "ulcer_index": 15.581867916299858,
    "upi": 0.34343804307514547,
    "us_allocation": 19
}