{
    "beta": 0.8361335107275761,
    "cagr": 0.10431324733992287,
    "end_val": 607775.5443502292,
    "max_drawdown": -0.5773735909698461,
    "mwrr": 0.10431324733992287,
    "sharpe": 0.38947861620800445,
    "sortino": 0.5447174846663906,
    "std": 0.16604607160891477,
    "ulcer_index": 13.899052668949489,
    "upi": 0.4652926067784156,
    "us_allocation": 57
}