{
    "beta": 0.8146577533376935,
    "cagr": 0.10194771138335645,
    "end_val": 556152.1377163187,
    "max_drawdown": -0.5825991996609641,
    "mwrr": 0.10194771138335645,
    "sharpe": 0.37591015550512696,
    "sortino": 0.5265302866303476,
    "std": 0.16633537038045118,
    "ulcer_index": 14.14383299695946,
    "upi": 0.44207768422106125,
    "us_allocation": 49
}