{
    "beta": 0.7663939202976099,
    "cagr": 0.09620815061970123,
    "end_val": 448037.7854338948,
    "max_drawdown": -0.5942253506426604,
    "mwrr": 0.09620815061970123,
    "sharpe": 0.3374571254917236,
    "sortino": 0.47407203391739994,
    "std": 0.16981456360261402,
    "ulcer_index": 14.867626034061738,
    "upi": 0.3854290536336792,
    "us_allocation": 31
}