{
    "beta": 0.8764730756162964,
    "cagr": 0.10843911550104135,
    "end_val": 709222.7061601793,
    "max_drawdown": -0.5674755261909362,
    "mwrr": 0.10843911550104135,
    "sharpe": 0.40814947599056145,
    "sortino": 0.5693065576204472,
    "std": 0.1675861463740625,
    "ulcer_index": 13.54600557526468,
    "upi": 0.5049507602981227,
    "us_allocation": 72
}