{
    "beta": 0.887250915906888,
    "cagr": 0.1094706990316896,
    "end_val": 737064.3082710659,
    "max_drawdown": -0.5648135252080558,
    "mwrr": 0.1094706990316896,
    "sharpe": 0.4115851493907919,
    "sortino": 0.5737219669878204,
    "std": 0.16844706847917418,
    "ulcer_index": 13.48215405299615,
    "upi": 0.5142422347491021,
    "us_allocation": 76
}