{
    "beta": 0.7288720333239812,
    "cagr": 0.09134563023062947,
    "end_val": 372731.0272452714,
    "max_drawdown": -0.6031458011580227,
    "mwrr": 0.09134563023062947,
    "sharpe": 0.30180049985968127,
    "sortino": 0.42466715057130516,
    "std": 0.17514692855864053,
    "ulcer_index": 15.720581165329719,
    "upi": 0.3362353539365425,
    "us_allocation": 17
}