{
    "beta": 0.7261914392600471,
    "cagr": 0.09098495769086745,
    "end_val": 367665.98273929465,
    "max_drawdown": -0.6037789864729174,
    "mwrr": 0.09098495769086745,
    "sharpe": 0.2991189055348534,
    "sortino": 0.4209361509282979,
    "std": 0.17561203614469384,
    "ulcer_index": 15.794646818238585,
    "upi": 0.33256574811523226,
    "us_allocation": 16
}