{
    "beta": 0.7127863329630716,
    "cagr": 0.08915484702491461,
    "end_val": 342982.52150881506,
    "max_drawdown": -0.6069370486355962,
    "mwrr": 0.08915484702491461,
    "sharpe": 0.28551287418137766,
    "sortino": 0.4019777714057712,
    "std": 0.1781002558976512,
    "ulcer_index": 16.181125134327768,
    "upi": 0.3142460873713784,
    "us_allocation": 11
}