{
    "beta": 0.8307625015962341,
    "cagr": 0.10373259086475439,
    "end_val": 594686.7884338086,
    "max_drawdown": -0.578683426723729,
    "mwrr": 0.10373259086475439,
    "sharpe": 0.3863127528988776,
    "sortino": 0.5404927637466961,
    "std": 0.16604548562241456,
    "ulcer_index": 13.95634402134403,
    "upi": 0.4596137997440334,
    "us_allocation": 55
}