{
    "beta": 0.6966939060417496,
    "cagr": 0.08689977167965046,
    "end_val": 314783.78718218236,
    "max_drawdown": -0.6107095692650824,
    "mwrr": 0.08689977167965046,
    "sharpe": 0.26884009891434224,
    "sortino": 0.37868845912381155,
    "std": 0.18143564430036457,
    "ulcer_index": 16.684045030092935,
    "upi": 0.29234968877285716,
    "us_allocation": 5
}