{
    "beta": 0.782476205090907,
    "cagr": 0.09818538987543768,
    "end_val": 482737.10936619726,
    "max_drawdown": -0.5903698860108445,
    "mwrr": 0.09818538987543768,
    "sharpe": 0.35136018316363643,
    "sortino": 0.49317434201498955,
    "std": 0.16822394698814397,
    "ulcer_index": 14.586947274650829,
    "upi": 0.4052004685995242,
    "us_allocation": 37
}