{
    "beta": 0.699376555364651,
    "cagr": 0.08728008991326108,
    "end_val": 319375.506121419,
    "max_drawdown": -0.6100821061493747,
    "mwrr": 0.08728008991326108,
    "sharpe": 0.2716395455237839,
    "sortino": 0.3826030188541819,
    "std": 0.18085381026566497,
    "ulcer_index": 16.596386285072,
    "upi": 0.2960019811642203,
    "us_allocation": 6
}