{
    "beta": 0.8092919163100631,
    "cagr": 0.10133847075242741,
    "end_val": 543565.4055713025,
    "max_drawdown": -0.583899914576412,
    "mwrr": 0.10133847075242741,
    "sharpe": 0.3721518289367276,
    "sortino": 0.5214585418272246,
    "std": 0.16652922437783524,
    "ulcer_index": 14.211623843812989,
    "upi": 0.436077258058041,
    "us_allocation": 47
}