{
    "beta": 0.7154676794552346,
    "cagr": 0.08952443778132646,
    "end_val": 347833.34879085317,
    "max_drawdown": -0.6063064810331513,
    "mwrr": 0.08952443778132646,
    "sharpe": 0.28825817138487786,
    "sortino": 0.4058065994820074,
    "std": 0.1775811285041703,
    "ulcer_index": 16.101700192166835,
    "upi": 0.3179034497305286,
    "us_allocation": 12
}