{
    "beta": 0.7208298603381057,
    "cagr": 0.090258264965549,
    "end_val": 357663.9642017383,
    "max_drawdown": -0.6050437808309185,
    "mwrr": 0.090258264965549,
    "sharpe": 0.2937140108276008,
    "sortino": 0.4134104800581398,
    "std": 0.17657497322552043,
    "ulcer_index": 15.945974044423494,
    "upi": 0.325230802477842,
    "us_allocation": 14
}