{
    "beta": 0.691327816710402,
    "cagr": 0.08613376069155132,
    "end_val": 305730.1692107545,
    "max_drawdown": -0.6119629558416396,
    "mwrr": 0.08613376069155132,
    "sharpe": 0.2632215085128632,
    "sortino": 0.3708273345290638,
    "std": 0.18262990136660415,
    "ulcer_index": 16.863933472806867,
    "upi": 0.2850502282754452,
    "us_allocation": 3
}