{
    "beta": 0.7181488512062129,
    "cagr": 0.08989224351971203,
    "end_val": 352727.1878340181,
    "max_drawdown": -0.60567539213838,
    "mwrr": 0.08989224351971203,
    "sharpe": 0.2909921122690416,
    "sortino": 0.4096178154896245,
    "std": 0.17707267981855931,
    "ulcer_index": 16.023247205730684,
    "upi": 0.32156662435337835,
    "us_allocation": 13
}