{
    "beta": 0.7556737096692085,
    "cagr": 0.09485443373847868,
    "end_val": 425697.37722626096,
    "max_drawdown": -0.5967847758404198,
    "mwrr": 0.09485443373847868,
    "sharpe": 0.327681557282621,
    "sortino": 0.4605742362773769,
    "std": 0.17110959734178263,
    "ulcer_index": 15.082927546799105,
    "upi": 0.37173404893239215,
    "us_allocation": 27
}