{
    "beta": 0.6940109971944671,
    "cagr": 0.08651766228257296,
    "end_val": 310235.34099684807,
    "max_drawdown": -0.6113365188013059,
    "mwrr": 0.08651766228257296,
    "sharpe": 0.2660338802568806,
    "sortino": 0.3747629060794471,
    "std": 0.18202769714090267,
    "ulcer_index": 16.772624728659242,
    "upi": 0.28870916137412783,
    "us_allocation": 4
}