{
    "beta": 0.8495680706228765,
    "cagr": 0.1057335234570822,
    "end_val": 640986.5090775278,
    "max_drawdown": -0.5740888847011095,
    "mwrr": 0.1057335234570822,
    "sharpe": 0.396708508030432,
    "sortino": 0.5543157311003666,
    "std": 0.16625953777060584,
    "ulcer_index": 13.765448301776912,
    "upi": 0.47914630738090874,
    "us_allocation": 62
}