{
    "beta": 0.7610337496712357,
    "cagr": 0.09553484798465495,
    "end_val": 436786.8830422167,
    "max_drawdown": -0.5955061452353797,
    "mwrr": 0.09553484798465495,
    "sharpe": 0.3326162956449898,
    "sortino": 0.46739377667786197,
    "std": 0.17043883895708606,
    "ulcer_index": 14.973146221102278,
    "upi": 0.37860914444023097,
    "us_allocation": 29
}