{
    "beta": 0.8039271134345723,
    "cagr": 0.1007220992884803,
    "end_val": 531114.3618859786,
    "max_drawdown": -0.5851983755855105,
    "mwrr": 0.1007220992884803,
    "sharpe": 0.3682543372240419,
    "sortino": 0.5161855601943417,
    "std": 0.16677160967930482,
    "ulcer_index": 14.28195083825924,
    "upi": 0.43000991213409456,
    "us_allocation": 45
}