{
    "beta": 0.6859605923673769,
    "cagr": 0.08536057661470031,
    "end_val": 296849.6129114763,
    "max_drawdown": -0.6132142967465788,
    "mwrr": 0.08536057661470031,
    "sharpe": 0.257580731296905,
    "sortino": 0.3629299367637836,
    "std": 0.18386449290524234,
    "ulcer_index": 17.050608958242083,
    "upi": 0.2777525516750984,
    "us_allocation": 1
}