{
    "beta": 0.7717543202909776,
    "cagr": 0.09687434205963696,
    "end_val": 459448.0018108428,
    "max_drawdown": -0.5929423824109951,
    "mwrr": 0.09687434205963696,
    "sharpe": 0.3421983981468129,
    "sortino": 0.4806005187445896,
    "std": 0.16923711569956512,
    "ulcer_index": 14.767569135469191,
    "upi": 0.392154849913235,
    "us_allocation": 33
}