{
    "beta": 0.7583537195010228,
    "cagr": 0.09519552986338797,
    "end_val": 431221.8326083829,
    "max_drawdown": -0.596145730436366,
    "mwrr": 0.09519552986338797,
    "sharpe": 0.33016030893302634,
    "sortino": 0.46400115671238906,
    "std": 0.17076843028500657,
    "ulcer_index": 15.027530860957723,
    "upi": 0.37517739697443014,
    "us_allocation": 28
}