{
    "beta": 0.7315525133183807,
    "cagr": 0.09170452099835558,
    "end_val": 377838.6135067157,
    "max_drawdown": -0.6025120889016816,
    "mwrr": 0.09170452099835558,
    "sharpe": 0.3044672493301436,
    "sortino": 0.42837559493717486,
    "std": 0.17469280876378745,
    "ulcer_index": 15.649213453267059,
    "upi": 0.33986996720521717,
    "us_allocation": 18
}