{
    "beta": 0.8468803010860619,
    "cagr": 0.10545305737873889,
    "end_val": 634290.924799087,
    "max_drawdown": -0.5747469876361851,
    "mwrr": 0.10545305737873889,
    "sharpe": 0.39534183340147233,
    "sortino": 0.5525072703834584,
    "std": 0.16619267646099178,
    "ulcer_index": 13.790962522165593,
    "upi": 0.4764202804791466,
    "us_allocation": 61
}