{
    "beta": 0.7905189605104231,
    "cagr": 0.09915000266990281,
    "end_val": 500603.87245516316,
    "max_drawdown": -0.5884347349001292,
    "mwrr": 0.09915000266990281,
    "sharpe": 0.3579298417228257,
    "sortino": 0.5021516311445019,
    "std": 0.16758915346239783,
    "ulcer_index": 14.467941436972875,
    "upi": 0.4146023982385434,
    "us_allocation": 40
}