{
    "beta": 0.9467403965194411,
    "cagr": 0.11462006628540777,
    "end_val": 892788.6917452409,
    "max_drawdown": -0.553856568587271,
    "mwrr": 0.11462006628540777,
    "sharpe": 0.41930570643674137,
    "sortino": 0.5827814757447979,
    "std": 0.17638715693741353,
    "ulcer_index": 13.424005699533085,
    "upi": 0.5509649355163049,
    "us_allocation": 98
}