{
    "beta": 0.7503137018619841,
    "cagr": 0.0941669068407387,
    "end_val": 414771.1670301074,
    "max_drawdown": -0.5980612520271187,
    "mwrr": 0.0941669068407387,
    "sharpe": 0.3226586296572524,
    "sortino": 0.4536214401410816,
    "std": 0.17182646949532934,
    "ulcer_index": 15.198470050697164,
    "upi": 0.36477465191659153,
    "us_allocation": 25
}