{
    "beta": 0.9331841780570277,
    "cagr": 0.11352839998150999,
    "end_val": 857300.8657832548,
    "max_drawdown": -0.5562663532460594,
    "mwrr": 0.11352839998150999,
    "sharpe": 0.4191287781269889,
    "sortino": 0.5828396498705245,
    "std": 0.17412411082949655,
    "ulcer_index": 13.412131169449065,
    "upi": 0.5441467810976932,
    "us_allocation": 93
}