{
    "beta": 0.8253929421213129,
    "cagr": 0.10314477785984177,
    "end_val": 581717.0068670815,
    "max_drawdown": -0.5799909663015476,
    "mwrr": 0.10314477785984177,
    "sharpe": 0.382994045023922,
    "sortino": 0.5360514098382086,
    "std": 0.16609348692339368,
    "ulcer_index": 14.016206261588422,
    "upi": 0.453849885770559,
    "us_allocation": 53
}