{
    "beta": 0.70742306728758,
    "cagr": 0.08841030736555977,
    "end_val": 333410.1524102053,
    "max_drawdown": -0.608196624421584,
    "mwrr": 0.08841030736555977,
    "sharpe": 0.27999091992883657,
    "sortino": 0.3942711604553926,
    "std": 0.1791702899199239,
    "ulcer_index": 16.343151423467734,
    "upi": 0.30694611520574255,
    "us_allocation": 9
}