{
    "beta": 0.7637138124926449,
    "cagr": 0.09587238821289557,
    "end_val": 442392.2854881134,
    "max_drawdown": -0.5948660190387535,
    "mwrr": 0.09587238821289557,
    "sharpe": 0.33504880412627924,
    "sortino": 0.4707510746074135,
    "std": 0.1701208687749776,
    "ulcer_index": 14.919759873868292,
    "upi": 0.3820288294307261,
    "us_allocation": 30
}