{
    "beta": 0.7547559337275412,
    "cagr": 0.09136087756191236,
    "end_val": 341501.3734644904,
    "max_drawdown": -0.5974232826411551,
    "mwrr": 0.09136087756191236,
    "sharpe": 0.3137859779879099,
    "sortino": 0.44081910043718125,
    "std": 0.1726062020179511,
    "ulcer_index": 15.3230250214134,
    "upi": 0.35346136982662374,
    "us_allocation": 26
}