{
    "beta": 0.6881564954551437,
    "cagr": 0.08192667126914999,
    "end_val": 240499.7920032915,
    "max_drawdown": -0.6132142967465785,
    "mwrr": 0.08192667126914999,
    "sharpe": 0.24586380055811013,
    "sortino": 0.3462441962194295,
    "std": 0.18497668713006668,
    "ulcer_index": 17.25784414357342,
    "upi": 0.263522169531929,
    "us_allocation": 1
}