{
    "beta": 0.7148043787984038,
    "cagr": 0.08583672332043801,
    "end_val": 278219.4259525579,
    "max_drawdown": -0.6069370486355958,
    "mwrr": 0.08583672332043801,
    "sharpe": 0.2738819156400019,
    "sortino": 0.38538627389311114,
    "std": 0.17922578411106507,
    "ulcer_index": 16.37771860254217,
    "upi": 0.29971201406699655,
    "us_allocation": 11
}