{
    "beta": 0.8107182858707814,
    "cagr": 0.09840934124924483,
    "end_val": 442899.5102284121,
    "max_drawdown": -0.5838999145764123,
    "mwrr": 0.09840934124924483,
    "sharpe": 0.3613692002779811,
    "sortino": 0.5060000699862346,
    "std": 0.16769275392935432,
    "ulcer_index": 14.383726922644396,
    "upi": 0.42130350515978426,
    "us_allocation": 47
}