{
    "beta": 0.7947198591581717,
    "cagr": 0.09647711000861481,
    "end_val": 412500.14396378445,
    "max_drawdown": -0.5877885771525637,
    "mwrr": 0.09647711000861481,
    "sharpe": 0.3490642053366632,
    "sortino": 0.48929966509426653,
    "std": 0.16856032529213313,
    "ulcer_index": 14.60440682035834,
    "upi": 0.4028807287799944,
    "us_allocation": 41
}