{
    "beta": 0.6988179666304564,
    "cagr": 0.08351257383165067,
    "end_val": 255155.78301997256,
    "max_drawdown": -0.6107095692650822,
    "mwrr": 0.08351257383165067,
    "sharpe": 0.25715178772116315,
    "sortino": 0.3620321509732298,
    "std": 0.18255322339272634,
    "ulcer_index": 16.886794833336744,
    "upi": 0.2779870398254016,
    "us_allocation": 5
}