{
    "beta": 0.8293978001349258,
    "cagr": 0.10058087876682853,
    "end_val": 479673.9622031562,
    "max_drawdown": -0.5793374828633043,
    "mwrr": 0.10058087876682853,
    "sharpe": 0.37417540617725803,
    "sortino": 0.5232438388303057,
    "std": 0.1672315909739414,
    "ulcer_index": 14.155170676517644,
    "upi": 0.44205985031174067,
    "us_allocation": 54
}