{
    "beta": 0.7600828347177329,
    "cagr": 0.09206660099756725,
    "end_val": 350534.349729184,
    "max_drawdown": -0.5961457304363668,
    "mwrr": 0.09206660099756725,
    "sharpe": 0.3188086603413499,
    "sortino": 0.4477629402653573,
    "std": 0.171914555757914,
    "ulcer_index": 15.209906338480026,
    "upi": 0.3603405753151959,
    "us_allocation": 28
}