{
    "beta": 0.8347382924827613,
    "cagr": 0.10118491697587584,
    "end_val": 490421.8068355998,
    "max_drawdown": -0.5780287965416105,
    "mwrr": 0.10118491697587584,
    "sharpe": 0.37750710408761545,
    "sortino": 0.5277040795697834,
    "std": 0.1672090551424062,
    "ulcer_index": 14.095751849769643,
    "upi": 0.4478161350977868,
    "us_allocation": 56
}