{
    "beta": 0.8160535043383527,
    "cagr": 0.09903888179453557,
    "end_val": 453267.77339226817,
    "max_drawdown": -0.582599199660964,
    "mwrr": 0.09903888179453557,
    "sharpe": 0.3652049686335688,
    "sortino": 0.511180551681933,
    "std": 0.16750032358742567,
    "ulcer_index": 14.315059755620222,
    "upi": 0.427327338128221,
    "us_allocation": 49
}