{
    "beta": 0.8802137404316441,
    "cagr": 0.10602330265131932,
    "end_val": 585417.5188960354,
    "max_drawdown": -0.5668109262421439,
    "mwrr": 0.10602330265131932,
    "sharpe": 0.3995391557863971,
    "sortino": 0.5568384557344508,
    "std": 0.1689608597359409,
    "ulcer_index": 13.690996653710156,
    "upi": 0.4930795432611802,
    "us_allocation": 73
}