{
    "beta": 0.7121403686384452,
    "cagr": 0.08545391701754346,
    "end_val": 274285.54500013974,
    "max_drawdown": -0.6075670960613977,
    "mwrr": 0.08545391701754346,
    "sharpe": 0.2711150826302641,
    "sortino": 0.3815281184767487,
    "std": 0.17975421685413848,
    "ulcer_index": 16.459139660792925,
    "upi": 0.2960868884465626,
    "us_allocation": 10
}