{
    "beta": 0.8989912252899326,
    "cagr": 0.10786052492378895,
    "end_val": 626002.987861402,
    "max_drawdown": -0.5626228478425417,
    "mwrr": 0.10786052492378895,
    "sharpe": 0.4052570088615985,
    "sortino": 0.5641920419563231,
    "std": 0.17067207927762965,
    "ulcer_index": 13.604828280832574,
    "upi": 0.5084026809935348,
    "us_allocation": 80
}