{
    "beta": 0.8053843405640894,
    "cagr": 0.0977725290286009,
    "end_val": 432646.9184243672,
    "max_drawdown": -0.5851983755855107,
    "mwrr": 0.0977725290286009,
    "sharpe": 0.357397650659257,
    "sortino": 0.5006235617352762,
    "std": 0.16793363758068253,
    "ulcer_index": 14.454957829758667,
    "upi": 0.415215143955449,
    "us_allocation": 45
}