{
    "beta": 0.7813946010748004,
    "cagr": 0.09481701289917477,
    "end_val": 388015.2437333454,
    "max_drawdown": -0.5910138331743315,
    "mwrr": 0.09481701289917477,
    "sharpe": 0.3379633399391706,
    "sortino": 0.47412907346988115,
    "std": 0.16961372803141828,
    "ulcer_index": 14.80521379423162,
    "upi": 0.38718146094769634,
    "us_allocation": 36
}