{
    "beta": 0.8668216085826482,
    "cagr": 0.10465541813939883,
    "end_val": 556878.2222987155,
    "max_drawdown": -0.570127962695135,
    "mwrr": 0.10465541813939883,
    "sharpe": 0.3942525420950582,
    "sortino": 0.5499253816807138,
    "std": 0.16808783004419878,
    "ulcer_index": 13.789444069491982,
    "upi": 0.4805843426302352,
    "us_allocation": 68
}