{
    "beta": 0.7494292513714245,
    "cagr": 0.09064790508486853,
    "end_val": 332606.258599351,
    "max_drawdown": -0.5986986851818186,
    "mwrr": 0.09064790508486853,
    "sharpe": 0.30868092498291405,
    "sortino": 0.4337512568129887,
    "std": 0.17334370488461423,
    "ulcer_index": 15.445010004709275,
    "upi": 0.3464382279146025,
    "us_allocation": 24
}