{
    "beta": 0.7467659614574101,
    "cagr": 0.0902887000010657,
    "end_val": 328210.78671055817,
    "max_drawdown": -0.5993355832837512,
    "mwrr": 0.0902887000010657,
    "sharpe": 0.3060992874849872,
    "sortino": 0.43017412810561567,
    "std": 0.17372952836737357,
    "ulcer_index": 15.508209101872731,
    "upi": 0.34290218097103464,
    "us_allocation": 23
}