{
    "beta": 0.7654100529046498,
    "cagr": 0.09276507629594066,
    "end_val": 359703.818971797,
    "max_drawdown": -0.5948660190387531,
    "mwrr": 0.09276507629594066,
    "sharpe": 0.32374330875240337,
    "sortino": 0.4545740652409156,
    "std": 0.17126914391015935,
    "ulcer_index": 15.100795025775806,
    "upi": 0.36717869926202373,
    "us_allocation": 30
}