{
    "beta": 0.7574193507400955,
    "cagr": 0.09171464533861728,
    "end_val": 346000.7109824332,
    "max_drawdown": -0.5967847758404203,
    "mwrr": 0.09171464533861728,
    "sharpe": 0.31630797037884884,
    "sortino": 0.44430713996391635,
    "std": 0.17225462266063882,
    "ulcer_index": 15.265990830199883,
    "upi": 0.3569051097803716,
    "us_allocation": 27
}