{
    "beta": 0.6934876820766501,
    "cagr": 0.08272327466918017,
    "end_val": 247755.85489852334,
    "max_drawdown": -0.6119629558416394,
    "mwrr": 0.08272327466918017,
    "sharpe": 0.2515179949753592,
    "sortino": 0.35415505812670073,
    "std": 0.18374479307173985,
    "ulcer_index": 17.06888444798552,
    "upi": 0.2707518152779456,
    "us_allocation": 3
}