{
    "beta": 0.8694987818696003,
    "cagr": 0.10493268677751733,
    "end_val": 562551.234000053,
    "max_drawdown": -0.5694657451836974,
    "mwrr": 0.10493268677751733,
    "sharpe": 0.39539027338050375,
    "sortino": 0.5514191443011476,
    "std": 0.16823884673778228,
    "ulcer_index": 13.76751946398956,
    "upi": 0.48317267868110136,
    "us_allocation": 69
}