{
    "beta": 0.8936225976415421,
    "cagr": 0.10734490135228447,
    "end_val": 614343.4798777897,
    "max_drawdown": -0.5636790205278207,
    "mwrr": 0.10734490135228447,
    "sharpe": 0.4038223988805648,
    "sortino": 0.5623650064588169,
    "std": 0.1701257031769624,
    "ulcer_index": 13.621500473669897,
    "upi": 0.5043626446580864,
    "us_allocation": 78
}