{
    "beta": 0.7227956873106715,
    "cagr": 0.08697423150152872,
    "end_val": 290236.4214020788,
    "max_drawdown": -0.6050437808309183,
    "mwrr": 0.08697423150152872,
    "sharpe": 0.2821189845520856,
    "sortino": 0.39686190420448986,
    "std": 0.17770438054257545,
    "ulcer_index": 16.139686684680374,
    "upi": 0.3106201204231535,
    "us_allocation": 14
}