{
    "beta": 0.9124265320468405,
    "cagr": 0.10911688868014302,
    "end_val": 655323.3513408438,
    "max_drawdown": -0.5601335779014454,
    "mwrr": 0.10911688868014302,
    "sharpe": 0.4081583081455006,
    "sortino": 0.5678268217064768,
    "std": 0.17223548511869066,
    "ulcer_index": 13.576081179891327,
    "upi": 0.5178280559996662,
    "us_allocation": 85
}