{
    "beta": 0.9285769516658633,
    "cagr": 0.11056251849464793,
    "end_val": 690719.5739155756,
    "max_drawdown": -0.5572318390457826,
    "mwrr": 0.11056251849464793,
    "sharpe": 0.4103824763070925,
    "sortino": 0.570492962265077,
    "std": 0.17447567142940587,
    "ulcer_index": 13.56385723804237,
    "upi": 0.5278981387167923,
    "us_allocation": 91
}