{
    "beta": 0.7787301357873115,
    "cagr": 0.09447955415722831,
    "end_val": 383214.3136142598,
    "max_drawdown": -0.5916572308063133,
    "mwrr": 0.09447955415722831,
    "sharpe": 0.33565814863994425,
    "sortino": 0.4709674961902331,
    "std": 0.16986015101141277,
    "ulcer_index": 14.850205899702825,
    "upi": 0.38393230237186726,
    "us_allocation": 35
}