{
    "beta": 0.797385585256945,
    "cagr": 0.0968036876725189,
    "end_val": 417491.19266651093,
    "max_drawdown": -0.5871418636175262,
    "mwrr": 0.0968036876725189,
    "sharpe": 0.35119496285579466,
    "sortino": 0.49220045484714936,
    "std": 0.16838558173782464,
    "ulcer_index": 14.566080626652901,
    "upi": 0.40598541353583223,
    "us_allocation": 42
}