{
    "beta": 0.744102689365755,
    "cagr": 0.08992768203274326,
    "end_val": 323850.2271543581,
    "max_drawdown": -0.5999719475064259,
    "mwrr": 0.08992768203274326,
    "sharpe": 0.3034991923402616,
    "sortino": 0.42656960099982016,
    "std": 0.17412666435056623,
    "ulcer_index": 15.572522803749033,
    "upi": 0.3393591661042546,
    "us_allocation": 22
}