{
    "beta": 0.7893891193102357,
    "cagr": 0.09581851175523015,
    "end_val": 402611.23549226485,
    "max_drawdown": -0.5890803381222215,
    "mwrr": 0.09581851175523015,
    "sharpe": 0.3447114244222033,
    "sortino": 0.48336236424563167,
    "std": 0.16894582703515887,
    "ulcer_index": 14.682792842124671,
    "upi": 0.3966375013073575,
    "us_allocation": 39
}