{
    "beta": 0.9016766870149606,
    "cagr": 0.10811553892239179,
    "end_val": 631848.9580365036,
    "max_drawdown": -0.5620948306372661,
    "mwrr": 0.10811553892239179,
    "sharpe": 0.4059151776962817,
    "sortino": 0.5650247160277855,
    "std": 0.1709623023678461,
    "ulcer_index": 13.597271354056497,
    "upi": 0.5103779942763621,
    "us_allocation": 81
}