{
    "beta": 0.8721765676713871,
    "cagr": 0.10520811130191854,
    "end_val": 568242.2991411637,
    "max_drawdown": -0.5688029342189884,
    "mwrr": 0.10520811130191854,
    "sharpe": 0.3964878202599359,
    "sortino": 0.5528572687077187,
    "std": 0.16840169520605072,
    "ulcer_index": 13.74654166959554,
    "upi": 0.48572321455251055,
    "us_allocation": 70
}