{
    "beta": 0.786724080286256,
    "cagr": 0.09548649198516435,
    "end_val": 397713.9724517728,
    "max_drawdown": -0.589725388075405,
    "mwrr": 0.09548649198516435,
    "sharpe": 0.3424906226986967,
    "sortino": 0.4803274457238303,
    "std": 0.16915653539708433,
    "ulcer_index": 14.723003954408535,
    "upi": 0.393495814806771,
    "us_allocation": 38
}