{
    "beta": 0.7014828009772112,
    "cagr": 0.0839044868643275,
    "end_val": 258909.73937231,
    "max_drawdown": -0.6100821061493744,
    "mwrr": 0.0839044868643275,
    "sharpe": 0.25995953702301794,
    "sortino": 0.3659556929060808,
    "std": 0.18197272761837655,
    "ulcer_index": 16.798063090510173,
    "upi": 0.2816084826307676,
    "us_allocation": 6
}