{
    "beta": 0.8267281746355922,
    "cagr": 0.10027612332861913,
    "end_val": 474338.88662482984,
    "max_drawdown": -0.579990966301548,
    "mwrr": 0.10027612332861913,
    "sharpe": 0.3724538108657701,
    "sortino": 0.5209347466793478,
    "std": 0.1672610594285983,
    "ulcer_index": 14.185766324323252,
    "upi": 0.4391540230106785,
    "us_allocation": 53
}