{
    "beta": 0.8480973831889014,
    "cagr": 0.10266303750112682,
    "end_val": 517722.6521272975,
    "max_drawdown": -0.5747469876361859,
    "mwrr": 0.10266303750112682,
    "sharpe": 0.3851705271836795,
    "sortino": 0.5379186974088062,
    "std": 0.1673646463413,
    "ulcer_index": 13.95748393099537,
    "upi": 0.46186364516513567,
    "us_allocation": 61
}