{
    "beta": 0.9474620005639776,
    "cagr": 0.11216283951852146,
    "end_val": 732078.9181294953,
    "max_drawdown": -0.5538565685872716,
    "mwrr": 0.11216283951852146,
    "sharpe": 0.4113301332317408,
    "sortino": 0.5714041540438783,
    "std": 0.1775740231149049,
    "ulcer_index": 13.572569876381843,
    "upi": 0.538168751384309,
    "us_allocation": 98
}