{
    "beta": 0.7920543747268364,
    "cagr": 0.09614871789275692,
    "end_val": 407540.05706694117,
    "max_drawdown": -0.5884347349001303,
    "mwrr": 0.09614871789275692,
    "sharpe": 0.34690282432490993,
    "sortino": 0.4863533594981376,
    "std": 0.16874708170259967,
    "ulcer_index": 14.643315477460284,
    "upi": 0.3997644825075016,
    "us_allocation": 40
}