{
    "beta": 0.8963065337283619,
    "cagr": 0.10760364498505481,
    "end_val": 620167.582701491,
    "max_drawdown": -0.5631509113623576,
    "mwrr": 0.10760364498505481,
    "sharpe": 0.4045594740253552,
    "sortino": 0.563305610838309,
    "std": 0.17039319532323915,
    "ulcer_index": 13.61291244633553,
    "upi": 0.5063971783385847,
    "us_allocation": 79
}