{
    "beta": 0.942061268955948,
    "cagr": 0.11171513763530427,
    "end_val": 720271.0654415372,
    "max_drawdown": -0.554819803528729,
    "mwrr": 0.11171513763530427,
    "sharpe": 0.4112336543566118,
    "sortino": 0.5713750878727812,
    "std": 0.17663672404035866,
    "ulcer_index": 13.567756604184426,
    "upi": 0.5353920933089575,
    "us_allocation": 96
}