{
    "beta": 0.8187216232679599,
    "cagr": 0.0993509233529839,
    "end_val": 458494.33120803884,
    "max_drawdown": -0.5819479937326751,
    "mwrr": 0.0993509233529839,
    "sharpe": 0.36707070143145965,
    "sortino": 0.5136957896938594,
    "std": 0.16742230090087792,
    "ulcer_index": 14.281839229274222,
    "upi": 0.43030919376681953,
    "us_allocation": 50
}