{
    "beta": 0.6854905335111932,
    "cagr": 0.0815256277941594,
    "end_val": 236925.64170058753,
    "max_drawdown": -0.6138392027560153,
    "mwrr": 0.0815256277941594,
    "sharpe": 0.24303051102147685,
    "sortino": 0.34227812242034783,
    "std": 0.18560758748131898,
    "ulcer_index": 17.357405031630215,
    "upi": 0.2598745162891259,
    "us_allocation": 0
}