{
    "beta": 0.8614690438842307,
    "cagr": 0.10409535519319668,
    "end_val": 545588.7978999316,
    "max_drawdown": -0.5714506230588098,
    "mwrr": 0.10409535519319668,
    "sharpe": 0.3918567603182381,
    "sortino": 0.5467709213231118,
    "std": 0.16782142756329974,
    "ulcer_index": 13.834631038091153,
    "upi": 0.47534876158273776,
    "us_allocation": 66
}