{
    "beta": 0.7201320259876923,
    "cagr": 0.08659687986522724,
    "end_val": 286194.9074067706,
    "max_drawdown": -0.60567539213838,
    "mwrr": 0.08659687986522724,
    "sharpe": 0.2793845360190619,
    "sortino": 0.39305409939364605,
    "std": 0.1782008028526998,
    "ulcer_index": 16.21790674683962,
    "upi": 0.30698084805522396,
    "us_allocation": 13
}