{
    "beta": 0.920497734041416,
    "cagr": 0.10984819036710669,
    "end_val": 673002.2934723172,
    "max_drawdown": -0.5586817259363114,
    "mwrr": 0.10984819036710669,
    "sharpe": 0.40943846111569765,
    "sortino": 0.5693854963117094,
    "std": 0.17330665668178366,
    "ulcer_index": 13.566517505471376,
    "upi": 0.5230518057705379,
    "us_allocation": 88
}