{
    "beta": 0.9070499800963296,
    "cagr": 0.10861995984254968,
    "end_val": 643569.5881911782,
    "max_drawdown": -0.561102557264736,
    "mwrr": 0.10861995984254968,
    "sharpe": 0.40711420546456206,
    "sortino": 0.5665305659027763,
    "std": 0.1715765483758118,
    "ulcer_index": 13.585297169629284,
    "upi": 0.5141779390855028,
    "us_allocation": 83
}