{
    "beta": 0.7334495344914531,
    "cagr": 0.08846547493598789,
    "end_val": 306759.58861913544,
    "max_drawdown": -0.6025120889016815,
    "mwrr": 0.08846547493598789,
    "sharpe": 0.29292845259953654,
    "sortino": 0.41189634060874647,
    "std": 0.17582725157574555,
    "ulcer_index": 15.839279314480697,
    "upi": 0.32516762515234565,
    "us_allocation": 18
}