{
    "beta": 0.7041474462171746,
    "cagr": 0.08429457680880881,
    "end_val": 262699.699534116,
    "max_drawdown": -0.6094541283660779,
    "mwrr": 0.08429457680880881,
    "sharpe": 0.26276037058962104,
    "sortino": 0.3698679711193266,
    "std": 0.18140251324036316,
    "ulcer_index": 16.710287635378968,
    "upi": 0.2852412178395768,
    "us_allocation": 7
}