{
    "beta": 0.7254592566571991,
    "cagr": 0.08734976624559887,
    "end_val": 294313.7135338237,
    "max_drawdown": -0.6044116459856975,
    "mwrr": 0.08734976624559887,
    "sharpe": 0.2848412883728418,
    "sortino": 0.4006510127202104,
    "std": 0.17721875341003152,
    "ulcer_index": 16.062571729354325,
    "upi": 0.31426206261199646,
    "us_allocation": 15
}