{
    "beta": 0.8909394024162796,
    "cagr": 0.10708429621774473,
    "end_val": 608531.4054764886,
    "max_drawdown": -0.5642071746721874,
    "mwrr": 0.10708429621774473,
    "sharpe": 0.4030456278769888,
    "sortino": 0.561369901070971,
    "std": 0.16986965407309865,
    "ulcer_index": 13.631336573294359,
    "upi": 0.5022719428611595,
    "us_allocation": 77
}