{
    "beta": 0.7520925713691452,
    "cagr": 0.09100529753469666,
    "end_val": 337036.5035841024,
    "max_drawdown": -0.5980612520271187,
    "mwrr": 0.09100529753469666,
    "sharpe": 0.31124339250247807,
    "sortino": 0.4372999582818688,
    "std": 0.1729692458739119,
    "ulcer_index": 15.382965975298807,
    "upi": 0.3499655444698926,
    "us_allocation": 25
}