{
    "beta": 0.7387761496767544,
    "cagr": 0.08920020624489089,
    "end_val": 315234.3577400023,
    "max_drawdown": -0.6012430789832636,
    "mwrr": 0.08920020624489089,
    "sharpe": 0.2982464756062051,
    "sortino": 0.4192820266355429,
    "std": 0.1749546597897995,
    "ulcer_index": 15.703760649798786,
    "upi": 0.33227106113803684,
    "us_allocation": 20
}