{
    "beta": 0.9178064632420453,
    "cagr": 0.10960630547396577,
    "end_val": 667103.9485461832,
    "max_drawdown": -0.5591654596191122,
    "mwrr": 0.10960630547396577,
    "sharpe": 0.40904950391461703,
    "sortino": 0.5689166344780809,
    "std": 0.17293864462182523,
    "ulcer_index": 13.56867263346215,
    "upi": 0.5213622784026555,
    "us_allocation": 87
}