{
    "beta": 0.8213900992783124,
    "cagr": 0.09966114470378717,
    "end_val": 463748.64457083365,
    "max_drawdown": -0.5812962204096097,
    "mwrr": 0.09966114470378717,
    "sharpe": 0.3689010448063715,
    "sortino": 0.5161602149547494,
    "std": 0.16735641426495285,
    "ulcer_index": 14.24920148212338,
    "upi": 0.4332750480614475,
    "us_allocation": 51
}