{
    "beta": 0.8454246134195494,
    "cagr": 0.10237107237711518,
    "end_val": 512215.1614630401,
    "max_drawdown": -0.5754045083565646,
    "mwrr": 0.10237107237711518,
    "sharpe": 0.38371510977470524,
    "sortino": 0.5359839637792458,
    "std": 0.1673093574976958,
    "ulcer_index": 13.983949658598252,
    "upi": 0.45909568364910136,
    "us_allocation": 60
}