{
    "beta": 0.8427523328660858,
    "cagr": 0.10207727653193821,
    "end_val": 506730.8269912917,
    "max_drawdown": -0.576061448239305,
    "mwrr": 0.10207727653193821,
    "sharpe": 0.38222079275372056,
    "sortino": 0.5339948564725832,
    "std": 0.16726613877564847,
    "ulcer_index": 14.011142965080198,
    "upi": 0.4563021233665315,
    "us_allocation": 59
}