{
    "beta": 0.741439422849816,
    "cagr": 0.0895648508902489,
    "end_val": 319524.7102988763,
    "max_drawdown": -0.6006077790183914,
    "mwrr": 0.0895648508902489,
    "sharpe": 0.30088135145176687,
    "sortino": 0.42293860197772715,
    "std": 0.17453505962400895,
    "ulcer_index": 15.637707523100504,
    "upi": 0.3358152450692333,
    "us_allocation": 21
}