{
    "beta": 0.8400805281016194,
    "cagr": 0.10178165121905902,
    "end_val": 501270.15895422484,
    "max_drawdown": -0.5767178086554063,
    "mwrr": 0.10178165121905902,
    "sharpe": 0.3806878311067833,
    "sortino": 0.531951626327534,
    "std": 0.16723500641730446,
    "ulcer_index": 14.038854507691973,
    "upi": 0.4534903080110537,
    "us_allocation": 58
}