{
    "beta": 0.7174682605333436,
    "cagr": 0.08621771069748907,
    "end_val": 282189.22654584417,
    "max_drawdown": -0.6063064810331511,
    "mwrr": 0.08621771069748907,
    "sharpe": 0.2766386220890496,
    "sortino": 0.38922858288574197,
    "std": 0.17870795829762315,
    "ulcer_index": 16.29732088289308,
    "upi": 0.3033432766669155,
    "us_allocation": 12
}