{
    "beta": 0.776065836690508,
    "cagr": 0.09414028293100496,
    "end_val": 378446.01329970063,
    "max_drawdown": -0.5923000801419198,
    "mwrr": 0.09414028293100496,
    "sharpe": 0.33332613346017065,
    "sortino": 0.46776554010971066,
    "std": 0.17011841450653795,
    "ulcer_index": 14.897701831871036,
    "upi": 0.3806270295542491,
    "us_allocation": 34
}