{
    "beta": 0.8855751764667906,
    "cagr": 0.10655750994631474,
    "end_val": 596946.18992235,
    "max_drawdown": -0.5654799272129042,
    "mwrr": 0.10655750994631474,
    "sharpe": 0.40137247260485537,
    "sortino": 0.5592148450867731,
    "std": 0.1693920824482002,
    "ulcer_index": 13.658721033381763,
    "upi": 0.49778021126738614,
    "us_allocation": 75
}