{
    "beta": 0.8320678350219156,
    "cagr": 0.10088381032523963,
    "end_val": 485035.0870114569,
    "max_drawdown": -0.5786834267237287,
    "mwrr": 0.10088381032523963,
    "sharpe": 0.3758599582156238,
    "sortino": 0.5255003876199388,
    "std": 0.1672142580557664,
    "ulcer_index": 14.125113163475092,
    "upi": 0.4449490395765217,
    "us_allocation": 55
}