{
    "beta": 0.944761118319592,
    "cagr": 0.11193994503393112,
    "end_val": 726176.8118120988,
    "max_drawdown": -0.5543380722033061,
    "mwrr": 0.11193994503393112,
    "sharpe": 0.41129892306740856,
    "sortino": 0.5714122166902542,
    "std": 0.17710023653056628,
    "ulcer_index": 13.569846256806725,
    "upi": 0.5367996976823574,
    "us_allocation": 97
}