{
    "beta": 0.7307861680743987,
    "cagr": 0.08809538742039869,
    "end_val": 302575.37226821895,
    "max_drawdown": -0.6031458011580234,
    "mwrr": 0.08809538742039869,
    "sharpe": 0.29024671547848147,
    "sortino": 0.4081692170617587,
    "std": 0.176280128923708,
    "ulcer_index": 15.911525506164919,
    "upi": 0.32155379446293164,
    "us_allocation": 17
}