{
    "beta": 0.8828941168811818,
    "cagr": 0.10629133292932358,
    "end_val": 591174.4444955806,
    "max_drawdown": -0.5661457270691094,
    "mwrr": 0.10629133292932358,
    "sharpe": 0.40047587503179904,
    "sortino": 0.558054383934408,
    "std": 0.16917065477202642,
    "ulcer_index": 13.674109527747675,
    "upi": 0.49546059230153394,
    "us_allocation": 74
}