{
    "beta": 0.8240589453825746,
    "cagr": 0.09996954499435007,
    "end_val": 469030.3033934546,
    "max_drawdown": -0.5806438783738089,
    "mwrr": 0.09996954499435007,
    "sharpe": 0.3706955558153519,
    "sortino": 0.5185733879827746,
    "std": 0.16730266678975494,
    "ulcer_index": 14.217172490381065,
    "upi": 0.436223633741955,
    "us_allocation": 52
}