{
    "beta": 0.9151160676632443,
    "cagr": 0.1093625373655931,
    "end_val": 661210.6962453014,
    "max_drawdown": -0.5596494106152848,
    "mwrr": 0.1093625373655931,
    "sharpe": 0.4086228832966407,
    "sortino": 0.5683972601459819,
    "std": 0.17258156699903301,
    "ulcer_index": 13.572166448762843,
    "upi": 0.5196091682418559,
    "us_allocation": 86
}