{
    "beta": 0.9528669290456481,
    "cagr": 0.11260287641189648,
    "end_val": 743868.4807537665,
    "max_drawdown": -0.5528942487106143,
    "mwrr": 0.11260287641189648,
    "sharpe": 0.41129205110389827,
    "sortino": 0.571254479456689,
    "std": 0.1785521398037915,
    "ulcer_index": 13.583716176498005,
    "upi": 0.5406393145489801,
    "us_allocation": 100
}