{
    "beta": 0.6908222075949011,
    "cagr": 0.08232588652633965,
    "end_val": 244109.85228351137,
    "max_drawdown": -0.6125888814651848,
    "mwrr": 0.08232588652633965,
    "sharpe": 0.24869315372233886,
    "sortino": 0.35020342063034215,
    "std": 0.18435573316667211,
    "ulcer_index": 17.162898578268138,
    "upi": 0.26712965454552423,
    "us_allocation": 2
}