{
    "beta": 0.8027178132263517,
    "cagr": 0.09745139771649014,
    "end_val": 427564.90948441543,
    "max_drawdown": -0.5858467641097078,
    "mwrr": 0.09745139771649014,
    "sharpe": 0.35536225570649466,
    "sortino": 0.4978629361853472,
    "std": 0.16807221896949806,
    "ulcer_index": 14.491406260510981,
    "upi": 0.41215170725946765,
    "us_allocation": 44
}