{
    "beta": 0.9393624362663119,
    "cagr": 0.11148842057424058,
    "end_val": 714362.5989574979,
    "max_drawdown": -0.5553017615105059,
    "mwrr": 0.11148842057424058,
    "sharpe": 0.41113391905112967,
    "sortino": 0.5712922994754868,
    "std": 0.17618355474069783,
    "ulcer_index": 13.566216447763148,
    "upi": 0.5339494562201135,
    "us_allocation": 95
}