{
    "beta": 0.950163932000217,
    "cagr": 0.11238381777217388,
    "end_val": 737976.454415138,
    "max_drawdown": -0.5533752937366772,
    "mwrr": 0.11238381777217388,
    "sharpe": 0.41132770121674167,
    "sortino": 0.5713513843536324,
    "std": 0.17805801421127057,
    "ulcer_index": 13.576526215638973,
    "upi": 0.5394752785352107,
    "us_allocation": 99
}