{
    "beta": 0.7840592450623972,
    "cagr": 0.09515265893070546,
    "end_val": 392848.55092513084,
    "max_drawdown": -0.5903698860108446,
    "mwrr": 0.09515265893070546,
    "sharpe": 0.3402410479494001,
    "sortino": 0.4772493689267613,
    "std": 0.16937917896777743,
    "ulcer_index": 14.763821444626778,
    "upi": 0.3903433707172048,
    "us_allocation": 37
}