{
    "beta": 0.9366646041465151,
    "cagr": 0.1112597970378073,
    "end_val": 708452.3221623405,
    "max_drawdown": -0.5557839450986226,
    "mwrr": 0.1112597970378073,
    "sharpe": 0.4109993180318471,
    "sortino": 0.5711632998971675,
    "std": 0.1757407971898919,
    "ulcer_index": 13.565046249897241,
    "upi": 0.5324790105412932,
    "us_allocation": 94
}