{
    "beta": 0.7068119144843271,
    "cagr": 0.08468284457487041,
    "end_val": 266525.6613427295,
    "max_drawdown": -0.6088256348225478,
    "mwrr": 0.08468284457487041,
    "sharpe": 0.26555366344380144,
    "sortino": 0.3737680697316024,
    "std": 0.1808426463131232,
    "ulcer_index": 16.625389627717485,
    "upi": 0.28885143157469495,
    "us_allocation": 8
}