{
    "beta": 0.8882569335134863,
    "cagr": 0.10682183172038129,
    "end_val": 602732.0743168243,
    "max_drawdown": -0.5648135252080557,
    "mwrr": 0.10682183172038129,
    "sharpe": 0.40222902467951244,
    "sortino": 0.560319936116185,
    "std": 0.1696250977591761,
    "ulcer_index": 13.643910956201143,
    "upi": 0.5000711489711497,
    "us_allocation": 76
}