{
    "beta": 0.856118762840522,
    "cagr": 0.10352793531939497,
    "end_val": 534378.7892765086,
    "max_drawdown": -0.5727709266481502,
    "mwrr": 0.10352793531939497,
    "sharpe": 0.38930116655852137,
    "sortino": 0.5433949779844981,
    "std": 0.16760273970321138,
    "ulcer_index": 13.882003926428363,
    "upi": 0.47002334994441136,
    "us_allocation": 64
}