{
    "beta": 0.8000515657074077,
    "cagr": 0.09712845041285312,
    "end_val": 422512.88928445446,
    "max_drawdown": -0.5864945930275568,
    "mwrr": 0.09712845041285312,
    "sharpe": 0.35329450547709296,
    "sortino": 0.49505499532045966,
    "std": 0.16822287298622016,
    "ulcer_index": 14.528396071219094,
    "upi": 0.40907641320494886,
    "us_allocation": 43
}