{
    "beta": 0.7094762179129379,
    "cagr": 0.08506929103362748,
    "end_val": 270387.61540703167,
    "max_drawdown": -0.6081966244215834,
    "mwrr": 0.08506929103362748,
    "sharpe": 0.26833878164090896,
    "sortino": 0.377655077603629,
    "std": 0.18029319246584719,
    "ulcer_index": 16.54172863313984,
    "upi": 0.2924659103825513,
    "us_allocation": 9
}