{
    "beta": 0.8507706556525311,
    "cagr": 0.10295317060449771,
    "end_val": 523252.7774461146,
    "max_drawdown": -0.5740888847011096,
    "mwrr": 0.10295317060449771,
    "sharpe": 0.38658681225448815,
    "sortino": 0.5397988730826095,
    "std": 0.16743198695864925,
    "ulcer_index": 13.931598959611591,
    "upi": 0.46461032599368096,
    "us_allocation": 62
}