{
    "beta": 0.7734016913007565,
    "cagr": 0.09379919940627124,
    "end_val": 373710.5855942975,
    "max_drawdown": -0.5929423824109957,
    "mwrr": 0.09379919940627124,
    "sharpe": 0.330967962466442,
    "sortino": 0.4645241725219985,
    "std": 0.17038848332872378,
    "ulcer_index": 14.946706088808593,
    "upi": 0.37729295616003905,
    "us_allocation": 33
}