{
    "beta": 0.7707376871592861,
    "cagr": 0.0934563037285594,
    "end_val": 369008.26345595455,
    "max_drawdown": -0.5935841388381239,
    "mwrr": 0.0934563037285594,
    "sharpe": 0.3285843116035359,
    "sortino": 0.46124444346918886,
    "std": 0.17067032054237857,
    "ulcer_index": 14.996831090478203,
    "upi": 0.3739410245920492,
    "us_allocation": 32
}