{
    "beta": 0.874854979982725,
    "cagr": 0.10548168998332841,
    "end_val": 573950.7937927397,
    "max_drawdown": -0.5681395283679028,
    "mwrr": 0.10548168998332841,
    "sharpe": 0.39754515192613316,
    "sortino": 0.5542399090811642,
    "std": 0.1685763392090619,
    "ulcer_index": 13.727176485052654,
    "upi": 0.4882115665326362,
    "us_allocation": 71
}