{
    "beta": 0.8775340328618247,
    "cagr": 0.10575342104280527,
    "end_val": 579676.0826215167,
    "max_drawdown": -0.5674755261909367,
    "mwrr": 0.10575342104280527,
    "sharpe": 0.3985622594974462,
    "sortino": 0.5555670017779566,
    "std": 0.16876274067454974,
    "ulcer_index": 13.708838203173737,
    "upi": 0.4906575528438994,
    "us_allocation": 72
}