{
    "beta": 0.8080511605054493,
    "cagr": 0.0980918437524605,
    "end_val": 437758.57068919146,
    "max_drawdown": -0.5845494261709446,
    "mwrr": 0.0980918437524605,
    "sharpe": 0.3594001427350796,
    "sortino": 0.503336068111583,
    "std": 0.16780714465098967,
    "ulcer_index": 14.419059480538637,
    "upi": 0.4182660425075663,
    "us_allocation": 46
}