{
    "beta": 0.8534444443414677,
    "cagr": 0.10324147034141484,
    "end_val": 528805.0045619109,
    "max_drawdown": -0.5734301981681885,
    "mwrr": 0.10324147034141484,
    "sharpe": 0.38796375465740923,
    "sortino": 0.541624356619097,
    "std": 0.16751135891391827,
    "ulcer_index": 13.906477894684645,
    "upi": 0.4673291091859973,
    "us_allocation": 63
}