{
    "beta": 0.6961529310423148,
    "cagr": 0.08311883676232101,
    "end_val": 251437.82551897934,
    "max_drawdown": -0.6113365188013064,
    "mwrr": 0.08311883676232101,
    "sharpe": 0.2543377383546716,
    "sortino": 0.35809828909459085,
    "std": 0.18314393413139715,
    "ulcer_index": 16.976458318478535,
    "upi": 0.27437770462521005,
    "us_allocation": 4
}