{
    "beta": 0.8587936247894733,
    "cagr": 0.10381256409894202,
    "end_val": 539973.5760329,
    "max_drawdown": -0.5721110687455647,
    "mwrr": 0.10381256409894202,
    "sharpe": 0.3905988826792449,
    "sortino": 0.5451105357585483,
    "std": 0.1677061047767579,
    "ulcer_index": 13.858037650089283,
    "upi": 0.47269729601646054,
    "us_allocation": 65
}