{
    "beta": 0.9312718777019878,
    "cagr": 0.11079684296893233,
    "end_val": 696629.9255980809,
    "max_drawdown": -0.5567489849087953,
    "mwrr": 0.11079684296893233,
    "sharpe": 0.4106239706932499,
    "sortino": 0.5707642443130553,
    "std": 0.17488678856000012,
    "ulcer_index": 13.563866799849032,
    "upi": 0.5294532078384719,
    "us_allocation": 92
}