{
    "beta": 0.7361128576266165,
    "cagr": 0.08883374772899999,
    "end_val": 310979.28239866707,
    "max_drawdown": -0.6018778485597521,
    "mwrr": 0.08883374772899999,
    "sharpe": 0.29559527380284095,
    "sortino": 0.4156009309491988,
    "std": 0.17538540931352223,
    "ulcer_index": 15.771103227944007,
    "upi": 0.3287184138236872,
    "us_allocation": 19
}