{
    "beta": 0.7680738118312147,
    "cagr": 0.09311159600329866,
    "end_val": 364339.27007781283,
    "max_drawdown": -0.5942253506426601,
    "mwrr": 0.09311159600329866,
    "sharpe": 0.32617586391345676,
    "sortino": 0.4579273820901072,
    "std": 0.17096388750516509,
    "ulcer_index": 15.048011693817637,
    "upi": 0.3705737563640255,
    "us_allocation": 31
}