{
    "beta": 0.7281227461887767,
    "cagr": 0.08772348469795466,
    "end_val": 298426.7208354005,
    "max_drawdown": -0.6037789864729174,
    "mwrr": 0.08772348469795466,
    "sharpe": 0.2875507622331555,
    "sortino": 0.4044204503688014,
    "std": 0.1767439827231255,
    "ulcer_index": 15.98650159368906,
    "upi": 0.317907171612682,
    "us_allocation": 16
}