{
    "beta": 0.9258829627733722,
    "cagr": 0.11032629966272522,
    "end_val": 684810.9479252012,
    "max_drawdown": -0.5577149146189506,
    "mwrr": 0.11032629966272522,
    "sharpe": 0.41010462130755815,
    "sortino": 0.5701731366468504,
    "std": 0.17407523383728984,
    "ulcer_index": 13.56423395392681,
    "upi": 0.526315168140246,
    "us_allocation": 90
}