{
    "beta": 0.8374091857496073,
    "cagr": 0.1014841976462455,
    "end_val": 495833.656324726,
    "max_drawdown": -0.5773735909698462,
    "mwrr": 0.1014841976462455,
    "sharpe": 0.37911650190457863,
    "sortino": 0.5298545950806017,
    "std": 0.16721597454381948,
    "ulcer_index": 14.06705790692775,
    "upi": 0.45066149940366185,
    "us_allocation": 57
}