{
    "beta": 0.9043629336690903,
    "cagr": 0.10836868468041971,
    "end_val": 637704.7447065595,
    "max_drawdown": -0.5615873673095947,
    "mwrr": 0.10836868468041971,
    "sharpe": 0.4065341731117053,
    "sortino": 0.5658040842522333,
    "std": 0.17126381053332998,
    "ulcer_index": 13.590727608197124,
    "upi": 0.5123045130310113,
    "us_allocation": 82
}