{
    "beta": 0.9097378412205264,
    "cagr": 0.10886936199803432,
    "end_val": 649442.7176924155,
    "max_drawdown": -0.5606179604571226,
    "mwrr": 0.10886936199803432,
    "sharpe": 0.40765550236617076,
    "sortino": 0.56720468522801,
    "std": 0.17190045921062758,
    "ulcer_index": 13.580417824876681,
    "upi": 0.5160191023045025,
    "us_allocation": 84
}