{
    "beta": 0.9231898954069768,
    "cagr": 0.11008818934851683,
    "end_val": 678904.9054015954,
    "max_drawdown": -0.5581982105931815,
    "mwrr": 0.11008818934851683,
    "sharpe": 0.4097900604506393,
    "sortino": 0.569804160305882,
    "std": 0.17368554085188456,
    "ulcer_index": 13.565177474698038,
    "upi": 0.5246974617950982,
    "us_allocation": 89
}