{
    "beta": 0.7627463979897353,
    "cagr": 0.09241674463208005,
    "end_val": 355102.1140536164,
    "max_drawdown": -0.5955061452353793,
    "mwrr": 0.09241674463208005,
    "sharpe": 0.3212873410117666,
    "sortino": 0.45118558405359194,
    "std": 0.17158604782928003,
    "ulcer_index": 15.154845715054979,
    "upi": 0.36376525995314923,
    "us_allocation": 29
}