{
    "beta": 0.9339677565931909,
    "cagr": 0.11102927014929098,
    "end_val": 702541.1346265464,
    "max_drawdown": -0.5562663532460599,
    "mwrr": 0.11102927014929098,
    "sharpe": 0.41082946171958484,
    "sortino": 0.5709874853303535,
    "std": 0.17530851935528302,
    "ulcer_index": 13.564265183203933,
    "upi": 0.5309801317017223,
    "us_allocation": 93
}