{
    "beta": 0.8133857295169487,
    "cagr": 0.09872502083782142,
    "end_val": 448069.37029598677,
    "max_drawdown": -0.583249839506702,
    "mwrr": 0.09872502083782142,
    "sharpe": 0.36330430820818105,
    "sortino": 0.5086151101874313,
    "std": 0.16759047706418898,
    "ulcer_index": 14.34901290929685,
    "upi": 0.42432551931612766,
    "us_allocation": 48
}