{
    "beta": 0.8641450338780314,
    "cagr": 0.10437630706757473,
    "end_val": 551223.8765598298,
    "max_drawdown": -0.5707895881800371,
    "mwrr": 0.10437630706757473,
    "sharpe": 0.393074679334926,
    "sortino": 0.54837594135643,
    "std": 0.16794867949662715,
    "ulcer_index": 13.811810480699789,
    "upi": 0.4779763961646184,
    "us_allocation": 67
}