{
    "beta": 0.7376665719468034,
    "cagr": 0.0902381192441628,
    "end_val": 300641.49030378007,
    "max_drawdown": -0.6018778485597517,
    "mwrr": 0.0902381192441628,
    "sharpe": 0.31049346920772436,
    "sortino": 0.436515906262311,
    "std": 0.1762457830202747,
    "ulcer_index": 15.930265437730016,
    "upi": 0.3435064481339417,
    "us_allocation": 19
}