{
    "beta": 0.7111127177688545,
    "cagr": 0.08639691883501288,
    "end_val": 261617.67380757266,
    "max_drawdown": -0.6081966244215833,
    "mwrr": 0.08639691883501288,
    "sharpe": 0.2827260144547085,
    "sortino": 0.397938050454005,
    "std": 0.18106890473966358,
    "ulcer_index": 16.700151214056607,
    "upi": 0.3065311906632654,
    "us_allocation": 9
}