{
    "beta": 0.7589034547979087,
    "cagr": 0.09317707452795632,
    "end_val": 334275.3924618696,
    "max_drawdown": -0.5967847758404204,
    "mwrr": 0.09317707452795632,
    "sharpe": 0.3315315569594801,
    "sortino": 0.46559458526710373,
    "std": 0.17318349375350273,
    "ulcer_index": 15.426126024235977,
    "upi": 0.37218804658959287,
    "us_allocation": 27
}