{
    "beta": 0.9374463466230712,
    "cagr": 0.11308912229086587,
    "end_val": 680638.5045026818,
    "max_drawdown": -0.5557839450986221,
    "mwrr": 0.11308912229086587,
    "sharpe": 0.4262310158303005,
    "sortino": 0.5917021403745519,
    "std": 0.17706077008502097,
    "ulcer_index": 13.704180556897194,
    "upi": 0.5507010195721156,
    "us_allocation": 94
}