{
    "beta": 0.8759020906935949,
    "cagr": 0.10720957518327623,
    "end_val": 552472.0317353023,
    "max_drawdown": -0.5681395283679029,
    "mwrr": 0.10720957518327623,
    "sharpe": 0.41321596922828085,
    "sortino": 0.575567373009063,
    "std": 0.16982006203820754,
    "ulcer_index": 13.883652598302598,
    "upi": 0.5054279185583119,
    "us_allocation": 71
}