{
    "beta": 0.7934189314917024,
    "cagr": 0.09769912296173455,
    "end_val": 393302.59509904997,
    "max_drawdown": -0.5884347349001298,
    "mwrr": 0.09769912296173455,
    "sharpe": 0.3624872799106316,
    "sortino": 0.5079835658720855,
    "std": 0.16978423417156002,
    "ulcer_index": 14.805570176155847,
    "upi": 0.4156762996026464,
    "us_allocation": 40
}