{
    "beta": 0.9240315110669453,
    "cagr": 0.11189770912265962,
    "end_val": 652521.879200577,
    "max_drawdown": -0.5581982105931813,
    "mwrr": 0.11189770912265962,
    "sharpe": 0.42514195051006015,
    "sortino": 0.5905303067061867,
    "std": 0.17499527376059493,
    "ulcer_index": 13.7082577509614,
    "upi": 0.5427235001545998,
    "us_allocation": 89
}