{
    "beta": 0.8599057600615992,
    "cagr": 0.10550970053496944,
    "end_val": 520025.7653867182,
    "max_drawdown": -0.572111068745565,
    "mwrr": 0.10550970053496944,
    "sharpe": 0.40632584888755435,
    "sortino": 0.5665907096516422,
    "std": 0.16891805340753946,
    "ulcer_index": 14.018902370270276,
    "upi": 0.489589470954907,
    "us_allocation": 65
}