{
    "beta": 0.929394764299466,
    "cagr": 0.11238011205797727,
    "end_val": 663767.1995920236,
    "max_drawdown": -0.5572318390457834,
    "mwrr": 0.11238011205797727,
    "sharpe": 0.42568767355680964,
    "sortino": 0.5911447572117752,
    "std": 0.17578992335102406,
    "ulcer_index": 13.705382593325425,
    "upi": 0.54600281370811,
    "us_allocation": 91
}