{
    "beta": 0.6898558471352001,
    "cagr": 0.08318958027700396,
    "end_val": 232854.9465236059,
    "max_drawdown": -0.6132142967465791,
    "mwrr": 0.08318958027700396,
    "sharpe": 0.2597677415023984,
    "sortino": 0.36589811246158904,
    "std": 0.18568724495369265,
    "ulcer_index": 17.41637966306288,
    "upi": 0.2769453195388852,
    "us_allocation": 1
}