{
    "beta": 0.750939811987036,
    "cagr": 0.09208891125238905,
    "end_val": 321415.32232930115,
    "max_drawdown": -0.5986986851818188,
    "mwrr": 0.09208891125238905,
    "sharpe": 0.3237915595264628,
    "sortino": 0.45491325080622114,
    "std": 0.1742469256557622,
    "ulcer_index": 15.604849458393932,
    "upi": 0.3615417955431679,
    "us_allocation": 24
}