{
    "beta": 0.7323568149767783,
    "cagr": 0.08948478034844953,
    "end_val": 292565.81249803666,
    "max_drawdown": -0.6031458011580234,
    "mwrr": 0.08948478034844953,
    "sharpe": 0.30505167399162053,
    "sortino": 0.42897229098303136,
    "std": 0.1771234037455078,
    "ulcer_index": 16.070441672192903,
    "upi": 0.33620794575238594,
    "us_allocation": 17
}