{
    "beta": 0.7854520978600614,
    "cagr": 0.0966834647387651,
    "end_val": 379219.1766124228,
    "max_drawdown": -0.5903698860108445,
    "mwrr": 0.0966834647387651,
    "sharpe": 0.35576077091614033,
    "sortino": 0.4988290685710546,
    "std": 0.1703919704857968,
    "ulcer_index": 14.925481506013613,
    "upi": 0.406133230664564,
    "us_allocation": 37
}