{
    "beta": 0.7562489036981587,
    "cagr": 0.09281621229275272,
    "end_val": 329956.0649319603,
    "max_drawdown": -0.597423282641155,
    "mwrr": 0.09281621229275272,
    "sharpe": 0.3289731392591297,
    "sortino": 0.46206666242383976,
    "std": 0.17352653532424525,
    "ulcer_index": 15.48303631503202,
    "upi": 0.36868711982483715,
    "us_allocation": 26
}