{
    "beta": 0.8040439793926195,
    "cagr": 0.09902727598695216,
    "end_val": 412490.3317803382,
    "max_drawdown": -0.5858467641097084,
    "mwrr": 0.09902727598695216,
    "sharpe": 0.37101605419648304,
    "sortino": 0.5195348164095543,
    "std": 0.16914101074509444,
    "ulcer_index": 14.654325940111628,
    "upi": 0.42821989521949677,
    "us_allocation": 44
}