{
    "beta": 0.742976016692741,
    "cagr": 0.09098401553974278,
    "end_val": 308851.26148987195,
    "max_drawdown": -0.6006077790183909,
    "mwrr": 0.09098401553974278,
    "sharpe": 0.3158681027942992,
    "sortino": 0.4439580353434377,
    "std": 0.17541256752517087,
    "ulcer_index": 15.797154567763334,
    "upi": 0.35073136116207076,
    "us_allocation": 21
}