{
    "beta": 0.9267127012741004,
    "cagr": 0.11213988153288978,
    "end_val": 658143.7647381952,
    "max_drawdown": -0.5577149146189508,
    "mwrr": 0.11213988153288978,
    "sharpe": 0.42543340338103597,
    "sortino": 0.5908622171346136,
    "std": 0.17538729695755856,
    "ulcer_index": 13.7065396719547,
    "upi": 0.5443806692318043,
    "us_allocation": 90
}