{
    "beta": 0.9535752119538775,
    "cagr": 0.11445429067799884,
    "end_val": 714308.5471673451,
    "max_drawdown": -0.5528942487106148,
    "mwrr": 0.11445429067799884,
    "sharpe": 0.42636535580442236,
    "sortino": 0.5915616525269038,
    "std": 0.17987979252149142,
    "ulcer_index": 13.717931093210497,
    "upi": 0.5590855802166329,
    "us_allocation": 100
}