{
    "beta": 0.8093578470290466,
    "cagr": 0.09968017534800633,
    "end_val": 422254.21999186167,
    "max_drawdown": -0.584549426170945,
    "mwrr": 0.09968017534800633,
    "sharpe": 0.375081487241041,
    "sortino": 0.5250182392393443,
    "std": 0.16889133885849275,
    "ulcer_index": 14.582241442826751,
    "upi": 0.4344103810716207,
    "us_allocation": 46
}