{
    "beta": 0.8972642488556802,
    "cagr": 0.10936979190590423,
    "end_val": 596562.4432783264,
    "max_drawdown": -0.5631509113623575,
    "mwrr": 0.10936979190590423,
    "sharpe": 0.42011337580605657,
    "sortino": 0.5843855825536394,
    "std": 0.17167183793159865,
    "ulcer_index": 13.76346659333169,
    "upi": 0.5240060697464539,
    "us_allocation": 79
}