{
    "beta": 0.7270466483321795,
    "cagr": 0.08872399533020392,
    "end_val": 284625.0047585102,
    "max_drawdown": -0.6044116459856976,
    "mwrr": 0.08872399533020392,
    "sharpe": 0.29954842224642053,
    "sortino": 0.4213348155166955,
    "std": 0.17804498908103955,
    "ulcer_index": 16.221343047773495,
    "upi": 0.3287729973017048,
    "us_allocation": 15
}