{
    "beta": 0.6871975307560876,
    "cagr": 0.08278023968791892,
    "end_val": 229413.59579632935,
    "max_drawdown": -0.6138392027560153,
    "mwrr": 0.08278023968791892,
    "sharpe": 0.2568698963839237,
    "sortino": 0.3618464124927942,
    "std": 0.1863102363008903,
    "ulcer_index": 17.516076396909444,
    "upi": 0.27321065368975445,
    "us_allocation": 0
}