{
    "beta": 0.8120151614078087,
    "cagr": 0.10000382852831446,
    "end_val": 427177.48705522454,
    "max_drawdown": -0.5838999145764119,
    "mwrr": 0.10000382852831446,
    "sharpe": 0.37706257126573367,
    "sortino": 0.5276848813155477,
    "std": 0.16878453438101976,
    "ulcer_index": 14.547022116532883,
    "upi": 0.43748549037397305,
    "us_allocation": 47
}