{
    "beta": 0.8386053362703051,
    "cagr": 0.10313762738809684,
    "end_val": 477834.4767514062,
    "max_drawdown": -0.5773735909698463,
    "mwrr": 0.10313762738809684,
    "sharpe": 0.39486910431231825,
    "sortino": 0.5514802354673833,
    "std": 0.16837872146587285,
    "ulcer_index": 14.230328700341918,
    "upi": 0.46721764835773355,
    "us_allocation": 57
}