{
    "beta": 0.8572415675462042,
    "cagr": 0.10521977716044884,
    "end_val": 514680.4782180533,
    "max_drawdown": -0.5727709266481502,
    "mwrr": 0.10521977716044884,
    "sharpe": 0.4050345578245374,
    "sortino": 0.5648972581997405,
    "std": 0.16880895073683558,
    "ulcer_index": 14.04357504779929,
    "upi": 0.48686125219984683,
    "us_allocation": 64
}