{
    "beta": 0.8013874005757006,
    "cagr": 0.098698031134556,
    "end_val": 407650.4011984438,
    "max_drawdown": -0.5864945930275569,
    "mwrr": 0.098698031134556,
    "sharpe": 0.3689327634729788,
    "sortino": 0.5167191567989625,
    "std": 0.16928385461297699,
    "ulcer_index": 14.691163836200362,
    "upi": 0.4251061860223942,
    "us_allocation": 43
}