{
    "beta": 0.9159930228628634,
    "cagr": 0.11115956937918692,
    "end_val": 635673.6148561494,
    "max_drawdown": -0.5596494106152844,
    "mwrr": 0.11115956937918692,
    "sharpe": 0.4240411131894301,
    "sortino": 0.5892330843311692,
    "std": 0.17388345909505443,
    "ulcer_index": 13.717545571284159,
    "upi": 0.5375140786201232,
    "us_allocation": 86
}