{
    "beta": 0.9026115701786951,
    "cagr": 0.1098907585584441,
    "end_val": 607698.2057968655,
    "max_drawdown": -0.5620948306372658,
    "mwrr": 0.1098907585584441,
    "sharpe": 0.42143323588451903,
    "sortino": 0.5860370640403212,
    "std": 0.17224829270336572,
    "ulcer_index": 13.746372137060979,
    "upi": 0.5280737912665107,
    "us_allocation": 81
}