{
    "beta": 0.9106381131412256,
    "cagr": 0.11065781853166401,
    "end_val": 624463.851780042,
    "max_drawdown": -0.560617960457123,
    "mwrr": 0.11065781853166401,
    "sharpe": 0.42311534279576785,
    "sortino": 0.5881122191416913,
    "std": 0.1731964151073005,
    "ulcer_index": 13.727309490277824,
    "upi": 0.5338409239818631,
    "us_allocation": 84
}