{
    "beta": 0.7482852468338952,
    "cagr": 0.09172247212357298,
    "end_val": 317194.21880971943,
    "max_drawdown": -0.599335583283751,
    "mwrr": 0.09172247212357298,
    "sharpe": 0.32116983272493443,
    "sortino": 0.4512904863766642,
    "std": 0.1746241808544955,
    "ulcer_index": 15.66793176680047,
    "upi": 0.35794372009779524,
    "us_allocation": 23
}