{
    "beta": 0.798731041444388,
    "cagr": 0.09836692364838817,
    "end_val": 402838.9231584091,
    "max_drawdown": -0.5871418636175263,
    "mwrr": 0.09836692364838817,
    "sharpe": 0.3668164892173398,
    "sortino": 0.5138551286499291,
    "std": 0.1694386846841747,
    "ulcer_index": 14.728687150550577,
    "upi": 0.4219762872182321,
    "us_allocation": 42
}