{
    "beta": 0.8945916561835674,
    "cagr": 0.10910643773047646,
    "end_val": 591009.1288656791,
    "max_drawdown": -0.5636790205278197,
    "mwrr": 0.10910643773047646,
    "sharpe": 0.41939328649412994,
    "sortino": 0.5834780091480795,
    "std": 0.1714004620798138,
    "ulcer_index": 13.772770120879498,
    "upi": 0.5219279303993367,
    "us_allocation": 78
}