{
    "beta": 0.7668672766803705,
    "cagr": 0.09424850919287264,
    "end_val": 347427.14614130906,
    "max_drawdown": -0.5948660190387534,
    "mwrr": 0.09424850919287264,
    "sharpe": 0.3390687643853547,
    "sortino": 0.475969460921553,
    "std": 0.17222351533525523,
    "ulcer_index": 15.261317169716023,
    "upi": 0.38262790967019666,
    "us_allocation": 30
}