{
    "beta": 0.8173306154543354,
    "cagr": 0.10064553824396172,
    "end_val": 437104.8642772453,
    "max_drawdown": -0.5825991996609631,
    "mwrr": 0.10064553824396172,
    "sharpe": 0.38091895685367294,
    "sortino": 0.5328658052321648,
    "std": 0.16860703180690548,
    "ulcer_index": 14.478549014491822,
    "upi": 0.44358343934915573,
    "us_allocation": 49
}