{
    "beta": 0.9186716872204957,
    "cagr": 0.11140755022673021,
    "end_val": 641286.0046835538,
    "max_drawdown": -0.559165459619112,
    "mwrr": 0.11140755022673021,
    "sharpe": 0.42444613054622127,
    "sortino": 0.5897161644631524,
    "std": 0.17424329212203865,
    "ulcer_index": 13.713282866279819,
    "upi": 0.5393087036483976,
    "us_allocation": 87
}