{
    "beta": 0.9320777157297016,
    "cagr": 0.11261839772601778,
    "end_val": 669391.3591410534,
    "max_drawdown": -0.5567489849087949,
    "mwrr": 0.11261839772601778,
    "sharpe": 0.4259051180627676,
    "sortino": 0.5913785589839085,
    "std": 0.17620308814400953,
    "ulcer_index": 13.704603411547149,
    "upi": 0.5475970305745453,
    "us_allocation": 92
}