{
    "beta": 0.7403213272508786,
    "cagr": 0.09061199752156579,
    "end_val": 304729.66783238156,
    "max_drawdown": -0.6012430789832637,
    "mwrr": 0.09061199752156579,
    "sharpe": 0.3131895394587133,
    "sortino": 0.44025016847986365,
    "std": 0.17582359772661973,
    "ulcer_index": 15.863065052979293,
    "upi": 0.3471236072351047,
    "us_allocation": 20
}