{
    "beta": 0.7084564348867184,
    "cagr": 0.08600254386968365,
    "end_val": 257902.5361987134,
    "max_drawdown": -0.6088256348225477,
    "mwrr": 0.08600254386968365,
    "sharpe": 0.2798838880540538,
    "sortino": 0.39397813340987914,
    "std": 0.18161005443292286,
    "ulcer_index": 16.783772077264473,
    "upi": 0.302840205841614,
    "us_allocation": 8
}