{
    "beta": 0.6925138668444822,
    "cagr": 0.08359704662104583,
    "end_val": 236330.48725544108,
    "max_drawdown": -0.6125888814651841,
    "mwrr": 0.08359704662104583,
    "sharpe": 0.2626607756464988,
    "sortino": 0.36994147398254834,
    "std": 0.18507425790331808,
    "ulcer_index": 17.32136522105359,
    "upi": 0.28063629188591593,
    "us_allocation": 2
}