{
    "beta": 0.891919756035873,
    "cagr": 0.10884117270480131,
    "end_val": 585466.4639361942,
    "max_drawdown": -0.5642071746721876,
    "mwrr": 0.10884117270480131,
    "sharpe": 0.41863285644013404,
    "sortino": 0.5825153760252505,
    "std": 0.171140390168081,
    "ulcer_index": 13.783324562317672,
    "upi": 0.5197925001317951,
    "us_allocation": 77
}