{
    "beta": 0.814672746592719,
    "cagr": 0.10032561641772686,
    "end_val": 432127.8254182433,
    "max_drawdown": -0.5832498395067018,
    "mwrr": 0.10032561641772686,
    "sharpe": 0.3790085564031147,
    "sortino": 0.5303009403173836,
    "std": 0.16868976315645673,
    "ulcer_index": 14.512410221681238,
    "upi": 0.44054480367631543,
    "us_allocation": 48
}