{
    "beta": 0.7748316106369991,
    "cagr": 0.09530321581495604,
    "end_val": 360865.5391814074,
    "max_drawdown": -0.592942382410995,
    "mwrr": 0.09530321581495604,
    "sharpe": 0.34638412237031474,
    "sortino": 0.48601009150953767,
    "std": 0.1713681166504696,
    "ulcer_index": 15.107661989614535,
    "upi": 0.39289789137744074,
    "us_allocation": 33
}