{
    "beta": 0.8359447298490689,
    "cagr": 0.10283266715914574,
    "end_val": 472658.42823202786,
    "max_drawdown": -0.5780287965416109,
    "mwrr": 0.10283266715914574,
    "sharpe": 0.3932585639715828,
    "sortino": 0.5493423218930101,
    "std": 0.16836514638370736,
    "ulcer_index": 14.259091807401216,
    "upi": 0.4643357345601497,
    "us_allocation": 56
}