{
    "beta": 0.7031432218243169,
    "cagr": 0.08520819077374164,
    "end_val": 250574.90734190267,
    "max_drawdown": -0.610082106149375,
    "mwrr": 0.08520819077374164,
    "sharpe": 0.274172734579437,
    "sortino": 0.38601488482378754,
    "std": 0.1827236516679635,
    "ulcer_index": 16.95640883625322,
    "upi": 0.2954406538224789,
    "us_allocation": 6
}