{
    "beta": 0.7297017889486553,
    "cagr": 0.08910531884951656,
    "end_val": 288578.50634544034,
    "max_drawdown": -0.6037789864729173,
    "mwrr": 0.08910531884951656,
    "sharpe": 0.30230737561387944,
    "sortino": 0.4251648042424458,
    "std": 0.1775787289971402,
    "ulcer_index": 16.145344232922387,
    "upi": 0.3324900604505548,
    "us_allocation": 16
}