{
    "beta": 0.9481949657236052,
    "cagr": 0.11400709536282605,
    "end_val": 703104.1213292662,
    "max_drawdown": -0.5538565685872708,
    "mwrr": 0.11400709536282605,
    "sharpe": 0.4264578306766331,
    "sortino": 0.5917894633368339,
    "std": 0.17889966778296262,
    "ulcer_index": 13.708407079873625,
    "upi": 0.5565457995654907,
    "us_allocation": 98
}