{
    "beta": 0.851914655490179,
    "cagr": 0.10463427830723293,
    "end_val": 504048.46404790925,
    "max_drawdown": -0.5740888847011094,
    "mwrr": 0.10463427830723293,
    "sharpe": 0.4023303804054394,
    "sortino": 0.561342229616398,
    "std": 0.16862635926523933,
    "ulcer_index": 14.094286767665704,
    "upi": 0.48134901806452957,
    "us_allocation": 62
}