{
    "beta": 0.6951716020294021,
    "cagr": 0.0840026398110203,
    "end_val": 239840.24073835503,
    "max_drawdown": -0.6119629558416396,
    "mwrr": 0.0840026398110203,
    "sharpe": 0.265548402923304,
    "sortino": 0.3739757370831169,
    "std": 0.18447134029630677,
    "ulcer_index": 17.227289458037156,
    "upi": 0.28434163281208163,
    "us_allocation": 3
}