{
    "beta": 0.8306246681161307,
    "cagr": 0.10221712632864177,
    "end_val": 462376.8643076562,
    "max_drawdown": -0.5793374828633049,
    "mwrr": 0.10221712632864177,
    "sharpe": 0.38992149986211766,
    "sortino": 0.5449030475436848,
    "std": 0.16837405885622161,
    "ulcer_index": 14.31861247957491,
    "upi": 0.4585055398275738,
    "us_allocation": 54
}