{
    "beta": 0.7881075483564216,
    "cagr": 0.09702387787835987,
    "end_val": 383883.78905428277,
    "max_drawdown": -0.5897253880754048,
    "mwrr": 0.09702387787835987,
    "sharpe": 0.35803314832120803,
    "sortino": 0.5019258428417711,
    "std": 0.17017750099373735,
    "ulcer_index": 14.884870167081777,
    "upi": 0.40932682967775197,
    "us_allocation": 38
}