{
    "beta": 0.7456306524803177,
    "cagr": 0.09135417363991705,
    "end_val": 313006.15376693296,
    "max_drawdown": -0.5999719475064256,
    "mwrr": 0.09135417363991705,
    "sharpe": 0.3185284404644503,
    "sortino": 0.44763843886296295,
    "std": 0.17501274482065654,
    "ulcer_index": 15.732109444490582,
    "upi": 0.35433827956989894,
    "us_allocation": 22
}