{
    "beta": 0.806700790623048,
    "cagr": 0.09935465760566387,
    "end_val": 417358.38478178007,
    "max_drawdown": -0.5851983755855105,
    "mwrr": 0.09935465760566387,
    "sharpe": 0.3730658079387384,
    "sortino": 0.5223014374326552,
    "std": 0.16901016789641277,
    "ulcer_index": 14.618015314884087,
    "upi": 0.43132152771793947,
    "us_allocation": 45
}