{
    "beta": 0.7695219812781969,
    "cagr": 0.09460193680463003,
    "end_val": 351875.0318508084,
    "max_drawdown": -0.59422535064266,
    "mwrr": 0.09460193680463003,
    "sharpe": 0.3415327968311874,
    "sortino": 0.479354882693309,
    "std": 0.1719267104395775,
    "ulcer_index": 15.208671042201514,
    "upi": 0.3860762669431088,
    "us_allocation": 31
}