{
    "beta": 0.9347615712454662,
    "cagr": 0.11285473550275316,
    "end_val": 675015.408880633,
    "max_drawdown": -0.5562663532460598,
    "mwrr": 0.11285473550275316,
    "sharpe": 0.42608610557942966,
    "sortino": 0.5915641453122558,
    "std": 0.17662672579797323,
    "ulcer_index": 13.704204784058573,
    "upi": 0.5491630650941586,
    "us_allocation": 93
}