{
    "beta": 0.6978290648305008,
    "cagr": 0.08440636089838471,
    "end_val": 243384.22323882347,
    "max_drawdown": -0.6113365188013062,
    "mwrr": 0.08440636089838471,
    "sharpe": 0.268430017325808,
    "sortino": 0.3780000567607142,
    "std": 0.18387855703472783,
    "ulcer_index": 17.134818826962544,
    "upi": 0.2880497835326626,
    "us_allocation": 4
}