{
    "beta": 0.8839080660160789,
    "cagr": 0.10803393444269105,
    "end_val": 568909.2172009052,
    "max_drawdown": -0.566145727069109,
    "mwrr": 0.10803393444269105,
    "sharpe": 0.4161080956278925,
    "sortino": 0.5792938703617487,
    "std": 0.1704284951966186,
    "ulcer_index": 13.828348698238948,
    "upi": 0.5128325407073216,
    "us_allocation": 74
}