{
    "beta": 0.7004862673843233,
    "cagr": 0.08480821089511625,
    "end_val": 246962.4444405333,
    "max_drawdown": -0.6107095692650821,
    "mwrr": 0.08480821089511625,
    "sharpe": 0.27130500300796123,
    "sortino": 0.3820134343412943,
    "std": 0.1832959727320011,
    "ulcer_index": 17.045145098074034,
    "upi": 0.2917393600904743,
    "us_allocation": 5
}