{
    "beta": 0.9428187205577534,
    "cagr": 0.11355203019231497,
    "end_val": 691878.4076512246,
    "max_drawdown": -0.5548198035287285,
    "mwrr": 0.11355203019231497,
    "sharpe": 0.4264141749438323,
    "sortino": 0.5918376228529486,
    "std": 0.17795981051180448,
    "ulcer_index": 13.70525576427554,
    "upi": 0.5536921189733575,
    "us_allocation": 96
}