{
    "beta": 0.8439277664860804,
    "cagr": 0.10374192160151474,
    "end_val": 488254.7817691469,
    "max_drawdown": -0.5760614482393046,
    "mwrr": 0.10374192160151474,
    "sharpe": 0.3979726803876665,
    "sortino": 0.5555912957384,
    "std": 0.1684418731660927,
    "ulcer_index": 14.17422949179626,
    "upi": 0.4729313540455585,
    "us_allocation": 59
}