{
    "beta": 0.8812387916004488,
    "cagr": 0.10776104766430139,
    "end_val": 563415.9480472496,
    "max_drawdown": -0.5668109262421435,
    "mwrr": 0.10776104766430139,
    "sharpe": 0.41518497506546603,
    "sortino": 0.5781080017912029,
    "std": 0.17021412872317931,
    "ulcer_index": 13.845988363310296,
    "upi": 0.5103998982832748,
    "us_allocation": 73
}