{
    "beta": 0.8785701378792848,
    "cagr": 0.10748626059337774,
    "end_val": 557936.6738977027,
    "max_drawdown": -0.5674755261909362,
    "mwrr": 0.10748626059337774,
    "sharpe": 0.4142209500552796,
    "sortino": 0.5768658988558353,
    "std": 0.17001130342636034,
    "ulcer_index": 13.864576389326515,
    "upi": 0.5079258814051538,
    "us_allocation": 72
}