{
    "beta": 0.9508845805253187,
    "cagr": 0.11423167848957938,
    "end_val": 708709.444693074,
    "max_drawdown": -0.5533752937366778,
    "mwrr": 0.11423167848957938,
    "sharpe": 0.42642839392458165,
    "sortino": 0.5916977356278159,
    "std": 0.17938473131284563,
    "ulcer_index": 13.711534280199297,
    "upi": 0.5578892387911836,
    "us_allocation": 99
}