{
    "beta": 0.7642126289659099,
    "cagr": 0.09389322293671776,
    "end_val": 343011.11532841786,
    "max_drawdown": -0.5955061452353794,
    "mwrr": 0.09389322293671776,
    "sharpe": 0.3365800782429896,
    "sortino": 0.47254694186775736,
    "std": 0.17253194125511628,
    "ulcer_index": 15.315236340127719,
    "upi": 0.379159963087861,
    "us_allocation": 29
}