{
    "beta": 0.8652356864049487,
    "cagr": 0.10608388741973895,
    "end_val": 530772.1460421499,
    "max_drawdown": -0.5707895881800366,
    "mwrr": 0.10608388741973895,
    "sharpe": 0.40878621058699327,
    "sortino": 0.5698089474613548,
    "std": 0.1691717309156786,
    "ulcer_index": 13.97123912976512,
    "upi": 0.4949770971891628,
    "us_allocation": 67
}