{
    "beta": 0.8732346359502786,
    "cagr": 0.10693099333570588,
    "end_val": 547022.6477910245,
    "max_drawdown": -0.5688029342189882,
    "mwrr": 0.10693099333570588,
    "sharpe": 0.41217000248289093,
    "sortino": 0.5742124602552686,
    "std": 0.16964044562004668,
    "ulcer_index": 13.903754465411886,
    "upi": 0.502886933603306,
    "us_allocation": 70
}