{
    "beta": 0.846589616930362,
    "cagr": 0.1040412530988486,
    "end_val": 493498.0762644084,
    "max_drawdown": -0.5754045083565648,
    "mwrr": 0.1040412530988486,
    "sharpe": 0.39946517350880023,
    "sortino": 0.557563903691198,
    "std": 0.1684914191287292,
    "ulcer_index": 14.146932081460967,
    "upi": 0.47576107396050593,
    "us_allocation": 60
}