{
    "beta": 0.8705677596208408,
    "cagr": 0.10665051690116845,
    "end_val": 541589.1375306941,
    "max_drawdown": -0.5694657451836973,
    "mwrr": 0.10665051690116845,
    "sharpe": 0.4110830412749794,
    "sortino": 0.5728011927710371,
    "std": 0.16947249352281615,
    "ulcer_index": 13.925475689724598,
    "upi": 0.500282346915255,
    "us_allocation": 69
}