{
    "beta": 0.7907631553762866,
    "cagr": 0.09736243074899864,
    "end_val": 388578.3554114393,
    "max_drawdown": -0.5890803381222217,
    "mwrr": 0.09736243074899864,
    "sharpe": 0.36027552572197974,
    "sortino": 0.5049775890426116,
    "std": 0.1699749140219591,
    "ulcer_index": 14.844856792781425,
    "upi": 0.41250921396986595,
    "us_allocation": 39
}