{
    "beta": 0.9213511781836417,
    "cagr": 0.11165359773752459,
    "end_val": 646902.3576398892,
    "max_drawdown": -0.5586817259363113,
    "mwrr": 0.11165359773752459,
    "sharpe": 0.4248129701901918,
    "sortino": 0.5901484647424082,
    "std": 0.17461391776318883,
    "ulcer_index": 13.710363944105048,
    "upi": 0.5410383560823049,
    "us_allocation": 88
}