{
    "beta": 0.7535943601875,
    "cagr": 0.09245349124816649,
    "end_val": 325669.3215121989,
    "max_drawdown": -0.5980612520271187,
    "mwrr": 0.09245349124816649,
    "sharpe": 0.3263929012170827,
    "sortino": 0.4585056909933904,
    "std": 0.1738810279926118,
    "ulcer_index": 15.542882741779762,
    "upi": 0.3651311932356598,
    "us_allocation": 25
}