{
    "beta": 0.8492519087814927,
    "cagr": 0.1043387057875731,
    "end_val": 498762.80627317715,
    "max_drawdown": -0.5747469876361858,
    "mwrr": 0.1043387057875731,
    "sharpe": 0.40091781200769117,
    "sortino": 0.5594809307524247,
    "std": 0.1685529213073245,
    "ulcer_index": 14.120349752110195,
    "upi": 0.47856492435874337,
    "us_allocation": 61
}