{
    "beta": 0.8865779753523827,
    "cagr": 0.10830491892309024,
    "end_val": 574415.833639706,
    "max_drawdown": -0.5654799272129049,
    "mwrr": 0.10830491892309024,
    "sharpe": 0.4169903840614052,
    "sortino": 0.5804235984112384,
    "std": 0.17065435848502095,
    "ulcer_index": 13.812209141730763,
    "upi": 0.5152025640048001,
    "us_allocation": 75
}