{
    "beta": 0.9401320577362233,
    "cagr": 0.11332155492925833,
    "end_val": 686259.7919795016,
    "max_drawdown": -0.5553017615105057,
    "mwrr": 0.11332155492925833,
    "sharpe": 0.42634023896437423,
    "sortino": 0.5917931055927234,
    "std": 0.17750515413991677,
    "ulcer_index": 13.7045373446243,
    "upi": 0.5522104887387151,
    "us_allocation": 95
}