{
    "beta": 0.8199887809014363,
    "cagr": 0.10096359319108816,
    "end_val": 442108.2225288844,
    "max_drawdown": -0.5819479937326751,
    "mwrr": 0.10096359319108816,
    "sharpe": 0.3827933051814386,
    "sortino": 0.5353789037860599,
    "std": 0.16853634487324076,
    "ulcer_index": 14.445350841834252,
    "upi": 0.446603493596716,
    "us_allocation": 50
}