{
    "beta": 0.8332845115329374,
    "cagr": 0.10252583309647645,
    "end_val": 467505.739282315,
    "max_drawdown": -0.5786834267237295,
    "mwrr": 0.10252583309647645,
    "sharpe": 0.3916092538394536,
    "sortino": 0.5471498354117555,
    "std": 0.16836358880127308,
    "ulcer_index": 14.288515255357302,
    "upi": 0.46143166333605223,
    "us_allocation": 55
}