{
    "beta": 0.7137688010584476,
    "cagr": 0.08678942717828586,
    "end_val": 265366.9962207167,
    "max_drawdown": -0.6075670960613984,
    "mwrr": 0.08678942717828586,
    "sharpe": 0.28555829649589753,
    "sortino": 0.4018822856615694,
    "std": 0.18053827114614399,
    "ulcer_index": 16.617607674865027,
    "upi": 0.3102280795251251,
    "us_allocation": 10
}