{
    "beta": 0.7243913809676537,
    "cagr": 0.08834080925139332,
    "end_val": 280705.38491549384,
    "max_drawdown": -0.6050437808309183,
    "mwrr": 0.08834080925139332,
    "sharpe": 0.29677551797850316,
    "sortino": 0.41748334023349487,
    "std": 0.1785221265216745,
    "ulcer_index": 16.298388886199675,
    "upi": 0.32505846215955536,
    "us_allocation": 14
}