{
    "beta": 0.7774865602094065,
    "cagr": 0.09565106697175119,
    "end_val": 365407.72334010585,
    "max_drawdown": -0.59230008014192,
    "mwrr": 0.09565106697175119,
    "sharpe": 0.348770043144325,
    "sortino": 0.4892777777420331,
    "std": 0.17110640012463263,
    "ulcer_index": 15.058809111081604,
    "upi": 0.3962816286421456,
    "us_allocation": 34
}