{
    "beta": 0.8412663440491803,
    "cagr": 0.10344071260901355,
    "end_val": 483033.4198191322,
    "max_drawdown": -0.5767178086554061,
    "mwrr": 0.10344071260901355,
    "sharpe": 0.3964405705751634,
    "sortino": 0.5535633168726609,
    "std": 0.1684043018255594,
    "ulcer_index": 14.202037581142845,
    "upi": 0.4700831051474452,
    "us_allocation": 58
}