{
    "beta": 0.8892485339041036,
    "cagr": 0.10857399904747922,
    "end_val": 579935.1389280659,
    "max_drawdown": -0.5648135252080559,
    "mwrr": 0.10857399904747922,
    "sharpe": 0.4178319332842383,
    "sortino": 0.5814973360182799,
    "std": 0.17089167263958077,
    "ulcer_index": 13.796640891752771,
    "upi": 0.5175438104073491,
    "us_allocation": 76
}