{
    "beta": 0.9455063511614037,
    "cagr": 0.11378054478914845,
    "end_val": 697493.4783169085,
    "max_drawdown": -0.5543380722033061,
    "mwrr": 0.11378054478914845,
    "sharpe": 0.4264532329299956,
    "sortino": 0.5918362523936223,
    "std": 0.178424671215598,
    "ulcer_index": 13.70651762170174,
    "upi": 0.5551384203113151,
    "us_allocation": 97
}