{
    "beta": 0.8679014477401086,
    "cagr": 0.10636814767938985,
    "end_val": 536172.1056449366,
    "max_drawdown": -0.5701279626951345,
    "mwrr": 0.10636814767938985,
    "sharpe": 0.409955098873972,
    "sortino": 0.5713333768135891,
    "std": 0.16931624334892054,
    "ulcer_index": 13.948141227294098,
    "upi": 0.49763944781899383,
    "us_allocation": 68
}