{
    "beta": 0.7615580257825856,
    "cagr": 0.09353607805545794,
    "end_val": 338627.13518881926,
    "max_drawdown": -0.5961457304363663,
    "mwrr": 0.09353607805545794,
    "sharpe": 0.3340674402103756,
    "sortino": 0.46908831530785733,
    "std": 0.1728519479801736,
    "ulcer_index": 15.370167762498346,
    "upi": 0.37567985816411364,
    "us_allocation": 28
}