{
    "beta": 0.7164246968872444,
    "cagr": 0.0871800696750642,
    "end_val": 269150.4714865766,
    "max_drawdown": -0.6069370486355957,
    "mwrr": 0.0871800696750642,
    "sharpe": 0.288380066337494,
    "sortino": 0.4058098986054258,
    "std": 0.18001821556704942,
    "ulcer_index": 16.536239070606374,
    "upi": 0.3139284013091708,
    "us_allocation": 11
}