{
    "beta": 0.8625704617730381,
    "cagr": 0.1057977378216397,
    "end_val": 525389.8418444829,
    "max_drawdown": -0.5714506230588106,
    "mwrr": 0.1057977378216397,
    "sharpe": 0.407576433950974,
    "sortino": 0.5682279946045788,
    "std": 0.16903899022045651,
    "ulcer_index": 13.99478157199697,
    "upi": 0.4922952111842069,
    "us_allocation": 66
}