{
    "beta": 0.7827967913434067,
    "cagr": 0.09634119167749944,
    "end_val": 374584.7889572689,
    "max_drawdown": -0.5910138331743319,
    "mwrr": 0.09634119167749944,
    "sharpe": 0.3534590285070223,
    "sortino": 0.49568818949449317,
    "std": 0.17061829602116524,
    "ulcer_index": 14.96665896498138,
    "upi": 0.40292973952140976,
    "us_allocation": 36
}