{
    "beta": 0.7960748893039231,
    "cagr": 0.09803395408579174,
    "end_val": 398056.217751769,
    "max_drawdown": -0.5877885771525639,
    "mwrr": 0.09803395408579174,
    "sharpe": 0.36466780021443906,
    "sortino": 0.5109430249879299,
    "std": 0.16960548413816243,
    "ulcer_index": 14.766842459833105,
    "upi": 0.4188322660184235,
    "us_allocation": 41
}