{
    "beta": 0.9052863282223713,
    "cagr": 0.11014836632360692,
    "end_val": 613279.220132192,
    "max_drawdown": -0.5615873673095941,
    "mwrr": 0.11014836632360692,
    "sharpe": 0.4220334041742933,
    "sortino": 0.5867819192801407,
    "std": 0.17255326390243703,
    "ulcer_index": 13.73909792409636,
    "upi": 0.5300428672706569,
    "us_allocation": 82
}