{
    "beta": 0.9079618375789037,
    "cagr": 0.11040405381354379,
    "end_val": 618868.0164901195,
    "max_drawdown": -0.5611025572647358,
    "mwrr": 0.11040405381354379,
    "sharpe": 0.42259402576167304,
    "sortino": 0.5874734515266911,
    "std": 0.17286932369806232,
    "ulcer_index": 13.73293410520697,
    "upi": 0.5319580224502565,
    "us_allocation": 83
}