{
    "beta": 0.7801416162899273,
    "cagr": 0.0959970590003476,
    "end_val": 369980.8873156086,
    "max_drawdown": -0.5916572308063132,
    "mwrr": 0.0959970590003476,
    "sharpe": 0.3511285671394522,
    "sortino": 0.49250412964583096,
    "std": 0.1708564492783862,
    "ulcer_index": 15.011471697860703,
    "upi": 0.39963506743273075,
    "us_allocation": 35
}