{
    "beta": 0.7217359747023063,
    "cagr": 0.087955760034506,
    "end_val": 276819.71621285105,
    "max_drawdown": -0.6056753921383798,
    "mwrr": 0.087955760034506,
    "sharpe": 0.2939893621637315,
    "sortino": 0.41361137053239727,
    "std": 0.17901008297942536,
    "ulcer_index": 16.3765435599511,
    "upi": 0.3213459041346716,
    "us_allocation": 13
}