{
    "beta": 0.9133151698835464,
    "cagr": 0.11090965792411334,
    "end_val": 630065.9725134737,
    "max_drawdown": -0.5601335779014464,
    "mwrr": 0.11090965792411334,
    "sharpe": 0.423597613815388,
    "sortino": 0.5886986530345002,
    "std": 0.1735344799890013,
    "ulcer_index": 13.722220798805115,
    "upi": 0.5356914303354128,
    "us_allocation": 85
}