{
    "beta": 0.7350117385840756,
    "cagr": 0.0898623803266323,
    "end_val": 296586.83816039364,
    "max_drawdown": -0.6025120889016814,
    "mwrr": 0.0898623803266323,
    "sharpe": 0.30778060912910826,
    "sortino": 0.4327562900931376,
    "std": 0.17667906988751364,
    "ulcer_index": 15.998295512239155,
    "upi": 0.3398906407290856,
    "us_allocation": 18
}