{
    "beta": 0.8279651864385179,
    "cagr": 0.10190654793872245,
    "end_val": 457272.2471287779,
    "max_drawdown": -0.5799909663015481,
    "mwrr": 0.10190654793872245,
    "sharpe": 0.3881956493533016,
    "sortino": 0.5426022265631179,
    "std": 0.16839656459386845,
    "ulcer_index": 14.349235227595283,
    "upi": 0.45556261832480316,
    "us_allocation": 53
}