{
    "beta": 0.825306053384522,
    "cagr": 0.10159409896461136,
    "end_val": 452192.3210154528,
    "max_drawdown": -0.5806438783738087,
    "mwrr": 0.10159409896461136,
    "sharpe": 0.38643207066825536,
    "sortino": 0.5402476176857084,
    "std": 0.16843111196174965,
    "ulcer_index": 14.38066494967236,
    "upi": 0.452594466983226,
    "us_allocation": 52
}