{
    "beta": 0.8226472558820549,
    "cagr": 0.1012797803992882,
    "end_val": 447137.5087226287,
    "max_drawdown": -0.5812962204096092,
    "mwrr": 0.1012797803992882,
    "sharpe": 0.3846311528399665,
    "sortino": 0.5378396591183298,
    "std": 0.1684777048065275,
    "ulcer_index": 14.412711668617781,
    "upi": 0.4496076716733988,
    "us_allocation": 51
}