{
    "beta": 0.8545778705595287,
    "cagr": 0.10492796925002357,
    "end_val": 509354.531106812,
    "max_drawdown": -0.5734301981681882,
    "mwrr": 0.10492796925002357,
    "sharpe": 0.40370268577891194,
    "sortino": 0.5631477133335895,
    "std": 0.16871171055445294,
    "ulcer_index": 14.068694726623177,
    "upi": 0.48411460337149925,
    "us_allocation": 63
}