{
    "beta": 0.7721767551322538,
    "cagr": 0.09495350571215577,
    "end_val": 356354.5675618635,
    "max_drawdown": -0.5935841388381242,
    "mwrr": 0.09495350571215577,
    "sharpe": 0.3439714794111454,
    "sortino": 0.4827021182243155,
    "std": 0.17164156520617752,
    "ulcer_index": 15.157637839098005,
    "upi": 0.38949523892190224,
    "us_allocation": 32
}