{
    "beta": 0.7057999402817683,
    "cagr": 0.08560630146736403,
    "end_val": 254221.60815398511,
    "max_drawdown": -0.6094541283660778,
    "mwrr": 0.08560630146736403,
    "sharpe": 0.27703257742641696,
    "sortino": 0.3900034324978638,
    "std": 0.18216165774323717,
    "ulcer_index": 16.868634273404144,
    "upi": 0.29915281976263863,
    "us_allocation": 7
}