{
    "beta": 0.7190804173893843,
    "cagr": 0.087568847061535,
    "end_val": 272968.0603619805,
    "max_drawdown": -0.6063064810331512,
    "mwrr": 0.087568847061535,
    "sharpe": 0.2911906488676455,
    "sortino": 0.4097199112393003,
    "std": 0.17950879930056046,
    "ulcer_index": 16.45589800962343,
    "upi": 0.3176342751842145,
    "us_allocation": 12
}