{
    "beta": 0.89993754863474,
    "cagr": 0.10963123295795407,
    "end_val": 602125.7061281803,
    "max_drawdown": -0.5626228478425415,
    "mwrr": 0.10963123295795407,
    "sharpe": 0.420793295678612,
    "sortino": 0.5852384471303076,
    "std": 0.17195446587481836,
    "ulcer_index": 13.754659344593998,
    "upi": 0.5260550890312141,
    "us_allocation": 80
}