{
    "beta": 0.9353252594869976,
    "cagr": 0.10749984842636873,
    "end_val": 504059.1247690603,
    "max_drawdown": -0.55626635324606,
    "mwrr": 0.10749984842636873,
    "sharpe": 0.4012297486044201,
    "sortino": 0.5564493788076125,
    "std": 0.17833635583191454,
    "ulcer_index": 13.877137306427423,
    "upi": 0.5156363048674069,
    "us_allocation": 93
}