{
    "beta": 0.9272705136942546,
    "cagr": 0.10665296539462088,
    "end_val": 489470.43967344065,
    "max_drawdown": -0.5577149146189505,
    "mwrr": 0.10665296539462088,
    "sharpe": 0.39975042312817183,
    "sortino": 0.5545825431253866,
    "std": 0.1770823789938294,
    "ulcer_index": 13.880133320250634,
    "upi": 0.5100125439148766,
    "us_allocation": 90
}