{
    "beta": 0.7167158565469571,
    "cagr": 0.0783279041558207,
    "end_val": 180883.6296501055,
    "max_drawdown": -0.6069370486355962,
    "mwrr": 0.0783279041558207,
    "sharpe": 0.24759506534882056,
    "sortino": 0.3479185959282283,
    "std": 0.18116513068987433,
    "ulcer_index": 16.74760906440405,
    "upi": 0.26783404489551843,
    "us_allocation": 11
}