{
    "beta": 0.8524023144726383,
    "cagr": 0.09792932903157126,
    "end_val": 361216.5320919456,
    "max_drawdown": -0.5740888847011097,
    "mwrr": 0.09792932903157126,
    "sharpe": 0.3695054144501457,
    "sortino": 0.514921597064341,
    "std": 0.1701552671638883,
    "ulcer_index": 14.275397974784193,
    "upi": 0.44043929698797996,
    "us_allocation": 62
}