{
    "beta": 0.7672417885881824,
    "cagr": 0.08618500945802565,
    "end_val": 239028.96152230678,
    "max_drawdown": -0.5948660190387542,
    "mwrr": 0.08618500945802565,
    "sharpe": 0.3003621315971227,
    "sortino": 0.4210722042380025,
    "std": 0.17351369397022234,
    "ulcer_index": 15.457142538793628,
    "upi": 0.33717398903577755,
    "us_allocation": 30
}