{
    "beta": 0.7619243253572259,
    "cagr": 0.08538891562120798,
    "end_val": 232394.2407552792,
    "max_drawdown": -0.5961457304363662,
    "mwrr": 0.08538891562120798,
    "sharpe": 0.2950932662300513,
    "sortino": 0.4138047370795807,
    "std": 0.1741266774420316,
    "ulcer_index": 15.56731578194693,
    "upi": 0.3300767758615386,
    "us_allocation": 28
}