{
    "beta": 0.7699005495340654,
    "cagr": 0.08658032462614185,
    "end_val": 242391.74629810412,
    "max_drawdown": -0.59422535064266,
    "mwrr": 0.08658032462614185,
    "sharpe": 0.3029643931290381,
    "sortino": 0.4246573060841092,
    "std": 0.17322462421311619,
    "ulcer_index": 15.403856573405836,
    "upi": 0.34070320525445036,
    "us_allocation": 31
}