{
    "beta": 0.8844291484688882,
    "cagr": 0.10184778366575808,
    "end_val": 414161.47086047183,
    "max_drawdown": -0.5661457270691092,
    "mwrr": 0.10184778366575808,
    "sharpe": 0.38617975480793826,
    "sortino": 0.5370028543247385,
    "std": 0.17203516328509044,
    "ulcer_index": 14.005424499814008,
    "upi": 0.47437262246663137,
    "us_allocation": 74
}