{
    "beta": 0.7273563436559423,
    "cagr": 0.08003671674417734,
    "end_val": 192221.1346530421,
    "max_drawdown": -0.6044116459856974,
    "mwrr": 0.08003671674417734,
    "sharpe": 0.2591174984544038,
    "sortino": 0.3639518671013948,
    "std": 0.17922113731462422,
    "ulcer_index": 16.428861321367616,
    "upi": 0.28267082483984474,
    "us_allocation": 15
}