{
    "beta": 0.7353349909049758,
    "cagr": 0.08129917170357115,
    "end_val": 201038.7518636053,
    "max_drawdown": -0.6025120889016813,
    "mwrr": 0.08129917170357115,
    "sharpe": 0.2676435240275446,
    "sortino": 0.3757961673370767,
    "std": 0.1778775547767594,
    "ulcer_index": 16.203087556549455,
    "upi": 0.29382108382379785,
    "us_allocation": 18
}