{
    "beta": 0.7246964915825396,
    "cagr": 0.07961225096916391,
    "end_val": 189341.95778432913,
    "max_drawdown": -0.6050437808309186,
    "mwrr": 0.07961225096916391,
    "sharpe": 0.25625208595335014,
    "sortino": 0.35996743318318036,
    "std": 0.17969090370117577,
    "ulcer_index": 16.506849383057382,
    "upi": 0.278953407747615,
    "us_allocation": 14
}