{
    "beta": 0.8044722430316019,
    "cagr": 0.09155357519871576,
    "end_val": 288841.33713472454,
    "max_drawdown": -0.5858467641097084,
    "mwrr": 0.09155357519871576,
    "sharpe": 0.334517356926321,
    "sortino": 0.4678305889732935,
    "std": 0.17053902794925396,
    "ulcer_index": 14.842704256985757,
    "upi": 0.3843576080094792,
    "us_allocation": 44
}