{
    "beta": 0.8497365580077427,
    "cagr": 0.09759074736259277,
    "end_val": 356964.4117796038,
    "max_drawdown": -0.5747469876361855,
    "mwrr": 0.09759074736259277,
    "sharpe": 0.36786609697461253,
    "sortino": 0.5127358658457526,
    "std": 0.1700749539542788,
    "ulcer_index": 14.301825067163833,
    "upi": 0.4374683574583021,
    "us_allocation": 61
}