{
    "beta": 0.8977977786337955,
    "cagr": 0.10340124716839272,
    "end_val": 437180.7923438712,
    "max_drawdown": -0.5631509113623577,
    "mwrr": 0.10340124716839272,
    "sharpe": 0.3914740097989453,
    "sortino": 0.5439247713123494,
    "std": 0.17330808654289295,
    "ulcer_index": 13.939280218388495,
    "upi": 0.48673318634087065,
    "us_allocation": 79
}