{
    "beta": 0.8364138161527895,
    "cagr": 0.09587018843171569,
    "end_val": 336098.7578087514,
    "max_drawdown": -0.5780287965416108,
    "mwrr": 0.09587018843171569,
    "sharpe": 0.3591110300719704,
    "sortino": 0.5010264707522197,
    "std": 0.1698520039788643,
    "ulcer_index": 14.442441580396384,
    "upi": 0.4223439290029459,
    "us_allocation": 56
}