{
    "beta": 0.6874350183247748,
    "cagr": 0.07347784958746972,
    "end_val": 152137.18036482777,
    "max_drawdown": -0.6138392027560152,
    "mwrr": 0.07347784958746972,
    "sharpe": 0.21531973559130696,
    "sortino": 0.3028659498402985,
    "std": 0.18738091647251667,
    "ulcer_index": 17.739465338994506,
    "upi": 0.2274413435048595,
    "us_allocation": 0
}