{
    "beta": 0.9245872934267931,
    "cagr": 0.10636684687121045,
    "end_val": 484635.2457570482,
    "max_drawdown": -0.5581982105931824,
    "mwrr": 0.10636684687121045,
    "sharpe": 0.3991849396709258,
    "sortino": 0.5538641083470967,
    "std": 0.1766853647769438,
    "ulcer_index": 13.882067210243376,
    "upi": 0.508078416976556,
    "us_allocation": 89
}