{
    "beta": 0.8151151596780729,
    "cagr": 0.09302174817656272,
    "end_val": 304138.2703768008,
    "max_drawdown": -0.5832498395067021,
    "mwrr": 0.09302174817656272,
    "sharpe": 0.3432479024003633,
    "sortino": 0.47966304335076476,
    "std": 0.1701179615156355,
    "ulcer_index": 14.699006586628988,
    "upi": 0.397261637997111,
    "us_allocation": 48
}