{
    "beta": 0.8177764814492785,
    "cagr": 0.09338421844011724,
    "end_val": 308034.64349504537,
    "max_drawdown": -0.5825991996609644,
    "mwrr": 0.09338421844011724,
    "sharpe": 0.3453500831172079,
    "sortino": 0.48250460469316137,
    "std": 0.17004269805138836,
    "ulcer_index": 14.664717805284305,
    "upi": 0.40045203970681587,
    "us_allocation": 49
}