{
    "beta": 0.820438065951469,
    "cagr": 0.09374485777957586,
    "end_val": 311959.56730408745,
    "max_drawdown": -0.5819479937326755,
    "mwrr": 0.09374485777957586,
    "sharpe": 0.3474190795654199,
    "sortino": 0.48529835506755487,
    "std": 0.16997944405575216,
    "ulcer_index": 14.631099289903444,
    "upi": 0.4036267083551241,
    "us_allocation": 50
}