{
    "beta": 0.698086526621869,
    "cagr": 0.07526713982519695,
    "end_val": 162182.6579470479,
    "max_drawdown": -0.6113365188013059,
    "mwrr": 0.07526713982519695,
    "sharpe": 0.22712420932878052,
    "sortino": 0.3193653494878088,
    "std": 0.18497616436466394,
    "ulcer_index": 17.353520959634356,
    "upi": 0.2420988798949886,
    "us_allocation": 4
}