{
    "beta": 0.8871016172753982,
    "cagr": 0.10216222246694584,
    "end_val": 418723.4567968367,
    "max_drawdown": -0.5654799272129045,
    "mwrr": 0.10216222246694584,
    "sharpe": 0.3873164738193946,
    "sortino": 0.5384941632555318,
    "std": 0.17226708154922946,
    "ulcer_index": 13.989000133391343,
    "upi": 0.47696975100258115,
    "us_allocation": 75
}