{
    "beta": 0.905826905029256,
    "cagr": 0.10431078355784673,
    "end_val": 451231.78056278126,
    "max_drawdown": -0.5615873673095946,
    "mwrr": 0.10431078355784673,
    "sharpe": 0.39418589077796945,
    "sortino": 0.5474433994990636,
    "std": 0.17420641593514907,
    "ulcer_index": 13.914274069085314,
    "upi": 0.49353097859888406,
    "us_allocation": 82
}