{
    "beta": 0.8550685049243799,
    "cagr": 0.09826606394099291,
    "end_val": 365494.37211301347,
    "max_drawdown": -0.5734301981681884,
    "mwrr": 0.09826606394099291,
    "sharpe": 0.37110689907809424,
    "sortino": 0.5170547867618557,
    "std": 0.17024743715092908,
    "ulcer_index": 14.249444768172765,
    "upi": 0.44339403836942803,
    "us_allocation": 63
}