{
    "beta": 0.868406441905176,
    "cagr": 0.09992198119746543,
    "end_val": 387259.2568919836,
    "max_drawdown": -0.5701279626951342,
    "mwrr": 0.09992198119746543,
    "sharpe": 0.37854002833231587,
    "sortino": 0.5269258671103306,
    "std": 0.17088517147518062,
    "ulcer_index": 14.127130266996026,
    "upi": 0.4579002630096713,
    "us_allocation": 68
}