{
    "beta": 0.7087333487729051,
    "cagr": 0.07702712034543002,
    "end_val": 172692.52773484375,
    "max_drawdown": -0.608825634822548,
    "mwrr": 0.07702712034543002,
    "sharpe": 0.23886068093700868,
    "sortino": 0.3357459436234615,
    "std": 0.1827355239502515,
    "ulcer_index": 16.99817118556731,
    "upi": 0.2567834892701433,
    "us_allocation": 8
}