{
    "beta": 0.839077603573017,
    "cagr": 0.09621798236235413,
    "end_val": 340218.40219603205,
    "max_drawdown": -0.5773735909698464,
    "mwrr": 0.09621798236235413,
    "sharpe": 0.36093554495642216,
    "sortino": 0.5034715150564001,
    "std": 0.16987271559321163,
    "ulcer_index": 14.4132951428597,
    "upi": 0.42540007910625766,
    "us_allocation": 57
}