{
    "beta": 0.7220364677896527,
    "cagr": 0.07918596065165695,
    "end_val": 186492.6941637301,
    "max_drawdown": -0.6056753921383802,
    "mwrr": 0.07918596065165695,
    "sharpe": 0.253376098820466,
    "sortino": 0.3559664415184136,
    "std": 0.1801715296658842,
    "ulcer_index": 16.58595993875852,
    "upi": 0.2752411958162814,
    "us_allocation": 13
}