{
    "beta": 0.8897747003419902,
    "cagr": 0.10247479046032604,
    "end_val": 423306.7910030914,
    "max_drawdown": -0.5648135252080565,
    "mwrr": 0.10247479046032604,
    "sharpe": 0.3884141962471971,
    "sortino": 0.5399318100757161,
    "std": 0.17251038174846312,
    "ulcer_index": 13.973150287637546,
    "upi": 0.4795405360643672,
    "us_allocation": 76
}