{
    "beta": 0.8710755220176765,
    "cagr": 0.10024760131887334,
    "end_val": 391685.2182486691,
    "max_drawdown": -0.5694657451836981,
    "mwrr": 0.10024760131887334,
    "sharpe": 0.3799107318664509,
    "sortino": 0.5287397118921211,
    "std": 0.17104787564380292,
    "ulcer_index": 14.104119906989954,
    "upi": 0.46074645121550056,
    "us_allocation": 69
}