{
    "beta": 0.7379942774818881,
    "cagr": 0.08171634399931849,
    "end_val": 204038.16366974023,
    "max_drawdown": -0.6018778485597517,
    "mwrr": 0.08171634399931849,
    "sharpe": 0.2704598487525086,
    "sortino": 0.3797047971454857,
    "std": 0.17745178119407562,
    "ulcer_index": 16.13422946561604,
    "upi": 0.2974663897260786,
    "us_allocation": 19
}