{
    "beta": 0.8230999260951046,
    "cagr": 0.09410366525150415,
    "end_val": 315912.8750603211,
    "max_drawdown": -0.5812962204096099,
    "mwrr": 0.09410366525150415,
    "sharpe": 0.3494544200608849,
    "sortino": 0.4880436775178051,
    "std": 0.16992820004893178,
    "ulcer_index": 14.598046027411964,
    "upi": 0.4067880301070604,
    "us_allocation": 51
}