{
    "beta": 0.7938325069100289,
    "cagr": 0.09005617144896516,
    "end_val": 274012.4782908608,
    "max_drawdown": -0.5884347349001294,
    "mwrr": 0.09005617144896516,
    "sharpe": 0.32529780538572484,
    "sortino": 0.4552800618218988,
    "std": 0.17115167421540098,
    "ulcer_index": 14.995833651553234,
    "upi": 0.3712763280885503,
    "us_allocation": 40
}