{
    "beta": 0.89244841198621,
    "cagr": 0.10278548543070243,
    "end_val": 427911.06937145593,
    "max_drawdown": -0.5642071746721871,
    "mwrr": 0.10278548543070243,
    "sharpe": 0.38947297514875245,
    "sortino": 0.54131599071004,
    "std": 0.17276501585649226,
    "ulcer_index": 13.95957754880163,
    "upi": 0.482025769027523,
    "us_allocation": 77
}