{
    "beta": 0.7060720401510594,
    "cagr": 0.07658986986997185,
    "end_val": 170021.15075281312,
    "max_drawdown": -0.609454128366077,
    "mwrr": 0.07658986986997185,
    "sharpe": 0.2359350281049032,
    "sortino": 0.33166511823164646,
    "std": 0.18328007980523672,
    "ulcer_index": 17.084072372058927,
    "upi": 0.25311496080394713,
    "us_allocation": 7
}