{
    "beta": 0.8657378777032952,
    "cagr": 0.0995945042882731,
    "end_val": 382857.1980148961,
    "max_drawdown": -0.570789588180037,
    "mwrr": 0.0995945042882731,
    "sharpe": 0.3771305167366478,
    "sortino": 0.5250582958892341,
    "std": 0.1707341415327962,
    "ulcer_index": 14.150575103614788,
    "upi": 0.45503680279079284,
    "us_allocation": 67
}