{
    "beta": 0.7805360771259789,
    "cagr": 0.08814337001456352,
    "end_val": 256144.99340589036,
    "max_drawdown": -0.5916572308063133,
    "mwrr": 0.08814337001456352,
    "sharpe": 0.31314299079003155,
    "sortino": 0.43864900800478696,
    "std": 0.1721853212119194,
    "ulcer_index": 15.20425829146124,
    "upi": 0.3546325139635208,
    "us_allocation": 35
}