{
    "beta": 0.8444062932471049,
    "cagr": 0.09690804969600997,
    "end_val": 348538.4032391297,
    "max_drawdown": -0.576061448239305,
    "mwrr": 0.09690804969600997,
    "sharpe": 0.3644749309335241,
    "sortino": 0.508207471062231,
    "std": 0.16994999114455075,
    "ulcer_index": 14.356440890484748,
    "upi": 0.43146919663547506,
    "us_allocation": 59
}