{
    "beta": 0.7964921871651625,
    "cagr": 0.09043326042768318,
    "end_val": 277675.39992145286,
    "max_drawdown": -0.5877885771525639,
    "mwrr": 0.09043326042768318,
    "sharpe": 0.3276465472732105,
    "sortino": 0.45848290628582994,
    "std": 0.17098059816136882,
    "ulcer_index": 14.956624390246267,
    "upi": 0.3745627220729343,
    "us_allocation": 41
}