{
    "beta": 0.7406534530689404,
    "cagr": 0.08213169389915387,
    "end_val": 207067.75419084568,
    "max_drawdown": -0.601243078983264,
    "mwrr": 0.08213169389915387,
    "sharpe": 0.2732621810363468,
    "sortino": 0.38359214696749655,
    "std": 0.17703713960264042,
    "ulcer_index": 16.066210944883814,
    "upi": 0.3011157978999007,
    "us_allocation": 20
}