{
    "beta": 0.6954241191749965,
    "cagr": 0.07482256738746873,
    "end_val": 159628.02794839168,
    "max_drawdown": -0.6119629558416396,
    "mwrr": 0.07482256738746873,
    "sharpe": 0.22417799756448528,
    "sortino": 0.3152493958891653,
    "std": 0.18556212416233486,
    "ulcer_index": 17.447126996009498,
    "upi": 0.23842921703683853,
    "us_allocation": 3
}