{
    "beta": 0.8257620748305402,
    "cagr": 0.094460639867737,
    "end_val": 319894.39181186474,
    "max_drawdown": -0.580643878373809,
    "mwrr": 0.094460639867737,
    "sharpe": 0.35145565049440686,
    "sortino": 0.4907400735287191,
    "std": 0.16988896449366075,
    "ulcer_index": 14.565591897312617,
    "upi": 0.40993459809543886,
    "us_allocation": 52
}