{
    "beta": 0.7113944129714214,
    "cagr": 0.07746254239392525,
    "end_val": 175393.33997472838,
    "max_drawdown": -0.6081966244215835,
    "mwrr": 0.07746254239392525,
    "sharpe": 0.2417796602066448,
    "sortino": 0.3398157158197196,
    "std": 0.18220147344326723,
    "ulcer_index": 16.913526849302766,
    "upi": 0.26045891855121467,
    "us_allocation": 9
}