{
    "beta": 0.9031498332022179,
    "cagr": 0.10400948885805006,
    "end_val": 446529.19295682246,
    "max_drawdown": -0.5620948306372665,
    "mwrr": 0.10400948885805006,
    "sharpe": 0.3933203778189902,
    "sortino": 0.5463226540933461,
    "std": 0.17389588143892085,
    "ulcer_index": 13.921756559240944,
    "upi": 0.49130523600724957,
    "us_allocation": 81
}