{
    "beta": 0.7512892891374163,
    "cagr": 0.08377487513713167,
    "end_val": 219488.5703937845,
    "max_drawdown": -0.5986986851818189,
    "mwrr": 0.08377487513713167,
    "sharpe": 0.28431764058954007,
    "sortino": 0.39890884598641213,
    "std": 0.1754909040668581,
    "ulcer_index": 15.804851126038079,
    "upi": 0.31569783086071795,
    "us_allocation": 24
}