{
    "beta": 0.9138624760955918,
    "cagr": 0.10520333229568912,
    "end_val": 465447.4882253585,
    "max_drawdown": -0.5601335779014465,
    "mwrr": 0.10520333229568912,
    "sharpe": 0.39655373659747256,
    "sortino": 0.550497391642324,
    "std": 0.17520389276943157,
    "ulcer_index": 13.89680035147875,
    "upi": 0.49996651457027697,
    "us_allocation": 85
}