{
    "beta": 0.6900983771545767,
    "cagr": 0.07392792327220055,
    "end_val": 154605.40636435,
    "max_drawdown": -0.6132142967465787,
    "mwrr": 0.07392792327220055,
    "sharpe": 0.21827519081443497,
    "sortino": 0.30699892716931554,
    "std": 0.18676456369959402,
    "ulcer_index": 17.638540397593843,
    "upi": 0.23111975136269736,
    "us_allocation": 1
}