{
    "beta": 0.7566068582799521,
    "cagr": 0.08458553753622922,
    "end_val": 225880.76185096192,
    "max_drawdown": -0.5974232826411544,
    "mwrr": 0.08458553753622922,
    "sharpe": 0.28974323900746984,
    "sortino": 0.40641409607724555,
    "std": 0.17478585875284747,
    "ulcer_index": 15.681554939305071,
    "upi": 0.3229492790933768,
    "us_allocation": 26
}