{
    "beta": 0.9219048948418612,
    "cagr": 0.10607882136193014,
    "end_val": 479814.82239698566,
    "max_drawdown": -0.5586817259363115,
    "mwrr": 0.10607882136193014,
    "sharpe": 0.3985827902861067,
    "sortino": 0.5530967811195384,
    "std": 0.1762989464985485,
    "ulcer_index": 13.884359083279211,
    "upi": 0.50611887446119,
    "us_allocation": 88
}