{
    "beta": 0.9487677293641706,
    "cagr": 0.10887288498409542,
    "end_val": 528615.930355507,
    "max_drawdown": -0.5538565685872713,
    "mwrr": 0.10887288498409542,
    "sharpe": 0.4029905051762848,
    "sortino": 0.5586285740549971,
    "std": 0.18063214933240548,
    "ulcer_index": 13.880168371269574,
    "upi": 0.5244519349357215,
    "us_allocation": 98
}