{
    "beta": 0.8737451318991638,
    "cagr": 0.10057136280562795,
    "end_val": 396134.74623809074,
    "max_drawdown": -0.5688029342189885,
    "mwrr": 0.10057136280562795,
    "sharpe": 0.38124253874006614,
    "sortino": 0.5304998108675627,
    "std": 0.17122221726732276,
    "ulcer_index": 14.082062686208909,
    "upi": 0.46355794419904095,
    "us_allocation": 70
}