{
    "beta": 0.7140552448584934,
    "cagr": 0.07789613676179385,
    "end_val": 178123.6784253497,
    "max_drawdown": -0.6075670960613984,
    "mwrr": 0.07789613676179385,
    "sharpe": 0.24469133477912058,
    "sortino": 0.34387356809630515,
    "std": 0.18167798898905754,
    "ulcer_index": 16.829973185949097,
    "upi": 0.2641431545194133,
    "us_allocation": 10
}