{
    "beta": 0.9192233025865576,
    "cagr": 0.10578889183521123,
    "end_val": 475009.70602516335,
    "max_drawdown": -0.5591654596191127,
    "mwrr": 0.10578889183521123,
    "sharpe": 0.3979437071334902,
    "sortino": 0.5522800985779004,
    "std": 0.17592318713609909,
    "ulcer_index": 13.887465548289816,
    "upi": 0.5041175143910869,
    "us_allocation": 87
}