{
    "beta": 0.9085046928778356,
    "cagr": 0.10461019077936373,
    "end_val": 455952.6771251209,
    "max_drawdown": -0.561102557264736,
    "mwrr": 0.10461019077936373,
    "sharpe": 0.3950131665202841,
    "sortino": 0.5485124896481056,
    "std": 0.174527967582874,
    "ulcer_index": 13.907910125641573,
    "upi": 0.49570641873818244,
    "us_allocation": 83
}