{
    "beta": 0.7991520281795833,
    "cagr": 0.090808524448861,
    "end_val": 281367.92097711464,
    "max_drawdown": -0.5871418636175261,
    "mwrr": 0.090808524448861,
    "sharpe": 0.3299664458202545,
    "sortino": 0.4616427079736393,
    "std": 0.17082145433441717,
    "ulcer_index": 14.917994054233795,
    "upi": 0.3778397090602166,
    "us_allocation": 42
}