{
    "beta": 0.7486304356711208,
    "cagr": 0.08336681212208585,
    "end_val": 216337.94531223743,
    "max_drawdown": -0.5993355832837515,
    "mwrr": 0.08336681212208585,
    "sharpe": 0.28157825590600305,
    "sortino": 0.3951164547817636,
    "std": 0.175860515171276,
    "ulcer_index": 15.868701802388712,
    "upi": 0.3120538327019502,
    "us_allocation": 23
}