{
    "beta": 0.7911729748165134,
    "cagr": 0.08967725806428484,
    "end_val": 270379.25284333277,
    "max_drawdown": -0.5890803381222209,
    "mwrr": 0.08967725806428484,
    "sharpe": 0.32292082460769433,
    "sortino": 0.452035027460827,
    "std": 0.171334663920056,
    "ulcer_index": 15.035608062868372,
    "upi": 0.36798130875982094,
    "us_allocation": 39
}