{
    "beta": 0.8417417581845751,
    "cagr": 0.09656393655351025,
    "end_val": 344365.0289008776,
    "max_drawdown": -0.5767178086554062,
    "mwrr": 0.09656393655351025,
    "sharpe": 0.3627236184483466,
    "sortino": 0.505865289840612,
    "std": 0.16990538327185675,
    "ulcer_index": 14.38462463132175,
    "upi": 0.42844207169623105,
    "us_allocation": 58
}