{
    "beta": 0.7725593464849434,
    "cagr": 0.08697381846186669,
    "end_val": 245784.77929567103,
    "max_drawdown": -0.5935841388381238,
    "mwrr": 0.08697381846186669,
    "sharpe": 0.3055442892818113,
    "sortino": 0.42820858897534014,
    "std": 0.17294721814121072,
    "ulcer_index": 15.35220339817536,
    "upi": 0.3442085309300865,
    "us_allocation": 32
}