{
    "beta": 0.7300160361411345,
    "cagr": 0.08045935848547647,
    "end_val": 195130.28796985114,
    "max_drawdown": -0.6037789864729167,
    "mwrr": 0.08045935848547647,
    "sharpe": 0.26197166258128923,
    "sortino": 0.367918784204627,
    "std": 0.17876228687300788,
    "ulcer_index": 16.351933103417384,
    "upi": 0.2863938690542292,
    "us_allocation": 16
}