{
    "beta": 0.8577351428770073,
    "cagr": 0.09860095054285578,
    "end_val": 369797.6522024075,
    "max_drawdown": -0.5727709266481513,
    "mwrr": 0.09860095054285578,
    "sharpe": 0.3726703353481855,
    "sortino": 0.5191352397443274,
    "std": 0.17035143817283768,
    "ulcer_index": 14.223966784638666,
    "upi": 0.44633215698209017,
    "us_allocation": 64
}