{
    "beta": 0.9004734626324695,
    "cagr": 0.1037063092304833,
    "end_val": 441845.3787796308,
    "max_drawdown": -0.5626228478425412,
    "mwrr": 0.1037063092304833,
    "sharpe": 0.3924164657566972,
    "sortino": 0.5451499060201053,
    "std": 0.17359642005542905,
    "ulcer_index": 13.930260149914341,
    "upi": 0.4890332353782897,
    "us_allocation": 80
}