{
    "beta": 0.8337503827117235,
    "cagr": 0.095520556024008,
    "end_val": 332006.32165380026,
    "max_drawdown": -0.5786834267237291,
    "mwrr": 0.095520556024008,
    "sharpe": 0.35725041363054993,
    "sortino": 0.49853047911746995,
    "std": 0.16984326227479046,
    "ulcer_index": 14.472254157712714,
    "upi": 0.4192684943018323,
    "us_allocation": 55
}