{
    "beta": 0.9514590511295351,
    "cagr": 0.1091416965348766,
    "end_val": 533558.2044616045,
    "max_drawdown": -0.5533752937366774,
    "mwrr": 0.1091416965348766,
    "sharpe": 0.4032400165091865,
    "sortino": 0.5589288069007693,
    "std": 0.18112157809216703,
    "ulcer_index": 13.883064362306285,
    "upi": 0.5260888271240145,
    "us_allocation": 99
}