{
    "beta": 0.719376260151515,
    "cagr": 0.07875784524322604,
    "end_val": 183673.27572887397,
    "max_drawdown": -0.606306481033151,
    "mwrr": 0.07875784524322604,
    "sharpe": 0.2504902048393939,
    "sortino": 0.35194986021504393,
    "std": 0.1806629579976544,
    "ulcer_index": 16.666285143888032,
    "upi": 0.2715333477903225,
    "us_allocation": 12
}