{
    "beta": 0.9111832115916977,
    "cagr": 0.10490770791424375,
    "end_val": 460691.4079771155,
    "max_drawdown": -0.560617960457123,
    "mwrr": 0.10490770791424375,
    "sharpe": 0.39580238356784464,
    "sortino": 0.5495303748187955,
    "std": 0.17486047926719614,
    "ulcer_index": 13.902086658843173,
    "upi": 0.4978516560986022,
    "us_allocation": 84
}