{
    "beta": 0.8604022418989297,
    "cagr": 0.09893398724032254,
    "end_val": 374126.0835158842,
    "max_drawdown": -0.5721110687455649,
    "mwrr": 0.09893398724032254,
    "sharpe": 0.37419552892689373,
    "sortino": 0.5211627442883,
    "std": 0.17046724257714443,
    "ulcer_index": 14.19893825108855,
    "upi": 0.44925408475512496,
    "us_allocation": 65
}