{
    "beta": 0.9326394811421006,
    "cagr": 0.10721946929782722,
    "end_val": 499182.94157162646,
    "max_drawdown": -0.5567489849087952,
    "mwrr": 0.10721946929782722,
    "sharpe": 0.4007725282618099,
    "sortino": 0.5558747010172324,
    "std": 0.17790793939242663,
    "ulcer_index": 13.877759960097576,
    "upi": 0.5137883064129869,
    "us_allocation": 92
}