{
    "beta": 0.7645830513037057,
    "cagr": 0.08578787309189262,
    "end_val": 235696.45259695058,
    "max_drawdown": -0.5955061452353803,
    "mwrr": 0.08578787309189262,
    "sharpe": 0.29773819208135116,
    "sortino": 0.4174543541948241,
    "std": 0.17381439103438542,
    "ulcer_index": 15.511716997324289,
    "upi": 0.33362963640398574,
    "us_allocation": 29
}