{
    "beta": 0.7459715199742016,
    "cagr": 0.08295692771062657,
    "end_val": 213217.61576036972,
    "max_drawdown": -0.5999719475064256,
    "mwrr": 0.08295692771062657,
    "sharpe": 0.2788220836998534,
    "sortino": 0.39129893706777735,
    "std": 0.17624145690731538,
    "ulcer_index": 15.93366112002649,
    "upi": 0.3084061333191669,
    "us_allocation": 22
}