{
    "beta": 0.8630698156141157,
    "cagr": 0.09926517238734411,
    "end_val": 378479.36793777335,
    "max_drawdown": -0.5714506230588104,
    "mwrr": 0.09926517238734411,
    "sharpe": 0.3756823066924252,
    "sortino": 0.5231371712609058,
    "std": 0.17059482082769709,
    "ulcer_index": 14.174465420220852,
    "upi": 0.4521560691362702,
    "us_allocation": 66
}