{
    "beta": 0.7831951419693675,
    "cagr": 0.08852957635416026,
    "end_val": 259658.61177301334,
    "max_drawdown": -0.5910138331743316,
    "mwrr": 0.08852957635416026,
    "sharpe": 0.31562666235367665,
    "sortino": 0.44205464101494524,
    "std": 0.17195490059138158,
    "ulcer_index": 15.158898512894016,
    "upi": 0.3580351692976772,
    "us_allocation": 36
}