{
    "beta": 0.7778770978826166,
    "cagr": 0.08775534139331964,
    "end_val": 252661.44689401708,
    "max_drawdown": -0.5923000801419196,
    "mwrr": 0.08775534139331964,
    "sharpe": 0.3106342615551394,
    "sortino": 0.43520547001463544,
    "std": 0.1724275344014807,
    "ulcer_index": 15.252173320526488,
    "upi": 0.3511794427431961,
    "us_allocation": 34
}