{
    "beta": 0.7034104749940465,
    "cagr": 0.07615079018166582,
    "end_val": 167379.1137799233,
    "max_drawdown": -0.6100821061493747,
    "mwrr": 0.07615079018166582,
    "sharpe": 0.23300332430097037,
    "sortino": 0.3275741391257725,
    "std": 0.183835079748322,
    "ulcer_index": 17.172923354388185,
    "upi": 0.2494294263638419,
    "us_allocation": 6
}