{
    "beta": 0.7592655984445882,
    "cagr": 0.0849881370986505,
    "end_val": 229122.34093042964,
    "max_drawdown": -0.5967847758404202,
    "mwrr": 0.0849881370986505,
    "sharpe": 0.2924280492154751,
    "sortino": 0.4101243479094545,
    "std": 0.17445051368505868,
    "ulcer_index": 15.623953694815377,
    "upi": 0.3265158755675232,
    "us_allocation": 27
}