{
    "beta": 0.847071222068844,
    "cagr": 0.09725032043359572,
    "end_val": 352738.28168159246,
    "max_drawdown": -0.5754045083565648,
    "mwrr": 0.09725032043359572,
    "sharpe": 0.3661891832649196,
    "sortino": 0.5104977533352162,
    "std": 0.1700065213305007,
    "ulcer_index": 14.328772404215755,
    "upi": 0.4344801967742052,
    "us_allocation": 60
}