{
    "beta": 0.7326755811758076,
    "cagr": 0.08088017666215275,
    "end_val": 198069.47597702124,
    "max_drawdown": -0.6031458011580236,
    "mwrr": 0.08088017666215275,
    "sharpe": 0.26481389914299086,
    "sortino": 0.3718672032672223,
    "std": 0.17831440784989996,
    "ulcer_index": 16.276114582467468,
    "upi": 0.29012101978370486,
    "us_allocation": 17
}