{
    "beta": 0.876415285469713,
    "cagr": 0.10089326375961227,
    "end_val": 400607.49542715313,
    "max_drawdown": -0.5681395283679024,
    "mwrr": 0.10089326375961227,
    "sharpe": 0.3825353812349824,
    "sortino": 0.5322062686729397,
    "std": 0.1714081578492534,
    "ulcer_index": 14.061642430298896,
    "upi": 0.4663113275097581,
    "us_allocation": 71
}