{
    "beta": 0.9541513533598021,
    "cagr": 0.10940856786728559,
    "end_val": 538509.3126056936,
    "max_drawdown": -0.5528942487106151,
    "mwrr": 0.10940856786728559,
    "sharpe": 0.4034561658265383,
    "sortino": 0.5591849161099147,
    "std": 0.1816209374878816,
    "ulcer_index": 13.88926458555063,
    "upi": 0.5275864715749905,
    "us_allocation": 100
}