{
    "beta": 0.938011921846812,
    "cagr": 0.10777830806508581,
    "end_val": 508947.82893035933,
    "max_drawdown": -0.5557839450986223,
    "mwrr": 0.10777830806508581,
    "sharpe": 0.4016514992416637,
    "sortino": 0.5569771306327523,
    "std": 0.17877510882747003,
    "ulcer_index": 13.87688531933685,
    "upi": 0.5174576929033422,
    "us_allocation": 94
}