{
    "beta": 0.6927614067276936,
    "cagr": 0.07437616219772769,
    "end_val": 157102.31586617389,
    "max_drawdown": -0.6125888814651845,
    "mwrr": 0.07437616219772769,
    "sharpe": 0.22122813304614386,
    "sortino": 0.31112698644635106,
    "std": 0.18615827838808424,
    "ulcer_index": 17.542358532773314,
    "upi": 0.23476626336188527,
    "us_allocation": 2
}