{
    "beta": 0.8124540877662372,
    "cagr": 0.092657447887873,
    "end_val": 300270.60656889953,
    "max_drawdown": -0.5838999145764117,
    "mwrr": 0.092657447887873,
    "sharpe": 0.3411130261741004,
    "sortino": 0.4767742832820885,
    "std": 0.17020523187515832,
    "ulcer_index": 14.734054165371637,
    "upi": 0.394053674565205,
    "us_allocation": 47
}