{
    "beta": 0.7539480925948862,
    "cagr": 0.08418111690539165,
    "end_val": 222669.50613653698,
    "max_drawdown": -0.5980612520271182,
    "mwrr": 0.08418111690539165,
    "sharpe": 0.2870395356572548,
    "sortino": 0.4026750961239706,
    "std": 0.17513267017530756,
    "ulcer_index": 15.74212957123729,
    "upi": 0.3193369109923057,
    "us_allocation": 25
}