{
    "beta": 0.7007486411891469,
    "cagr": 0.07570988045507288,
    "end_val": 164766.31736493888,
    "max_drawdown": -0.6107095692650827,
    "mwrr": 0.07570988045507288,
    "sharpe": 0.23006618321933311,
    "sortino": 0.32347390757882094,
    "std": 0.18440046201141408,
    "ulcer_index": 17.262747791689087,
    "upi": 0.24575715287257974,
    "us_allocation": 5
}