{
    "beta": 0.9406994840432723,
    "cagr": 0.10805484492681461,
    "end_val": 513848.4656318512,
    "max_drawdown": -0.555301761510506,
    "mwrr": 0.10805484492681461,
    "sharpe": 0.40203810767015213,
    "sortino": 0.5574584352233309,
    "std": 0.1792241319202739,
    "ulcer_index": 13.877010559111078,
    "upi": 0.5192520658658999,
    "us_allocation": 95
}