{
    "beta": 0.8071326422221684,
    "cagr": 0.09192336061006223,
    "end_val": 292622.00125340756,
    "max_drawdown": -0.5851983755855107,
    "mwrr": 0.09192336061006223,
    "sharpe": 0.3367472244215982,
    "sortino": 0.47085760662741194,
    "std": 0.17041577276285624,
    "ulcer_index": 14.805938786723422,
    "upi": 0.3876002600547166,
    "us_allocation": 45
}