{
    "beta": 0.7858543048714327,
    "cagr": 0.0889139600711355,
    "end_val": 263202.2409690821,
    "max_drawdown": -0.5903698860108443,
    "mwrr": 0.0889139600711355,
    "sharpe": 0.31808462119184533,
    "sortino": 0.445421472733055,
    "std": 0.1717363004220288,
    "ulcer_index": 15.117220058467108,
    "upi": 0.36135832018886743,
    "us_allocation": 37
}