{
    "beta": 0.9433879619970214,
    "cagr": 0.10832945565841756,
    "end_val": 518760.43602506886,
    "max_drawdown": -0.5548198035287284,
    "mwrr": 0.10832945565841756,
    "sharpe": 0.4023899116429975,
    "sortino": 0.5578938016213277,
    "std": 0.17968335810741548,
    "ulcer_index": 13.877493275457944,
    "upi": 0.5210200074049103,
    "us_allocation": 96
}