{
    "beta": 0.8018120425816883,
    "cagr": 0.09118196291824665,
    "end_val": 285089.9372785229,
    "max_drawdown": -0.5864945930275568,
    "mwrr": 0.09118196291824665,
    "sharpe": 0.33225690880913217,
    "sortino": 0.4647587223165258,
    "std": 0.17067425937165664,
    "ulcer_index": 14.880002910536572,
    "upi": 0.3811052981888619,
    "us_allocation": 43
}