{
    "beta": 0.8310872900840002,
    "cagr": 0.09516908635519794,
    "end_val": 327941.3109534106,
    "max_drawdown": -0.5793374828633041,
    "mwrr": 0.09516908635519794,
    "sharpe": 0.35535405540705384,
    "sortino": 0.4959838682961633,
    "std": 0.16984650229117323,
    "ulcer_index": 14.50274136516037,
    "upi": 0.41617407024932596,
    "us_allocation": 54
}