{
    "beta": 0.7885135783166958,
    "cagr": 0.08929652078274031,
    "end_val": 266775.81300649024,
    "max_drawdown": -0.5897253880754046,
    "mwrr": 0.08929652078274031,
    "sharpe": 0.32051622093143634,
    "sortino": 0.44874857588377837,
    "std": 0.17152954678310312,
    "ulcer_index": 15.076113765672384,
    "upi": 0.36467407510223154,
    "us_allocation": 38
}