{
    "beta": 0.9299545710875623,
    "cagr": 0.10693717390141377,
    "end_val": 494319.85734220396,
    "max_drawdown": -0.557231839045783,
    "mwrr": 0.10693717390141377,
    "sharpe": 0.40027952153655866,
    "sortino": 0.555252563657675,
    "std": 0.17748992537334415,
    "ulcer_index": 13.87875952193331,
    "upi": 0.5119136302700781,
    "us_allocation": 91
}