{
    "beta": 0.8097932528799466,
    "cagr": 0.09229131842878635,
    "end_val": 296431.80265191116,
    "max_drawdown": -0.5845494261709447,
    "mwrr": 0.09229131842878635,
    "sharpe": 0.3389459597459908,
    "sortino": 0.4738389739606498,
    "std": 0.17030450451008636,
    "ulcer_index": 14.769716087216578,
    "upi": 0.390832584832325,
    "us_allocation": 46
}