{
    "beta": 0.9460773717293818,
    "cagr": 0.10860213683999675,
    "end_val": 523683.1308340544,
    "max_drawdown": -0.5543380722033062,
    "mwrr": 0.10860213683999675,
    "sharpe": 0.4027072586140514,
    "sortino": 0.5582837111565562,
    "std": 0.18015271989192713,
    "ulcer_index": 13.87851745304088,
    "upi": 0.522754440775564,
    "us_allocation": 97
}