{
    "beta": 0.743312529838571,
    "cagr": 0.08254522171294965,
    "end_val": 210127.56088169085,
    "max_drawdown": -0.6006077790183909,
    "mwrr": 0.08254522171294965,
    "sharpe": 0.27604982538465117,
    "sortino": 0.3874572063872513,
    "std": 0.17663368141501962,
    "ulcer_index": 15.99949819814318,
    "upi": 0.3047599201694113,
    "us_allocation": 21
}