{
    "beta": 0.9165425013967746,
    "cagr": 0.10549706119785252,
    "end_val": 470220.4227196493,
    "max_drawdown": -0.5596494106152843,
    "mwrr": 0.10549706119785252,
    "sharpe": 0.39726743595215214,
    "sortino": 0.5514137903403169,
    "std": 0.17555814881740608,
    "ulcer_index": 13.891927001303,
    "upi": 0.502055195161152,
    "us_allocation": 86
}