{
    "beta": 0.8284245251490695,
    "cagr": 0.09481578059511242,
    "end_val": 323903.93431530974,
    "max_drawdown": -0.5799909663015481,
    "mwrr": 0.09481578059511242,
    "sharpe": 0.3534223348020376,
    "sortino": 0.493386962706869,
    "std": 0.16986173379312583,
    "ulcer_index": 14.533758763848722,
    "upi": 0.4130653081566105,
    "us_allocation": 53
}