{
    "beta": 0.8817572796744708,
    "cagr": 0.10153147621791536,
    "end_val": 409621.2273939601,
    "max_drawdown": -0.5668109262421438,
    "mwrr": 0.10153147621791536,
    "sharpe": 0.3850040056022501,
    "sortino": 0.5354578045546987,
    "std": 0.17181467349851234,
    "ulcer_index": 14.023363428342371,
    "upi": 0.47171794235695746,
    "us_allocation": 73
}