{
    "beta": 0.8951227665965462,
    "cagr": 0.10309430510832907,
    "end_val": 432535.8778392598,
    "max_drawdown": -0.5636790205278197,
    "mwrr": 0.10309430510832907,
    "sharpe": 0.39049288269252425,
    "sortino": 0.5426468880474438,
    "std": 0.1730309344077366,
    "ulcer_index": 13.948797713571233,
    "upi": 0.48440606583030216,
    "us_allocation": 78
}