{
    "beta": 0.7752181918055345,
    "cagr": 0.08736549078978784,
    "end_val": 249208.02639581688,
    "max_drawdown": -0.5929423824109951,
    "mwrr": 0.08736549078978784,
    "sharpe": 0.3081011376496419,
    "sortino": 0.4317249845138838,
    "std": 0.1726815105075164,
    "ulcer_index": 15.301620163596512,
    "upi": 0.3477014027201967,
    "us_allocation": 33
}