{
    "beta": 0.8790859967123721,
    "cagr": 0.10121330223102154,
    "end_val": 405103.1107384525,
    "max_drawdown": -0.5674755261909352,
    "mwrr": 0.10121330223102154,
    "sharpe": 0.38378921234941304,
    "sortino": 0.5338589761308993,
    "std": 0.17160565720468401,
    "ulcer_index": 14.042257562879913,
    "upi": 0.4690254754236459,
    "us_allocation": 72
}