{
    "beta": 0.7010611223873893,
    "cagr": 0.06330752834199238,
    "end_val": 99282.09139497601,
    "max_drawdown": -0.611336518801306,
    "mwrr": 0.06330752834199238,
    "sharpe": 0.17031666114543945,
    "sortino": 0.238912615518377,
    "std": 0.18561100620955165,
    "ulcer_index": 17.5751216079738,
    "upi": 0.1798795556156469,
    "us_allocation": 4
}