{
    "beta": 0.8282432223273496,
    "cagr": 0.08730726073740813,
    "end_val": 228739.77398810443,
    "max_drawdown": -0.5806438783738092,
    "mwrr": 0.08730726073740813,
    "sharpe": 0.31559969187890013,
    "sortino": 0.44015500895218773,
    "std": 0.17091007099760241,
    "ulcer_index": 14.754187962963844,
    "upi": 0.3656020666618252,
    "us_allocation": 52
}