{
    "beta": 0.804421359415674,
    "cagr": 0.08306407416940731,
    "end_val": 197625.17051915324,
    "max_drawdown": -0.5864945930275572,
    "mwrr": 0.08306407416940731,
    "sharpe": 0.29150965911531296,
    "sortino": 0.40716228106863367,
    "std": 0.17161609175924192,
    "ulcer_index": 15.073133407463635,
    "upi": 0.33191560239830464,
    "us_allocation": 43
}