{
    "beta": 0.915704118382822,
    "cagr": 0.10187861035317458,
    "end_val": 376297.43842398573,
    "max_drawdown": -0.5601335779014469,
    "mwrr": 0.10187861035317458,
    "sharpe": 0.381217540129951,
    "sortino": 0.5292345774451866,
    "std": 0.17642567832544404,
    "ulcer_index": 14.072620105787292,
    "upi": 0.4779422247334896,
    "us_allocation": 85
}