{
    "beta": 0.852070894588693,
    "cagr": 0.09143433225112596,
    "end_val": 263551.9122637862,
    "max_drawdown": -0.5747469876361858,
    "mwrr": 0.09143433225112596,
    "sharpe": 0.3372628725654883,
    "sortino": 0.46967566417561657,
    "std": 0.17116917501723633,
    "ulcer_index": 14.486333756647984,
    "upi": 0.39852404441461464,
    "us_allocation": 61
}