{
    "beta": 0.8203023650870023,
    "cagr": 0.08590581468663516,
    "end_val": 217969.86157962272,
    "max_drawdown": -0.5825991996609637,
    "mwrr": 0.08590581468663516,
    "sharpe": 0.3078206808224737,
    "sortino": 0.42952077731598415,
    "std": 0.17103782294200215,
    "ulcer_index": 14.854773002158803,
    "upi": 0.354440932709645,
    "us_allocation": 49
}