{
    "beta": 0.7991275703622843,
    "cagr": 0.08210527490168684,
    "end_val": 191187.43136152095,
    "max_drawdown": -0.587788577152564,
    "mwrr": 0.08210527490168684,
    "sharpe": 0.2858669472581574,
    "sortino": 0.3994072796390224,
    "std": 0.17190446437952595,
    "ulcer_index": 15.150827275064648,
    "upi": 0.3243658188809891,
    "us_allocation": 41
}