{
    "beta": 0.7964806027636802,
    "cagr": 0.08162370251070006,
    "end_val": 188031.44202755805,
    "max_drawdown": -0.58843473490013,
    "mwrr": 0.08162370251070006,
    "sharpe": 0.283009861591666,
    "sortino": 0.39547632218501516,
    "std": 0.17206654825663495,
    "ulcer_index": 15.190581643206828,
    "upi": 0.32058557397697746,
    "us_allocation": 40
}