{
    "beta": 0.8388320874256728,
    "cagr": 0.08915579384882988,
    "end_val": 243740.44082570713,
    "max_drawdown": -0.5780287965416107,
    "mwrr": 0.08915579384882988,
    "sharpe": 0.32554856911843266,
    "sortino": 0.4537281623535572,
    "std": 0.1709066583554829,
    "ulcer_index": 14.629172870992354,
    "upi": 0.3803421049303942,
    "us_allocation": 56
}