{
    "beta": 0.6984044099004943,
    "cagr": 0.06277108207515969,
    "end_val": 97426.19566750732,
    "max_drawdown": -0.6119629558416392,
    "mwrr": 0.06277108207515969,
    "sharpe": 0.16707469200177913,
    "sortino": 0.23438100496147918,
    "std": 0.18619145981142812,
    "ulcer_index": 17.669839481602015,
    "upi": 0.17605851074330342,
    "us_allocation": 3
}