{
    "beta": 0.8361847238583536,
    "cagr": 0.08869580614850214,
    "end_val": 239920.5857220461,
    "max_drawdown": -0.5786834267237297,
    "mwrr": 0.08869580614850214,
    "sharpe": 0.3231081577609672,
    "sortino": 0.4504014156006945,
    "std": 0.17088966718722373,
    "ulcer_index": 14.659443045604538,
    "upi": 0.3766740892798064,
    "us_allocation": 55
}