{
    "beta": 0.785891984560155,
    "cagr": 0.07968289176068599,
    "end_val": 175818.4281178199,
    "max_drawdown": -0.5910138331743319,
    "mwrr": 0.07968289176068599,
    "sharpe": 0.2713588342762525,
    "sortino": 0.3794173701207372,
    "std": 0.17283389002265695,
    "ulcer_index": 15.355507808336723,
    "upi": 0.3054422741433141,
    "us_allocation": 36
}