{
    "beta": 0.8414795682716987,
    "cagr": 0.08961435325755729,
    "end_val": 247607.32444665808,
    "max_drawdown": -0.5773735909698459,
    "mwrr": 0.08961435325755729,
    "sharpe": 0.3279570157685275,
    "sortino": 0.4570097685905713,
    "std": 0.17093551645791646,
    "ulcer_index": 14.599574707718931,
    "upi": 0.38399745326477325,
    "us_allocation": 57
}