{
    "beta": 0.9502730527950165,
    "cagr": 0.10719842653251721,
    "end_val": 450554.8374049322,
    "max_drawdown": -0.5538565685872715,
    "mwrr": 0.10719842653251721,
    "sharpe": 0.3963248677691815,
    "sortino": 0.5496874695639906,
    "std": 0.18185830371957837,
    "ulcer_index": 14.051890862733382,
    "upi": 0.5129360703405133,
    "us_allocation": 98
}