{
    "beta": 0.7700055890511446,
    "cagr": 0.07672793441610826,
    "end_val": 158692.75526534763,
    "max_drawdown": -0.5948660190387535,
    "mwrr": 0.07672793441610826,
    "sharpe": 0.25329011145025115,
    "sortino": 0.3544297639774202,
    "std": 0.1743397649843032,
    "ulcer_index": 15.657011603513796,
    "upi": 0.28205013309074756,
    "us_allocation": 30
}