{
    "beta": 0.7832445873217991,
    "cagr": 0.07919405082970976,
    "end_val": 172866.13881480377,
    "max_drawdown": -0.5916572308063135,
    "mwrr": 0.07919405082970976,
    "sharpe": 0.268393814570326,
    "sortino": 0.37532355585014937,
    "std": 0.17305539082958032,
    "ulcer_index": 15.401361528941203,
    "upi": 0.3015914271007696,
    "us_allocation": 35
}