{
    "beta": 0.7116834515382582,
    "cagr": 0.06543813366210571,
    "end_val": 106998.80829132875,
    "max_drawdown": -0.608825634822548,
    "mwrr": 0.06543813366210571,
    "sharpe": 0.1832934650220512,
    "sortino": 0.25704008361646663,
    "std": 0.18339400549795384,
    "ulcer_index": 17.215590045864673,
    "upi": 0.19526742486376988,
    "us_allocation": 8
}