{
    "beta": 0.9103934827910034,
    "cagr": 0.10103921215404688,
    "end_val": 365725.50098326575,
    "max_drawdown": -0.5611025572647361,
    "mwrr": 0.10103921215404688,
    "sharpe": 0.378357329412512,
    "sortino": 0.5253700644619339,
    "std": 0.17574436141370767,
    "ulcer_index": 14.084244334856377,
    "upi": 0.4721347957426233,
    "us_allocation": 83
}