{
    "beta": 0.8653140778384257,
    "cagr": 0.09367731124113776,
    "end_val": 284581.04258902237,
    "max_drawdown": -0.5714506230588106,
    "mwrr": 0.09367731124113776,
    "sharpe": 0.3481302777649714,
    "sortino": 0.4844422281355511,
    "std": 0.1717251846894598,
    "ulcer_index": 14.356794436197362,
    "upi": 0.4164248839547957,
    "us_allocation": 66
}