{
    "beta": 0.857367561370135,
    "cagr": 0.09233578303308021,
    "end_val": 271815.1291212224,
    "max_drawdown": -0.5734301981681885,
    "mwrr": 0.09233578303308021,
    "sharpe": 0.341713782095394,
    "sortino": 0.47572647190841044,
    "std": 0.17135657367722945,
    "ulcer_index": 14.433082494519695,
    "upi": 0.40571669668230825,
    "us_allocation": 63
}