{
    "beta": 0.8971243601282953,
    "cagr": 0.0989161760503301,
    "end_val": 340260.2476181525,
    "max_drawdown": -0.5636790205278204,
    "mwrr": 0.0989161760503301,
    "sharpe": 0.3705656724188649,
    "sortino": 0.5148404728373939,
    "std": 0.1742290494200606,
    "ulcer_index": 14.126513486713353,
    "upi": 0.4570540150765253,
    "us_allocation": 78
}