{
    "beta": 0.7435130985415733,
    "cagr": 0.07168544233362995,
    "end_val": 133144.96273301775,
    "max_drawdown": -0.6012430789832636,
    "mwrr": 0.07168544233362995,
    "sharpe": 0.22197617723117236,
    "sortino": 0.3109503689853209,
    "std": 0.17778037589140142,
    "ulcer_index": 16.272908684981733,
    "upi": 0.2425187210302523,
    "us_allocation": 20
}