{
    "beta": 0.7911864655348667,
    "cagr": 0.08065620452108857,
    "end_val": 181843.45484942233,
    "max_drawdown": -0.5897253880754049,
    "mwrr": 0.08065620452108857,
    "sharpe": 0.2772275330416812,
    "sortino": 0.38751206707204927,
    "std": 0.1724264494647056,
    "ulcer_index": 15.271834339270317,
    "upi": 0.31301810604131297,
    "us_allocation": 38
}