{
    "beta": 0.8176555028406991,
    "cagr": 0.08543579297693271,
    "end_val": 214469.58412137418,
    "max_drawdown": -0.5832498395067018,
    "mwrr": 0.08543579297693271,
    "sharpe": 0.3051700006802504,
    "sortino": 0.42589291885152386,
    "std": 0.17110430535555451,
    "ulcer_index": 14.889559378869741,
    "upi": 0.3507041686106789,
    "us_allocation": 48
}