{
    "beta": 0.894471716661319,
    "cagr": 0.09848735555003163,
    "end_val": 335330.3432591157,
    "max_drawdown": -0.5642071746721866,
    "mwrr": 0.09848735555003163,
    "sharpe": 0.3688970388240328,
    "sortino": 0.5125841128458285,
    "std": 0.17395870221427592,
    "ulcer_index": 14.137591780507352,
    "upi": 0.4539340916472048,
    "us_allocation": 77
}