{
    "beta": 0.8997773808976969,
    "cagr": 0.09934359103603319,
    "end_val": 345244.15795720357,
    "max_drawdown": -0.5631509113623564,
    "mwrr": 0.09934359103603319,
    "sharpe": 0.3721975088083986,
    "sortino": 0.5170464711042734,
    "std": 0.17451038096651747,
    "ulcer_index": 14.116710511756454,
    "upi": 0.46012712488480245,
    "us_allocation": 79
}