{
    "beta": 0.7885392735876983,
    "cagr": 0.08017027578446112,
    "end_val": 178810.74862660814,
    "max_drawdown": -0.5903698860108445,
    "mwrr": 0.08017027578446112,
    "sharpe": 0.2743036380017145,
    "sortino": 0.38348053958539663,
    "std": 0.1726242361918189,
    "ulcer_index": 15.313382256021638,
    "upi": 0.30923073572360693,
    "us_allocation": 37
}