{
    "beta": 0.9289890498954124,
    "cagr": 0.10395261657022181,
    "end_val": 403710.32777656993,
    "max_drawdown": -0.5577149146189504,
    "mwrr": 0.10395261657022181,
    "sharpe": 0.38773427355826523,
    "sortino": 0.5380432181169732,
    "std": 0.17831241598714023,
    "ulcer_index": 14.054638366530156,
    "upi": 0.49193869908746996,
    "us_allocation": 90
}