{
    "beta": 0.942287173251628,
    "cagr": 0.10599170406841751,
    "end_val": 432552.09278819687,
    "max_drawdown": -0.5553017615105066,
    "mwrr": 0.10599170406841751,
    "sharpe": 0.3933626756411928,
    "sortino": 0.5456655522060886,
    "std": 0.18045435361801312,
    "ulcer_index": 14.050133088431416,
    "upi": 0.5052358178809988,
    "us_allocation": 95
}