{
    "beta": 0.9316475678223562,
    "cagr": 0.10436322506648232,
    "end_val": 409363.4265880314,
    "max_drawdown": -0.5572318390457823,
    "mwrr": 0.10436322506648232,
    "sharpe": 0.38893022217685924,
    "sortino": 0.539661251837026,
    "std": 0.1787206683519267,
    "ulcer_index": 14.052998059950024,
    "upi": 0.49464338800447605,
    "us_allocation": 91
}