{
    "beta": 0.751463339761919,
    "cagr": 0.07321370272912131,
    "end_val": 140432.22800652956,
    "max_drawdown": -0.5993355832837517,
    "mwrr": 0.07321370272912131,
    "sharpe": 0.23149506949328608,
    "sortino": 0.32418472334628395,
    "std": 0.1766276656686702,
    "ulcer_index": 16.07316049782085,
    "upi": 0.2544014391708441,
    "us_allocation": 23
}