{
    "beta": 0.719645764088321,
    "cagr": 0.06702021315139617,
    "end_val": 113103.41571393413,
    "max_drawdown": -0.6069370486355962,
    "mwrr": 0.06702021315139617,
    "sharpe": 0.19301890666275529,
    "sortino": 0.2706124235191681,
    "std": 0.18184295890310134,
    "ulcer_index": 16.96211203233192,
    "upi": 0.20693607778423384,
    "us_allocation": 11
}