{
    "beta": 0.7541129008606396,
    "cagr": 0.07372016052504993,
    "end_val": 142931.73780885682,
    "max_drawdown": -0.5986986851818189,
    "mwrr": 0.07372016052504993,
    "sharpe": 0.23464714628275235,
    "sortino": 0.3285642562162807,
    "std": 0.17626622349215884,
    "ulcer_index": 16.008587895675177,
    "upi": 0.2583757495168618,
    "us_allocation": 24
}