{
    "beta": 0.8785630983598071,
    "cagr": 0.09588486808517738,
    "end_val": 306868.6665501921,
    "max_drawdown": -0.5681395283679028,
    "mwrr": 0.09588486808517738,
    "sharpe": 0.3581144113479104,
    "sortino": 0.49798568126166726,
    "std": 0.17257039657640802,
    "ulcer_index": 14.241873657693105,
    "upi": 0.4339490153922608,
    "us_allocation": 71
}