{
    "beta": 0.7647088436770322,
    "cagr": 0.07573123047092345,
    "end_val": 153291.22192175768,
    "max_drawdown": -0.5961457304363659,
    "mwrr": 0.07573123047092345,
    "sharpe": 0.24713192501611875,
    "sortino": 0.34589412884570897,
    "std": 0.174935533611769,
    "ulcer_index": 15.768400309291769,
    "upi": 0.2741824944064203,
    "us_allocation": 28
}