{
    "beta": 0.8732626953225325,
    "cagr": 0.09500608769472718,
    "end_val": 297800.0418119454,
    "max_drawdown": -0.569465745183698,
    "mwrr": 0.09500608769472718,
    "sharpe": 0.35422855025892686,
    "sortino": 0.4927174023675345,
    "std": 0.17219793012599866,
    "ulcer_index": 14.28516849739324,
    "upi": 0.42701597235816613,
    "us_allocation": 69
}