{
    "beta": 0.7276046097130918,
    "cagr": 0.06858875273035525,
    "end_val": 119489.85333414812,
    "max_drawdown": -0.605043780830919,
    "mwrr": 0.06858875273035525,
    "sharpe": 0.2027196393789906,
    "sortino": 0.28413833422831936,
    "std": 0.18038937089487278,
    "ulcer_index": 16.718569982445146,
    "upi": 0.2187397057150713,
    "us_allocation": 14
}