{
    "beta": 0.7249520278711178,
    "cagr": 0.06806740701757974,
    "end_val": 117329.16274226226,
    "max_drawdown": -0.6056753921383798,
    "mwrr": 0.06806740701757974,
    "sharpe": 0.19948987530330362,
    "sortino": 0.2796363658299632,
    "std": 0.18086297923092096,
    "ulcer_index": 16.798592560880966,
    "upi": 0.2147917352677272,
    "us_allocation": 13
}