{
    "beta": 0.8308903027351877,
    "cagr": 0.08777154086776817,
    "end_val": 232420.59541130287,
    "max_drawdown": -0.5799909663015476,
    "mwrr": 0.08777154086776817,
    "sharpe": 0.3181332456647363,
    "sortino": 0.443614377376261,
    "std": 0.170891357997654,
    "ulcer_index": 14.721879001379897,
    "upi": 0.36930532178918046,
    "us_allocation": 53
}