{
    "beta": 0.9210166103143412,
    "cagr": 0.10271240822569228,
    "end_val": 387093.05489042785,
    "max_drawdown": -0.5591654596191125,
    "mwrr": 0.10271240822569228,
    "sharpe": 0.38393231812820916,
    "sortino": 0.5329029602736794,
    "std": 0.1771491936460017,
    "ulcer_index": 14.062757207829728,
    "upi": 0.4836584137815676,
    "us_allocation": 87
}