{
    "beta": 0.7461634496629101,
    "cagr": 0.07219634556373267,
    "end_val": 135539.18938578555,
    "max_drawdown": -0.6006077790183914,
    "mwrr": 0.07219634556373267,
    "sharpe": 0.22515887423378175,
    "sortino": 0.3153768465577467,
    "std": 0.17738478578599334,
    "ulcer_index": 16.20543975370441,
    "upi": 0.24647048603583915,
    "us_allocation": 21
}