{
    "beta": 0.730256839648165,
    "cagr": 0.06910860047090539,
    "end_val": 121682.8756998528,
    "max_drawdown": -0.6044116459856973,
    "mwrr": 0.06910860047090539,
    "sharpe": 0.2059447148415713,
    "sortino": 0.2886323805496425,
    "std": 0.1799267553426097,
    "ulcer_index": 16.639684585690492,
    "upi": 0.22270057935068885,
    "us_allocation": 15
}