{
    "beta": 0.8759127564546605,
    "cagr": 0.09544618428242546,
    "end_val": 302308.5490269609,
    "max_drawdown": -0.5688029342189884,
    "mwrr": 0.09544618428242546,
    "sharpe": 0.35618956545854574,
    "sortino": 0.4953764654340182,
    "std": 0.17237846258103667,
    "ulcer_index": 14.262695367575702,
    "upi": 0.43050724070757257,
    "us_allocation": 70
}