{
    "beta": 0.7063731687676706,
    "cagr": 0.06437586230154935,
    "end_val": 103081.16386472147,
    "max_drawdown": -0.6100821061493745,
    "mwrr": 0.06437586230154935,
    "sharpe": 0.17680443156993456,
    "sortino": 0.24797789424637517,
    "std": 0.18448142381255897,
    "ulcer_index": 17.392392534518827,
    "upi": 0.18754517853792865,
    "us_allocation": 6
}