{
    "beta": 0.8706129030728907,
    "cagr": 0.09456457733300927,
    "end_val": 293342.8322596356,
    "max_drawdown": -0.5701279626951347,
    "mwrr": 0.09456457733300927,
    "sharpe": 0.35223153441308597,
    "sortino": 0.49000854111026926,
    "std": 0.17202884433230534,
    "ulcer_index": 14.308603729299072,
    "upi": 0.4234970352713451,
    "us_allocation": 68
}