{
    "beta": 0.8600161863329473,
    "cagr": 0.09278437773312342,
    "end_val": 276020.62825946294,
    "max_drawdown": -0.5727709266481504,
    "mwrr": 0.09278437773312342,
    "sharpe": 0.34388755447287406,
    "sortino": 0.4786801219728449,
    "std": 0.17146781001863087,
    "ulcer_index": 14.407165448930039,
    "upi": 0.4092975212679365,
    "us_allocation": 64
}