{
    "beta": 0.9050846034106189,
    "cagr": 0.10019420776293031,
    "end_val": 355375.13224219315,
    "max_drawdown": -0.5620948306372664,
    "mwrr": 0.10019420776293031,
    "sharpe": 0.375350842926651,
    "sortino": 0.5213079298531256,
    "std": 0.17510576172044723,
    "ulcer_index": 14.098622784506718,
    "upi": 0.4662055683400376,
    "us_allocation": 81
}