{
    "beta": 0.9263310595298967,
    "cagr": 0.10354061135960313,
    "end_val": 398114.39345931285,
    "max_drawdown": -0.558198210593182,
    "mwrr": 0.10354061135960313,
    "sharpe": 0.3865027641379994,
    "sortino": 0.5363777164538993,
    "std": 0.17791437306272267,
    "ulcer_index": 14.05683353268405,
    "upi": 0.4892053390019234,
    "us_allocation": 89
}