{
    "beta": 0.740862461956592,
    "cagr": 0.07117305339417457,
    "end_val": 130785.13397847414,
    "max_drawdown": -0.6018778485597516,
    "mwrr": 0.07117305339417457,
    "sharpe": 0.21878468809850668,
    "sortino": 0.3065102154634183,
    "std": 0.17818725861509738,
    "ulcer_index": 16.341694726613238,
    "upi": 0.23857048063261704,
    "us_allocation": 19
}