{
    "beta": 0.7329087287623743,
    "cagr": 0.06962695234084015,
    "end_val": 123908.57157708707,
    "max_drawdown": -0.6037789864729173,
    "mwrr": 0.06962695234084015,
    "sharpe": 0.20916443513449473,
    "sortino": 0.2931175536293143,
    "std": 0.17947518522629002,
    "ulcer_index": 16.561873134654743,
    "upi": 0.22667461569591407,
    "us_allocation": 16
}