{
    "beta": 0.7143379594647609,
    "cagr": 0.06596700158720337,
    "end_val": 109002.92443245574,
    "max_drawdown": -0.608196624421584,
    "mwrr": 0.06596700158720337,
    "sharpe": 0.18653697184208484,
    "sortino": 0.2615678497009674,
    "std": 0.18286625485566319,
    "ulcer_index": 17.12995832710327,
    "upi": 0.199141535529717,
    "us_allocation": 9
}