{
    "beta": 0.8812137329654521,
    "cagr": 0.09632214007410211,
    "end_val": 311480.7043202952,
    "max_drawdown": -0.5674755261909367,
    "mwrr": 0.09632214007410211,
    "sharpe": 0.36000293964729585,
    "sortino": 0.5005448134291451,
    "std": 0.17277368533223145,
    "ulcer_index": 14.22209721631462,
    "upi": 0.4373585377301419,
    "us_allocation": 72
}