{
    "beta": 0.8150086668152423,
    "cagr": 0.08496433246947488,
    "end_val": 211013.57225387602,
    "max_drawdown": -0.5838999145764117,
    "mwrr": 0.08496433246947488,
    "sharpe": 0.30249140776693395,
    "sortino": 0.422224705333852,
    "std": 0.17118274549469994,
    "ulcer_index": 14.925111865655007,
    "upi": 0.3469568706345047,
    "us_allocation": 47
}