{
    "beta": 0.9449485230780915,
    "cagr": 0.10639533796320677,
    "end_val": 438494.440079166,
    "max_drawdown": -0.5548198035287273,
    "mwrr": 0.10639533796320677,
    "sharpe": 0.3943841314838087,
    "sortino": 0.5470514213416506,
    "std": 0.18091258387275114,
    "ulcer_index": 14.050329249995364,
    "upi": 0.5078267746463225,
    "us_allocation": 96
}