{
    "beta": 0.7673573093088305,
    "cagr": 0.07623031685894466,
    "end_val": 155973.2122088388,
    "max_drawdown": -0.5955061452353799,
    "mwrr": 0.07623031685894466,
    "sharpe": 0.2502186361979721,
    "sortino": 0.3501735971396228,
    "std": 0.1746318217235671,
    "ulcer_index": 15.712187459175187,
    "upi": 0.2781165730581224,
    "us_allocation": 29
}