{
    "beta": 0.6930895503231839,
    "cagr": 0.061693619123069254,
    "end_val": 93800.0505137645,
    "max_drawdown": -0.6132142967465787,
    "mwrr": 0.061693619123069254,
    "sharpe": 0.1605973713498491,
    "sortino": 0.22532412028912574,
    "std": 0.18738338922013018,
    "ulcer_index": 17.863535483221582,
    "upi": 0.16846944104976488,
    "us_allocation": 1
}