{
    "beta": 0.7382115288437223,
    "cagr": 0.07065917675885913,
    "end_val": 128459.35630215795,
    "max_drawdown": -0.6025120889016813,
    "mwrr": 0.07065917675885913,
    "sharpe": 0.215585106378577,
    "sortino": 0.3020574000744816,
    "std": 0.17860538682561647,
    "ulcer_index": 16.411327684266407,
    "upi": 0.23463336858569145,
    "us_allocation": 18
}