{
    "beta": 0.6957472229514632,
    "cagr": 0.06223311313357294,
    "end_val": 95598.95717030925,
    "max_drawdown": -0.6125888814651848,
    "mwrr": 0.06223311313357294,
    "sharpe": 0.16383474691001607,
    "sortino": 0.22985124981440863,
    "std": 0.18678227446887477,
    "ulcer_index": 17.76620561213798,
    "upi": 0.172252727354809,
    "us_allocation": 2
}