{
    "beta": 0.8865159281782377,
    "cagr": 0.09719245240548302,
    "end_val": 320861.7662529476,
    "max_drawdown": -0.5661457270691095,
    "mwrr": 0.09719245240548302,
    "sharpe": 0.36367055162547346,
    "sortino": 0.5055120100511704,
    "std": 0.17321413195122193,
    "ulcer_index": 14.184495038260021,
    "upi": 0.4441144587513386,
    "us_allocation": 74
}