{
    "beta": 0.8547191346740511,
    "cagr": 0.09188576824451378,
    "end_val": 267659.00012659514,
    "max_drawdown": -0.5740888847011096,
    "mwrr": 0.09188576824451378,
    "sharpe": 0.3395054509363137,
    "sortino": 0.47272487233168725,
    "std": 0.17125701783774194,
    "ulcer_index": 14.45947302855921,
    "upi": 0.4021253773802005,
    "us_allocation": 62
}