{
    "beta": 0.7938335715427213,
    "cagr": 0.08114067957011817,
    "end_val": 184916.90121895316,
    "max_drawdown": -0.5890803381222209,
    "mwrr": 0.08114067957011817,
    "sharpe": 0.2801298336118615,
    "sortino": 0.39151095314152046,
    "std": 0.17224054805902442,
    "ulcer_index": 15.230892173054468,
    "upi": 0.31680338325901214,
    "us_allocation": 39
}