{
    "beta": 0.9343066261728551,
    "cagr": 0.10477243746928178,
    "end_val": 415073.92485780735,
    "max_drawdown": -0.5567489849087941,
    "mwrr": 0.10477243746928178,
    "sharpe": 0.39009081353036545,
    "sortino": 0.5412321848578415,
    "std": 0.17913905971619645,
    "ulcer_index": 14.051723295033472,
    "upi": 0.4973257903983932,
    "us_allocation": 92
}