{
    "beta": 0.9183601260166018,
    "cagr": 0.1022962089745203,
    "end_val": 381667.1574712321,
    "max_drawdown": -0.559649410615284,
    "mwrr": 0.1022962089745203,
    "sharpe": 0.3825930452979443,
    "sortino": 0.531093121854261,
    "std": 0.17678219423445923,
    "ulcer_index": 14.067490858535916,
    "upi": 0.4808110997264897,
    "us_allocation": 86
}