{
    "beta": 0.8335374661074638,
    "cagr": 0.08823438890997881,
    "end_val": 236147.41806878935,
    "max_drawdown": -0.5793374828633047,
    "mwrr": 0.08823438890997881,
    "sharpe": 0.32063622838100125,
    "sortino": 0.44702999839560925,
    "std": 0.170884561553281,
    "ulcer_index": 14.690393871090716,
    "upi": 0.37299374853847295,
    "us_allocation": 54
}