{
    "beta": 0.9077388298013916,
    "cagr": 0.10061741110993605,
    "end_val": 360522.75495620695,
    "max_drawdown": -0.5615873673095948,
    "mwrr": 0.10061741110993605,
    "sharpe": 0.37687241288954065,
    "sortino": 0.5233638096109104,
    "std": 0.17541969013819708,
    "ulcer_index": 14.090868942350525,
    "upi": 0.46919251426718783,
    "us_allocation": 82
}