{
    "beta": 0.7222990830295579,
    "cagr": 0.06754456120749674,
    "end_val": 115200.46333507387,
    "max_drawdown": -0.6063064810331511,
    "mwrr": 0.06754456120749674,
    "sharpe": 0.19625608108391185,
    "sortino": 0.27512742876942753,
    "std": 0.18134752674028862,
    "ulcer_index": 16.87984617158796,
    "upi": 0.210856084776055,
    "us_allocation": 12
}