{
    "beta": 0.7726536939810313,
    "cagr": 0.0772240849090795,
    "end_val": 161450.2043962924,
    "max_drawdown": -0.5942253506426597,
    "mwrr": 0.0772240849090795,
    "sharpe": 0.25634563049517084,
    "sortino": 0.35866160010682935,
    "std": 0.1740593960201754,
    "ulcer_index": 15.603140307251694,
    "upi": 0.2859775045022728,
    "us_allocation": 31
}