{
    "beta": 0.9236735839198341,
    "cagr": 0.10312720879653203,
    "end_val": 392575.38393859507,
    "max_drawdown": -0.5586817259363117,
    "mwrr": 0.10312720879653203,
    "sharpe": 0.38523550415878505,
    "sortino": 0.5346644150654737,
    "std": 0.1775266092989384,
    "ulcer_index": 14.059385399213294,
    "upi": 0.4864504860507523,
    "us_allocation": 88
}