{
    "beta": 0.7037173716139878,
    "cagr": 0.06384245430289703,
    "end_val": 101166.9713020249,
    "max_drawdown": -0.6107095692650826,
    "mwrr": 0.06384245430289703,
    "sharpe": 0.17356009719986232,
    "sortino": 0.24344520452916116,
    "std": 0.18504097419278207,
    "ulcer_index": 17.48327608477041,
    "upi": 0.18370219299466772,
    "us_allocation": 5
}