{
    "beta": 0.9396264158801744,
    "cagr": 0.10558667639224062,
    "end_val": 426668.0353138326,
    "max_drawdown": -0.555783945098622,
    "mwrr": 0.10558667639224062,
    "sharpe": 0.3923068045143489,
    "sortino": 0.5442339883387887,
    "std": 0.18000597437124308,
    "ulcer_index": 14.050290788481878,
    "upi": 0.502622205788319,
    "us_allocation": 94
}