{
    "beta": 0.8679633678512708,
    "cagr": 0.09412165219019264,
    "end_val": 288936.60511150234,
    "max_drawdown": -0.5707895881800367,
    "mwrr": 0.09412165219019264,
    "sharpe": 0.3501987070419785,
    "sortino": 0.4872500452866156,
    "std": 0.17187124862366432,
    "ulcer_index": 14.332475278583619,
    "upi": 0.41996666144373884,
    "us_allocation": 67
}