{
    "beta": 0.8070682032668985,
    "cagr": 0.08354130406325955,
    "end_val": 200907.6268799092,
    "max_drawdown": -0.5858467641097079,
    "mwrr": 0.08354130406325955,
    "sharpe": 0.2942939943583035,
    "sortino": 0.41098497207046547,
    "std": 0.17148982167196034,
    "ulcer_index": 15.035308967069163,
    "upi": 0.33568164990486427,
    "us_allocation": 44
}