{
    "beta": 0.7169920599391325,
    "cagr": 0.0664943606767805,
    "end_val": 111037.68171163289,
    "max_drawdown": -0.607567096061398,
    "mwrr": 0.0664943606767805,
    "sharpe": 0.18977899303280674,
    "sortino": 0.2660922577690312,
    "std": 0.1823492203389482,
    "ulcer_index": 17.04543226109366,
    "upi": 0.2030316590197183,
    "us_allocation": 10
}