{
    "beta": 0.7594113104592127,
    "cagr": 0.07472864402847623,
    "end_val": 148038.48853057655,
    "max_drawdown": -0.5974232826411547,
    "mwrr": 0.07472864402847623,
    "sharpe": 0.24091568021387505,
    "sortino": 0.337269367616124,
    "std": 0.1755777841581294,
    "ulcer_index": 15.883905525639578,
    "upi": 0.26631631835540714,
    "us_allocation": 26
}