{
    "beta": 0.9369662378662502,
    "cagr": 0.10518025438234302,
    "end_val": 420842.0527086668,
    "max_drawdown": -0.5562663532460604,
    "mwrr": 0.10518025438234302,
    "sharpe": 0.39121626444030755,
    "sortino": 0.5427563164229444,
    "std": 0.179567518967614,
    "ulcer_index": 14.050823019893516,
    "upi": 0.4999853870086864,
    "us_allocation": 93
}