{
    "beta": 0.88916751283306,
    "cagr": 0.09762549460086012,
    "end_val": 325631.39590301475,
    "max_drawdown": -0.5654799272129043,
    "mwrr": 0.09762549460086012,
    "sharpe": 0.36544943958305093,
    "sortino": 0.5079199196948284,
    "std": 0.17345118832435832,
    "ulcer_index": 14.167707171230106,
    "upi": 0.44742701571277066,
    "us_allocation": 75
}