{
    "beta": 0.7779494237394662,
    "cagr": 0.07821199166278081,
    "end_val": 167080.23579707454,
    "max_drawdown": -0.5929423824109951,
    "mwrr": 0.07821199166278081,
    "sharpe": 0.26240592816875513,
    "sortino": 0.36704783289486237,
    "std": 0.17353384347967793,
    "ulcer_index": 15.499787372637915,
    "upi": 0.29380053223792985,
    "us_allocation": 33
}