{
    "beta": 0.8918194382855551,
    "cagr": 0.0980571286883476,
    "end_val": 330454.15658188803,
    "max_drawdown": -0.5648135252080556,
    "mwrr": 0.0980571286883476,
    "sharpe": 0.36719161815129103,
    "sortino": 0.5102772725569886,
    "std": 0.17369939656335143,
    "ulcer_index": 14.151497339912373,
    "upi": 0.45071885706831794,
    "us_allocation": 76
}