{
    "beta": 0.8838646722369186,
    "cagr": 0.09675800120241629,
    "end_val": 316144.96947445103,
    "max_drawdown": -0.5668109262421438,
    "mwrr": 0.09675800120241629,
    "sharpe": 0.36185502235724126,
    "sortino": 0.5030536070413032,
    "std": 0.17298828044952533,
    "ulcer_index": 14.202814074956152,
    "upi": 0.44075206649544535,
    "us_allocation": 73
}