{
    "beta": 0.8229492648618456,
    "cagr": 0.08637439897907861,
    "end_val": 221514.75374330493,
    "max_drawdown": -0.5819479937326749,
    "mwrr": 0.08637439897907861,
    "sharpe": 0.31044288533718783,
    "sortino": 0.4331075495370049,
    "std": 0.17098329419151045,
    "ulcer_index": 14.82066317243324,
    "upi": 0.3581686949646497,
    "us_allocation": 50
}