{
    "beta": 0.8626650212494552,
    "cagr": 0.09323155344259026,
    "end_val": 280275.82448589994,
    "max_drawdown": -0.5721110687455652,
    "mwrr": 0.09323155344259026,
    "sharpe": 0.3460264767063549,
    "sortino": 0.4815854669050449,
    "std": 0.17159069244921715,
    "ulcer_index": 14.381700204967178,
    "upi": 0.4128680823461071,
    "us_allocation": 65
}