{
    "beta": 0.7567622207393022,
    "cagr": 0.07422514033318395,
    "end_val": 145467.04107843182,
    "max_drawdown": -0.5980612520271184,
    "mwrr": 0.07422514033318395,
    "sharpe": 0.23778758925304747,
    "sortino": 0.3329261719539091,
    "std": 0.1759162495126755,
    "ulcer_index": 15.945158989715123,
    "upi": 0.26235340741297314,
    "us_allocation": 25
}