{
    "beta": 0.9476104785186311,
    "cagr": 0.10679757861185069,
    "end_val": 444495.2868570356,
    "max_drawdown": -0.5543380722033063,
    "mwrr": 0.10679757861185069,
    "sharpe": 0.39537143696718463,
    "sortino": 0.5483919617829324,
    "std": 0.18138059182171454,
    "ulcer_index": 14.05091230735836,
    "upi": 0.5103936952317162,
    "us_allocation": 97
}