{
    "beta": 0.8494228294881833,
    "cagr": 0.0909814739182051,
    "end_val": 259493.53454179113,
    "max_drawdown": -0.5754045083565652,
    "mwrr": 0.0909814739182051,
    "sharpe": 0.3349863786016242,
    "sortino": 0.46657915657791593,
    "std": 0.1710930758100867,
    "ulcer_index": 14.513716485083213,
    "upi": 0.39491167453755555,
    "us_allocation": 60
}