{
    "beta": 0.9130485748212168,
    "cagr": 0.10145961165451078,
    "end_val": 370983.64018387295,
    "max_drawdown": -0.5606179604571228,
    "mwrr": 0.10145961165451078,
    "sharpe": 0.37980567275434407,
    "sortino": 0.5273269320601294,
    "std": 0.17607971226088037,
    "ulcer_index": 14.078162596550195,
    "upi": 0.47505144319245135,
    "us_allocation": 84
}