{
    "beta": 0.7805970707520569,
    "cagr": 0.07870375135086882,
    "end_val": 169953.5261975386,
    "max_drawdown": -0.5923000801419198,
    "mwrr": 0.07870375135086882,
    "sharpe": 0.265409277764716,
    "sortino": 0.3712000430290252,
    "std": 0.1732887166027587,
    "ulcer_index": 15.44980178782243,
    "upi": 0.2977035112051109,
    "us_allocation": 34
}