{
    "beta": 0.8441271778839392,
    "cagr": 0.09007148560245959,
    "end_val": 251521.57618224729,
    "max_drawdown": -0.5767178086554066,
    "mwrr": 0.09007148560245959,
    "sharpe": 0.3303330694168605,
    "sortino": 0.4602457733515966,
    "std": 0.1709762208510142,
    "ulcer_index": 14.570455680510337,
    "upi": 0.3876447027481508,
    "us_allocation": 58
}