{
    "beta": 0.8255962134926467,
    "cagr": 0.08684154721538961,
    "end_val": 225104.6088108329,
    "max_drawdown": -0.5812962204096103,
    "mwrr": 0.08684154721538961,
    "sharpe": 0.3130360664201305,
    "sortino": 0.4366525002266205,
    "std": 0.17094071295526705,
    "ulcer_index": 14.787123392845599,
    "upi": 0.3618895088289939,
    "us_allocation": 51
}