{
    "beta": 0.7488135263827533,
    "cagr": 0.07270576504840465,
    "end_val": 137968.16163456743,
    "max_drawdown": -0.5999719475064258,
    "mwrr": 0.07270576504840465,
    "sharpe": 0.2283320746077202,
    "sortino": 0.31978860491621064,
    "std": 0.17700053418228448,
    "ulcer_index": 16.138855653381075,
    "upi": 0.2504315849091872,
    "us_allocation": 22
}