{
    "beta": 0.80177448551594,
    "cagr": 0.08258539828173617,
    "end_val": 194385.22303436065,
    "max_drawdown": -0.5871418636175266,
    "mwrr": 0.08258539828173617,
    "sharpe": 0.2887004300163556,
    "sortino": 0.4033028808034061,
    "std": 0.1717543087677313,
    "ulcer_index": 15.111657535833686,
    "upi": 0.3281430894608926,
    "us_allocation": 42
}