{
    "beta": 0.7355602881358784,
    "cagr": 0.07014381041844997,
    "end_val": 126167.28380934184,
    "max_drawdown": -0.6031458011580232,
    "mwrr": 0.07014381041844997,
    "sharpe": 0.21237812608219525,
    "sortino": 0.2975928797008791,
    "std": 0.1790347121909177,
    "ulcer_index": 16.485186079372863,
    "upi": 0.23066054401819938,
    "us_allocation": 17
}