{
    "beta": 0.9556001110628143,
    "cagr": 0.10799594617731056,
    "end_val": 462850.8393444407,
    "max_drawdown": -0.5528942487106137,
    "mwrr": 0.10799594617731056,
    "sharpe": 0.39813125872710425,
    "sortino": 0.5521447299056818,
    "std": 0.1828425425005218,
    "ulcer_index": 14.059635147660941,
    "upi": 0.5177769188444589,
    "us_allocation": 100
}