{
    "beta": 0.7620601810833328,
    "cagr": 0.07523067346396872,
    "end_val": 150646.4315068265,
    "max_drawdown": -0.5967847758404203,
    "mwrr": 0.07523067346396872,
    "sharpe": 0.24403069917334186,
    "sortino": 0.34159239773558586,
    "std": 0.17525086638031953,
    "ulcer_index": 15.825665241226622,
    "upi": 0.2702483946454625,
    "us_allocation": 27
}