{
    "beta": 0.8097150282901603,
    "cagr": 0.0840170894419463,
    "end_val": 204232.94470197443,
    "max_drawdown": -0.5851983755855108,
    "mwrr": 0.0840170894419463,
    "sharpe": 0.29705280679622637,
    "sortino": 0.41477014342939666,
    "std": 0.17137550478773603,
    "ulcer_index": 14.998022687958992,
    "upi": 0.33944433367451293,
    "us_allocation": 45
}