{
    "beta": 0.8123618457219053,
    "cagr": 0.08449143176431062,
    "end_val": 207601.47602148994,
    "max_drawdown": -0.5845494261709449,
    "mwrr": 0.08449143176431062,
    "sharpe": 0.29978547940870287,
    "sortino": 0.4185169046171666,
    "std": 0.17127314533852417,
    "ulcer_index": 14.961284249413668,
    "upi": 0.34320302230050476,
    "us_allocation": 46
}