{
    "beta": 0.902430791224948,
    "cagr": 0.09976960133634671,
    "end_val": 350282.35908939224,
    "max_drawdown": -0.5626228478425417,
    "mwrr": 0.09976960133634671,
    "sharpe": 0.37379255662150696,
    "sortino": 0.519202223364241,
    "std": 0.17480263832912094,
    "ulcer_index": 14.107407175031698,
    "upi": 0.46317797275333433,
    "us_allocation": 80
}