{
    "beta": 0.9529362591928722,
    "cagr": 0.10759788222631528,
    "end_val": 456673.29050837166,
    "max_drawdown": -0.5533752937366777,
    "mwrr": 0.10759788222631528,
    "sharpe": 0.3972447098069102,
    "sortino": 0.5509382530985872,
    "std": 0.18234564543583098,
    "ulcer_index": 14.054102229921012,
    "upi": 0.5154229943865474,
    "us_allocation": 99
}