{
    "beta": 0.7090285250221452,
    "cagr": 0.06490775465665011,
    "end_val": 105024.99905206866,
    "max_drawdown": -0.6094541283660769,
    "mwrr": 0.06490775465665011,
    "sharpe": 0.18004908443921414,
    "sortino": 0.2525098086042346,
    "std": 0.18393241459579515,
    "ulcer_index": 17.30249595450962,
    "upi": 0.19140794177459197,
    "us_allocation": 7
}