{
    "beta": 0.8467749277759608,
    "cagr": 0.09052719209256055,
    "end_val": 255483.53407755395,
    "max_drawdown": -0.5760614482393049,
    "mwrr": 0.09052719209256055,
    "sharpe": 0.3326763205181841,
    "sortino": 0.46343571836107694,
    "std": 0.17102874886283892,
    "ulcer_index": 14.541826709308946,
    "upi": 0.3912831703114581,
    "us_allocation": 59
}