{
    "beta": 0.7753016351809462,
    "cagr": 0.07771877008323491,
    "end_val": 164245.91325738904,
    "max_drawdown": -0.5935841388381241,
    "mwrr": 0.07771877008323491,
    "sharpe": 0.2593844747717178,
    "sortino": 0.3628679947033807,
    "std": 0.17379074577635475,
    "ulcer_index": 15.550922431738318,
    "upi": 0.28989115487985145,
    "us_allocation": 32
}