{
    "beta": 0.6904313807824614,
    "cagr": 0.06115259762396508,
    "end_val": 92029.15190002552,
    "max_drawdown": -0.6138392027560157,
    "mwrr": 0.06115259762396508,
    "sharpe": 0.157363098952681,
    "sortino": 0.2208003234591401,
    "std": 0.18799474271648936,
    "ulcer_index": 17.965674627951795,
    "upi": 0.1646736130358674,
    "us_allocation": 0
}