{
    "beta": 0.9335444473766505,
    "cagr": 0.10435858056624991,
    "end_val": 370646.7005628601,
    "max_drawdown": -0.5591654596191127,
    "mwrr": 0.10435858056624991,
    "sharpe": 0.4025740410549808,
    "sortino": 0.5639294429219252,
    "std": 0.17460852119293493,
    "ulcer_index": 13.875336198831839,
    "upi": 0.5066140824213152,
    "us_allocation": 87
}