{
    "beta": 0.82242296080244,
    "cagr": 0.0792132227011133,
    "end_val": 160292.73243769415,
    "max_drawdown": -0.589080338122221,
    "mwrr": 0.0792132227011133,
    "sharpe": 0.27530666031405227,
    "sortino": 0.385216144721041,
    "std": 0.17161834150278085,
    "ulcer_index": 15.306826681397396,
    "upi": 0.3086848588762385,
    "us_allocation": 39
}