{
    "beta": 0.9449927598178699,
    "cagr": 0.10681153787688213,
    "end_val": 401817.1505639123,
    "max_drawdown": -0.5567489849087953,
    "mwrr": 0.10681153787688213,
    "sharpe": 0.41140855452423764,
    "sortino": 0.5765748710237084,
    "std": 0.17625534440277627,
    "ulcer_index": 13.821719068701036,
    "upi": 0.5246405892958733,
    "us_allocation": 92
}