{
    "beta": 0.8411111382130037,
    "cagr": 0.0836086326923029,
    "end_val": 185847.5790475054,
    "max_drawdown": -0.5838999145764117,
    "mwrr": 0.0836086326923029,
    "sharpe": 0.3011165504313006,
    "sortino": 0.42126317158222165,
    "std": 0.1704130770190024,
    "ulcer_index": 14.970502618361095,
    "upi": 0.34278347692373273,
    "us_allocation": 47
}