{
    "beta": 0.7421185393585691,
    "cagr": 0.05958370216991926,
    "end_val": 82182.49084053072,
    "max_drawdown": -0.6107095692650822,
    "mwrr": 0.05958370216991926,
    "sharpe": 0.15663163476655478,
    "sortino": 0.21928975571231937,
    "std": 0.18440443550742464,
    "ulcer_index": 17.65620904525347,
    "upi": 0.16359738940646307,
    "us_allocation": 5
}