{
    "beta": 0.8829031495756287,
    "cagr": 0.09319642483144075,
    "end_val": 256089.68386626555,
    "max_drawdown": -0.5721110687455652,
    "mwrr": 0.09319642483144075,
    "sharpe": 0.3531939224434059,
    "sortino": 0.4941437108653281,
    "std": 0.17024080115976353,
    "ulcer_index": 14.347040486437425,
    "upi": 0.41911141238507665,
    "us_allocation": 65
}