{
    "beta": 0.8852150665365804,
    "cagr": 0.09371696917919903,
    "end_val": 260565.25704382703,
    "max_drawdown": -0.5714506230588098,
    "mwrr": 0.09371696917919903,
    "sharpe": 0.35579986956143633,
    "sortino": 0.49780436486328006,
    "std": 0.1703326631424976,
    "ulcer_index": 14.317159505395693,
    "upi": 0.4233129548439567,
    "us_allocation": 66
}