{
    "beta": 0.9404160035047825,
    "cagr": 0.1058340519103107,
    "end_val": 389101.8660838073,
    "max_drawdown": -0.5577149146189498,
    "mwrr": 0.1058340519103107,
    "sharpe": 0.40798107991030236,
    "sortino": 0.5716589431051895,
    "std": 0.17556904897341982,
    "ulcer_index": 13.841906495142908,
    "upi": 0.5174887316711267,
    "us_allocation": 90
}