{
    "beta": 0.7373465354429911,
    "cagr": 0.05837999146001782,
    "end_val": 78852.1114023343,
    "max_drawdown": -0.6119629558416392,
    "mwrr": 0.05837999146001782,
    "sharpe": 0.14955408456775132,
    "sortino": 0.20938620446227213,
    "std": 0.18552793555898692,
    "ulcer_index": 17.847398369271094,
    "upi": 0.15547325411478582,
    "us_allocation": 3
}