{
    "beta": 0.9358358299590552,
    "cagr": 0.10485163825823651,
    "end_val": 376717.0819766543,
    "max_drawdown": -0.5586817259363117,
    "mwrr": 0.10485163825823651,
    "sharpe": 0.4044119451924848,
    "sortino": 0.5665536128426018,
    "std": 0.17491942121679221,
    "ulcer_index": 13.863620860099969,
    "upi": 0.5102636803886286,
    "us_allocation": 88
}