{
    "beta": 0.7966036539106192,
    "cagr": 0.07303233303053536,
    "end_val": 130055.94865482545,
    "max_drawdown": -0.5961457304363663,
    "mwrr": 0.07303233303053536,
    "sharpe": 0.2379475824700593,
    "sortino": 0.333004899414109,
    "std": 0.17441372866719768,
    "ulcer_index": 15.883297468429593,
    "upi": 0.2613020576510896,
    "us_allocation": 28
}