{
    "beta": 0.8550801641987696,
    "cagr": 0.08685071286883983,
    "end_val": 207193.53677198265,
    "max_drawdown": -0.5799909663015481,
    "mwrr": 0.08685071286883983,
    "sharpe": 0.3194920726018444,
    "sortino": 0.44693960809844446,
    "std": 0.1699672880874174,
    "ulcer_index": 14.74248200268783,
    "upi": 0.36835992875569007,
    "us_allocation": 53
}