{
    "beta": 0.8317761988188664,
    "cagr": 0.08142135333270173,
    "end_val": 172671.39170647835,
    "max_drawdown": -0.5864945930275569,
    "mwrr": 0.08142135333270173,
    "sharpe": 0.2883818916759266,
    "sortino": 0.4034780940777702,
    "std": 0.17092832550548442,
    "ulcer_index": 15.134124667188221,
    "upi": 0.32571978640642446,
    "us_allocation": 43
}