{
    "beta": 0.7871778904322837,
    "cagr": 0.07074488223620357,
    "end_val": 120337.22342387028,
    "max_drawdown": -0.5986986851818186,
    "mwrr": 0.07074488223620357,
    "sharpe": 0.22398577020407065,
    "sortino": 0.31348698853109036,
    "std": 0.1757537668456907,
    "ulcer_index": 16.136507441817333,
    "upi": 0.24397058754893558,
    "us_allocation": 24
}