{
    "beta": 0.9564199996561503,
    "cagr": 0.10923375512371503,
    "end_val": 435092.0501787079,
    "max_drawdown": -0.5543380722033063,
    "mwrr": 0.10923375512371503,
    "sharpe": 0.4193638273757086,
    "sortino": 0.5880446638359248,
    "std": 0.17812798807741484,
    "ulcer_index": 13.775710362758135,
    "upi": 0.5422708324945478,
    "us_allocation": 97
}