{
    "beta": 0.784818277488481,
    "cagr": 0.07016966980232597,
    "end_val": 118006.70801309505,
    "max_drawdown": -0.5993355832837515,
    "mwrr": 0.07016966980232597,
    "sharpe": 0.22047333795759855,
    "sortino": 0.3085764694651068,
    "std": 0.1761154308012003,
    "ulcer_index": 16.20374323061126,
    "upi": 0.23964047417152803,
    "us_allocation": 23
}