{
    "beta": 0.7540238170474993,
    "cagr": 0.06256873315863976,
    "end_val": 91042.55510533792,
    "max_drawdown": -0.6075670960613982,
    "mwrr": 0.06256873315863976,
    "sharpe": 0.17438497166481484,
    "sortino": 0.2441273585617946,
    "std": 0.1817696254817429,
    "ulcer_index": 17.20688213704848,
    "upi": 0.18422604821709332,
    "us_allocation": 10
}