{
    "beta": 0.9013709269981454,
    "cagr": 0.09732546451898294,
    "end_val": 293750.5893336723,
    "max_drawdown": -0.566810926242144,
    "mwrr": 0.09732546451898294,
    "sharpe": 0.37310341185652207,
    "sortino": 0.5221606401006954,
    "std": 0.17126647384142132,
    "ulcer_index": 14.121604145389515,
    "upi": 0.45251249385466613,
    "us_allocation": 73
}