{
    "beta": 0.8713284022595345,
    "cagr": 0.09057468574059757,
    "end_val": 234660.78683158665,
    "max_drawdown": -0.5754045083565646,
    "mwrr": 0.09057468574059757,
    "sharpe": 0.33968246577512873,
    "sortino": 0.47519263047220733,
    "std": 0.16993979601900308,
    "ulcer_index": 14.50304733886343,
    "upi": 0.3980384489157292,
    "us_allocation": 60
}