{
    "beta": 0.8060094609551529,
    "cagr": 0.07529844977389533,
    "end_val": 140434.89736429683,
    "max_drawdown": -0.5935841388381244,
    "mwrr": 0.07529844977389533,
    "sharpe": 0.2517348831279243,
    "sortino": 0.3522773158586605,
    "std": 0.17324550318617693,
    "ulcer_index": 15.651889202602772,
    "upi": 0.27865039752661935,
    "us_allocation": 32
}