{
    "beta": 0.8107050226710018,
    "cagr": 0.07642355027858283,
    "end_val": 145882.85644058627,
    "max_drawdown": -0.5923000801419199,
    "mwrr": 0.07642355027858283,
    "sharpe": 0.258548929538328,
    "sortino": 0.36180120050089853,
    "std": 0.17272625327679356,
    "ulcer_index": 15.543664879245304,
    "upi": 0.28732172887591795,
    "us_allocation": 34
}