{
    "beta": 0.8643711997929091,
    "cagr": 0.08898637167777834,
    "end_val": 222537.9731107956,
    "max_drawdown": -0.5773735909698461,
    "mwrr": 0.08898637167777834,
    "sharpe": 0.3312043322553387,
    "sortino": 0.46332111883092847,
    "std": 0.16988701302731257,
    "ulcer_index": 14.60264368075922,
    "upi": 0.3853376301134106,
    "us_allocation": 57
}