{
    "beta": 0.7468848583170564,
    "cagr": 0.06078186060357682,
    "end_val": 85633.19449808502,
    "max_drawdown": -0.6094541283660772,
    "mwrr": 0.06078186060357682,
    "sharpe": 0.16372501704845283,
    "sortino": 0.22921454250001458,
    "std": 0.18332051041578795,
    "ulcer_index": 17.470812587641333,
    "upi": 0.17180505669385968,
    "us_allocation": 7
}