{
    "beta": 0.7989569587531294,
    "cagr": 0.07360085692496576,
    "end_val": 132587.4414687658,
    "max_drawdown": -0.5955061452353797,
    "mwrr": 0.07360085692496576,
    "sharpe": 0.24141253728775597,
    "sortino": 0.3378484579519218,
    "std": 0.17410550622545645,
    "ulcer_index": 15.823639701644588,
    "upi": 0.2656362645647007,
    "us_allocation": 29
}