{
    "beta": 0.8364459291499381,
    "cagr": 0.08251759193708907,
    "end_val": 179157.36314211244,
    "max_drawdown": -0.585198375585511,
    "mwrr": 0.08251759193708907,
    "sharpe": 0.29479438447979145,
    "sortino": 0.41243338388502154,
    "std": 0.17064885868508414,
    "ulcer_index": 15.05130114940495,
    "upi": 0.33424708345206894,
    "us_allocation": 45
}