{
    "beta": 0.8805902300296364,
    "cagr": 0.0926746147260955,
    "end_val": 251678.29723933263,
    "max_drawdown": -0.5727709266481508,
    "mwrr": 0.0926746147260955,
    "sharpe": 0.35055537880784915,
    "sortino": 0.4904392503093624,
    "std": 0.17015944550424608,
    "ulcer_index": 14.377422699117254,
    "upi": 0.41490323463703155,
    "us_allocation": 64
}