{
    "beta": 0.758776201651278,
    "cagr": 0.06375310116367827,
    "end_val": 94809.58064693952,
    "max_drawdown": -0.6063064810331511,
    "mwrr": 0.06375310116367827,
    "sharpe": 0.1814980487925759,
    "sortino": 0.25407682729275893,
    "std": 0.1807862204783352,
    "ulcer_index": 17.036701519316384,
    "upi": 0.19260809810998522,
    "us_allocation": 12
}