{
    "beta": 0.9495661446109626,
    "cagr": 0.10778410552381446,
    "end_val": 414869.1326107335,
    "max_drawdown": -0.5557839450986231,
    "mwrr": 0.10778410552381446,
    "sharpe": 0.41469525524392353,
    "sortino": 0.5813026107000885,
    "std": 0.1769777751992335,
    "ulcer_index": 13.802547988041624,
    "upi": 0.5317363847504869,
    "us_allocation": 94
}