{
    "beta": 0.7301777287342729,
    "cagr": 0.05656396846310496,
    "end_val": 74074.64650521449,
    "max_drawdown": -0.6138392027560153,
    "mwrr": 0.05656396846310496,
    "sharpe": 0.13897676215866117,
    "sortino": 0.194584433212764,
    "std": 0.18728656540155522,
    "ulcer_index": 18.15027966305826,
    "upi": 0.14341300089502138,
    "us_allocation": 0
}