{
    "beta": 0.8177393452299253,
    "cagr": 0.07810130005294758,
    "end_val": 154390.4961728893,
    "max_drawdown": -0.5903698860108442,
    "mwrr": 0.07810130005294758,
    "sharpe": 0.26865461248340555,
    "sortino": 0.37592284103449386,
    "std": 0.172028835613513,
    "ulcer_index": 15.396546808088157,
    "upi": 0.3001874971948242,
    "us_allocation": 37
}