{
    "beta": 0.9151815233622811,
    "cagr": 0.10036953502684653,
    "end_val": 324911.2014066661,
    "max_drawdown": -0.5631509113623566,
    "mwrr": 0.10036953502684653,
    "sharpe": 0.3865860232949407,
    "sortino": 0.5412103514741141,
    "std": 0.17246355264677468,
    "ulcer_index": 13.992449932957038,
    "upi": 0.4764982087387749,
    "us_allocation": 79
}