{
    "beta": 0.857404524203723,
    "cagr": 0.0873865511521581,
    "end_val": 210943.84482433775,
    "max_drawdown": -0.5793374828633048,
    "mwrr": 0.0873865511521581,
    "sharpe": 0.32246238443932757,
    "sortino": 0.4510924318972462,
    "std": 0.16993101005177833,
    "ulcer_index": 14.70669495037488,
    "upi": 0.37260953658013785,
    "us_allocation": 54
}