{
    "beta": 0.9105817273653005,
    "cagr": 0.09935984225973349,
    "end_val": 314235.10012863006,
    "max_drawdown": -0.5642071746721872,
    "mwrr": 0.09935984225973349,
    "sharpe": 0.38223277851173104,
    "sortino": 0.535051293756187,
    "std": 0.17202457363139592,
    "ulcer_index": 14.027890743488664,
    "upi": 0.46874656077212995,
    "us_allocation": 77
}