{
    "beta": 0.8271018939422841,
    "cagr": 0.0803199019782792,
    "end_val": 166384.784694375,
    "max_drawdown": -0.5877885771525642,
    "mwrr": 0.0803199019782792,
    "sharpe": 0.2818842213241319,
    "sortino": 0.39440368674363846,
    "std": 0.17125149109419682,
    "ulcer_index": 15.219371426737032,
    "upi": 0.3171963406798096,
    "us_allocation": 41
}