{
    "beta": 0.7658945522129863,
    "cagr": 0.06551938244685296,
    "end_val": 100710.51791097548,
    "max_drawdown": -0.6044116459856976,
    "mwrr": 0.06551938244685296,
    "sharpe": 0.19216515037555174,
    "sortino": 0.26899554400810555,
    "std": 0.17938773944910816,
    "ulcer_index": 16.789616010846654,
    "upi": 0.20532850433905994,
    "us_allocation": 15
}