{
    "beta": 0.8481005899214532,
    "cagr": 0.08523547979429669,
    "end_val": 196276.70796174387,
    "max_drawdown": -0.581947993732675,
    "mwrr": 0.08523547979429669,
    "sharpe": 0.310419565019245,
    "sortino": 0.4342597034791109,
    "std": 0.17014121581982125,
    "ulcer_index": 14.853888573175938,
    "upi": 0.35557941088231965,
    "us_allocation": 50
}