{
    "beta": 0.8736453940662905,
    "cagr": 0.0911015744078505,
    "end_val": 238822.3324217819,
    "max_drawdown": -0.5747469876361855,
    "mwrr": 0.0911015744078505,
    "sharpe": 0.3424477376392076,
    "sortino": 0.4790676864926275,
    "std": 0.16997877541817594,
    "ulcer_index": 14.470979675501688,
    "upi": 0.4022600555697942,
    "us_allocation": 61
}