{
    "beta": 0.8921448633126475,
    "cagr": 0.09527102283721245,
    "end_val": 274384.09489318397,
    "max_drawdown": -0.5694657451836979,
    "mwrr": 0.09527102283721245,
    "sharpe": 0.3634189255533031,
    "sortino": 0.5085179018595523,
    "std": 0.17067089711894456,
    "ulcer_index": 14.23023657124721,
    "upi": 0.4358819503471123,
    "us_allocation": 69
}