{
    "beta": 0.8341116324625611,
    "cagr": 0.08197012329101727,
    "end_val": 175889.15351132865,
    "max_drawdown": -0.5858467641097082,
    "mwrr": 0.08197012329101727,
    "sharpe": 0.2915991105656868,
    "sortino": 0.4079710042693603,
    "std": 0.1707831299502319,
    "ulcer_index": 15.092465784354141,
    "upi": 0.32998197390243894,
    "us_allocation": 44
}