{
    "beta": 0.7564006962607861,
    "cagr": 0.06316160352251443,
    "end_val": 92909.68498241837,
    "max_drawdown": -0.6069370486355958,
    "mwrr": 0.06316160352251443,
    "sharpe": 0.17794126564083518,
    "sortino": 0.2491018894634443,
    "std": 0.18127284233373078,
    "ulcer_index": 17.12126709400875,
    "upi": 0.18840669505968094,
    "us_allocation": 11
}