{
    "beta": 0.9541362033762015,
    "cagr": 0.10875176400996134,
    "end_val": 428264.0422745841,
    "max_drawdown": -0.5548198035287276,
    "mwrr": 0.10875176400996134,
    "sharpe": 0.41784228636501136,
    "sortino": 0.5858435875533038,
    "std": 0.17773579970351486,
    "ulcer_index": 13.784394135743177,
    "upi": 0.5387744344700228,
    "us_allocation": 96
}