{
    "beta": 0.9059782111129829,
    "cagr": 0.09834515575080305,
    "end_val": 303850.1877714642,
    "max_drawdown": -0.5654799272129045,
    "mwrr": 0.09834515575080305,
    "sharpe": 0.37773821238482747,
    "sortino": 0.5287010188128161,
    "std": 0.17162540672912718,
    "ulcer_index": 14.072391959855645,
    "upi": 0.46069884142548917,
    "us_allocation": 75
}