{
    "beta": 0.9312521932402068,
    "cagr": 0.1038642873459541,
    "end_val": 364656.63649263384,
    "max_drawdown": -0.5596494106152847,
    "mwrr": 0.1038642873459541,
    "sharpe": 0.4007004946613883,
    "sortino": 0.5612574448028651,
    "std": 0.17430698282150375,
    "ulcer_index": 13.888339452816474,
    "upi": 0.5029145039850302,
    "us_allocation": 86
}