{
    "beta": 0.9518515869122207,
    "cagr": 0.1082685478475951,
    "end_val": 421523.33090170816,
    "max_drawdown": -0.5553017615105055,
    "mwrr": 0.1082685478475951,
    "sharpe": 0.41628615231745886,
    "sortino": 0.5835963209307027,
    "std": 0.17735237242272622,
    "ulcer_index": 13.793350972182937,
    "upi": 0.5352624563245286,
    "us_allocation": 95
}