{
    "beta": 0.9174800410660162,
    "cagr": 0.10087251212797277,
    "end_val": 330360.2975283826,
    "max_drawdown": -0.5626228478425414,
    "mwrr": 0.10087251212797277,
    "sharpe": 0.38870938973704333,
    "sortino": 0.5442179846938331,
    "std": 0.17269783469568156,
    "ulcer_index": 13.975684888988033,
    "upi": 0.4803415264031793,
    "us_allocation": 80
}