{
    "beta": 0.8782763017275527,
    "cagr": 0.09215153732495551,
    "end_val": 247330.40284383093,
    "max_drawdown": -0.5734301981681881,
    "mwrr": 0.09215153732495551,
    "sharpe": 0.34788458657535665,
    "sortino": 0.48669144060429703,
    "std": 0.17008863285786938,
    "ulcer_index": 14.408191956176031,
    "upi": 0.4106921347658536,
    "us_allocation": 63
}