{
    "beta": 0.8990658570369957,
    "cagr": 0.0968137386390655,
    "end_val": 288805.9610057947,
    "max_drawdown": -0.5674755261909357,
    "mwrr": 0.0968137386390655,
    "sharpe": 0.3707338435276574,
    "sortino": 0.5188197778565381,
    "std": 0.1711022215871858,
    "ulcer_index": 14.14782585219028,
    "upi": 0.4483750626994585,
    "us_allocation": 72
}