{
    "beta": 0.7800951941614092,
    "cagr": 0.06901520967818131,
    "end_val": 113461.03620154987,
    "max_drawdown": -0.6006077790183908,
    "mwrr": 0.06901520967818131,
    "sharpe": 0.2134269826386289,
    "sortino": 0.2987251560440817,
    "std": 0.17687054004502256,
    "ulcer_index": 16.341292442351598,
    "upi": 0.23101524002044588,
    "us_allocation": 21
}