{
    "beta": 0.8944528312364879,
    "cagr": 0.09578651924152881,
    "end_val": 279123.43157796894,
    "max_drawdown": -0.5688029342189881,
    "mwrr": 0.09578651924152881,
    "sharpe": 0.3658913722184915,
    "sortino": 0.5119979985852392,
    "std": 0.17080438695602532,
    "ulcer_index": 14.202022392713475,
    "upi": 0.44006289557339645,
    "us_allocation": 70
}