{
    "beta": 0.859727812546385,
    "cagr": 0.08792110592318281,
    "end_val": 214750.9163581202,
    "max_drawdown": -0.5786834267237289,
    "mwrr": 0.08792110592318281,
    "sharpe": 0.3254048725951088,
    "sortino": 0.4552073389990561,
    "std": 0.16990555186198808,
    "ulcer_index": 14.671387984812501,
    "upi": 0.37685784735194616,
    "us_allocation": 55
}