{
    "beta": 0.9472798708060745,
    "cagr": 0.10729843591304444,
    "end_val": 408300.66575242043,
    "max_drawdown": -0.55626635324606,
    "mwrr": 0.10729843591304444,
    "sharpe": 0.41306943756453834,
    "sortino": 0.5789621841549916,
    "std": 0.17661207652930933,
    "ulcer_index": 13.812006731061999,
    "upi": 0.528195588777229,
    "us_allocation": 93
}