{
    "beta": 0.7325687819573489,
    "cagr": 0.057170707302020674,
    "end_val": 75638.61714301155,
    "max_drawdown": -0.6132142967465789,
    "mwrr": 0.057170707302020674,
    "sharpe": 0.1424966488979725,
    "sortino": 0.19951028393326548,
    "std": 0.18669063515433598,
    "ulcer_index": 18.045753882459454,
    "upi": 0.14742637364527583,
    "us_allocation": 1
}