{
    "beta": 0.7516455562170243,
    "cagr": 0.0619744875702235,
    "end_val": 89207.73220530884,
    "max_drawdown": -0.6081966244215836,
    "mwrr": 0.0619744875702235,
    "sharpe": 0.1708297710494607,
    "sortino": 0.23915407564217,
    "std": 0.18227652705931577,
    "ulcer_index": 17.293700970197058,
    "upi": 0.180064975498539,
    "us_allocation": 9
}