{
    "beta": 0.7895362273027213,
    "cagr": 0.07131875257053477,
    "end_val": 122706.88062719507,
    "max_drawdown": -0.5980612520271184,
    "mwrr": 0.07131875257053477,
    "sharpe": 0.2274901120241064,
    "sortino": 0.3183861037943836,
    "std": 0.1754027367896974,
    "ulcer_index": 16.07024916792406,
    "upi": 0.24831224011809933,
    "us_allocation": 25
}