{
    "beta": 0.808357847780342,
    "cagr": 0.07586166144991613,
    "end_val": 143136.8737901474,
    "max_drawdown": -0.5929423824109954,
    "mwrr": 0.07586166144991613,
    "sharpe": 0.2551491297584772,
    "sortino": 0.35704950766723487,
    "std": 0.17298045769292789,
    "ulcer_index": 15.597214858864445,
    "upi": 0.28298603901758007,
    "us_allocation": 33
}