{
    "beta": 0.8666913114122694,
    "cagr": 0.08951708599684416,
    "end_val": 226519.28019444627,
    "max_drawdown": -0.5767178086554064,
    "mwrr": 0.08951708599684416,
    "sharpe": 0.3340603192897825,
    "sortino": 0.4673187734338703,
    "std": 0.16989388707471081,
    "ulcer_index": 14.569001319976467,
    "upi": 0.3895734645368255,
    "us_allocation": 58
}