{
    "beta": 0.9289590617703394,
    "cagr": 0.10336875736756856,
    "end_val": 358746.12549371785,
    "max_drawdown": -0.5601335779014462,
    "mwrr": 0.10336875736756856,
    "sharpe": 0.3987912619920782,
    "sortino": 0.5585375020025126,
    "std": 0.17401486944583933,
    "ulcer_index": 13.901623903632665,
    "upi": 0.4992022416778882,
    "us_allocation": 85
}