{
    "beta": 0.9587029813924317,
    "cagr": 0.10971452228893996,
    "end_val": 442008.13977568847,
    "max_drawdown": -0.553856568587272,
    "mwrr": 0.10971452228893996,
    "sharpe": 0.42085095733065897,
    "sortino": 0.5901996611159476,
    "std": 0.17852886815048907,
    "ulcer_index": 13.76729126927321,
    "upi": 0.5457517640441846,
    "us_allocation": 98
}