{
    "beta": 0.7445024054472594,
    "cagr": 0.060183474112274205,
    "end_val": 83892.58444149952,
    "max_drawdown": -0.6100821061493751,
    "mwrr": 0.060183474112274205,
    "sharpe": 0.16017662157743182,
    "sortino": 0.22424990288746977,
    "std": 0.18385750295120043,
    "ulcer_index": 17.563020244964797,
    "upi": 0.16768887576142086,
    "us_allocation": 6
}