{
    "beta": 0.7918932953607277,
    "cagr": 0.07189128302039105,
    "end_val": 125116.2019110783,
    "max_drawdown": -0.5974232826411549,
    "mwrr": 0.07189128302039105,
    "sharpe": 0.23098566363492098,
    "sortino": 0.32327278016046085,
    "std": 0.1750623691513404,
    "ulcer_index": 16.00560086663977,
    "upi": 0.2526548230677782,
    "us_allocation": 26
}