{
    "beta": 0.9128820874312144,
    "cagr": 0.09986531218340833,
    "end_val": 319536.3829928933,
    "max_drawdown": -0.5636790205278206,
    "mwrr": 0.09986531218340833,
    "sharpe": 0.3844271226480448,
    "sortino": 0.538154767516547,
    "std": 0.17223911373970352,
    "ulcer_index": 14.009590759084917,
    "upi": 0.4726418340436667,
    "us_allocation": 78
}