{
    "beta": 0.9427048059531132,
    "cagr": 0.10632341026404468,
    "end_val": 395417.80925350694,
    "max_drawdown": -0.5572318390457836,
    "mwrr": 0.10632341026404468,
    "sharpe": 0.40971247460183,
    "sortino": 0.5741404959336127,
    "std": 0.17590764626413888,
    "ulcer_index": 13.831689981792026,
    "upi": 0.5210714048179607,
    "us_allocation": 91
}