{
    "beta": 0.7942491018326346,
    "cagr": 0.07246247578152931,
    "end_val": 127565.71412020773,
    "max_drawdown": -0.5967847758404203,
    "mwrr": 0.07246247578152931,
    "sharpe": 0.23447172221009532,
    "sortino": 0.3281460303796787,
    "std": 0.1747326911488592,
    "ulcer_index": 15.943976323196734,
    "upi": 0.25697427092630054,
    "us_allocation": 27
}