{
    "beta": 0.8434420638006328,
    "cagr": 0.08415220845954519,
    "end_val": 189270.82279018353,
    "max_drawdown": -0.5832498395067021,
    "mwrr": 0.08415220845954519,
    "sharpe": 0.3042421942440698,
    "sortino": 0.42562923955889076,
    "std": 0.1703115562548548,
    "ulcer_index": 14.930942318645904,
    "upi": 0.34705225864086836,
    "us_allocation": 48
}