{
    "beta": 0.9220743453374113,
    "cagr": 0.10187473438630534,
    "end_val": 341484.30645108817,
    "max_drawdown": -0.5615873673095947,
    "mwrr": 0.10187473438630534,
    "sharpe": 0.39284924555063366,
    "sortino": 0.5500895173280418,
    "std": 0.17319570014530042,
    "ulcer_index": 13.943699209113277,
    "upi": 0.48797304967637845,
    "us_allocation": 82
}