{
    "beta": 0.8036598551993795,
    "cagr": 0.07473391318603095,
    "end_val": 137776.36850037455,
    "max_drawdown": -0.5942253506426599,
    "mwrr": 0.07473391318603095,
    "sharpe": 0.24830689656106375,
    "sortino": 0.3474856877524123,
    "std": 0.17352137252021635,
    "ulcer_index": 15.707619974389454,
    "upi": 0.2743168950477635,
    "us_allocation": 31
}