{
    "beta": 0.9266650471724964,
    "cagr": 0.10287198938802078,
    "end_val": 352914.4058148938,
    "max_drawdown": -0.5606179604571224,
    "mwrr": 0.10287198938802078,
    "sharpe": 0.3968463148611352,
    "sortino": 0.5557694340766118,
    "std": 0.1737322435864282,
    "ulcer_index": 13.915207630909096,
    "upi": 0.49547689290377306,
    "us_allocation": 84
}