{
    "beta": 0.7753669185251837,
    "cagr": 0.06785535408559196,
    "end_val": 109065.77801365076,
    "max_drawdown": -0.6018778485597519,
    "mwrr": 0.06785535408559196,
    "sharpe": 0.2063565618476254,
    "sortino": 0.28883965921111426,
    "std": 0.17766781169764195,
    "ulcer_index": 16.482407690526845,
    "upi": 0.22244812303222394,
    "us_allocation": 19
}