{
    "beta": 0.9036750430249115,
    "cagr": 0.09783593642031563,
    "end_val": 298765.0894989182,
    "max_drawdown": -0.566145727069109,
    "mwrr": 0.09783593642031563,
    "sharpe": 0.37543826206226505,
    "sortino": 0.5254544843000535,
    "std": 0.1714408854286134,
    "ulcer_index": 14.096263259753082,
    "upi": 0.4566271366297635,
    "us_allocation": 74
}