{
    "beta": 0.8387790955270176,
    "cagr": 0.08306376112505864,
    "end_val": 182476.63279981655,
    "max_drawdown": -0.5845494261709452,
    "mwrr": 0.08306376112505864,
    "sharpe": 0.29796707421666,
    "sortino": 0.4168643134666001,
    "std": 0.17052550914388506,
    "ulcer_index": 15.01064050530966,
    "upi": 0.33851452331735776,
    "us_allocation": 46
}