{
    "beta": 0.938126346751853,
    "cagr": 0.10534346163846364,
    "end_val": 382868.5474533374,
    "max_drawdown": -0.558198210593182,
    "mwrr": 0.10534346163846364,
    "sharpe": 0.40621426658955906,
    "sortino": 0.5691300388575342,
    "std": 0.17523961876675564,
    "ulcer_index": 13.852631730624225,
    "upi": 0.5138830096294354,
    "us_allocation": 89
}