{
    "beta": 0.8690103768009484,
    "cagr": 0.09004652347479825,
    "end_val": 230559.99442473787,
    "max_drawdown": -0.5760614482393055,
    "mwrr": 0.09004652347479825,
    "sharpe": 0.3368865145072518,
    "sortino": 0.47127613686936953,
    "std": 0.16991149037550238,
    "ulcer_index": 14.535792836682784,
    "upi": 0.3938074600996982,
    "us_allocation": 59
}