{
    "beta": 0.8527547261147698,
    "cagr": 0.08631358936611666,
    "end_val": 203499.34155914444,
    "max_drawdown": -0.580643878373809,
    "mwrr": 0.08631358936611666,
    "sharpe": 0.31649446700077727,
    "sortino": 0.44274940186992784,
    "std": 0.17001440429705222,
    "ulcer_index": 14.779048706895418,
    "upi": 0.3641020430693336,
    "us_allocation": 52
}