{
    "beta": 0.8013090234852985,
    "cagr": 0.07416804960349066,
    "end_val": 135160.73306668023,
    "max_drawdown": -0.5948660190387535,
    "mwrr": 0.07416804960349066,
    "sharpe": 0.2448658783052881,
    "sortino": 0.3426757122596708,
    "std": 0.17380804694527618,
    "ulcer_index": 15.764989016214052,
    "upi": 0.26997638924303247,
    "us_allocation": 30
}