{
    "beta": 0.7777317090792877,
    "cagr": 0.0684359574598632,
    "end_val": 111244.8580068918,
    "max_drawdown": -0.6012430789832638,
    "mwrr": 0.0684359574598632,
    "sharpe": 0.20989443878066522,
    "sortino": 0.29378622163751883,
    "std": 0.17726392210946185,
    "ulcer_index": 16.4113583560169,
    "upi": 0.22672480836884062,
    "us_allocation": 20
}