{
    "beta": 0.850428203510799,
    "cagr": 0.08577517892095421,
    "end_val": 199860.6127137859,
    "max_drawdown": -0.5812962204096098,
    "mwrr": 0.08577517892095421,
    "sharpe": 0.31347011181958195,
    "sortino": 0.4385225061726935,
    "std": 0.17007237526373076,
    "ulcer_index": 14.81619263479987,
    "upi": 0.35984150514505114,
    "us_allocation": 51
}