{
    "beta": 0.9197776464330528,
    "cagr": 0.10137424481096136,
    "end_val": 335884.4165135337,
    "max_drawdown": -0.562094830637267,
    "mwrr": 0.10137424481096136,
    "sharpe": 0.3907971489823617,
    "sortino": 0.5471776989495113,
    "std": 0.17294190313266436,
    "ulcer_index": 13.959223891809321,
    "upi": 0.48417393878833453,
    "us_allocation": 81
}