{
    "beta": 0.7635231219352876,
    "cagr": 0.06493198817756984,
    "end_val": 98709.52705158209,
    "max_drawdown": -0.6050437808309186,
    "mwrr": 0.06493198817756984,
    "sharpe": 0.1886106185138972,
    "sortino": 0.2640245275018079,
    "std": 0.17984362818717484,
    "ulcer_index": 16.870812460799424,
    "upi": 0.20107027486190882,
    "us_allocation": 14
}