{
    "beta": 0.9632665237323575,
    "cagr": 0.1106723891108532,
    "end_val": 456107.7127177036,
    "max_drawdown": -0.5528942487106144,
    "mwrr": 0.1106723891108532,
    "sharpe": 0.42372276939834347,
    "sortino": 0.5943720730647118,
    "std": 0.17935642389565787,
    "ulcer_index": 13.756149165417627,
    "upi": 0.5524694422346851,
    "us_allocation": 100
}