{
    "beta": 0.7682646394372908,
    "cagr": 0.06610541378688106,
    "end_val": 102746.15481268145,
    "max_drawdown": -0.6037789864729173,
    "mwrr": 0.06610541378688106,
    "sharpe": 0.19571766273399835,
    "sortino": 0.27396347683019306,
    "std": 0.17894217532058312,
    "ulcer_index": 16.709488654117113,
    "upi": 0.2096052397658648,
    "us_allocation": 16
}