{
    "beta": 0.9082804372398952,
    "cagr": 0.09885312390407663,
    "end_val": 309006.613714613,
    "max_drawdown": -0.5648135252080557,
    "mwrr": 0.09885312390407663,
    "sharpe": 0.38000309951827016,
    "sortino": 0.531899993287568,
    "std": 0.171819986844273,
    "ulcer_index": 14.049006218573906,
    "upi": 0.46475868399284426,
    "us_allocation": 76
}