{
    "beta": 0.8247630092801367,
    "cagr": 0.07976721678905285,
    "end_val": 163314.7370618714,
    "max_drawdown": -0.5884347349001298,
    "mwrr": 0.07976721678905285,
    "sharpe": 0.27860509190698807,
    "sortino": 0.3898235859165072,
    "std": 0.17142945763439682,
    "ulcer_index": 15.262841648568124,
    "upi": 0.3129385162128742,
    "us_allocation": 40
}