{
    "beta": 0.8875259870629596,
    "cagr": 0.09423624929275665,
    "end_val": 265105.7148303545,
    "max_drawdown": -0.5707895881800364,
    "mwrr": 0.09423624929275665,
    "sharpe": 0.35837289038096715,
    "sortino": 0.5014206687722594,
    "std": 0.17043499321910283,
    "ulcer_index": 14.287803947789854,
    "upi": 0.42750667714005947,
    "us_allocation": 67
}