{
    "beta": 0.8759613584774613,
    "cagr": 0.09162719107490869,
    "end_val": 243045.31014254809,
    "max_drawdown": -0.5740888847011099,
    "mwrr": 0.09162719107490869,
    "sharpe": 0.3451819116351347,
    "sortino": 0.482900773391007,
    "std": 0.17002839832674993,
    "ulcer_index": 14.439378336901195,
    "upi": 0.4064776004557558,
    "us_allocation": 62
}