{
    "beta": 0.8967598271273669,
    "cagr": 0.09630075735864096,
    "end_val": 283930.48159373883,
    "max_drawdown": -0.5681395283679026,
    "mwrr": 0.09630075735864096,
    "sharpe": 0.368329757361359,
    "sortino": 0.5154320922893757,
    "std": 0.1709481769722057,
    "ulcer_index": 14.174441887895512,
    "upi": 0.4442309653713715,
    "us_allocation": 71
}