{
    "beta": 0.7397332520417668,
    "cagr": 0.05898254216416898,
    "end_val": 80502.47718823973,
    "max_drawdown": -0.6113365188013069,
    "mwrr": 0.05898254216416898,
    "sharpe": 0.15309060875898767,
    "sortino": 0.2143349179918854,
    "std": 0.18496126193860934,
    "ulcer_index": 17.75035383728739,
    "upi": 0.15953108480218292,
    "us_allocation": 4
}