{
    "beta": 0.8620500356196586,
    "cagr": 0.08845437887320218,
    "end_val": 218615.40615594867,
    "max_drawdown": -0.5780287965416108,
    "mwrr": 0.08845437887320218,
    "sharpe": 0.3283190218758608,
    "sortino": 0.4592837665167063,
    "std": 0.16989089345209193,
    "ulcer_index": 14.63670906632934,
    "upi": 0.38110060520313627,
    "us_allocation": 56
}