{
    "beta": 0.7824573811753434,
    "cagr": 0.06959311303436677,
    "end_val": 115714.8166638361,
    "max_drawdown": -0.5999719475064257,
    "mwrr": 0.06959311303436677,
    "sharpe": 0.21695351144443278,
    "sortino": 0.30365554247787374,
    "std": 0.17648769887245727,
    "ulcer_index": 16.2720840315136,
    "upi": 0.23532066636465296,
    "us_allocation": 22
}