{
    "beta": 0.9609851542127492,
    "cagr": 0.11019406659305253,
    "end_val": 449013.0978499506,
    "max_drawdown": -0.5533752937366775,
    "mwrr": 0.11019406659305253,
    "sharpe": 0.42230386977642176,
    "sortino": 0.592308701868427,
    "std": 0.17893837013679212,
    "ulcer_index": 13.760035444088269,
    "upi": 0.5491811523288929,
    "us_allocation": 99
}