{
    "beta": 0.8153957644770919,
    "cagr": 0.0775433675608801,
    "end_val": 151509.0976765774,
    "max_drawdown": -0.5910138331743321,
    "mwrr": 0.0775433675608801,
    "sharpe": 0.2653023715073216,
    "sortino": 0.3712388620453895,
    "std": 0.17225042889862716,
    "ulcer_index": 15.442215303186671,
    "upi": 0.2959459229164926,
    "us_allocation": 36
}