{
    "beta": 0.8294396215456711,
    "cagr": 0.08087128019112466,
    "end_val": 169503.46990772156,
    "max_drawdown": -0.587141863617526,
    "mwrr": 0.08087128019112466,
    "sharpe": 0.2851433762484282,
    "sortino": 0.39895547911882684,
    "std": 0.17108444618368399,
    "ulcer_index": 15.176444991123233,
    "upi": 0.32145734675544035,
    "us_allocation": 42
}