{
    "beta": 0.7730008150584449,
    "cagr": 0.0672733972414783,
    "end_val": 106923.29670592064,
    "max_drawdown": -0.6025120889016816,
    "mwrr": 0.0672733972414783,
    "sharpe": 0.2028140280380735,
    "sortino": 0.28388641617533084,
    "std": 0.17808217431960235,
    "ulcer_index": 16.55429694508177,
    "upi": 0.2181876330761059,
    "us_allocation": 18
}