{
    "beta": 0.8130509925919402,
    "cagr": 0.07698411830617236,
    "end_val": 148673.40850203775,
    "max_drawdown": -0.5916572308063133,
    "mwrr": 0.07698411830617236,
    "sharpe": 0.2619335775436548,
    "sortino": 0.3665313233689589,
    "std": 0.17248290563455812,
    "ulcer_index": 15.491643589742697,
    "upi": 0.29164893790877544,
    "us_allocation": 35
}