{
    "beta": 0.7706333912010801,
    "cagr": 0.06669008459340797,
    "end_val": 104816.91911452413,
    "max_drawdown": -0.6031458011580235,
    "mwrr": 0.06669008459340797,
    "sharpe": 0.19926750727576234,
    "sortino": 0.2789274040789847,
    "std": 0.17850697440092944,
    "ulcer_index": 16.630469214685277,
    "upi": 0.21389945263426774,
    "us_allocation": 17
}