{
    "beta": 0.9243701436367266,
    "cagr": 0.102373982150882,
    "end_val": 347160.71829843515,
    "max_drawdown": -0.5611025572647359,
    "mwrr": 0.102373982150882,
    "sharpe": 0.3948656412372955,
    "sortino": 0.5529534227277382,
    "std": 0.173459166901093,
    "ulcer_index": 13.929231402611133,
    "upi": 0.4917337462480042,
    "us_allocation": 83
}