{
    "beta": 0.8898359172849364,
    "cagr": 0.09475426668076281,
    "end_val": 269711.7589791836,
    "max_drawdown": -0.5701279626951341,
    "mwrr": 0.09475426668076281,
    "sharpe": 0.3609126734083265,
    "sortino": 0.5049920144400065,
    "std": 0.17054775163051938,
    "ulcer_index": 14.258833047811347,
    "upi": 0.43169635178877735,
    "us_allocation": 68
}