{
    "beta": 0.845771878856514,
    "cagr": 0.08469449023096298,
    "end_val": 192746.989253561,
    "max_drawdown": -0.5825991996609641,
    "mwrr": 0.08469449023096298,
    "sharpe": 0.3073433978339462,
    "sortino": 0.4299616840672744,
    "std": 0.17022093904314775,
    "ulcer_index": 14.892103975021255,
    "upi": 0.3513169894920357,
    "us_allocation": 49
}