{
    "beta": 0.7611503409720335,
    "cagr": 0.06434322856240238,
    "end_val": 96742.70540180858,
    "max_drawdown": -0.6056753921383798,
    "mwrr": 0.06434322856240238,
    "sharpe": 0.185054707393677,
    "sortino": 0.259051323059609,
    "std": 0.18030980200439234,
    "ulcer_index": 16.95314242005715,
    "upi": 0.19683031532233905,
    "us_allocation": 13
}