{
    "beta": 0.7349583814631518,
    "cagr": 0.05777604739960518,
    "end_val": 77230.9658118055,
    "max_drawdown": -0.6125888814651843,
    "mwrr": 0.05777604739960518,
    "sharpe": 0.14602259188244457,
    "sortino": 0.20444442400972274,
    "std": 0.18610440918120313,
    "ulcer_index": 17.946097132608546,
    "upi": 0.15143620759544552,
    "us_allocation": 2
}