{
    "beta": 0.7492659059331024,
    "cagr": 0.061378864233698094,
    "end_val": 87404.76195467211,
    "max_drawdown": -0.6088256348225479,
    "mwrr": 0.061378864233698094,
    "sharpe": 0.1672762581197857,
    "sortino": 0.23418287043817615,
    "std": 0.18279350346851023,
    "ulcer_index": 17.381621689429238,
    "upi": 0.17592505137854525,
    "us_allocation": 8
}