{
    "beta": 0.820081741723818,
    "cagr": 0.07865791777478859,
    "end_val": 157318.180696273,
    "max_drawdown": -0.5897253880754046,
    "mwrr": 0.07865791777478859,
    "sharpe": 0.27198960551719426,
    "sortino": 0.38058226923099425,
    "std": 0.17181813671367646,
    "ulcer_index": 15.351403847192097,
    "upi": 0.3044342018138672,
    "us_allocation": 38
}