{
    "beta": 0.9050605911469941,
    "cagr": 0.09466102351819816,
    "end_val": 245397.79886824364,
    "max_drawdown": -0.5668109262421438,
    "mwrr": 0.09466102351819816,
    "sharpe": 0.3632971425971311,
    "sortino": 0.5082818086837296,
    "std": 0.17213865750686844,
    "ulcer_index": 14.311385645042684,
    "upi": 0.4369939409990149,
    "us_allocation": 73
}