{
    "beta": 0.948277452864549,
    "cagr": 0.1048738424504716,
    "end_val": 340859.6384107506,
    "max_drawdown": -0.556748984908796,
    "mwrr": 0.1048738424504716,
    "sharpe": 0.4053796827769249,
    "sortino": 0.5682168840801645,
    "std": 0.17719000462717735,
    "ulcer_index": 14.009097321141192,
    "upi": 0.5127446077855818,
    "us_allocation": 92
}