{
    "beta": 0.8082308273042114,
    "cagr": 0.07048324880170775,
    "end_val": 111340.67169056882,
    "max_drawdown": -0.5942253506426605,
    "mwrr": 0.07048324880170775,
    "sharpe": 0.23120599517531543,
    "sortino": 0.32305519734489313,
    "std": 0.1738391194539914,
    "ulcer_index": 15.908072043346033,
    "upi": 0.2526726175175188,
    "us_allocation": 31
}