{
    "beta": 0.7519479443255795,
    "cagr": 0.05563822944642305,
    "end_val": 67929.47404050414,
    "max_drawdown": -0.6094541283660777,
    "mwrr": 0.05563822944642305,
    "sharpe": 0.14318992545374307,
    "sortino": 0.20004096780681566,
    "std": 0.1831364173916226,
    "ulcer_index": 17.688470448872316,
    "upi": 0.14826185026907981,
    "us_allocation": 7
}