{
    "beta": 0.7495857725060172,
    "cagr": 0.055002859759525125,
    "end_val": 66497.6510657321,
    "max_drawdown": -0.6100821061493751,
    "mwrr": 0.055002859759525125,
    "sharpe": 0.13950943552271963,
    "sortino": 0.1948983290062538,
    "std": 0.18365099460010573,
    "ulcer_index": 17.7816747724632,
    "upi": 0.1440976157387003,
    "us_allocation": 6
}