{
    "beta": 0.7731443524975554,
    "cagr": 0.06129544631550221,
    "end_val": 82071.28694061529,
    "max_drawdown": -0.6037789864729174,
    "mwrr": 0.06129544631550221,
    "sharpe": 0.17641080186995284,
    "sortino": 0.2464615663839233,
    "std": 0.1789556360822769,
    "ulcer_index": 16.91922934932331,
    "upi": 0.18660427939712484,
    "us_allocation": 16
}