{
    "beta": 0.8291470528997111,
    "cagr": 0.0758540031775663,
    "end_val": 132910.61493842897,
    "max_drawdown": -0.5884347349001295,
    "mwrr": 0.0758540031775663,
    "sharpe": 0.26292633323152076,
    "sortino": 0.3674150920610496,
    "std": 0.17190829096417246,
    "ulcer_index": 15.459929539411558,
    "upi": 0.2923818703810438,
    "us_allocation": 40
}