{
    "beta": 0.8614955731465799,
    "cagr": 0.08400096334125084,
    "end_val": 173575.8108000573,
    "max_drawdown": -0.5793374828633042,
    "mwrr": 0.08400096334125084,
    "sharpe": 0.3091496297562548,
    "sortino": 0.4321035902049673,
    "std": 0.17061825319261942,
    "ulcer_index": 14.900135517781294,
    "upi": 0.3540194057997515,
    "us_allocation": 54
}