{
    "beta": 0.7918934009830348,
    "cagr": 0.06623271904563688,
    "end_val": 96719.69133933852,
    "max_drawdown": -0.598698685181819,
    "mwrr": 0.06623271904563688,
    "sharpe": 0.2058303836316626,
    "sortino": 0.28757800167313463,
    "std": 0.17593427674219125,
    "ulcer_index": 16.340738941227535,
    "upi": 0.2216249737883627,
    "us_allocation": 24
}