{
    "beta": 0.8476589939981507,
    "cagr": 0.08054009802043693,
    "end_val": 155006.0406977503,
    "max_drawdown": -0.5832498395067024,
    "mwrr": 0.08054009802043693,
    "sharpe": 0.2898922186145509,
    "sortino": 0.405135761847269,
    "std": 0.1709163577933754,
    "ulcer_index": 15.125812559072912,
    "upi": 0.3275867600601752,
    "us_allocation": 48
}