{
    "beta": 0.7848724076494161,
    "cagr": 0.06439123740861774,
    "end_val": 90981.19153836455,
    "max_drawdown": -0.6006077790183918,
    "mwrr": 0.06439123740861774,
    "sharpe": 0.19483315667257317,
    "sortino": 0.2722068649191125,
    "std": 0.17698954389705698,
    "ulcer_index": 16.547444460924307,
    "upi": 0.20840612267845354,
    "us_allocation": 21
}