{
    "beta": 0.8453490041754319,
    "cagr": 0.07995882608637639,
    "end_val": 152082.6774880602,
    "max_drawdown": -0.5838999145764121,
    "mwrr": 0.07995882608637639,
    "sharpe": 0.2865970974740681,
    "sortino": 0.4005244452069253,
    "std": 0.1710031033295036,
    "ulcer_index": 15.165632145671212,
    "upi": 0.32317697873587814,
    "us_allocation": 47
}