{
    "beta": 0.7825294567796053,
    "cagr": 0.06377475071274796,
    "end_val": 89135.06001288745,
    "max_drawdown": -0.6012430789832635,
    "mwrr": 0.06377475071274796,
    "sharpe": 0.19115624205054554,
    "sortino": 0.2670680321435228,
    "std": 0.1773621057966201,
    "ulcer_index": 16.618175904171046,
    "upi": 0.2040314178571805,
    "us_allocation": 20
}