{
    "beta": 0.7942311373043935,
    "cagr": 0.06684389415015657,
    "end_val": 98700.85927801298,
    "max_drawdown": -0.5980612520271184,
    "mwrr": 0.06684389415015657,
    "sharpe": 0.2094826567103024,
    "sortino": 0.29268343224804266,
    "std": 0.17560341203207172,
    "ulcer_index": 16.27386885069038,
    "upi": 0.2260583142969536,
    "us_allocation": 25
}