{
    "beta": 0.8729961894465923,
    "cagr": 0.08685015265126705,
    "end_val": 190470.19839236545,
    "max_drawdown": -0.5760614482393049,
    "mwrr": 0.08685015265126705,
    "sharpe": 0.32446458970251835,
    "sortino": 0.4535831839249297,
    "std": 0.17065893506625254,
    "ulcer_index": 14.728179402385749,
    "upi": 0.37598346330392374,
    "us_allocation": 59
}