{
    "beta": 0.7965675886234178,
    "cagr": 0.06745374683977179,
    "end_val": 100717.0239454241,
    "max_drawdown": -0.5974232826411543,
    "mwrr": 0.06745374683977179,
    "sharpe": 0.21312703701745336,
    "sortino": 0.29777804517916423,
    "std": 0.175283032180652,
    "ulcer_index": 16.208632796621075,
    "upi": 0.2304953331069334,
    "us_allocation": 26
}