{
    "beta": 0.9528080305809071,
    "cagr": 0.10592322388666342,
    "end_val": 352503.8854898213,
    "max_drawdown": -0.5557839450986227,
    "mwrr": 0.10592322388666342,
    "sharpe": 0.4090738119252554,
    "sortino": 0.5735391601420605,
    "std": 0.17791197047178994,
    "ulcer_index": 13.989508863400264,
    "upi": 0.5202519941268388,
    "us_allocation": 94
}