{
    "beta": 0.8175390318446315,
    "cagr": 0.07288326160294134,
    "end_val": 120522.48806543366,
    "max_drawdown": -0.5916572308063135,
    "mwrr": 0.07288326160294134,
    "sharpe": 0.24545537896285574,
    "sortino": 0.3429822000854286,
    "std": 0.17287457108955945,
    "ulcer_index": 15.69034800129187,
    "upi": 0.2704576955655048,
    "us_allocation": 35
}