{
    "beta": 0.8337819680142445,
    "cagr": 0.07703324207275197,
    "end_val": 138163.78436017234,
    "max_drawdown": -0.5871418636175261,
    "mwrr": 0.07703324207275197,
    "sharpe": 0.2697910404667093,
    "sortino": 0.3770154463803758,
    "std": 0.17159639314057473,
    "ulcer_index": 15.372944962216907,
    "upi": 0.30116543870178325,
    "us_allocation": 42
}