{
    "beta": 0.8384122269247402,
    "cagr": 0.07820732775013473,
    "end_val": 143594.20231308945,
    "max_drawdown": -0.5858467641097085,
    "mwrr": 0.07820732775013473,
    "sharpe": 0.27657703396082334,
    "sortino": 0.3865063637627467,
    "std": 0.17132713265215002,
    "ulcer_index": 15.288402695356229,
    "upi": 0.3099603469652053,
    "us_allocation": 44
}