{
    "beta": 0.83146509591157,
    "cagr": 0.07644426770737289,
    "end_val": 135515.33970624616,
    "max_drawdown": -0.5877885771525639,
    "mwrr": 0.07644426770737289,
    "sharpe": 0.2663681959796221,
    "sortino": 0.3722285560590008,
    "std": 0.17174701121266955,
    "ulcer_index": 15.41616268276539,
    "upi": 0.2967714094871649,
    "us_allocation": 41
}