{
    "beta": 0.766091343342565,
    "cagr": 0.059421877760800434,
    "end_val": 77097.2452560581,
    "max_drawdown": -0.6056753921383797,
    "mwrr": 0.059421877760800434,
    "sharpe": 0.16533056415010428,
    "sortino": 0.23097814551819523,
    "std": 0.18025836178108604,
    "ulcer_index": 17.165369573976946,
    "upi": 0.17363104529981116,
    "us_allocation": 13
}