{
    "beta": 0.9187436536663348,
    "cagr": 0.09793400102448557,
    "end_val": 272739.9889719309,
    "max_drawdown": -0.5631509113623577,
    "mwrr": 0.09793400102448557,
    "sharpe": 0.37794941409785227,
    "sortino": 0.5290405689504526,
    "std": 0.17336875595540396,
    "ulcer_index": 14.181519057814498,
    "upi": 0.46205784913962294,
    "us_allocation": 79
}