{
    "beta": 0.9392060412736062,
    "cagr": 0.10276049236628126,
    "end_val": 318532.70838545496,
    "max_drawdown": -0.5586817259363112,
    "mwrr": 0.10276049236628126,
    "sharpe": 0.3975722131555938,
    "sortino": 0.5570111186883022,
    "std": 0.17585106837547343,
    "ulcer_index": 14.051663108291141,
    "upi": 0.49755917980870407,
    "us_allocation": 88
}