{
    "beta": 0.7590259453078023,
    "cagr": 0.05753616075032686,
    "end_val": 72387.21839247101,
    "max_drawdown": -0.6075670960613968,
    "mwrr": 0.05753616075032686,
    "sharpe": 0.154251418703109,
    "sortino": 0.2154969999503095,
    "std": 0.1816522850740015,
    "ulcer_index": 17.421747286852664,
    "upi": 0.16084612112044244,
    "us_allocation": 10
}