{
    "beta": 0.8936315879625152,
    "cagr": 0.09189949598334857,
    "end_val": 224416.51280104916,
    "max_drawdown": -0.5701279626951342,
    "mwrr": 0.09189949598334857,
    "sharpe": 0.35015275390892747,
    "sortino": 0.48972144158468267,
    "std": 0.1713829820596776,
    "ulcer_index": 14.449495657051944,
    "upi": 0.415327796370215,
    "us_allocation": 68
}