{
    "beta": 0.9437434719328996,
    "cagr": 0.10381960162256187,
    "end_val": 329538.17813813844,
    "max_drawdown": -0.5577149146189507,
    "mwrr": 0.10381960162256187,
    "sharpe": 0.4015460350938362,
    "sortino": 0.5627078298996844,
    "std": 0.1765028646054909,
    "ulcer_index": 14.029690428411028,
    "upi": 0.5051841968034828,
    "us_allocation": 90
}