{
    "beta": 0.7566680226459158,
    "cagr": 0.05690487742749828,
    "end_val": 70873.84018773733,
    "max_drawdown": -0.6081966244215837,
    "mwrr": 0.05690487742749828,
    "sharpe": 0.1505614968048743,
    "sortino": 0.21034110075854,
    "std": 0.18213702332066828,
    "ulcer_index": 17.50947936350982,
    "upi": 0.1566286784320663,
    "us_allocation": 9
}