{
    "beta": 0.84303788420994,
    "cagr": 0.07937627491938226,
    "end_val": 149206.66120842547,
    "max_drawdown": -0.5845494261709449,
    "mwrr": 0.07937627491938226,
    "sharpe": 0.2832791128666131,
    "sortino": 0.3958819378904917,
    "std": 0.17110047453886623,
    "ulcer_index": 15.206034762035399,
    "upi": 0.31876837324986,
    "us_allocation": 46
}