{
    "beta": 0.8821777170034959,
    "cagr": 0.08910682975330286,
    "end_val": 204975.19505002475,
    "max_drawdown": -0.5734301981681886,
    "mwrr": 0.08910682975330286,
    "sharpe": 0.3361922794949039,
    "sortino": 0.47006128693593063,
    "std": 0.17087842263704148,
    "ulcer_index": 14.599799038275936,
    "upi": 0.39350316653357165,
    "us_allocation": 63
}