{
    "beta": 0.914186407150038,
    "cagr": 0.09684794443013556,
    "end_val": 263354.3322290107,
    "max_drawdown": -0.5642071746721871,
    "mwrr": 0.09684794443013556,
    "sharpe": 0.3732034424959697,
    "sortino": 0.522307443611594,
    "std": 0.17292014533648994,
    "ulcer_index": 14.21710662833983,
    "upi": 0.45393671772541194,
    "us_allocation": 77
}