{
    "beta": 0.9278470646770659,
    "cagr": 0.10009135865410479,
    "end_val": 292357.55741725315,
    "max_drawdown": -0.5611025572647357,
    "mwrr": 0.10009135865410479,
    "sharpe": 0.38702214482106534,
    "sortino": 0.5419432083216864,
    "std": 0.17437952111794713,
    "ulcer_index": 14.117903487007236,
    "upi": 0.4780510477760148,
    "us_allocation": 83
}