{
    "beta": 0.8545822494517875,
    "cagr": 0.08227625597726229,
    "end_val": 164066.4753945754,
    "max_drawdown": -0.5812962204096096,
    "mwrr": 0.08227625597726229,
    "sharpe": 0.29963438723903,
    "sortino": 0.41877431519882863,
    "std": 0.17071974988708555,
    "ulcer_index": 15.010324530622418,
    "upi": 0.3408076384215306,
    "us_allocation": 51
}