{
    "beta": 0.7448571228074329,
    "cagr": 0.053728016254965816,
    "end_val": 63712.67362957731,
    "max_drawdown": -0.6113365188013057,
    "mwrr": 0.053728016254965816,
    "sharpe": 0.1321618679644708,
    "sortino": 0.1846318972211132,
    "std": 0.18470970781372006,
    "ulcer_index": 17.971046622781707,
    "upi": 0.1358486225569392,
    "us_allocation": 4
}