{
    "beta": 0.8683991424084694,
    "cagr": 0.08571426553838912,
    "end_val": 183551.62306486064,
    "max_drawdown": -0.5773735909698463,
    "mwrr": 0.08571426553838912,
    "sharpe": 0.31842321531370926,
    "sortino": 0.4451053557420374,
    "std": 0.1706113314822435,
    "ulcer_index": 14.795440741659066,
    "upi": 0.36720349530244095,
    "us_allocation": 57
}