{
    "beta": 0.8360976760731347,
    "cagr": 0.07762092813795074,
    "end_val": 140856.539786988,
    "max_drawdown": -0.586494593027557,
    "mwrr": 0.07762092813795074,
    "sharpe": 0.27319420459580984,
    "sortino": 0.3817748943612149,
    "std": 0.171456434806054,
    "ulcer_index": 15.330339629075082,
    "upi": 0.30556228929081725,
    "us_allocation": 43
}