{
    "beta": 0.8959193531834033,
    "cagr": 0.09245428681602808,
    "end_val": 228486.62772024958,
    "max_drawdown": -0.5694657451836976,
    "mwrr": 0.09245428681602808,
    "sharpe": 0.35284809019565466,
    "sortino": 0.4935232024919558,
    "std": 0.1715142013666592,
    "ulcer_index": 14.420715510181275,
    "upi": 0.41968084433637953,
    "us_allocation": 69
}