{
    "beta": 0.7543086916712618,
    "cagr": 0.056272234493965234,
    "end_val": 69388.0653771339,
    "max_drawdown": -0.6088256348225476,
    "mwrr": 0.056272234493965234,
    "sharpe": 0.1468741374363068,
    "sortino": 0.20518882577797606,
    "std": 0.1826317470796623,
    "ulcer_index": 17.598330065136786,
    "upi": 0.15243425942088892,
    "us_allocation": 8
}