{
    "beta": 0.9663798061761737,
    "cagr": 0.1090422991080473,
    "end_val": 389442.3751743581,
    "max_drawdown": -0.5528942487106152,
    "mwrr": 0.1090422991080473,
    "sharpe": 0.4193287673690321,
    "sortino": 0.5883968928280011,
    "std": 0.18028153152604082,
    "ulcer_index": 13.941839920762316,
    "upi": 0.5422420245349374,
    "us_allocation": 100
}