{
    "beta": 0.9210208826824998,
    "cagr": 0.0984751829568773,
    "end_val": 277537.40564892505,
    "max_drawdown": -0.562622847842541,
    "mwrr": 0.0984751829568773,
    "sharpe": 0.38027013552811423,
    "sortino": 0.532336720044087,
    "std": 0.17360733895738742,
    "ulcer_index": 14.164662931210387,
    "upi": 0.46608840474850477,
    "us_allocation": 80
}