{
    "beta": 0.822185829313979,
    "cagr": 0.07407544970041746,
    "end_val": 125352.9325066469,
    "max_drawdown": -0.5903698860108444,
    "mwrr": 0.07407544970041746,
    "sharpe": 0.25249335873210027,
    "sortino": 0.35282472889353106,
    "std": 0.17245609568812134,
    "ulcer_index": 15.59455781290861,
    "upi": 0.2792435987833753,
    "us_allocation": 37
}