{
    "beta": 0.9004919244111657,
    "cagr": 0.09356013766594073,
    "end_val": 236814.57738942932,
    "max_drawdown": -0.5681395283679028,
    "mwrr": 0.09356013766594073,
    "sharpe": 0.35813959002867984,
    "sortino": 0.50099288670464,
    "std": 0.17180660560993385,
    "ulcer_index": 14.36456009767406,
    "upi": 0.4283682402084128,
    "us_allocation": 71
}