{
    "beta": 0.7872140436276294,
    "cagr": 0.06500639287775156,
    "end_val": 92860.34992599403,
    "max_drawdown": -0.5999719475064256,
    "mwrr": 0.06500639287775156,
    "sharpe": 0.198504942377686,
    "sortino": 0.2773387486755264,
    "std": 0.17662736752339905,
    "ulcer_index": 16.477582543185605,
    "upi": 0.21279753748861177,
    "us_allocation": 22
}