{
    "beta": 0.7895543722420089,
    "cagr": 0.06562021935253504,
    "end_val": 94773.01990202877,
    "max_drawdown": -0.5993355832837516,
    "mwrr": 0.06562021935253504,
    "sharpe": 0.20217091444474272,
    "sortino": 0.2824627770703931,
    "std": 0.17627560331928038,
    "ulcer_index": 16.408600358115628,
    "upi": 0.21720507075645587,
    "us_allocation": 23
}