{
    "beta": 0.9595976173115994,
    "cagr": 0.10748820393873237,
    "end_val": 370590.5242219995,
    "max_drawdown": -0.5543380722033059,
    "mwrr": 0.10748820393873237,
    "sharpe": 0.41435536379732985,
    "sortino": 0.5811747654633593,
    "std": 0.17905906543102015,
    "ulcer_index": 13.96201939736354,
    "upi": 0.5314096103563315,
    "us_allocation": 97
}