{
    "beta": 0.7424906284945112,
    "cagr": 0.05308853727473717,
    "end_val": 62358.712737066795,
    "max_drawdown": -0.6119629558416392,
    "mwrr": 0.05308853727473717,
    "sharpe": 0.12849588645433285,
    "sortino": 0.17950970820697884,
    "std": 0.18525376134768634,
    "ulcer_index": 18.069163225060574,
    "upi": 0.13175011272341391,
    "us_allocation": 3
}