{
    "beta": 0.8152138175393163,
    "cagr": 0.07228521596596238,
    "end_val": 118167.97751636853,
    "max_drawdown": -0.5923000801419197,
    "mwrr": 0.07228521596596238,
    "sharpe": 0.24191366278521423,
    "sortino": 0.3380291913444389,
    "std": 0.17309977258207648,
    "ulcer_index": 15.742781261522918,
    "upi": 0.26601364223177565,
    "us_allocation": 34
}