{
    "beta": 0.8059006909767485,
    "cagr": 0.06987997625110709,
    "end_val": 109141.8370810012,
    "max_drawdown": -0.5948660190387536,
    "mwrr": 0.06987997625110709,
    "sharpe": 0.22761160886250995,
    "sortino": 0.31802907617394005,
    "std": 0.1741067758626034,
    "ulcer_index": 15.965926503401304,
    "upi": 0.2482248661335677,
    "us_allocation": 30
}