{
    "beta": 0.8522756099787135,
    "cagr": 0.08169881122703604,
    "end_val": 160997.3078321278,
    "max_drawdown": -0.5819479937326748,
    "mwrr": 0.08169881122703604,
    "sharpe": 0.2964114535132574,
    "sortino": 0.41426150111266746,
    "std": 0.17077469524248595,
    "ulcer_index": 15.048261876137342,
    "upi": 0.33640035170812216,
    "us_allocation": 50
}