{
    "beta": 0.8867622993606334,
    "cagr": 0.09022764454546417,
    "end_val": 212572.773035905,
    "max_drawdown": -0.5721110687455654,
    "mwrr": 0.09022764454546417,
    "sharpe": 0.34187191532696454,
    "sortino": 0.47805333521451926,
    "std": 0.17104977616771302,
    "ulcer_index": 14.538262124188494,
    "upi": 0.4022470911102783,
    "us_allocation": 65
}