{
    "beta": 0.866099025617607,
    "cagr": 0.08514442929567889,
    "end_val": 180173.4183725897,
    "max_drawdown": -0.5780287965416109,
    "mwrr": 0.08514442929567889,
    "sharpe": 0.3153597344756448,
    "sortino": 0.4408088125405732,
    "std": 0.17060316885413018,
    "ulcer_index": 14.829715142997397,
    "upi": 0.3628131024943497,
    "us_allocation": 56
}