{
    "beta": 0.7353823681117317,
    "cagr": 0.05116183996821122,
    "end_val": 58446.20140875163,
    "max_drawdown": -0.6138392027560154,
    "mwrr": 0.05116183996821122,
    "sharpe": 0.11753549435988607,
    "sortino": 0.1641963493189573,
    "std": 0.18694420323636873,
    "ulcer_index": 18.375445315344585,
    "upi": 0.1195848284978916,
    "us_allocation": 0
}