{
    "beta": 0.8591922244557346,
    "cagr": 0.08342733034401895,
    "end_val": 170355.07864381047,
    "max_drawdown": -0.5799909663015475,
    "mwrr": 0.08342733034401895,
    "sharpe": 0.30600402800000875,
    "sortino": 0.4276961073557986,
    "std": 0.17064154792004818,
    "ulcer_index": 14.936145725661543,
    "upi": 0.34962039376625215,
    "us_allocation": 53
}