{
    "beta": 0.9255725822165056,
    "cagr": 0.09955386050886705,
    "end_val": 287345.38792292844,
    "max_drawdown": -0.5615873673095948,
    "mwrr": 0.09955386050886705,
    "sharpe": 0.3848065713736957,
    "sortino": 0.5387880662451037,
    "std": 0.1741127791629427,
    "ulcer_index": 14.132481841918594,
    "upi": 0.47409811683287045,
    "us_allocation": 82
}