{
    "beta": 0.9505431642266389,
    "cagr": 0.10539914003587114,
    "end_val": 346640.9860119456,
    "max_drawdown": -0.5562663532460598,
    "mwrr": 0.10539914003587114,
    "sharpe": 0.4072441377329096,
    "sortino": 0.5709013150390644,
    "std": 0.17754666701686897,
    "ulcer_index": 13.999177870644052,
    "upi": 0.5165050212858081,
    "us_allocation": 93
}