{
    "beta": 0.9096254024689983,
    "cagr": 0.09575695547968333,
    "end_val": 254242.34007861235,
    "max_drawdown": -0.565479927212904,
    "mwrr": 0.09575695547968333,
    "sharpe": 0.3683189362084999,
    "sortino": 0.5153873757619261,
    "std": 0.17250997201695872,
    "ulcer_index": 14.261869336549896,
    "upi": 0.4455308729228972,
    "us_allocation": 75
}