{
    "beta": 0.8798838899748368,
    "cagr": 0.0885445437143828,
    "end_val": 201263.7320615127,
    "max_drawdown": -0.5740888847011095,
    "mwrr": 0.0885445437143828,
    "sharpe": 0.33330581409554144,
    "sortino": 0.46600281330121046,
    "std": 0.1708080957821895,
    "ulcer_index": 14.631178533665341,
    "upi": 0.38912802736696633,
    "us_allocation": 62
}