{
    "beta": 0.9323933247162848,
    "cagr": 0.10116267989527405,
    "end_val": 302602.29986821854,
    "max_drawdown": -0.5601335779014466,
    "mwrr": 0.10116267989527405,
    "sharpe": 0.3913477735731071,
    "sortino": 0.5481122214210061,
    "std": 0.1749407541074005,
    "ulcer_index": 14.090054074129524,
    "upi": 0.4859075943943433,
    "us_allocation": 85
}