{
    "beta": 0.840725627377063,
    "cagr": 0.07879244273949904,
    "end_val": 146377.3737115601,
    "max_drawdown": -0.5851983755855108,
    "mwrr": 0.07879244273949904,
    "sharpe": 0.2799388824543241,
    "sortino": 0.3912090179239994,
    "std": 0.17120848149921503,
    "ulcer_index": 15.246964799390314,
    "upi": 0.31436256111891786,
    "us_allocation": 45
}