{
    "beta": 0.856887785413238,
    "cagr": 0.0828524284501373,
    "end_val": 167185.51716545457,
    "max_drawdown": -0.580643878373809,
    "mwrr": 0.0828524284501373,
    "sharpe": 0.30283209847945564,
    "sortino": 0.42325278133731076,
    "std": 0.17067537352877388,
    "ulcer_index": 14.972943971453827,
    "upi": 0.34521467485058255,
    "us_allocation": 52
}