{
    "beta": 0.7613824676711605,
    "cagr": 0.058166086943895134,
    "end_val": 73928.62474643825,
    "max_drawdown": -0.6069370486355962,
    "mwrr": 0.058166086943895134,
    "sharpe": 0.1579433083619107,
    "sortino": 0.22065570233521262,
    "std": 0.18117757056553505,
    "ulcer_index": 17.3352373223986,
    "upi": 0.16508516430450243,
    "us_allocation": 11
}