{
    "beta": 0.8890530672860498,
    "cagr": 0.09078617630872543,
    "end_val": 216460.31503272947,
    "max_drawdown": -0.5714506230588102,
    "mwrr": 0.09078617630872543,
    "sharpe": 0.3446643514481297,
    "sortino": 0.4819859285602868,
    "std": 0.17115072772576367,
    "ulcer_index": 14.50819245626071,
    "upi": 0.4066127008109547,
    "us_allocation": 66
}