{
    "beta": 0.8499678603756442,
    "cagr": 0.08112009248498886,
    "end_val": 157977.37445135674,
    "max_drawdown": -0.5825991996609637,
    "mwrr": 0.08112009248498886,
    "sharpe": 0.29316386925025945,
    "sortino": 0.4097150489798183,
    "std": 0.17084022621522338,
    "ulcer_index": 15.086723030540893,
    "upi": 0.3319940052886943,
    "us_allocation": 49
}