{
    "beta": 0.8752931325610558,
    "cagr": 0.08741620671348671,
    "end_val": 194011.93103167915,
    "max_drawdown": -0.5754045083565645,
    "mwrr": 0.08741620671348671,
    "sharpe": 0.3274415515327051,
    "sortino": 0.45776325507679966,
    "std": 0.17069831882815759,
    "ulcer_index": 14.695232838180726,
    "upi": 0.38037126907166663,
    "us_allocation": 60
}