{
    "beta": 0.8105597223955896,
    "cagr": 0.07108521157963921,
    "end_val": 113577.61437754988,
    "max_drawdown": -0.5935841388381243,
    "mwrr": 0.07108521157963921,
    "sharpe": 0.2347882689229008,
    "sortino": 0.3280646383157615,
    "std": 0.1735820580340356,
    "ulcer_index": 15.85188444370227,
    "upi": 0.25711608254434415,
    "us_allocation": 32
}