{
    "beta": 0.8012366657449024,
    "cagr": 0.0686694935727683,
    "end_val": 104856.37042883142,
    "max_drawdown": -0.5961457304363657,
    "mwrr": 0.0686694935727683,
    "sharpe": 0.22038931887183866,
    "sortino": 0.3079309317777633,
    "std": 0.1746738126015999,
    "ulcer_index": 16.085255140971647,
    "upi": 0.23934265902106244,
    "us_allocation": 28
}