{
    "beta": 0.9164654971603702,
    "cagr": 0.0973915886146095,
    "end_val": 268012.5609774176,
    "max_drawdown": -0.5636790205278198,
    "mwrr": 0.0973915886146095,
    "sharpe": 0.3755938122097404,
    "sortino": 0.5256974353425291,
    "std": 0.17313967298985145,
    "ulcer_index": 14.198727435901981,
    "upi": 0.4580158925098751,
    "us_allocation": 78
}