{
    "beta": 0.9641198889988718,
    "cagr": 0.10852547507296895,
    "end_val": 383071.938198117,
    "max_drawdown": -0.5533752937366777,
    "mwrr": 0.10852547507296895,
    "sharpe": 0.41770493327606817,
    "sortino": 0.5860352003513378,
    "std": 0.1798657806550742,
    "ulcer_index": 13.945907474741023,
    "upi": 0.5387398113477745,
    "us_allocation": 99
}