{
    "beta": 0.7707947129148705,
    "cagr": 0.0606722692992967,
    "end_val": 80383.19745505,
    "max_drawdown": -0.604411645985697,
    "mwrr": 0.0606722692992967,
    "sharpe": 0.17271831970201673,
    "sortino": 0.24130164234718993,
    "std": 0.17937968672450574,
    "ulcer_index": 17.00016927550149,
    "upi": 0.18225949537042135,
    "us_allocation": 15
}