{
    "beta": 0.8198630334206197,
    "cagr": 0.07348000552468448,
    "end_val": 122917.2869147768,
    "max_drawdown": -0.5910138331743318,
    "mwrr": 0.07348000552468448,
    "sharpe": 0.2489821759701368,
    "sortino": 0.34791436870058257,
    "std": 0.17266000962281397,
    "ulcer_index": 15.640545334839521,
    "upi": 0.2748755719305488,
    "us_allocation": 36
}