{
    "beta": 0.8706981948696918,
    "cagr": 0.0862828394556705,
    "end_val": 186983.65697830205,
    "max_drawdown": -0.5767178086554056,
    "mwrr": 0.0862828394556705,
    "sharpe": 0.3214583249433993,
    "sortino": 0.4493636840647355,
    "std": 0.17062992949357328,
    "ulcer_index": 14.761591880174782,
    "upi": 0.3715938267304343,
    "us_allocation": 58
}