{
    "beta": 0.8775890306118267,
    "cagr": 0.08798100321529012,
    "end_val": 197609.54405806723,
    "max_drawdown": -0.5747469876361858,
    "mwrr": 0.08798100321529012,
    "sharpe": 0.3303887683012692,
    "sortino": 0.46190331288742126,
    "std": 0.17074804987373227,
    "ulcer_index": 14.662970251600418,
    "upi": 0.3847511154946664,
    "us_allocation": 61
}