{
    "beta": 0.8637978380280265,
    "cagr": 0.08457332910826532,
    "end_val": 176848.3700741212,
    "max_drawdown": -0.578683426723729,
    "mwrr": 0.08457332910826532,
    "sharpe": 0.31226837135196195,
    "sortino": 0.43647468347488866,
    "std": 0.17060546786541786,
    "ulcer_index": 14.864608460024192,
    "upi": 0.35841833874991214,
    "us_allocation": 55
}