{
    "beta": 0.9550720577057228,
    "cagr": 0.10644609510000946,
    "end_val": 358449.1975673076,
    "max_drawdown": -0.5553017615105063,
    "mwrr": 0.10644609510000946,
    "sharpe": 0.410868820495375,
    "sortino": 0.5761305340294927,
    "std": 0.17828584901997213,
    "ulcer_index": 13.98009778544376,
    "upi": 0.5239850362100754,
    "us_allocation": 95
}