{
    "beta": 0.9346651141380632,
    "cagr": 0.10169650543560316,
    "end_val": 307836.50616627483,
    "max_drawdown": -0.5596494106152844,
    "mwrr": 0.10169650543560316,
    "sharpe": 0.39345778546254834,
    "sortino": 0.5511257667187444,
    "std": 0.17523512484380652,
    "ulcer_index": 14.076636967562928,
    "upi": 0.4898155068258371,
    "us_allocation": 86
}