{
    "beta": 0.7754926389737485,
    "cagr": 0.06191728064189039,
    "end_val": 83790.05609846828,
    "max_drawdown": -0.6031458011580232,
    "mwrr": 0.06191728064189039,
    "sharpe": 0.18010149325548297,
    "sortino": 0.25161905438583154,
    "std": 0.17854182110111497,
    "ulcer_index": 16.839413786025638,
    "upi": 0.19096852761996183,
    "us_allocation": 17
}