{
    "beta": 0.9301206435337653,
    "cagr": 0.1006276313732668,
    "end_val": 297442.9233170227,
    "max_drawdown": -0.5606179604571229,
    "mwrr": 0.1006276313732668,
    "sharpe": 0.38920255543678145,
    "sortino": 0.5450512921340787,
    "std": 0.1746555326846589,
    "ulcer_index": 14.10376915918779,
    "upi": 0.48198738905692534,
    "us_allocation": 84
}