{
    "beta": 0.7401226768387156,
    "cagr": 0.05244768332964056,
    "end_val": 61029.90728794424,
    "max_drawdown": -0.6125888814651842,
    "mwrr": 0.05244768332964056,
    "sharpe": 0.12483581880673959,
    "sortino": 0.17439592812634153,
    "std": 0.18580755690814343,
    "ulcer_index": 18.168959963912503,
    "upi": 0.1276748475386572,
    "us_allocation": 2
}