{
    "beta": 0.9232971902059398,
    "cagr": 0.09901513569512499,
    "end_val": 282405.60547692655,
    "max_drawdown": -0.5620948306372665,
    "mwrr": 0.09901513569512499,
    "sharpe": 0.3825558808837697,
    "sortino": 0.5355858870689214,
    "std": 0.17385536575195476,
    "ulcer_index": 14.148110697406645,
    "upi": 0.470108845990061,
    "us_allocation": 81
}