{
    "beta": 0.763737597706788,
    "cagr": 0.058794658467967054,
    "end_val": 75498.48886622704,
    "max_drawdown": -0.6063064810331517,
    "mwrr": 0.058794658467967054,
    "sharpe": 0.16163656140100718,
    "sortino": 0.22581636755194487,
    "std": 0.18071291725128216,
    "ulcer_index": 17.249792657601137,
    "upi": 0.1693468006148112,
    "us_allocation": 12
}