{
    "beta": 0.891342828071578,
    "cagr": 0.09134345963202417,
    "end_val": 220407.98598542224,
    "max_drawdown": -0.5707895881800363,
    "mwrr": 0.09134345963202417,
    "sharpe": 0.3474247389126538,
    "sortino": 0.48587550859869866,
    "std": 0.17126181004243948,
    "ulcer_index": 14.478651154411484,
    "upi": 0.4109717350977664,
    "us_allocation": 67
}