{
    "beta": 0.7801851834526787,
    "cagr": 0.06315693053788629,
    "end_val": 87321.47574878269,
    "max_drawdown": -0.6018778485597512,
    "mwrr": 0.06315693053788629,
    "sharpe": 0.1874748781906664,
    "sortino": 0.26192316495729784,
    "std": 0.17774502542442525,
    "ulcer_index": 16.68990484023837,
    "upi": 0.19967233535529397,
    "us_allocation": 19
}