{
    "beta": 0.7472221680645634,
    "cagr": 0.05436612288570042,
    "end_val": 65092.18612148066,
    "max_drawdown": -0.610709569265082,
    "mwrr": 0.05436612288570042,
    "sharpe": 0.13583323185398108,
    "sortino": 0.18976170398653103,
    "std": 0.18417543838797512,
    "ulcer_index": 17.875875345956562,
    "upi": 0.13995972718667152,
    "us_allocation": 5
}