{
    "beta": 0.8268278320840208,
    "cagr": 0.07526244660188519,
    "end_val": 130349.02460165347,
    "max_drawdown": -0.5890803381222212,
    "mwrr": 0.07526244660188519,
    "sharpe": 0.25946612139205644,
    "sortino": 0.36257602568995323,
    "std": 0.1720802327308925,
    "ulcer_index": 15.50421616817105,
    "upi": 0.2879977691244304,
    "us_allocation": 39
}