{
    "beta": 0.7989027623215768,
    "cagr": 0.06806227926888564,
    "end_val": 102768.6907757356,
    "max_drawdown": -0.5967847758404197,
    "mwrr": 0.06806227926888564,
    "sharpe": 0.21676282501601965,
    "sortino": 0.3028608613102152,
    "std": 0.17497315890161338,
    "ulcer_index": 16.14646488358854,
    "upi": 0.23491388896455417,
    "us_allocation": 27
}