{
    "beta": 0.7778395800648884,
    "cagr": 0.06253777461175303,
    "end_val": 85539.9642490814,
    "max_drawdown": -0.6025120889016818,
    "mwrr": 0.06253777461175303,
    "sharpe": 0.18378973922642314,
    "sortino": 0.2567732042001028,
    "std": 0.17813827386154024,
    "ulcer_index": 16.76248558278685,
    "upi": 0.19533112237375294,
    "us_allocation": 18
}