{
    "beta": 0.8245074265402096,
    "cagr": 0.07466959608156776,
    "end_val": 127829.9886638858,
    "max_drawdown": -0.5897253880754048,
    "mwrr": 0.07466959608156776,
    "sharpe": 0.2559882360795891,
    "sortino": 0.3577122797483543,
    "std": 0.1722628352532046,
    "ulcer_index": 15.549101151788426,
    "upi": 0.2836180393330901,
    "us_allocation": 38
}