{
    "beta": 0.9073434756793656,
    "cagr": 0.09520960805000755,
    "end_val": 249787.0232490171,
    "max_drawdown": -0.5661457270691092,
    "mwrr": 0.09520960805000755,
    "sharpe": 0.36582511141577745,
    "sortino": 0.5118576565520118,
    "std": 0.17231943174542114,
    "ulcer_index": 14.28588509503501,
    "upi": 0.44128276988638265,
    "us_allocation": 74
}