{
    "beta": 0.8982061299383195,
    "cagr": 0.0930078335688096,
    "end_val": 232619.06829903479,
    "max_drawdown": -0.5688029342189886,
    "mwrr": 0.0930078335688096,
    "sharpe": 0.35551045918973456,
    "sortino": 0.4972804318024058,
    "std": 0.17165542422750307,
    "ulcer_index": 14.392318997226694,
    "upi": 0.4240302992895457,
    "us_allocation": 70
}