{
    "beta": 0.9618591612811952,
    "cagr": 0.10800744369431547,
    "end_val": 376788.2818840398,
    "max_drawdown": -0.553856568587272,
    "mwrr": 0.10800744369431547,
    "sharpe": 0.4160471901320396,
    "sortino": 0.5836279097770106,
    "std": 0.17945826937785928,
    "ulcer_index": 13.953376786778179,
    "upi": 0.5350997845097744,
    "us_allocation": 98
}