{
    "beta": 0.8128873834263954,
    "cagr": 0.07168586662659604,
    "end_val": 115853.20219346123,
    "max_drawdown": -0.5929423824109953,
    "mwrr": 0.07168586662659604,
    "sharpe": 0.23835772578126882,
    "sortino": 0.3330563216612032,
    "std": 0.17333560507322757,
    "ulcer_index": 15.79676178610677,
    "upi": 0.2615638024647577,
    "us_allocation": 33
}