{
    "beta": 0.8035693062044547,
    "cagr": 0.06927539186769893,
    "end_val": 106980.57880866328,
    "max_drawdown": -0.5955061452353794,
    "mwrr": 0.06927539186769893,
    "sharpe": 0.2240058150397696,
    "sortino": 0.3129873318849935,
    "std": 0.17438501235215256,
    "ulcer_index": 16.0250804498929,
    "upi": 0.24377982407350787,
    "us_allocation": 29
}