{
    "beta": 0.9414751907353709,
    "cagr": 0.1032906561209157,
    "end_val": 323996.36636974994,
    "max_drawdown": -0.5581982105931819,
    "mwrr": 0.1032906561209157,
    "sharpe": 0.39957667825938814,
    "sortino": 0.5598829950547717,
    "std": 0.17617251648379295,
    "ulcer_index": 14.040556482123238,
    "upi": 0.5013777530076343,
    "us_allocation": 89
}