{
    "beta": 0.9119063776030207,
    "cagr": 0.09630306716011328,
    "end_val": 258764.51835486077,
    "max_drawdown": -0.5648135252080555,
    "mwrr": 0.09630306716011328,
    "sharpe": 0.37077843477643263,
    "sortino": 0.5188706960580819,
    "std": 0.17271022726759125,
    "ulcer_index": 14.238338376897827,
    "upi": 0.4497683235025077,
    "us_allocation": 76
}