{
    "beta": 0.8844705180290034,
    "cagr": 0.08966786285950845,
    "end_val": 208744.63843840556,
    "max_drawdown": -0.5727709266481505,
    "mwrr": 0.08966786285950845,
    "sharpe": 0.33904777181525303,
    "sortino": 0.47407829104013227,
    "std": 0.1709589950469304,
    "ulcer_index": 14.568836374320624,
    "upi": 0.3978760480113814,
    "us_allocation": 64
}