{
    "beta": 0.7684437124640173,
    "cagr": 0.06004774723932127,
    "end_val": 78725.33333354512,
    "max_drawdown": -0.6050437808309179,
    "mwrr": 0.06004774723932127,
    "sharpe": 0.16902469398765058,
    "sortino": 0.23614019869410152,
    "std": 0.17981393996244455,
    "ulcer_index": 17.082194193568313,
    "upi": 0.17793513851357945,
    "us_allocation": 14
}