{
    "beta": 0.9369360176965911,
    "cagr": 0.10222910919634809,
    "end_val": 313146.3661152436,
    "max_drawdown": -0.5591654596191125,
    "mwrr": 0.10222910919634809,
    "sharpe": 0.3955325929412904,
    "sortino": 0.5540920484803824,
    "std": 0.17553858360161254,
    "ulcer_index": 14.063499468673498,
    "upi": 0.4937115085022453,
    "us_allocation": 87
}