{
    "beta": 0.9460108907022122,
    "cagr": 0.1043473300203861,
    "end_val": 335158.9863909986,
    "max_drawdown": -0.5572318390457828,
    "mwrr": 0.1043473300203861,
    "sharpe": 0.40348034485999246,
    "sortino": 0.5654857492313535,
    "std": 0.17684204881667787,
    "ulcer_index": 14.019272678491488,
    "upi": 0.5089707654963587,
    "us_allocation": 91
}