{
    "beta": 0.9027767427659327,
    "cagr": 0.09411120051724464,
    "end_val": 241073.90311884577,
    "max_drawdown": -0.5674755261909362,
    "mwrr": 0.09411120051724464,
    "sharpe": 0.3607352296091145,
    "sortino": 0.5046601450063116,
    "std": 0.17196769921486704,
    "ulcer_index": 14.33777521110238,
    "upi": 0.4326838921557284,
    "us_allocation": 72
}