{
    "beta": 0.7377532595054003,
    "cagr": 0.05180545178131313,
    "end_val": 59725.86579456253,
    "max_drawdown": -0.6132142967465788,
    "mwrr": 0.05180545178131313,
    "sharpe": 0.12118218520307558,
    "sortino": 0.16929125854906135,
    "std": 0.18637105189717965,
    "ulcer_index": 18.26972959456672,
    "upi": 0.12362832679792807,
    "us_allocation": 1
}