{
    "beta": 0.9573352513656382,
    "cagr": 0.10696775476020481,
    "end_val": 364477.7873404072,
    "max_drawdown": -0.5548198035287275,
    "mwrr": 0.10696775476020481,
    "sharpe": 0.4126292911527707,
    "sortino": 0.578675667571862,
    "std": 0.1786682362669679,
    "ulcer_index": 13.97092352564516,
    "upi": 0.5277047296385383,
    "us_allocation": 96
}