{
    "beta": 0.9065124852308906,
    "cagr": 0.09005240131848713,
    "end_val": 193962.65357315555,
    "max_drawdown": -0.566810926242145,
    "mwrr": 0.09005240131848713,
    "sharpe": 0.34487404674424865,
    "sortino": 0.48257410541451595,
    "std": 0.1735977531993495,
    "ulcer_index": 14.513661951166455,
    "upi": 0.4125287824951279,
    "us_allocation": 73
}