{
    "beta": 0.7769163193710056,
    "cagr": 0.05929119541380934,
    "end_val": 72479.20567406004,
    "max_drawdown": -0.6031458011580233,
    "mwrr": 0.05929119541380934,
    "sharpe": 0.1740599333522273,
    "sortino": 0.24303738355087942,
    "std": 0.17942160840790858,
    "ulcer_index": 17.070916366452764,
    "upi": 0.18295827880058269,
    "us_allocation": 17
}