{
    "beta": 0.774571630683068,
    "cagr": 0.05870494375459523,
    "end_val": 71112.50128280933,
    "max_drawdown": -0.6037789864729171,
    "mwrr": 0.05870494375459523,
    "sharpe": 0.17059465413186903,
    "sortino": 0.23819660488363198,
    "std": 0.17981986928614704,
    "ulcer_index": 17.151306350954087,
    "upi": 0.17887154091861687,
    "us_allocation": 16
}