{
    "beta": 0.8235705550665355,
    "cagr": 0.070739017845731,
    "end_val": 104892.1502415789,
    "max_drawdown": -0.5903698860108444,
    "mwrr": 0.070739017845731,
    "sharpe": 0.24183356937560377,
    "sortino": 0.33779061408831956,
    "std": 0.17360554299393618,
    "ulcer_index": 15.813966487658714,
    "upi": 0.2655053743723247,
    "us_allocation": 37
}