{
    "beta": 0.9611752056903484,
    "cagr": 0.1020361672592125,
    "end_val": 282491.73162096174,
    "max_drawdown": -0.5543380722033063,
    "mwrr": 0.1020361672592125,
    "sharpe": 0.39200572974439024,
    "sortino": 0.5500861646599879,
    "std": 0.18063452624132306,
    "ulcer_index": 14.153960442325577,
    "upi": 0.5003052188152105,
    "us_allocation": 97
}