{
    "beta": 0.9384542313844676,
    "cagr": 0.09712803188087027,
    "end_val": 242295.033038925,
    "max_drawdown": -0.5591654596191123,
    "mwrr": 0.09712803188087027,
    "sharpe": 0.37466938476952827,
    "sortino": 0.5250520452971128,
    "std": 0.17707160784170342,
    "ulcer_index": 14.260206508747808,
    "upi": 0.46525822327575916,
    "us_allocation": 87
}