{
    "beta": 0.8212482908553491,
    "cagr": 0.07017903127505276,
    "end_val": 103022.11594479893,
    "max_drawdown": -0.5910138331743321,
    "mwrr": 0.07017903127505276,
    "sharpe": 0.23855475640928522,
    "sortino": 0.33320314179015414,
    "std": 0.17379778833529613,
    "ulcer_index": 15.860479504075366,
    "upi": 0.2614267891263251,
    "us_allocation": 36
}