{
    "beta": 0.9543668031916829,
    "cagr": 0.10057640526895417,
    "end_val": 269904.81964409153,
    "max_drawdown": -0.5557839450986223,
    "mwrr": 0.10057640526895417,
    "sharpe": 0.387147362205057,
    "sortino": 0.5430368669588251,
    "std": 0.1794754251775896,
    "ulcer_index": 14.182781130750595,
    "upi": 0.48993740643948475,
    "us_allocation": 94
}