{
    "beta": 0.9225033940143933,
    "cagr": 0.0936201715310756,
    "end_val": 217029.37825594566,
    "max_drawdown": -0.5626228478425415,
    "mwrr": 0.0936201715310756,
    "sharpe": 0.3605758268716063,
    "sortino": 0.5048947835358457,
    "std": 0.17510586093386546,
    "ulcer_index": 14.364238590203477,
    "upi": 0.43958150135115176,
    "us_allocation": 80
}