{
    "beta": 0.816600565891759,
    "cagr": 0.06905517594035282,
    "end_val": 99366.25354967889,
    "max_drawdown": -0.5923000801419198,
    "mwrr": 0.06905517594035282,
    "sharpe": 0.23195150752941157,
    "sortino": 0.32396507624391596,
    "std": 0.174213658742719,
    "ulcer_index": 15.964489753505402,
    "upi": 0.2531387652780754,
    "us_allocation": 34
}