{
    "beta": 0.8096208975629419,
    "cagr": 0.06735965751949635,
    "end_val": 94088.03941913907,
    "max_drawdown": -0.5942253506426604,
    "mwrr": 0.06735965751949635,
    "sharpe": 0.22194215903793943,
    "sortino": 0.309963828649409,
    "std": 0.17491576149899893,
    "ulcer_index": 16.131560231942267,
    "upi": 0.2406727778327463,
    "us_allocation": 31
}