{
    "beta": 0.8812985412573969,
    "cagr": 0.08432375435891593,
    "end_val": 161817.63167609874,
    "max_drawdown": -0.5740888847011096,
    "mwrr": 0.08432375435891593,
    "sharpe": 0.31706934847044327,
    "sortino": 0.4432817243162707,
    "std": 0.17219330092773186,
    "ulcer_index": 14.838348401060243,
    "upi": 0.36797165213678007,
    "us_allocation": 62
}