{
    "beta": 0.8744031033953317,
    "cagr": 0.08273527301414063,
    "end_val": 153862.16440803194,
    "max_drawdown": -0.5760614482393045,
    "mwrr": 0.08273527301414063,
    "sharpe": 0.30885987764830763,
    "sortino": 0.4317270947221959,
    "std": 0.1720211226482699,
    "ulcer_index": 14.936705159038995,
    "upi": 0.3557284228162439,
    "us_allocation": 59
}