{
    "beta": 0.956637008292504,
    "cagr": 0.1010641971444095,
    "end_val": 274049.02441004704,
    "max_drawdown": -0.5553017615105059,
    "mwrr": 0.1010641971444095,
    "sharpe": 0.38879915089056466,
    "sortino": 0.5454301487209264,
    "std": 0.17985336824349865,
    "ulcer_index": 14.172919590221907,
    "upi": 0.49340662154856624,
    "us_allocation": 95
}