{
    "beta": 0.8536658812028168,
    "cagr": 0.07790201108248374,
    "end_val": 131921.93130823565,
    "max_drawdown": -0.581947993732675,
    "mwrr": 0.07790201108248374,
    "sharpe": 0.28277548974309047,
    "sortino": 0.39511025125796634,
    "std": 0.17205960904139958,
    "ulcer_index": 15.261058064985484,
    "upi": 0.3188364757475145,
    "us_allocation": 50
}