{
    "beta": 0.9156551602359599,
    "cagr": 0.09209848887370975,
    "end_val": 206882.73974136054,
    "max_drawdown": -0.564207174672186,
    "mwrr": 0.09209848887370975,
    "sharpe": 0.35404172765805575,
    "sortino": 0.4955920647754945,
    "std": 0.17440242252104782,
    "ulcer_index": 14.417584741085175,
    "upi": 0.4282920496391552,
    "us_allocation": 77
}