{
    "beta": 0.869801496214418,
    "cagr": 0.08167002488718866,
    "end_val": 148741.29075473323,
    "max_drawdown": -0.577373590969846,
    "mwrr": 0.08167002488718866,
    "sharpe": 0.3032470301615431,
    "sortino": 0.4238367948610123,
    "std": 0.1719574352963788,
    "ulcer_index": 15.004862496489798,
    "upi": 0.3475489953588723,
    "us_allocation": 57
}