{
    "beta": 0.8397971214059547,
    "cagr": 0.07462287087563557,
    "end_val": 118799.73857581368,
    "max_drawdown": -0.5858467641097083,
    "mwrr": 0.07462287087563557,
    "sharpe": 0.26430110210889585,
    "sortino": 0.36923233648809795,
    "std": 0.17255319126884644,
    "ulcer_index": 15.504181240816543,
    "upi": 0.29417523778239396,
    "us_allocation": 44
}