{
    "beta": 0.7439803521899283,
    "cagr": 0.05096116424387742,
    "end_val": 55247.10361465901,
    "max_drawdown": -0.6119629558416394,
    "mwrr": 0.05096116424387742,
    "sharpe": 0.12551209570556882,
    "sortino": 0.17523559735883376,
    "std": 0.1858969793321296,
    "ulcer_index": 18.308719931455062,
    "upi": 0.12744859560522032,
    "us_allocation": 3
}