{
    "beta": 0.9042246921481828,
    "cagr": 0.08953780309235482,
    "end_val": 190838.59055564294,
    "max_drawdown": -0.5674755261909358,
    "mwrr": 0.08953780309235482,
    "sharpe": 0.3425017338006562,
    "sortino": 0.47921118236227234,
    "std": 0.17342071166691136,
    "ulcer_index": 14.540479491055372,
    "upi": 0.4085186811814157,
    "us_allocation": 72
}