{
    "beta": 0.9407297568846376,
    "cagr": 0.0976242892506749,
    "end_val": 246092.34744080645,
    "max_drawdown": -0.5586817259363116,
    "mwrr": 0.0976242892506749,
    "sharpe": 0.37655060799671464,
    "sortino": 0.5277539644758811,
    "std": 0.17738866918018129,
    "ulcer_index": 14.247782388946586,
    "upi": 0.46883972378961236,
    "us_allocation": 88
}