{
    "beta": 0.8858909157932532,
    "cagr": 0.08537649959655913,
    "end_val": 167308.5518568357,
    "max_drawdown": -0.5727709266481507,
    "mwrr": 0.08537649959655913,
    "sharpe": 0.3223979992057477,
    "sortino": 0.45079197153980743,
    "std": 0.1723588304004923,
    "ulcer_index": 14.775100599498359,
    "upi": 0.37611821702001597,
    "us_allocation": 64
}