{
    "beta": 0.9657104870455897,
    "cagr": 0.10300332629082609,
    "end_val": 291143.07452837843,
    "max_drawdown": -0.5533752937366777,
    "mwrr": 0.10300332629082609,
    "sharpe": 0.3950839275839174,
    "sortino": 0.5545689755743227,
    "std": 0.18144894927116637,
    "ulcer_index": 14.137007097670113,
    "upi": 0.50711399304877,
    "us_allocation": 99
}