{
    "beta": 0.74161846119369,
    "cagr": 0.05035597788610158,
    "end_val": 54163.56985900677,
    "max_drawdown": -0.6125888814651846,
    "mwrr": 0.05035597788610158,
    "sharpe": 0.12206097409226246,
    "sortino": 0.1704169044166342,
    "std": 0.1864322979434625,
    "ulcer_index": 18.409133435771192,
    "upi": 0.12362312301624598,
    "us_allocation": 2
}