{
    "beta": 0.8721027683690932,
    "cagr": 0.08220327606457789,
    "end_val": 151283.70587107792,
    "max_drawdown": -0.5767178086554063,
    "mwrr": 0.08220327606457789,
    "sharpe": 0.3060671706372748,
    "sortino": 0.4278002992025675,
    "std": 0.17198415039610968,
    "ulcer_index": 14.970564187008428,
    "upi": 0.35163923833748284,
    "us_allocation": 58
}