{
    "beta": 0.8142750932217326,
    "cagr": 0.06849130320310248,
    "end_val": 97579.76495140455,
    "max_drawdown": -0.5929423824109953,
    "mwrr": 0.06849130320310248,
    "sharpe": 0.22862834629303816,
    "sortino": 0.31931626255509976,
    "std": 0.1744372649959581,
    "ulcer_index": 16.01910772805657,
    "upi": 0.2489805510930325,
    "us_allocation": 33
}