{
    "beta": 0.7932964491891477,
    "cagr": 0.06335772814560237,
    "end_val": 82686.58816574684,
    "max_drawdown": -0.5986986851818188,
    "mwrr": 0.06335772814560237,
    "sharpe": 0.19818976875405067,
    "sortino": 0.27675419197834566,
    "std": 0.17691731277690603,
    "ulcer_index": 16.568093717872433,
    "upi": 0.2116479750449565,
    "us_allocation": 24
}