{
    "beta": 0.8026313878445187,
    "cagr": 0.06565240771139358,
    "end_val": 89048.75094110276,
    "max_drawdown": -0.5961457304363661,
    "mwrr": 0.06565240771139358,
    "sharpe": 0.21182290006768384,
    "sortino": 0.2958127233831646,
    "std": 0.17571149871329603,
    "ulcer_index": 16.310501267465735,
    "upi": 0.22821312825830695,
    "us_allocation": 28
}