{
    "beta": 0.7487003259589882,
    "cagr": 0.05216743263688839,
    "end_val": 57469.95757172299,
    "max_drawdown": -0.6107095692650825,
    "mwrr": 0.05216743263688839,
    "sharpe": 0.13242732543615038,
    "sortino": 0.18489168464684208,
    "std": 0.18485496849488559,
    "ulcer_index": 18.114242208930882,
    "upi": 0.1351524032745999,
    "us_allocation": 5
}