{
    "beta": 0.9452784861014197,
    "cagr": 0.0986131667936121,
    "end_val": 253832.19522444508,
    "max_drawdown": -0.5577149146189502,
    "mwrr": 0.0986131667936121,
    "sharpe": 0.38021413608497506,
    "sortino": 0.5330247194511755,
    "std": 0.17804937924307124,
    "ulcer_index": 14.224830643380292,
    "upi": 0.4759304435983015,
    "us_allocation": 90
}