{
    "beta": 0.7675304198868239,
    "cagr": 0.05693816002741925,
    "end_val": 67143.2877421919,
    "max_drawdown": -0.60567539213838,
    "mwrr": 0.05693816002741925,
    "sharpe": 0.160185048977604,
    "sortino": 0.22365631406809863,
    "std": 0.18107470841704018,
    "ulcer_index": 17.39917390839703,
    "upi": 0.16671954512352008,
    "us_allocation": 13
}