{
    "beta": 0.8790009842982406,
    "cagr": 0.08379551059041113,
    "end_val": 159128.7422125819,
    "max_drawdown": -0.5747469876361856,
    "mwrr": 0.08379551059041113,
    "sharpe": 0.3143613567126035,
    "sortino": 0.4394683146533056,
    "std": 0.17212572754560473,
    "ulcer_index": 14.870573789739224,
    "upi": 0.3638956506529563,
    "us_allocation": 61
}