{
    "beta": 0.8513569099954098,
    "cagr": 0.07735866681355308,
    "end_val": 129654.35350603968,
    "max_drawdown": -0.5825991996609636,
    "mwrr": 0.07735866681355308,
    "sharpe": 0.27975238530358315,
    "sortino": 0.39087316335954275,
    "std": 0.17211575263025108,
    "ulcer_index": 15.30000967661653,
    "upi": 0.31472761181262454,
    "us_allocation": 49
}