{
    "beta": 0.783943329825159,
    "cagr": 0.0610419544675338,
    "end_val": 76714.2190535736,
    "max_drawdown": -0.601243078983264,
    "mwrr": 0.0610419544675338,
    "sharpe": 0.18443350730794023,
    "sortino": 0.2575302656814631,
    "std": 0.1782873424072455,
    "ulcer_index": 16.8476264828054,
    "upi": 0.19518969162372796,
    "us_allocation": 20
}