{
    "beta": 0.8904796744638458,
    "cagr": 0.08642426524496316,
    "end_val": 172952.93620889322,
    "max_drawdown": -0.5714506230588097,
    "mwrr": 0.08642426524496316,
    "sharpe": 0.32760793704615837,
    "sortino": 0.45814396356899034,
    "std": 0.1725646412034907,
    "ulcer_index": 14.713555593452172,
    "upi": 0.38425280183072646,
    "us_allocation": 66
}