{
    "beta": 0.8189249631134313,
    "cagr": 0.06961775129912118,
    "end_val": 101180.26085676663,
    "max_drawdown": -0.5916572308063132,
    "mwrr": 0.06961775129912118,
    "sharpe": 0.2352605239159471,
    "sortino": 0.32859433474704386,
    "std": 0.1740004964719273,
    "ulcer_index": 15.911417071028254,
    "upi": 0.25729116756865783,
    "us_allocation": 35
}