{
    "beta": 0.8258917616766949,
    "cagr": 0.07129771297080723,
    "end_val": 106790.69752198532,
    "max_drawdown": -0.589725388075405,
    "mwrr": 0.07129771297080723,
    "sharpe": 0.2450963311686924,
    "sortino": 0.3423558367227075,
    "std": 0.17342376760164918,
    "ulcer_index": 15.767984703615275,
    "upi": 0.2695895602334532,
    "us_allocation": 38
}