{
    "beta": 0.8674992813543769,
    "cagr": 0.0811355178724198,
    "end_val": 146234.53895596156,
    "max_drawdown": -0.5780287965416105,
    "mwrr": 0.0811355178724198,
    "sharpe": 0.300399882945541,
    "sortino": 0.4198371139174913,
    "std": 0.17194100322484018,
    "ulcer_index": 15.039588798426188,
    "upi": 0.34345829448634,
    "us_allocation": 56
}