{
    "beta": 0.7956318728341939,
    "cagr": 0.06393337013850231,
    "end_val": 84239.8243384749,
    "max_drawdown": -0.5980612520271184,
    "mwrr": 0.06393337013850231,
    "sharpe": 0.2016111975473666,
    "sortino": 0.28153660606012987,
    "std": 0.17660040362485888,
    "ulcer_index": 16.50069288603248,
    "upi": 0.21579391740571413,
    "us_allocation": 25
}