{
    "beta": 0.830531025717605,
    "cagr": 0.07241123663383497,
    "end_val": 110674.67781331015,
    "max_drawdown": -0.5884347349001298,
    "mwrr": 0.07241123663383497,
    "sharpe": 0.25157119804453476,
    "sortino": 0.3514159909054257,
    "std": 0.17309164765181104,
    "ulcer_index": 15.677778862152522,
    "upi": 0.2777704641319062,
    "us_allocation": 40
}