{
    "beta": 0.739255291811054,
    "cagr": 0.0497494198919477,
    "end_val": 53098.29487171057,
    "max_drawdown": -0.6132142967465787,
    "mwrr": 0.0497494198919477,
    "sharpe": 0.11861483653193033,
    "sortino": 0.1656053430268056,
    "std": 0.1869771008643908,
    "ulcer_index": 18.51051713807507,
    "upi": 0.11982402480302859,
    "us_allocation": 1
}