{
    "beta": 0.8421110892682292,
    "cagr": 0.0751725792711897,
    "end_val": 120907.41754356839,
    "max_drawdown": -0.5851983755855106,
    "mwrr": 0.0751725792711897,
    "sharpe": 0.26743427471681663,
    "sortino": 0.3736188813610641,
    "std": 0.1724447763164835,
    "ulcer_index": 15.462242602663483,
    "upi": 0.29828227490424974,
    "us_allocation": 45
}