{
    "beta": 0.883595183253485,
    "cagr": 0.0848507501833693,
    "end_val": 164544.10490597723,
    "max_drawdown": -0.5734301981681889,
    "mwrr": 0.0848507501833693,
    "sharpe": 0.3197483466656073,
    "sortino": 0.4470564086851849,
    "std": 0.17227101297233605,
    "ulcer_index": 14.806514872455361,
    "upi": 0.3720461771580759,
    "us_allocation": 63
}