{
    "beta": 0.76518094665844,
    "cagr": 0.05634654791351568,
    "end_val": 65862.91344351375,
    "max_drawdown": -0.6063064810331511,
    "mwrr": 0.05634654791351568,
    "sharpe": 0.15671257100525934,
    "sortino": 0.21880634493460985,
    "std": 0.18151289095075152,
    "ulcer_index": 17.484166172837966,
    "upi": 0.16270531962627496,
    "us_allocation": 12
}