{
    "beta": 0.7792598279004828,
    "cagr": 0.059876112873169074,
    "end_val": 73868.20090571065,
    "max_drawdown": -0.6025120889016814,
    "mwrr": 0.059876112873169074,
    "sharpe": 0.17752191155421912,
    "sortino": 0.2478737834967537,
    "std": 0.17903341256388974,
    "ulcer_index": 16.992961236363357,
    "upi": 0.18704767358026156,
    "us_allocation": 18
}