{
    "beta": 0.8582808828052579,
    "cagr": 0.07898489869946101,
    "end_val": 136556.63460824083,
    "max_drawdown": -0.5806438783738092,
    "mwrr": 0.07898489869946101,
    "sharpe": 0.2887502480039636,
    "sortino": 0.403487655497997,
    "std": 0.17197856890411264,
    "ulcer_index": 15.184765641123715,
    "upi": 0.3270545326229514,
    "us_allocation": 52
}