{
    "beta": 0.9475517002445168,
    "cagr": 0.09910578928476665,
    "end_val": 257775.58808814592,
    "max_drawdown": -0.5572318390457837,
    "mwrr": 0.09910578928476665,
    "sharpe": 0.38199655345578903,
    "sortino": 0.5355937762153082,
    "std": 0.17839290570186211,
    "ulcer_index": 14.213935721548248,
    "upi": 0.47945102741148005,
    "us_allocation": 91
}