{
    "beta": 0.8973561284536969,
    "cagr": 0.08798660308998052,
    "end_val": 181714.17231734213,
    "max_drawdown": -0.5694657451836977,
    "mwrr": 0.08798660308998052,
    "sharpe": 0.33519485346275263,
    "sortino": 0.4688662954904344,
    "std": 0.17294823526371325,
    "ulcer_index": 14.624739984977356,
    "upi": 0.39641768054116644,
    "us_allocation": 69
}