{
    "beta": 0.8351661300384906,
    "cagr": 0.07351961758738867,
    "end_val": 114676.77359954674,
    "max_drawdown": -0.5871418636175262,
    "mwrr": 0.07351961758738867,
    "sharpe": 0.2579744054449016,
    "sortino": 0.3603769316217627,
    "std": 0.17280145501779065,
    "ulcer_index": 15.589770492889079,
    "upi": 0.2859680921240613,
    "us_allocation": 42
}