{
    "beta": 0.8002993360166692,
    "cagr": 0.06508070776682917,
    "end_val": 87420.59695398065,
    "max_drawdown": -0.5967847758404202,
    "mwrr": 0.06508070776682917,
    "sharpe": 0.20842840818263433,
    "sortino": 0.2910667525763725,
    "std": 0.1759974746177256,
    "ulcer_index": 16.372229197819916,
    "upi": 0.22407347202590064,
    "us_allocation": 27
}