{
    "beta": 0.9589064740720565,
    "cagr": 0.10155078411637897,
    "end_val": 278244.5166297496,
    "max_drawdown": -0.5548198035287283,
    "mwrr": 0.10155078411637897,
    "sharpe": 0.39041856189222385,
    "sortino": 0.5477798478808158,
    "std": 0.18023975671438888,
    "ulcer_index": 14.163301729376991,
    "upi": 0.496863008698218,
    "us_allocation": 96
}