{
    "beta": 0.7581252275500011,
    "cagr": 0.0545636249504311,
    "end_val": 62146.016542383666,
    "max_drawdown": -0.6081966244215843,
    "mwrr": 0.0545636249504311,
    "sharpe": 0.1462954175543034,
    "sortino": 0.20425786509980565,
    "std": 0.1828866347730175,
    "ulcer_index": 17.745548572092947,
    "upi": 0.15078515572423587,
    "us_allocation": 9
}