{
    "beta": 0.8444240463002827,
    "cagr": 0.07572101126743203,
    "end_val": 123046.36298238108,
    "max_drawdown": -0.584549426170945,
    "mwrr": 0.07572101126743203,
    "sharpe": 0.27054655489204155,
    "sortino": 0.37797689014132557,
    "std": 0.17234683271667933,
    "ulcer_index": 15.420810218927455,
    "upi": 0.3023923345643822,
    "us_allocation": 46
}