{
    "beta": 0.8559738702448428,
    "cagr": 0.07844408780411793,
    "end_val": 134222.56986600993,
    "max_drawdown": -0.5812962204096099,
    "mwrr": 0.07844408780411793,
    "sharpe": 0.2857749499650652,
    "sortino": 0.3993152969798905,
    "std": 0.17201388610973617,
    "ulcer_index": 15.222634334092877,
    "upi": 0.32294577813182884,
    "us_allocation": 51
}