{
    "beta": 0.9019360385881955,
    "cagr": 0.08902197158131453,
    "end_val": 187756.09310970406,
    "max_drawdown": -0.5681395283679028,
    "mwrr": 0.08902197158131453,
    "sharpe": 0.34009762268076665,
    "sortino": 0.4758053289792729,
    "std": 0.1732534149111836,
    "ulcer_index": 14.567695793111266,
    "upi": 0.40450296566215993,
    "us_allocation": 71
}