{
    "beta": 0.9270647856289256,
    "cagr": 0.09462851149178464,
    "end_val": 224017.46227196133,
    "max_drawdown": -0.5615873673095946,
    "mwrr": 0.09462851149178464,
    "sharpe": 0.36476764155728203,
    "sortino": 0.5108756261979938,
    "std": 0.17562162428151035,
    "ulcer_index": 14.331488469829369,
    "upi": 0.447020212049821,
    "us_allocation": 82
}