{
    "beta": 0.8072921625369116,
    "cagr": 0.06679188049037754,
    "end_val": 92382.15618948969,
    "max_drawdown": -0.5948660190387536,
    "mwrr": 0.06679188049037754,
    "sharpe": 0.21858042297238892,
    "sortino": 0.3052621597711466,
    "std": 0.17517062416023155,
    "ulcer_index": 16.190129055239293,
    "upi": 0.23651403066556861,
    "us_allocation": 30
}