{
    "beta": 0.7604783569957403,
    "cagr": 0.05515928283636584,
    "end_val": 63364.55025387124,
    "max_drawdown": -0.6075670960613975,
    "mwrr": 0.05515928283636584,
    "sharpe": 0.1497671877705694,
    "sortino": 0.20910633905689657,
    "std": 0.18241889198588784,
    "ulcer_index": 17.657252700311574,
    "upi": 0.15473861353347484,
    "us_allocation": 10
}