{
    "beta": 0.7886221868995815,
    "cagr": 0.06220248688395569,
    "end_val": 79652.89033167638,
    "max_drawdown": -0.5999719475064259,
    "mwrr": 0.06220248688395569,
    "sharpe": 0.19132447362648844,
    "sortino": 0.2671593237590991,
    "std": 0.17758190100713442,
    "ulcer_index": 16.70599244911468,
    "upi": 0.20339119057134156,
    "us_allocation": 22
}