{
    "beta": 0.7722257554709028,
    "cagr": 0.05811735555092179,
    "end_val": 69767.80197681973,
    "max_drawdown": -0.6044116459856974,
    "mwrr": 0.05811735555092179,
    "sharpe": 0.16712668096902095,
    "sortino": 0.23335227183199278,
    "std": 0.1802281623150202,
    "ulcer_index": 17.232817626858125,
    "upi": 0.17480245117818854,
    "us_allocation": 15
}