{
    "beta": 0.9087994232172801,
    "cagr": 0.09056576764538504,
    "end_val": 197128.68988071586,
    "max_drawdown": -0.5661457270691096,
    "mwrr": 0.09056576764538504,
    "sharpe": 0.34721436992682614,
    "sortino": 0.48589391110622804,
    "std": 0.17378449313615704,
    "ulcer_index": 14.487487316314665,
    "upi": 0.41652590913878473,
    "us_allocation": 74
}