{
    "beta": 0.8605869245519401,
    "cagr": 0.07952444547329707,
    "end_val": 138924.49311613274,
    "max_drawdown": -0.5799909663015476,
    "mwrr": 0.07952444547329707,
    "sharpe": 0.2917008777576826,
    "sortino": 0.4076266026036289,
    "std": 0.1719536409037692,
    "ulcer_index": 15.147468603467786,
    "upi": 0.3311619438540305,
    "us_allocation": 53
}