{
    "beta": 0.9361779249907384,
    "cagr": 0.0966305605447546,
    "end_val": 238545.5536960689,
    "max_drawdown": -0.559649410615285,
    "mwrr": 0.0966305605447546,
    "sharpe": 0.37275513586209874,
    "sortino": 0.5223057079364247,
    "std": 0.1767634894281354,
    "ulcer_index": 14.273877855522029,
    "upi": 0.46163342692520337,
    "us_allocation": 86
}