{
    "beta": 0.9247844960462364,
    "cagr": 0.09412495217225803,
    "end_val": 220500.77510214498,
    "max_drawdown": -0.5620948306372664,
    "mwrr": 0.09412495217225803,
    "sharpe": 0.36268820771911725,
    "sortino": 0.507907308538073,
    "std": 0.17535909832313687,
    "ulcer_index": 14.34739589321745,
    "upi": 0.44331569119368747,
    "us_allocation": 81
}