{
    "beta": 0.8950648610578669,
    "cagr": 0.08746706326627285,
    "end_val": 178753.94188481546,
    "max_drawdown": -0.5701279626951342,
    "mwrr": 0.08746706326627285,
    "sharpe": 0.3326966597821227,
    "sortino": 0.46533367721935315,
    "std": 0.17281043907215218,
    "ulcer_index": 14.65396409562094,
    "upi": 0.3923658844150635,
    "us_allocation": 68
}