{
    "beta": 0.811948539114951,
    "cagr": 0.06792613107353573,
    "end_val": 95820.46835357073,
    "max_drawdown": -0.593584138838124,
    "mwrr": 0.06792613107353573,
    "sharpe": 0.22529168208433006,
    "sortino": 0.31464885921016317,
    "std": 0.17467130360730695,
    "ulcer_index": 16.074840231308077,
    "upi": 0.2448243184237739,
    "us_allocation": 32
}