{
    "beta": 0.9316229485710357,
    "cagr": 0.09563197119136269,
    "end_val": 231188.39293971824,
    "max_drawdown": -0.5606179604571233,
    "mwrr": 0.09563197119136269,
    "sharpe": 0.36882748439625,
    "sortino": 0.5166794808811139,
    "std": 0.17617431869664546,
    "ulcer_index": 14.302098298643921,
    "upi": 0.454349143809863,
    "us_allocation": 84
}