{
    "beta": 0.8996465191582357,
    "cagr": 0.08850490538534106,
    "end_val": 184714.75516241236,
    "max_drawdown": -0.5688029342189883,
    "mwrr": 0.08850490538534106,
    "sharpe": 0.3376619212076943,
    "sortino": 0.4723569162294656,
    "std": 0.17309590811939005,
    "ulcer_index": 14.595898074799557,
    "upi": 0.40046586317313015,
    "us_allocation": 70
}