{
    "beta": 0.7909598892778611,
    "cagr": 0.0627807677951624,
    "end_val": 81157.71107503743,
    "max_drawdown": -0.5993355832837514,
    "mwrr": 0.0627807677951624,
    "sharpe": 0.19476064768108414,
    "sortino": 0.2719614605433606,
    "std": 0.1772444869416566,
    "ulcer_index": 16.63648298774776,
    "upi": 0.20751408098309979,
    "us_allocation": 23
}