{
    "beta": 0.7368908372714862,
    "cagr": 0.04914148758556158,
    "end_val": 52051.029104258574,
    "max_drawdown": -0.6138392027560158,
    "mwrr": 0.04914148758556158,
    "sharpe": 0.11517416167358156,
    "sortino": 0.16080151427342373,
    "std": 0.18753134409859354,
    "ulcer_index": 18.616906743814273,
    "upi": 0.11602627896562762,
    "us_allocation": 0
}