{
    "beta": 0.9202214742397631,
    "cagr": 0.09311416829474406,
    "end_val": 213602.8520520787,
    "max_drawdown": -0.5631509113623576,
    "mwrr": 0.09311416829474406,
    "sharpe": 0.3584305638596619,
    "sortino": 0.5018380326045063,
    "std": 0.1748619668130874,
    "ulcer_index": 14.381387914845895,
    "upi": 0.43583750578923863,
    "us_allocation": 79
}