{
    "beta": 0.7557708663095657,
    "cagr": 0.05396661351478782,
    "end_val": 60947.55557405461,
    "max_drawdown": -0.6088256348225479,
    "mwrr": 0.05396661351478782,
    "sharpe": 0.14282500444250454,
    "sortino": 0.19941142656352404,
    "std": 0.1833641539470813,
    "ulcer_index": 17.834960916820236,
    "upi": 0.14685266313304346,
    "us_allocation": 8
}