{
    "beta": 0.9679770470654304,
    "cagr": 0.10348510426441382,
    "end_val": 295548.07626853854,
    "max_drawdown": -0.5528942487106144,
    "mwrr": 0.10348510426441382,
    "sharpe": 0.3965752790237672,
    "sortino": 0.556745803136362,
    "std": 0.18186847237906936,
    "ulcer_index": 14.132582771605122,
    "upi": 0.5103645258197265,
    "us_allocation": 100
}