{
    "beta": 0.9498241543473488,
    "cagr": 0.09959720244577142,
    "end_val": 261768.5348865381,
    "max_drawdown": -0.5567489849087954,
    "mwrr": 0.09959720244577142,
    "sharpe": 0.3837461695535705,
    "sortino": 0.5381187800728031,
    "std": 0.17874513062477562,
    "ulcer_index": 14.203290158842224,
    "upi": 0.4829593740057246,
    "us_allocation": 92
}