{
    "beta": 0.7979661663913162,
    "cagr": 0.06450769595750705,
    "end_val": 85817.72474561076,
    "max_drawdown": -0.5974232826411547,
    "mwrr": 0.06450769595750705,
    "sharpe": 0.2050242920756186,
    "sortino": 0.2863077579433595,
    "std": 0.17629378336535212,
    "ulcer_index": 16.43491259897994,
    "upi": 0.21994287525132733,
    "us_allocation": 26
}