{
    "beta": 0.8049623279875032,
    "cagr": 0.06622279791698293,
    "end_val": 90702.49909099158,
    "max_drawdown": -0.5955061452353797,
    "mwrr": 0.06622279791698293,
    "sharpe": 0.2152071208216226,
    "sortino": 0.3005448269411374,
    "std": 0.17543587566871022,
    "ulcer_index": 16.249806745234295,
    "upi": 0.23236012884508467,
    "us_allocation": 29
}