{
    "beta": 0.9520958536018412,
    "cagr": 0.10008740740279087,
    "end_val": 265811.4677412628,
    "max_drawdown": -0.5562663532460601,
    "mwrr": 0.10008740740279087,
    "sharpe": 0.3854630724143926,
    "sortino": 0.5405997787265896,
    "std": 0.17910599146605263,
    "ulcer_index": 14.192907166335196,
    "upi": 0.48645483695614516,
    "us_allocation": 93
}