{
    "beta": 0.8767025068556272,
    "cagr": 0.0832660173298938,
    "end_val": 156477.0484843764,
    "max_drawdown": -0.575404508356565,
    "mwrr": 0.0832660173298938,
    "sharpe": 0.3116247388808798,
    "sortino": 0.43561660829444343,
    "std": 0.1720683246616258,
    "ulcer_index": 14.903278747802284,
    "upi": 0.35981636379115434,
    "us_allocation": 60
}