{
    "beta": 0.9430045067177499,
    "cagr": 0.0981193338330506,
    "end_val": 249937.92508998778,
    "max_drawdown": -0.5581982105931816,
    "mwrr": 0.0981193338330506,
    "sharpe": 0.3783988418650114,
    "sortino": 0.5304114820354697,
    "std": 0.17771461325702095,
    "ulcer_index": 14.236182988854676,
    "upi": 0.47239091256339016,
    "us_allocation": 89
}