{
    "beta": 0.7816021626128122,
    "cagr": 0.06045969845660415,
    "end_val": 75279.77516152078,
    "max_drawdown": -0.6018778485597513,
    "mwrr": 0.06045969845660415,
    "sharpe": 0.1809799757196999,
    "sortino": 0.2527050218655113,
    "std": 0.1786553136231074,
    "ulcer_index": 16.919870453836577,
    "upi": 0.1911105783498032,
    "us_allocation": 19
}