{
    "beta": 0.8467359982686168,
    "cagr": 0.07626816866805441,
    "end_val": 125216.92931605678,
    "max_drawdown": -0.5838999145764122,
    "mwrr": 0.07626816866805441,
    "sharpe": 0.2736373722802657,
    "sortino": 0.3823057443046739,
    "std": 0.1722593535286914,
    "ulcer_index": 15.379908539871243,
    "upi": 0.3065045724429262,
    "us_allocation": 47
}