{
    "beta": 0.8927727115417436,
    "cagr": 0.08694628447067099,
    "end_val": 175833.66291142898,
    "max_drawdown": -0.5707895881800367,
    "mwrr": 0.08694628447067099,
    "sharpe": 0.3301675967287359,
    "sortino": 0.4617594054454174,
    "std": 0.17268256100021429,
    "ulcer_index": 14.683565759173486,
    "upi": 0.38831091407395285,
    "us_allocation": 67
}