{
    "beta": 0.7534152667019914,
    "cagr": 0.05336824601330448,
    "end_val": 59768.900986611014,
    "max_drawdown": -0.6094541283660774,
    "mwrr": 0.05336824601330448,
    "sharpe": 0.13935649472806985,
    "sortino": 0.19456775545614535,
    "std": 0.1838514097282116,
    "ulcer_index": 17.925663799367992,
    "upi": 0.14294014133776622,
    "us_allocation": 7
}