{
    "beta": 0.7510584221275742,
    "cagr": 0.05276851990760645,
    "end_val": 58609.78883175609,
    "max_drawdown": -0.6100821061493746,
    "mwrr": 0.05276851990760645,
    "sharpe": 0.1358904257090822,
    "sortino": 0.18972759571605755,
    "std": 0.1843483616301121,
    "ulcer_index": 18.01945686736967,
    "upi": 0.13903421483078962,
    "us_allocation": 6
}