{
    "beta": 0.76987868734401,
    "cagr": 0.05752842843734629,
    "end_val": 68444.82442947692,
    "max_drawdown": -0.6050437808309187,
    "mwrr": 0.05752842843734629,
    "sharpe": 0.1636566145893114,
    "sortino": 0.22850522835737447,
    "std": 0.18064645362957243,
    "ulcer_index": 17.315417345409454,
    "upi": 0.17075184777974384,
    "us_allocation": 14
}