{
    "beta": 0.88818574437002,
    "cagr": 0.08590100411618917,
    "end_val": 170111.364382155,
    "max_drawdown": -0.5721110687455648,
    "mwrr": 0.08590100411618917,
    "sharpe": 0.32501796958424806,
    "sortino": 0.45448797153111864,
    "std": 0.17245671851116293,
    "ulcer_index": 14.744076713106026,
    "upi": 0.3801881751872771,
    "us_allocation": 65
}