{
    "beta": 0.9179387314184163,
    "cagr": 0.09260694117599333,
    "end_val": 210220.77818092486,
    "max_drawdown": -0.5636790205278198,
    "mwrr": 0.09260694117599333,
    "sharpe": 0.3562524988805206,
    "sortino": 0.49873707907830794,
    "std": 0.1746274697363465,
    "ulcer_index": 14.398893341226737,
    "upi": 0.4320824738030457,
    "us_allocation": 78
}