{
    "beta": 0.9634432082998374,
    "cagr": 0.10252034763444096,
    "end_val": 286791.1053793442,
    "max_drawdown": -0.5538565685872714,
    "mwrr": 0.10252034763444096,
    "sharpe": 0.3935607997409635,
    "sortino": 0.5523491765745066,
    "std": 0.1810376121094364,
    "ulcer_index": 14.144887036640242,
    "upi": 0.5037333496446288,
    "us_allocation": 98
}