{
    "beta": 0.8628920011370793,
    "cagr": 0.08006272981429086,
    "end_val": 141326.5151055743,
    "max_drawdown": -0.5793374828633048,
    "mwrr": 0.08006272981429086,
    "sharpe": 0.29462634540678506,
    "sortino": 0.4117314886851873,
    "std": 0.17193908400461658,
    "ulcer_index": 15.11093419516316,
    "upi": 0.33526332214564153,
    "us_allocation": 54
}