{
    "beta": 0.8651961181974028,
    "cagr": 0.08059975339508929,
    "end_val": 143763.07240889,
    "max_drawdown": -0.5786834267237286,
    "mwrr": 0.08059975339508929,
    "sharpe": 0.29752616982162366,
    "sortino": 0.41580182564342216,
    "std": 0.17193487852698874,
    "ulcer_index": 15.074941790814973,
    "upi": 0.3393629912468678,
    "us_allocation": 55
}