{
    "beta": 0.8328490949133398,
    "cagr": 0.0729660690025391,
    "end_val": 112660.79002464432,
    "max_drawdown": -0.587788577152564,
    "mwrr": 0.0729660690025391,
    "sharpe": 0.25478206494518496,
    "sortino": 0.3559092990543816,
    "std": 0.17294130973327979,
    "ulcer_index": 15.633498755370717,
    "upi": 0.2818673955425773,
    "us_allocation": 41
}