{
    "beta": 0.8282119165964538,
    "cagr": 0.07185511859212235,
    "end_val": 108718.09389884761,
    "max_drawdown": -0.589080338122221,
    "mwrr": 0.07185511859212235,
    "sharpe": 0.24834241470667218,
    "sortino": 0.3468978911327524,
    "std": 0.17325246778951545,
    "ulcer_index": 15.722580943684235,
    "upi": 0.27367819265852933,
    "us_allocation": 39
}