{
    "beta": 0.8374821369297587,
    "cagr": 0.07407188426021305,
    "end_val": 116722.97390086955,
    "max_drawdown": -0.5864945930275565,
    "mwrr": 0.07407188426021305,
    "sharpe": 0.26114761641426926,
    "sortino": 0.36481809939535187,
    "std": 0.1726720829184004,
    "ulcer_index": 15.546618246347414,
    "upi": 0.2900717228125866,
    "us_allocation": 43
}