{
    "beta": 0.7862833358308327,
    "cagr": 0.06162288318902576,
    "end_val": 78171.82562156413,
    "max_drawdown": -0.6006077790183908,
    "mwrr": 0.06162288318902576,
    "sharpe": 0.18788188269529088,
    "sortino": 0.26234864745393316,
    "std": 0.1779295286583635,
    "ulcer_index": 16.77637717929314,
    "upi": 0.19928287578578394,
    "us_allocation": 21
}