{
    "beta": 0.762830261192264,
    "cagr": 0.05575358966666277,
    "end_val": 64603.42548786095,
    "max_drawdown": -0.606937048635596,
    "mwrr": 0.05575358966666277,
    "sharpe": 0.15323976007335247,
    "sortino": 0.2139560916965914,
    "std": 0.18196096462428768,
    "ulcer_index": 17.57017679938996,
    "upi": 0.15871169189985118,
    "us_allocation": 11
}