{
    "beta": 0.9110855114767534,
    "cagr": 0.09107790344444555,
    "end_val": 200337.10881066648,
    "max_drawdown": -0.5654799272129037,
    "mwrr": 0.09107790344444555,
    "sharpe": 0.34952252796308414,
    "sortino": 0.489170319529026,
    "std": 0.17398088395052724,
    "ulcer_index": 14.463083454596722,
    "upi": 0.42047668632241114,
    "us_allocation": 75
}