{
    "beta": 0.746340971540959,
    "cagr": 0.0515649816177246,
    "end_val": 56349.14807548986,
    "max_drawdown": -0.6113365188013064,
    "mwrr": 0.0515649816177246,
    "sharpe": 0.1289677124780484,
    "sortino": 0.1800607704129957,
    "std": 0.1853711885278269,
    "ulcer_index": 18.209994652132547,
    "upi": 0.1312951184970657,
    "us_allocation": 4
}