{
    "beta": 0.9133707553673591,
    "cagr": 0.09158881007286435,
    "end_val": 203588.32127682638,
    "max_drawdown": -0.5648135252080555,
    "mwrr": 0.09158881007286435,
    "sharpe": 0.3517983616049085,
    "sortino": 0.49240308477552325,
    "std": 0.17418687699252622,
    "ulcer_index": 14.439169194741387,
    "upi": 0.42441710137898614,
    "us_allocation": 76
}