{
    "beta": 0.9293442680459997,
    "cagr": 0.09513085074943906,
    "end_val": 227579.86078077205,
    "max_drawdown": -0.561102557264736,
    "mwrr": 0.09513085074943906,
    "sharpe": 0.36681407869717175,
    "sortino": 0.5137996960555646,
    "std": 0.1758933832203536,
    "ulcer_index": 14.316645409333573,
    "upi": 0.4506901953256857,
    "us_allocation": 83
}