{
    "beta": 0.8490469509227448,
    "cagr": 0.07681405325999635,
    "end_val": 127419.47319989598,
    "max_drawdown": -0.5832498395067022,
    "mwrr": 0.07681405325999635,
    "sharpe": 0.2767061660320293,
    "sortino": 0.38660475373926606,
    "std": 0.17218233021301974,
    "ulcer_index": 15.339594018775937,
    "upi": 0.31061746027459713,
    "us_allocation": 48
}