{
    "beta": 0.9339008324678687,
    "cagr": 0.09613187405011825,
    "end_val": 234843.48231660854,
    "max_drawdown": -0.5601335779014458,
    "mwrr": 0.09613187405011825,
    "sharpe": 0.37080783863212824,
    "sortino": 0.5195148919939466,
    "std": 0.17646437344805022,
    "ulcer_index": 14.28783561307201,
    "upi": 0.4579971857174101,
    "us_allocation": 85
}