{
    "beta": 0.7427209064464008,
    "cagr": 0.06077055758574801,
    "end_val": 71711.99747156087,
    "max_drawdown": -0.6119629558416388,
    "mwrr": 0.06077055758574801,
    "sharpe": 0.18531799016358586,
    "sortino": 0.25931211159156514,
    "std": 0.18398182306578648,
    "ulcer_index": 17.655186891030173,
    "upi": 0.1931220429532745,
    "us_allocation": 3
}