{
    "beta": 0.8998475661835835,
    "cagr": 0.09553402573573422,
    "end_val": 210498.56028182423,
    "max_drawdown": -0.5688029342189884,
    "mwrr": 0.09553402573573422,
    "sharpe": 0.38217523007296783,
    "sortino": 0.5355035512818349,
    "std": 0.17364784853444049,
    "ulcer_index": 14.673975157842028,
    "upi": 0.452263070711338,
    "us_allocation": 70
}