{
    "beta": 0.785398661124186,
    "cagr": 0.07067734062626663,
    "end_val": 97815.30276843083,
    "max_drawdown": -0.6006077790183906,
    "mwrr": 0.07067734062626663,
    "sharpe": 0.24530791603787058,
    "sortino": 0.34323078593258094,
    "std": 0.17690832212271143,
    "ulcer_index": 16.536029373831774,
    "upi": 0.26244590214891284,
    "us_allocation": 21
}