{
    "beta": 0.745101974353341,
    "cagr": 0.06133227003314512,
    "end_val": 72991.01559106333,
    "max_drawdown": -0.6113365188013057,
    "mwrr": 0.06133227003314512,
    "sharpe": 0.18868141655284837,
    "sortino": 0.2640167559084812,
    "std": 0.1835096745816873,
    "ulcer_index": 17.579996826742903,
    "upi": 0.19696132539831693,
    "us_allocation": 4
}