{
    "beta": 0.7688466081700603,
    "cagr": 0.06687573601891028,
    "end_val": 86860.29671180874,
    "max_drawdown": -0.6050437808309184,
    "mwrr": 0.06687573601891028,
    "sharpe": 0.22218957219825877,
    "sortino": 0.31088726475836387,
    "std": 0.17929604131131294,
    "ulcer_index": 16.926327121217103,
    "upi": 0.235365661920729,
    "us_allocation": 14
}