{
    "beta": 0.9688845494917515,
    "cagr": 0.10929378469217799,
    "end_val": 319349.27426639665,
    "max_drawdown": -0.5528942487106145,
    "mwrr": 0.10929378469217799,
    "sharpe": 0.4314529991665979,
    "sortino": 0.6066053275291629,
    "std": 0.18276738895777964,
    "ulcer_index": 14.224177098955622,
    "upi": 0.5543810232992491,
    "us_allocation": 100
}