{
    "beta": 0.902160153829432,
    "cagr": 0.09601018288263963,
    "end_val": 213575.34283640617,
    "max_drawdown": -0.5681395283679027,
    "mwrr": 0.09601018288263963,
    "sharpe": 0.38429007787286895,
    "sortino": 0.5385102136369013,
    "std": 0.17382385481987495,
    "ulcer_index": 14.647666267582942,
    "upi": 0.4560442215396558,
    "us_allocation": 71
}