{
    "beta": 0.7783117268171239,
    "cagr": 0.06905596442954565,
    "end_val": 92988.2634186238,
    "max_drawdown": -0.6025120889016814,
    "mwrr": 0.06905596442954565,
    "sharpe": 0.2354503636210596,
    "sortino": 0.32943822701356706,
    "std": 0.17787408985876418,
    "ulcer_index": 16.69679772409046,
    "upi": 0.2508361903263303,
    "us_allocation": 18
}