{
    "beta": 0.8253734310904768,
    "cagr": 0.07964473542589401,
    "end_val": 129231.08093467681,
    "max_drawdown": -0.5897253880754043,
    "mwrr": 0.07964473542589401,
    "sharpe": 0.2989263388136559,
    "sortino": 0.4183195239385469,
    "std": 0.17309699907976675,
    "ulcer_index": 15.750062801681032,
    "upi": 0.328534978181972,
    "us_allocation": 38
}