{
    "beta": 0.7498604563360717,
    "cagr": 0.06245165718547696,
    "end_val": 75606.17755190574,
    "max_drawdown": -0.6100821061493751,
    "mwrr": 0.06245165718547696,
    "sharpe": 0.1954057168235313,
    "sortino": 0.2734226180790808,
    "std": 0.18259277722061898,
    "ulcer_index": 17.436155452746785,
    "upi": 0.2046358689325961,
    "us_allocation": 6
}