{
    "beta": 0.7971880312326494,
    "cagr": 0.07335353586488624,
    "end_val": 106319.13426622514,
    "max_drawdown": -0.5974232826411551,
    "mwrr": 0.07335353586488624,
    "sharpe": 0.2615215179892466,
    "sortino": 0.3659245718852785,
    "std": 0.1754926135602146,
    "ulcer_index": 16.27933367160034,
    "upi": 0.2819295566742871,
    "us_allocation": 26
}