{
    "beta": 0.7901177069444114,
    "cagr": 0.07175172258674944,
    "end_val": 101146.84215549487,
    "max_drawdown": -0.5993355832837515,
    "mwrr": 0.07175172258674944,
    "sharpe": 0.25182871927366285,
    "sortino": 0.35235649816342846,
    "std": 0.17631283377093035,
    "ulcer_index": 16.43138275290035,
    "upi": 0.2702254098343362,
    "us_allocation": 23
}