{
    "beta": 0.8159950007702381,
    "cagr": 0.07756818203028337,
    "end_val": 121184.25876713113,
    "max_drawdown": -0.5923000801419205,
    "mwrr": 0.07756818203028337,
    "sharpe": 0.28673566166362136,
    "sortino": 0.4012381553403679,
    "std": 0.17373734860684623,
    "ulcer_index": 15.91676337613784,
    "upi": 0.31299010875724426,
    "us_allocation": 34
}