{
    "beta": 0.808950319073327,
    "cagr": 0.07599733997890867,
    "end_val": 115422.19558959035,
    "max_drawdown": -0.59422535064266,
    "mwrr": 0.07599733997890867,
    "sharpe": 0.2774002543232987,
    "sortino": 0.38816023898761215,
    "std": 0.17432161744449465,
    "ulcer_index": 16.049017705252346,
    "upi": 0.30131469827129775,
    "us_allocation": 31
}