{
    "beta": 0.8206862649614379,
    "cagr": 0.07860900978864938,
    "end_val": 125154.82977720558,
    "max_drawdown": -0.5910138331743322,
    "mwrr": 0.07860900978864938,
    "sharpe": 0.29286955607158555,
    "sortino": 0.4098323676973921,
    "std": 0.1733973370536904,
    "ulcer_index": 15.832488278279738,
    "upi": 0.32075823051642455,
    "us_allocation": 36
}