{
    "beta": 0.9114022400527387,
    "cagr": 0.09790263947584021,
    "end_val": 226240.79007693505,
    "max_drawdown": -0.5654799272129044,
    "mwrr": 0.09790263947584021,
    "sharpe": 0.39242495727710397,
    "sortino": 0.5500984579971431,
    "std": 0.1746201736888301,
    "ulcer_index": 14.548897150675085,
    "upi": 0.4710069622264618,
    "us_allocation": 75
}