{
    "beta": 0.9436495812913837,
    "cagr": 0.10437389667569286,
    "end_val": 275296.9717202897,
    "max_drawdown": -0.558198210593182,
    "mwrr": 0.10437389667569286,
    "sharpe": 0.4167675767239035,
    "sortino": 0.5850921359266479,
    "std": 0.17853329028465445,
    "ulcer_index": 14.32932121320946,
    "upi": 0.5192687191033958,
    "us_allocation": 89
}