{
    "beta": 0.9067828392806273,
    "cagr": 0.09695884289434087,
    "end_val": 219835.86932089028,
    "max_drawdown": -0.566810926242144,
    "mwrr": 0.09695884289434087,
    "sharpe": 0.38842263771842417,
    "sortino": 0.5443922634872307,
    "std": 0.1742036404334394,
    "ulcer_index": 14.597387116137028,
    "upi": 0.46354642967003773,
    "us_allocation": 73
}