{
    "beta": 0.8604011591690489,
    "cagr": 0.08725153569008559,
    "end_val": 163376.37223308062,
    "max_drawdown": -0.5799909663015479,
    "mwrr": 0.08725153569008559,
    "sharpe": 0.3414650129925397,
    "sortino": 0.47799926615145066,
    "std": 0.17210909617133358,
    "ulcer_index": 15.188329469655075,
    "upi": 0.3869446718222555,
    "us_allocation": 53
}