{
    "beta": 0.8417469032721737,
    "cagr": 0.08322981277116437,
    "end_val": 144359.30744404043,
    "max_drawdown": -0.5851983755855106,
    "mwrr": 0.08322981277116437,
    "sharpe": 0.3194544002152436,
    "sortino": 0.4470940094084484,
    "std": 0.17235858141916852,
    "ulcer_index": 15.475357650845652,
    "upi": 0.35580389229557374,
    "us_allocation": 45
}