{
    "beta": 0.8929047601104051,
    "cagr": 0.0940982292851551,
    "end_val": 201478.9319788929,
    "max_drawdown": -0.5707895881800368,
    "mwrr": 0.0940982292851551,
    "sharpe": 0.3756380840472591,
    "sortino": 0.5262231767686696,
    "std": 0.1731758596561087,
    "ulcer_index": 14.755857654386096,
    "upi": 0.4408591183786946,
    "us_allocation": 67
}