{
    "beta": 0.7593629854738275,
    "cagr": 0.06467435116782316,
    "end_val": 81071.03758981476,
    "max_drawdown": -0.6075670960613979,
    "mwrr": 0.06467435116782316,
    "sharpe": 0.20882915148674056,
    "sortino": 0.2921987777790192,
    "std": 0.1808696554205588,
    "ulcer_index": 17.167512100217554,
    "upi": 0.22001942941494165,
    "us_allocation": 10
}