{
    "beta": 0.8440820326980778,
    "cagr": 0.08373691642456516,
    "end_val": 146633.25451094966,
    "max_drawdown": -0.584549426170945,
    "mwrr": 0.08373691642456516,
    "sharpe": 0.3222948186461273,
    "sortino": 0.4510780894887828,
    "std": 0.1722927911854466,
    "ulcer_index": 15.43775880979728,
    "upi": 0.35970435286761737,
    "us_allocation": 46
}