{
    "beta": 0.7806751617894835,
    "cagr": 0.06959773321519025,
    "end_val": 94574.88543626906,
    "max_drawdown": -0.6018778485597517,
    "mwrr": 0.06959773321519025,
    "sharpe": 0.23874559274012777,
    "sortino": 0.334048528921508,
    "std": 0.17754253030614697,
    "ulcer_index": 16.642682691474054,
    "upi": 0.2546981101662195,
    "us_allocation": 19
}