{
    "beta": 0.8487493944178108,
    "cagr": 0.08474735378259424,
    "end_val": 151268.29641396768,
    "max_drawdown": -0.5832498395067022,
    "mwrr": 0.08474735378259424,
    "sharpe": 0.32790156967288253,
    "sortino": 0.4589456083021102,
    "std": 0.1721909273410152,
    "ulcer_index": 15.363894899484887,
    "upi": 0.3675037404146213,
    "us_allocation": 48
}