{
    "beta": 0.8720297062618604,
    "cagr": 0.08972458137779271,
    "end_val": 176254.11889117776,
    "max_drawdown": -0.5767178086554062,
    "mwrr": 0.08972458137779271,
    "sharpe": 0.3543391314299619,
    "sortino": 0.4961197678586164,
    "std": 0.17227258553003746,
    "ulcer_index": 15.024026974988132,
    "upi": 0.4063097624806899,
    "us_allocation": 58
}