{
    "beta": 0.9482442030939078,
    "cagr": 0.10527914661311999,
    "end_val": 282933.4593907045,
    "max_drawdown": -0.5572318390457831,
    "mwrr": 0.10527914661311999,
    "sharpe": 0.4197230167277921,
    "sortino": 0.5893889723784238,
    "std": 0.1792298897022332,
    "ulcer_index": 14.306804260826654,
    "upi": 0.5258174414691095,
    "us_allocation": 91
}