{
    "beta": 0.941351165554363,
    "cagr": 0.10391947778435284,
    "end_val": 271539.3510843127,
    "max_drawdown": -0.5586817259363116,
    "mwrr": 0.10391947778435284,
    "sharpe": 0.4152414105236043,
    "sortino": 0.5828785108556332,
    "std": 0.17819753969276397,
    "ulcer_index": 14.341050609060382,
    "upi": 0.5159720323212734,
    "us_allocation": 88
}