{
    "beta": 0.9206313553308406,
    "cagr": 0.09977568427297778,
    "end_val": 239492.34502671412,
    "max_drawdown": -0.5631509113623577,
    "mwrr": 0.09977568427297778,
    "sharpe": 0.40003645906281576,
    "sortino": 0.5609799426647036,
    "std": 0.17556205211650316,
    "ulcer_index": 14.469404523702611,
    "upi": 0.485383984083515,
    "us_allocation": 79
}