{
    "beta": 0.8136478174181321,
    "cagr": 0.07704585003010789,
    "end_val": 119237.97972386636,
    "max_drawdown": -0.5929423824109954,
    "mwrr": 0.07704585003010789,
    "sharpe": 0.28364122197491537,
    "sortino": 0.3969028827847769,
    "std": 0.1739222141934264,
    "ulcer_index": 15.960283167734843,
    "upi": 0.30909668870614043,
    "us_allocation": 33
}