{
    "beta": 0.9643027126979227,
    "cagr": 0.10840996254608504,
    "end_val": 310961.37554494274,
    "max_drawdown": -0.5538565685872714,
    "mwrr": 0.10840996254608504,
    "sharpe": 0.42906466612186395,
    "sortino": 0.6030748788404298,
    "std": 0.1819255380843494,
    "ulcer_index": 14.236692013540566,
    "upi": 0.5482906964912336,
    "us_allocation": 98
}