{
    "beta": 0.8112995921339081,
    "cagr": 0.07652223667296787,
    "end_val": 117317.37427561538,
    "max_drawdown": -0.593584138838124,
    "mwrr": 0.07652223667296787,
    "sharpe": 0.28052922479407977,
    "sortino": 0.3925432894269739,
    "std": 0.1741169740927053,
    "ulcer_index": 16.004408323305988,
    "upi": 0.30520399015930283,
    "us_allocation": 32
}