{
    "beta": 0.8347356532581449,
    "cagr": 0.0817009408267555,
    "end_val": 137708.67021170736,
    "max_drawdown": -0.5871418636175266,
    "mwrr": 0.0817009408267555,
    "sharpe": 0.31079081114989365,
    "sortino": 0.43494743600875935,
    "std": 0.17261547096595553,
    "ulcer_index": 15.590591126977257,
    "upi": 0.3441083156405911,
    "us_allocation": 42
}