{
    "beta": 0.8905887926828066,
    "cagr": 0.09361718414593012,
    "end_val": 198541.73928328592,
    "max_drawdown": -0.5714506230588099,
    "mwrr": 0.09361718414593012,
    "sharpe": 0.3733953868130868,
    "sortino": 0.5230437738589506,
    "std": 0.17303733459358459,
    "ulcer_index": 14.783878831961692,
    "upi": 0.43704665647208396,
    "us_allocation": 66
}