{
    "beta": 0.8789959748838171,
    "cagr": 0.09119354657930989,
    "end_val": 184363.9013837595,
    "max_drawdown": -0.5747469876361855,
    "mwrr": 0.09119354657930989,
    "sharpe": 0.3617137101096119,
    "sortino": 0.5065216012082226,
    "std": 0.1724873380385927,
    "ulcer_index": 14.93080169350386,
    "upi": 0.4178756448653086,
    "us_allocation": 61
}