{
    "beta": 0.8534129305695245,
    "cagr": 0.0857527760355874,
    "end_val": 156021.26204207126,
    "max_drawdown": -0.5819479937326751,
    "mwrr": 0.0857527760355874,
    "sharpe": 0.3334064424621032,
    "sortino": 0.46667486650386103,
    "std": 0.17212861880082822,
    "ulcer_index": 15.2922991028279,
    "upi": 0.37528692011989595,
    "us_allocation": 50
}