{
    "beta": 0.9321500175593109,
    "cagr": 0.10208981644232651,
    "end_val": 256906.93330695646,
    "max_drawdown": -0.5606179604571232,
    "mwrr": 0.10208981644232651,
    "sharpe": 0.4088113353143495,
    "sortino": 0.573586010710305,
    "std": 0.17693948590877542,
    "ulcer_index": 14.393113145344222,
    "upi": 0.5025719125120672,
    "us_allocation": 84
}