{
    "beta": 0.9390520064409735,
    "cagr": 0.10346386145532627,
    "end_val": 267821.7985956459,
    "max_drawdown": -0.559165459619112,
    "mwrr": 0.10346386145532627,
    "sharpe": 0.4136827960467719,
    "sortino": 0.5806212234605895,
    "std": 0.17787022934124155,
    "ulcer_index": 14.353005347424356,
    "upi": 0.512663939926055,
    "us_allocation": 87
}