{
    "beta": 0.9505404193689619,
    "cagr": 0.10572997986044874,
    "end_val": 286812.8455475584,
    "max_drawdown": -0.5567489849087959,
    "mwrr": 0.10572997986044874,
    "sharpe": 0.4211525445791569,
    "sortino": 0.5914724632295592,
    "std": 0.1795906259739657,
    "ulcer_index": 14.296016143950098,
    "upi": 0.5290690304321266,
    "us_allocation": 92
}