{
    "beta": 0.9574247507905082,
    "cagr": 0.10707532565190614,
    "end_val": 298698.67101363593,
    "max_drawdown": -0.5553017615105066,
    "mwrr": 0.10707532565190614,
    "sharpe": 0.42525010688106146,
    "sortino": 0.597464792841306,
    "std": 0.18072189574171155,
    "ulcer_index": 14.265199404205802,
    "upi": 0.5387425392150728,
    "us_allocation": 95
}