{
    "beta": 0.8743526898921017,
    "cagr": 0.09021547184946566,
    "end_val": 178924.92280057486,
    "max_drawdown": -0.5760614482393053,
    "mwrr": 0.09021547184946566,
    "sharpe": 0.3568271364979373,
    "sortino": 0.4996269928945184,
    "std": 0.17233449783708862,
    "ulcer_index": 14.99253249472974,
    "upi": 0.41016945446835607,
    "us_allocation": 59
}