{
    "beta": 0.8510816379017814,
    "cagr": 0.08525069094344939,
    "end_val": 153629.90893318737,
    "max_drawdown": -0.5825991996609637,
    "mwrr": 0.08525069094344939,
    "sharpe": 0.3306669673767708,
    "sortino": 0.462827821836912,
    "std": 0.1721548343953747,
    "ulcer_index": 15.327835631828043,
    "upi": 0.37139703912724564,
    "us_allocation": 49
}