{
    "beta": 0.916018398129142,
    "cagr": 0.09884158316434322,
    "end_val": 232792.2384655099,
    "max_drawdown": -0.5642071746721867,
    "mwrr": 0.09884158316434322,
    "sharpe": 0.3962963738546677,
    "sortino": 0.5556278256684444,
    "std": 0.1750731006870905,
    "ulcer_index": 14.504417088369602,
    "upi": 0.47834954385583717,
    "us_allocation": 77
}