{
    "beta": 0.9665939748431274,
    "cagr": 0.10885246653203828,
    "end_val": 315133.8806586128,
    "max_drawdown": -0.5533752937366772,
    "mwrr": 0.10885246653203828,
    "sharpe": 0.43027416727585593,
    "sortino": 0.6048609215395808,
    "std": 0.1823425608259402,
    "ulcer_index": 14.22867073708109,
    "upi": 0.5514071836555708,
    "us_allocation": 99
}