{
    "beta": 0.7617356478008256,
    "cagr": 0.06522668905320961,
    "end_val": 82487.38658175986,
    "max_drawdown": -0.6069370486355967,
    "mwrr": 0.06522668905320961,
    "sharpe": 0.2121765719500779,
    "sortino": 0.2968810144624724,
    "std": 0.18046214771487493,
    "ulcer_index": 17.105939057635442,
    "upi": 0.22384539695661465,
    "us_allocation": 11
}