{
    "beta": 0.7546141096072382,
    "cagr": 0.06356567757706744,
    "end_val": 78298.93921604335,
    "max_drawdown": -0.6088256348225478,
    "mwrr": 0.06356567757706744,
    "sharpe": 0.20212307614532027,
    "sortino": 0.28281865708409915,
    "std": 0.1817126707156522,
    "ulcer_index": 17.298694631739412,
    "upi": 0.21232414263782276,
    "us_allocation": 8
}