{
    "beta": 0.9044719097703723,
    "cagr": 0.09648512148465826,
    "end_val": 216687.69020844376,
    "max_drawdown": -0.567475526190936,
    "mwrr": 0.09648512148465826,
    "sharpe": 0.3863725871365117,
    "sortino": 0.5414731820589773,
    "std": 0.1740091326797654,
    "ulcer_index": 14.622337532439193,
    "upi": 0.4597992618830457,
    "us_allocation": 72
}