{
    "beta": 0.8557432779778508,
    "cagr": 0.08625361074613735,
    "end_val": 158442.6161789197,
    "max_drawdown": -0.5812962204096102,
    "mwrr": 0.08625361074613735,
    "sharpe": 0.3361195568089777,
    "sortino": 0.47048614913800624,
    "std": 0.172112267279751,
    "ulcer_index": 15.257221917584229,
    "upi": 0.37917455712036924,
    "us_allocation": 51
}