{
    "beta": 0.7759471601371162,
    "cagr": 0.06851288259757449,
    "end_val": 91423.72332140875,
    "max_drawdown": -0.6031458011580239,
    "mwrr": 0.06851288259757449,
    "sharpe": 0.23214655368374287,
    "sortino": 0.32481621356118057,
    "std": 0.1782152498807519,
    "ulcer_index": 16.752390358894484,
    "upi": 0.24696856729613378,
    "us_allocation": 17
}