{
    "beta": 0.7712146070048226,
    "cagr": 0.06742277069338298,
    "end_val": 88359.96853721043,
    "max_drawdown": -0.6044116459856976,
    "mwrr": 0.06742277069338298,
    "sharpe": 0.2255155679126714,
    "sortino": 0.3155399323888076,
    "std": 0.17892625572816587,
    "ulcer_index": 16.86774884231849,
    "upi": 0.2392240862352515,
    "us_allocation": 15
}