{
    "beta": 0.888271967012664,
    "cagr": 0.09313491348292136,
    "end_val": 195638.77694969552,
    "max_drawdown": -0.572111068745565,
    "mwrr": 0.09313491348292136,
    "sharpe": 0.37112117963006325,
    "sortino": 0.51982216159533,
    "std": 0.1729082728747075,
    "ulcer_index": 14.81241547865683,
    "upi": 0.4332246645710193,
    "us_allocation": 65
}