{
    "beta": 0.9252411533221125,
    "cagr": 0.10070495289309189,
    "end_val": 246343.23630656602,
    "max_drawdown": -0.5620948306372663,
    "mwrr": 0.10070495289309189,
    "sharpe": 0.4036450135206164,
    "sortino": 0.5661547482422171,
    "std": 0.1760866441860735,
    "ulcer_index": 14.436594665004941,
    "upi": 0.49234199100311504,
    "us_allocation": 81
}