{
    "beta": 0.8627287039917363,
    "cagr": 0.08774862921714566,
    "end_val": 165889.29789311334,
    "max_drawdown": -0.5793374828633043,
    "mwrr": 0.08774862921714566,
    "sharpe": 0.3440965417407044,
    "sortino": 0.481699947466443,
    "std": 0.17212224287238756,
    "ulcer_index": 15.154478686378372,
    "upi": 0.3908274384607016,
    "us_allocation": 54
}