{
    "beta": 0.7379550842680677,
    "cagr": 0.05964308207655167,
    "end_val": 69210.02460345069,
    "max_drawdown": -0.6132142967465779,
    "mwrr": 0.05964308207655167,
    "sharpe": 0.1785911726049558,
    "sortino": 0.24990326318564385,
    "std": 0.18495332077799234,
    "ulcer_index": 17.80945042753554,
    "upi": 0.18547410522202196,
    "us_allocation": 1
}