{
    "beta": 0.869705821306614,
    "cagr": 0.08923245344682407,
    "end_val": 173615.41868781557,
    "max_drawdown": -0.577373590969846,
    "mwrr": 0.08923245344682407,
    "sharpe": 0.35182173131841915,
    "sortino": 0.4925730988033581,
    "std": 0.17222038003792595,
    "ulcer_index": 15.055915737323135,
    "upi": 0.4024467826228711,
    "us_allocation": 57
}