{
    "beta": 0.7641071348305527,
    "cagr": 0.0657776975629576,
    "end_val": 83924.23058472316,
    "max_drawdown": -0.6063064810331514,
    "mwrr": 0.0657776975629576,
    "sharpe": 0.21551949654649413,
    "sortino": 0.30155702404168166,
    "std": 0.1800640201720056,
    "ulcer_index": 17.04536071141823,
    "upi": 0.22767682364273478,
    "us_allocation": 12
}