{
    "beta": 0.7474818221567269,
    "cagr": 0.06189263571591863,
    "end_val": 74289.00434694153,
    "max_drawdown": -0.6107095692650832,
    "mwrr": 0.06189263571591863,
    "sharpe": 0.1920441671675042,
    "sortino": 0.26872052274095193,
    "std": 0.1830466462392338,
    "ulcer_index": 17.507705040608393,
    "upi": 0.20079149899896662,
    "us_allocation": 5
}