{
    "beta": 0.7403386119293202,
    "cagr": 0.06020749579937901,
    "end_val": 70451.73751669566,
    "max_drawdown": -0.6125888814651843,
    "mwrr": 0.06020749579937901,
    "sharpe": 0.18195440559439643,
    "sortino": 0.25460738920137094,
    "std": 0.18446305191274942,
    "ulcer_index": 17.73192241293642,
    "upi": 0.18929006366909926,
    "us_allocation": 2
}