{
    "beta": 0.9367520988269493,
    "cagr": 0.1030070465552424,
    "end_val": 264144.05290042586,
    "max_drawdown": -0.5596494106152853,
    "mwrr": 0.1030070465552424,
    "sharpe": 0.41209163456654263,
    "sortino": 0.57832014947269,
    "std": 0.17755141415040238,
    "ulcer_index": 14.36608853724732,
    "upi": 0.5093125892045027,
    "us_allocation": 86
}