{
    "beta": 0.955130688134543,
    "cagr": 0.10662806831805693,
    "end_val": 294695.19429488643,
    "max_drawdown": -0.5557839450986218,
    "mwrr": 0.10662806831805693,
    "sharpe": 0.42391593125262056,
    "sortino": 0.5955101791263524,
    "std": 0.18033668665004943,
    "ulcer_index": 14.275212696287008,
    "upi": 0.5355318054767941,
    "us_allocation": 94
}