{
    "beta": 0.8650553256350453,
    "cagr": 0.08824447895014376,
    "end_val": 168433.27201404935,
    "max_drawdown": -0.5786834267237289,
    "mwrr": 0.08824447895014376,
    "sharpe": 0.3467000841787726,
    "sortino": 0.4853627557731034,
    "std": 0.1721451862398122,
    "ulcer_index": 15.121043029224593,
    "upi": 0.394707810992018,
    "us_allocation": 55
}