{
    "beta": 0.8277154917972254,
    "cagr": 0.08016068970784529,
    "end_val": 131309.46356773184,
    "max_drawdown": -0.5890803381222214,
    "mwrr": 0.08016068970784529,
    "sharpe": 0.30192441249272284,
    "sortino": 0.42252090351979726,
    "std": 0.17296172025631326,
    "ulcer_index": 15.709510240159663,
    "upi": 0.3324265370273508,
    "us_allocation": 39
}