{
    "beta": 0.9620107580100662,
    "cagr": 0.10796627174247964,
    "end_val": 306831.5074662009,
    "max_drawdown": -0.5543380722033064,
    "mwrr": 0.10796627174247964,
    "sharpe": 0.427824287508849,
    "sortino": 0.6012469410222917,
    "std": 0.18151638022359073,
    "ulcer_index": 14.245926095172168,
    "upi": 0.5451226644369529,
    "us_allocation": 97
}