{
    "beta": 0.9597181057272008,
    "cagr": 0.10752139311678333,
    "end_val": 302744.0238414459,
    "max_drawdown": -0.5548198035287285,
    "mwrr": 0.10752139311678333,
    "sharpe": 0.42655283152471263,
    "sortino": 0.5993769560228827,
    "std": 0.18111514646695315,
    "ulcer_index": 14.255425607395885,
    "upi": 0.5419399932969865,
    "us_allocation": 96
}