{
    "beta": 0.7830374711880339,
    "cagr": 0.07013819120426357,
    "end_val": 96183.82096208491,
    "max_drawdown": -0.6012430789832638,
    "mwrr": 0.07013819120426357,
    "sharpe": 0.24203164347190853,
    "sortino": 0.33864632696707814,
    "std": 0.17722059886198324,
    "ulcer_index": 16.589031394992368,
    "upi": 0.2585690664814591,
    "us_allocation": 20
}