{
    "beta": 0.8370737191949369,
    "cagr": 0.08221182675043948,
    "end_val": 139897.27202521008,
    "max_drawdown": -0.5864945930275569,
    "mwrr": 0.08221182675043948,
    "sharpe": 0.31370189698527734,
    "sortino": 0.4390280085370896,
    "std": 0.17251991598596106,
    "ulcer_index": 15.551779568398898,
    "upi": 0.3480054688836858,
    "us_allocation": 43
}