{
    "beta": 0.8766747776271785,
    "cagr": 0.09070512640676931,
    "end_val": 181628.09524061013,
    "max_drawdown": -0.5754045083565649,
    "mwrr": 0.09070512640676931,
    "sharpe": 0.3592854300122178,
    "sortino": 0.5030944046021254,
    "std": 0.1724060910790225,
    "ulcer_index": 14.961424720574612,
    "upi": 0.4140257632374098,
    "us_allocation": 60
}