{
    "beta": 0.9528359126870836,
    "cagr": 0.10617962007268922,
    "end_val": 290733.3380113276,
    "max_drawdown": -0.5562663532460598,
    "mwrr": 0.10617962007268922,
    "sharpe": 0.4225501316144517,
    "sortino": 0.5935128115058574,
    "std": 0.17995957743964824,
    "ulcer_index": 14.285487501236092,
    "upi": 0.5323071444498974,
    "us_allocation": 93
}