{
    "beta": 0.8952198746258038,
    "cagr": 0.09457805032546074,
    "end_val": 204450.6217942943,
    "max_drawdown": -0.570127962695134,
    "mwrr": 0.09457805032546074,
    "sharpe": 0.37784907509395205,
    "sortino": 0.5293598385053305,
    "std": 0.17332381201055122,
    "ulcer_index": 14.728204871674698,
    "upi": 0.44466605595024145,
    "us_allocation": 68
}