{
    "beta": 0.7924755749416191,
    "cagr": 0.0722869594843849,
    "end_val": 102847.37108312637,
    "max_drawdown": -0.5986986851818183,
    "mwrr": 0.0722869594843849,
    "sharpe": 0.2550720435104963,
    "sortino": 0.356896125317804,
    "std": 0.17602966989956856,
    "ulcer_index": 16.379950498694225,
    "upi": 0.27412409871447124,
    "us_allocation": 24
}