{
    "beta": 0.8580726856686356,
    "cagr": 0.08675319674602688,
    "end_val": 160894.23237582642,
    "max_drawdown": -0.580643878373809,
    "mwrr": 0.08675319674602688,
    "sharpe": 0.3388058846688029,
    "sortino": 0.4742611590744193,
    "std": 0.17210576511804582,
    "ulcer_index": 15.22257458153559,
    "upi": 0.38306034670931705,
    "us_allocation": 52
}