{
    "beta": 0.806599992373158,
    "cagr": 0.07547115794963455,
    "end_val": 113552.19781637515,
    "max_drawdown": -0.5948660190387534,
    "mwrr": 0.07547115794963455,
    "sharpe": 0.2742548990095284,
    "sortino": 0.3837546657348105,
    "std": 0.17453613205571225,
    "ulcer_index": 16.094105958104244,
    "upi": 0.2974292109437961,
    "us_allocation": 30
}