{
    "beta": 0.8394108006493343,
    "cagr": 0.08272145013637289,
    "end_val": 142114.06564881525,
    "max_drawdown": -0.5858467641097083,
    "mwrr": 0.08272145013637289,
    "sharpe": 0.3165899281768232,
    "sortino": 0.4430770724631867,
    "std": 0.172434287670375,
    "ulcer_index": 15.513368271055638,
    "upi": 0.3519040872809418,
    "us_allocation": 44
}