{
    "beta": 0.7664774528621017,
    "cagr": 0.06632737909326969,
    "end_val": 85381.79255393476,
    "max_drawdown": -0.6056753921383796,
    "mwrr": 0.06632737909326969,
    "sharpe": 0.21885735506553625,
    "sortino": 0.30622602523011155,
    "std": 0.17967530693647848,
    "ulcer_index": 16.98551961898516,
    "upi": 0.23151662994102584,
    "us_allocation": 13
}