{
    "beta": 0.7569891415256433,
    "cagr": 0.06412068148898098,
    "end_val": 79674.96193124424,
    "max_drawdown": -0.6081966244215837,
    "mwrr": 0.06412068148898098,
    "sharpe": 0.20547779990478302,
    "sortino": 0.2875110768238592,
    "std": 0.18128650833313975,
    "ulcer_index": 17.232663148364207,
    "upi": 0.216167089092315,
    "us_allocation": 9
}