{
    "beta": 0.9137107218103491,
    "cagr": 0.0983727172819211,
    "end_val": 229498.06507867255,
    "max_drawdown": -0.5648135252080557,
    "mwrr": 0.0983727172819211,
    "sharpe": 0.39437706064700345,
    "sortino": 0.5528852776360197,
    "std": 0.17484211070165964,
    "ulcer_index": 14.525472193858112,
    "upi": 0.47471578272521037,
    "us_allocation": 76
}