{
    "beta": 0.7877587376871898,
    "cagr": 0.07121518369060542,
    "end_val": 99469.56479905339,
    "max_drawdown": -0.5999719475064259,
    "mwrr": 0.07121518369060542,
    "sharpe": 0.2485738089094333,
    "sortino": 0.3478011094554404,
    "std": 0.17660572561528393,
    "ulcer_index": 16.48349151606912,
    "upi": 0.26633123191012237,
    "us_allocation": 22
}