{
    "beta": 0.8859542777578634,
    "cagr": 0.09265141585656034,
    "end_val": 192769.7783527141,
    "max_drawdown": -0.5727709266481505,
    "mwrr": 0.09265141585656034,
    "sharpe": 0.3688156740129499,
    "sortino": 0.5165588070971916,
    "std": 0.1727887093522261,
    "ulcer_index": 14.841438770587175,
    "upi": 0.4293944098163652,
    "us_allocation": 64
}