{
    "beta": 0.8323965971716946,
    "cagr": 0.08118879056174078,
    "end_val": 135548.00460799297,
    "max_drawdown": -0.587788577152564,
    "mwrr": 0.08118879056174078,
    "sharpe": 0.3078571848010475,
    "sortino": 0.4308356087033721,
    "std": 0.17272095576627167,
    "ulcer_index": 15.629800706236798,
    "upi": 0.3402129422457169,
    "us_allocation": 41
}