{
    "beta": 0.7355703169008457,
    "cagr": 0.05907731379643577,
    "end_val": 67986.64896496007,
    "max_drawdown": -0.6138392027560153,
    "mwrr": 0.05907731379643577,
    "sharpe": 0.17522879289186746,
    "sortino": 0.24520033416065945,
    "std": 0.1854525887818514,
    "ulcer_index": 17.891867268273966,
    "upi": 0.18163284533797558,
    "us_allocation": 0
}