{
    "beta": 0.8042486061509082,
    "cagr": 0.0749436885683723,
    "end_val": 111707.13610770636,
    "max_drawdown": -0.5955061452353791,
    "mwrr": 0.0749436885683723,
    "sharpe": 0.2710937510308028,
    "sortino": 0.3793274904922212,
    "std": 0.17476050441734076,
    "ulcer_index": 16.13967889064358,
    "upi": 0.2935477125868496,
    "us_allocation": 29
}