{
    "beta": 0.7995426315124146,
    "cagr": 0.07388487958958478,
    "end_val": 108090.84660071049,
    "max_drawdown": -0.5967847758404199,
    "mwrr": 0.07388487958958478,
    "sharpe": 0.2647264613392449,
    "sortino": 0.37041164192850373,
    "std": 0.17523876188502355,
    "ulcer_index": 16.232308303555147,
    "upi": 0.2857973229167458,
    "us_allocation": 27
}