{
    "beta": 0.867381029583224,
    "cagr": 0.08873908649622209,
    "end_val": 171008.55774281628,
    "max_drawdown": -0.5780287965416112,
    "mwrr": 0.08873908649622209,
    "sharpe": 0.34927526714712637,
    "sortino": 0.4889872833280613,
    "std": 0.17217790588793952,
    "ulcer_index": 15.088187273792764,
    "upi": 0.3985811216919203,
    "us_allocation": 56
}