{
    "beta": 0.9344514375799361,
    "cagr": 0.1025490319375244,
    "end_val": 260505.85200297838,
    "max_drawdown": -0.5601335779014464,
    "mwrr": 0.1025490319375244,
    "sharpe": 0.4104678392221268,
    "sortino": 0.5759751475776975,
    "std": 0.17724114844212766,
    "ulcer_index": 14.379451055423013,
    "upi": 0.5059487447006479,
    "us_allocation": 85
}