{
    "beta": 0.8183411480156915,
    "cagr": 0.07808923463524087,
    "end_val": 123156.45920338394,
    "max_drawdown": -0.5916572308063133,
    "mwrr": 0.07808923463524087,
    "sharpe": 0.2898119644188257,
    "sortino": 0.4055482477687712,
    "std": 0.17356238684434722,
    "ulcer_index": 15.874286299479026,
    "upi": 0.3168751041399312,
    "us_allocation": 35
}