{
    "beta": 0.9275448805924248,
    "cagr": 0.10116777811340505,
    "end_val": 249825.88937451298,
    "max_drawdown": -0.5615873673095941,
    "mwrr": 0.10116777811340505,
    "sharpe": 0.40539996550676627,
    "sortino": 0.5686758571583149,
    "std": 0.1763621818020715,
    "ulcer_index": 14.42128580371226,
    "upi": 0.4957819318147972,
    "us_allocation": 82
}