{
    "beta": 0.9090929476237354,
    "cagr": 0.09743134845001111,
    "end_val": 223020.14702735218,
    "max_drawdown": -0.5661457270691093,
    "mwrr": 0.09743134845001111,
    "sharpe": 0.39044012449862375,
    "sortino": 0.5472674048085152,
    "std": 0.1744073353525979,
    "ulcer_index": 14.572810967853178,
    "upi": 0.46728554183469656,
    "us_allocation": 74
}