{
    "beta": 0.9459472587683734,
    "cagr": 0.10482711924956978,
    "end_val": 279094.92117405304,
    "max_drawdown": -0.5577149146189507,
    "mwrr": 0.10482711924956978,
    "sharpe": 0.41826140494160025,
    "sortino": 0.5872622614895437,
    "std": 0.17887742562919903,
    "ulcer_index": 14.317835067017045,
    "upi": 0.5225531804146012,
    "us_allocation": 90
}