{
    "beta": 0.9183252742317018,
    "cagr": 0.09930923840526296,
    "end_val": 236123.57645785614,
    "max_drawdown": -0.5636790205278205,
    "mwrr": 0.09930923840526296,
    "sharpe": 0.39818285063954334,
    "sortino": 0.5583260406544909,
    "std": 0.17531309700659223,
    "ulcer_index": 14.486310376102088,
    "upi": 0.48188690777147336,
    "us_allocation": 78
}