{
    "beta": 0.7522378833441294,
    "cagr": 0.06300933697048716,
    "end_val": 76942.75035156685,
    "max_drawdown": -0.6094541283660774,
    "mwrr": 0.06300933697048716,
    "sharpe": 0.19876553300624877,
    "sortino": 0.2781222509851607,
    "std": 0.1821481060806004,
    "ulcer_index": 17.365724492187702,
    "upi": 0.2084896251659819,
    "us_allocation": 7
}