{
    "beta": 0.8018961545045769,
    "cagr": 0.07441492979973541,
    "end_val": 109886.76663387161,
    "max_drawdown": -0.5961457304363661,
    "mwrr": 0.07441492979973541,
    "sharpe": 0.26791740577755524,
    "sortino": 0.3748795351686847,
    "std": 0.17499471972241815,
    "ulcer_index": 16.18573416594443,
    "upi": 0.28967053600274645,
    "us_allocation": 28
}