{
    "beta": 0.9229366466297357,
    "cagr": 0.10024092202199286,
    "end_val": 242898.80985635173,
    "max_drawdown": -0.5626228478425415,
    "mwrr": 0.10024092202199286,
    "sharpe": 0.4018571813164907,
    "sortino": 0.5635894902366492,
    "std": 0.1758199175977804,
    "ulcer_index": 14.452848699219873,
    "upi": 0.4888685561333115,
    "us_allocation": 80
}