{
    "beta": 0.9298478336160223,
    "cagr": 0.10162939889647582,
    "end_val": 253347.0336561,
    "max_drawdown": -0.561102557264736,
    "mwrr": 0.10162939889647582,
    "sharpe": 0.40712206058785066,
    "sortino": 0.5711529136402757,
    "std": 0.17664647958207896,
    "ulcer_index": 14.407054150556728,
    "upi": 0.49918303812991677,
    "us_allocation": 83
}