{
    "beta": 0.8813162870658374,
    "cagr": 0.09168073388146825,
    "end_val": 187132.60672090104,
    "max_drawdown": -0.5740888847011097,
    "mwrr": 0.09168073388146825,
    "sharpe": 0.3641116897247281,
    "sortino": 0.5099082491334422,
    "std": 0.17257821017813182,
    "ulcer_index": 14.900630740236087,
    "upi": 0.4217196293987712,
    "us_allocation": 62
}