{
    "beta": 0.7948323477032404,
    "cagr": 0.07282089653357016,
    "end_val": 104571.38895681707,
    "max_drawdown": -0.5980612520271184,
    "mwrr": 0.07282089653357016,
    "sharpe": 0.2583031776750432,
    "sortino": 0.36141912037101176,
    "std": 0.17575625616489537,
    "ulcer_index": 16.329053290607256,
    "upi": 0.2780292901395744,
    "us_allocation": 25
}