{
    "beta": 0.8975341415477505,
    "cagr": 0.09505664867708719,
    "end_val": 207457.07558710728,
    "max_drawdown": -0.5694657451836982,
    "mwrr": 0.09505664867708719,
    "sharpe": 0.38002817899750246,
    "sortino": 0.5324533858659904,
    "std": 0.17348115442958115,
    "ulcer_index": 14.700909253078525,
    "upi": 0.44846751430788234,
    "us_allocation": 69
}