{
    "beta": 0.8230303573961577,
    "cagr": 0.0791275094162327,
    "end_val": 127179.62016081525,
    "max_drawdown": -0.5903698860108448,
    "mwrr": 0.0791275094162327,
    "sharpe": 0.29590786823605103,
    "sortino": 0.4140897332154927,
    "std": 0.1732422060053142,
    "ulcer_index": 15.791078812999853,
    "upi": 0.3246449678388971,
    "us_allocation": 37
}