{
    "beta": 0.8464161945456714,
    "cagr": 0.08424276284958343,
    "end_val": 148936.16466508515,
    "max_drawdown": -0.583899914576412,
    "mwrr": 0.08424276284958343,
    "sharpe": 0.32511069949441274,
    "sortino": 0.4550288203302632,
    "std": 0.17223690947397918,
    "ulcer_index": 15.400586271469319,
    "upi": 0.363604840422857,
    "us_allocation": 47
}