{
    "beta": 0.883635719564332,
    "cagr": 0.09216668981248688,
    "end_val": 189934.4770313906,
    "max_drawdown": -0.5734301981681885,
    "mwrr": 0.09216668981248688,
    "sharpe": 0.3664790967235658,
    "sortino": 0.5132540685701235,
    "std": 0.17267867765736156,
    "ulcer_index": 14.870833868699174,
    "upi": 0.42555958283758594,
    "us_allocation": 63
}