{
    "beta": 0.8300565452516573,
    "cagr": 0.08067537413472836,
    "end_val": 133415.02039719996,
    "max_drawdown": -0.5884347349001301,
    "mwrr": 0.08067537413472836,
    "sharpe": 0.30490154124279073,
    "sortino": 0.42669317293788045,
    "std": 0.17283637210272354,
    "ulcer_index": 15.669450663778512,
    "upi": 0.33631870036346195,
    "us_allocation": 40
}