{
    "beta": 0.7735814555928773,
    "cagr": 0.0679684854491045,
    "end_val": 89881.03475436277,
    "max_drawdown": -0.6037789864729175,
    "mwrr": 0.0679684854491045,
    "sharpe": 0.22883475784119034,
    "sortino": 0.32018319290134417,
    "std": 0.17856598171777474,
    "ulcer_index": 16.80973956983955,
    "upi": 0.24309225785270924,
    "us_allocation": 16
}