{
    "beta": 0.7400762925060232,
    "cagr": 0.05929203157079699,
    "end_val": 64619.71317486542,
    "max_drawdown": -0.6113365188013072,
    "mwrr": 0.05929203157079699,
    "sharpe": 0.18573938019303982,
    "sortino": 0.25864257620356834,
    "std": 0.18090765118608768,
    "ulcer_index": 17.788495262387556,
    "upi": 0.18890201696649456,
    "us_allocation": 4
}