{
    "beta": 0.8608194496050678,
    "cagr": 0.08325791849662134,
    "end_val": 133386.83696035837,
    "max_drawdown": -0.5793374828633044,
    "mwrr": 0.08325791849662134,
    "sharpe": 0.3250114782739372,
    "sortino": 0.4536563441183725,
    "std": 0.17227577594171656,
    "ulcer_index": 15.377795922464378,
    "upi": 0.36411899989042945,
    "us_allocation": 54
}