{
    "beta": 0.8272930198113904,
    "cagr": 0.07686223482598797,
    "end_val": 110104.19042228827,
    "max_drawdown": -0.58843473490013,
    "mwrr": 0.07686223482598797,
    "sharpe": 0.29046597715698436,
    "sortino": 0.40509525537054875,
    "std": 0.1723613937507823,
    "ulcer_index": 15.895695595321358,
    "upi": 0.31497119273467195,
    "us_allocation": 40
}