{
    "beta": 0.9296677368921613,
    "cagr": 0.09575518502888114,
    "end_val": 193415.01307107753,
    "max_drawdown": -0.5611025572647358,
    "mwrr": 0.09575518502888114,
    "sharpe": 0.3797088220792128,
    "sortino": 0.5315822690947682,
    "std": 0.1776946077629199,
    "ulcer_index": 14.622610433515364,
    "upi": 0.4614369251940514,
    "us_allocation": 83
}