{
    "beta": 0.8894014141748101,
    "cagr": 0.08855076918493965,
    "end_val": 156201.66651985573,
    "max_drawdown": -0.57145062305881,
    "mwrr": 0.08855076918493965,
    "sharpe": 0.35057642021046104,
    "sortino": 0.48984533099964456,
    "std": 0.17362800813276372,
    "ulcer_index": 15.004062863072908,
    "upi": 0.4057021942721049,
    "us_allocation": 66
}