{
    "beta": 0.8392900143367433,
    "cagr": 0.07917394153322665,
    "end_val": 118024.65016783358,
    "max_drawdown": -0.5851983755855106,
    "mwrr": 0.07917394153322665,
    "sharpe": 0.3033381171536537,
    "sortino": 0.423160768723556,
    "std": 0.1721223503461347,
    "ulcer_index": 15.700667356153339,
    "upi": 0.33255316157566994,
    "us_allocation": 45
}