{
    "beta": 0.8560422054272772,
    "cagr": 0.08235888806433267,
    "end_val": 129847.05616973997,
    "max_drawdown": -0.580643878373809,
    "mwrr": 0.08235888806433267,
    "sharpe": 0.3203712909276131,
    "sortino": 0.44711667923695236,
    "std": 0.17217721243590722,
    "ulcer_index": 15.446375568512059,
    "upi": 0.3571225710955365,
    "us_allocation": 52
}