{
    "beta": 0.764459325656636,
    "cagr": 0.06433847984150343,
    "end_val": 75375.23043429544,
    "max_drawdown": -0.6050437808309188,
    "mwrr": 0.06433847984150343,
    "sharpe": 0.21628538768471034,
    "sortino": 0.30127573321577145,
    "std": 0.17734869037812856,
    "ulcer_index": 17.157854128968882,
    "upi": 0.223566832975507,
    "us_allocation": 14
}