{
    "beta": 0.91311797610429,
    "cagr": 0.09283003770264786,
    "end_val": 177371.29894571207,
    "max_drawdown": -0.5648135252080554,
    "mwrr": 0.09283003770264786,
    "sharpe": 0.3687406272172429,
    "sortino": 0.5157846107823028,
    "std": 0.17572446360921914,
    "ulcer_index": 14.742501782969608,
    "upi": 0.43953652688864303,
    "us_allocation": 76
}