{
    "beta": 0.9083817649035677,
    "cagr": 0.0919836714473028,
    "end_val": 172975.00593458593,
    "max_drawdown": -0.5661457270691093,
    "mwrr": 0.0919836714473028,
    "sharpe": 0.3653420946977115,
    "sortino": 0.5109136334710658,
    "std": 0.17523657597605294,
    "ulcer_index": 14.790441080965751,
    "upi": 0.43286897746443087,
    "us_allocation": 74
}