{
    "beta": 0.9012708599721985,
    "cagr": 0.09070524366421462,
    "end_val": 166534.0315558334,
    "max_drawdown": -0.5681395283679032,
    "mwrr": 0.09070524366421462,
    "sharpe": 0.36002389987538125,
    "sortino": 0.5033092234788391,
    "std": 0.17456855420323292,
    "ulcer_index": 14.86621804503099,
    "upi": 0.4227758874508951,
    "us_allocation": 71
}