{
    "beta": 0.9696948715715393,
    "cagr": 0.10262062346224532,
    "end_val": 236789.30190640374,
    "max_drawdown": -0.5528942487106143,
    "mwrr": 0.10262062346224532,
    "sharpe": 0.40046643441243934,
    "sortino": 0.5620244694899622,
    "std": 0.18409484359144998,
    "ulcer_index": 14.436949990997048,
    "upi": 0.5106730600675373,
    "us_allocation": 100
}