{
    "beta": 0.7327362903673434,
    "cagr": 0.05775265049960643,
    "end_val": 61646.06570040299,
    "max_drawdown": -0.6132142967465783,
    "mwrr": 0.05775265049960643,
    "sharpe": 0.1764856124659842,
    "sortino": 0.2457359056188239,
    "std": 0.18214696566164168,
    "ulcer_index": 18.003098295121553,
    "upi": 0.1785659934824054,
    "us_allocation": 1
}