{
    "beta": 0.8320949913150053,
    "cagr": 0.07779060895883494,
    "end_val": 113221.0941057783,
    "max_drawdown": -0.5871418636175257,
    "mwrr": 0.07779060895883494,
    "sharpe": 0.29568156550715075,
    "sortino": 0.4124126884762288,
    "std": 0.17223785275688572,
    "ulcer_index": 15.816471759138928,
    "upi": 0.3220017899708041,
    "us_allocation": 42
}