{
    "beta": 0.9154847805979444,
    "cagr": 0.09325144889540882,
    "end_val": 179600.4312253968,
    "max_drawdown": -0.564207174672187,
    "mwrr": 0.09325144889540882,
    "sharpe": 0.3703957383233334,
    "sortino": 0.5181603977011418,
    "std": 0.17598104262795305,
    "ulcer_index": 14.721183285830227,
    "upi": 0.442794283817197,
    "us_allocation": 77
}