{
    "beta": 0.8775089414262878,
    "cagr": 0.08636644768936597,
    "end_val": 146361.4489482263,
    "max_drawdown": -0.5747469876361856,
    "mwrr": 0.08636644768936597,
    "sharpe": 0.34041054650254293,
    "sortino": 0.4754161220812602,
    "std": 0.17290745360422768,
    "ulcer_index": 15.152450539399036,
    "upi": 0.3884614648720408,
    "us_allocation": 61
}