{
    "beta": 0.8988987793874338,
    "cagr": 0.09027672840610812,
    "end_val": 164427.56824396813,
    "max_drawdown": -0.5688029342189885,
    "mwrr": 0.09027672840610812,
    "sharpe": 0.3581925810556477,
    "sortino": 0.5006951733977167,
    "std": 0.17436305950845643,
    "ulcer_index": 14.89284555102596,
    "upi": 0.4193791378867541,
    "us_allocation": 70
}