{
    "beta": 0.791138203763162,
    "cagr": 0.0697410032781971,
    "end_val": 88809.55326593618,
    "max_drawdown": -0.5980612520271187,
    "mwrr": 0.0697410032781971,
    "sharpe": 0.24888774496427502,
    "sortino": 0.34684190450633573,
    "std": 0.17447601489956654,
    "ulcer_index": 16.55796195308958,
    "upi": 0.26226943101419614,
    "us_allocation": 25
}