{
    "beta": 0.9178507250029492,
    "cagr": 0.09367168043068363,
    "end_val": 181850.34886667525,
    "max_drawdown": -0.5636790205278197,
    "mwrr": 0.09367168043068363,
    "sharpe": 0.37202140627901503,
    "sortino": 0.5204963976993271,
    "std": 0.17624598699549024,
    "ulcer_index": 14.70285683556053,
    "upi": 0.4459623643625746,
    "us_allocation": 78
}