{
    "beta": 0.9225800554293312,
    "cagr": 0.09450860934453553,
    "end_val": 186412.91958023672,
    "max_drawdown": -0.5626228478425422,
    "mwrr": 0.09450860934453553,
    "sharpe": 0.3751844621484665,
    "sortino": 0.5250492795087808,
    "std": 0.17680079308390315,
    "ulcer_index": 14.668986717634402,
    "upi": 0.45221142445046847,
    "us_allocation": 80
}