{
    "beta": 0.8488688174796927,
    "cagr": 0.08100122994811731,
    "end_val": 124673.45954812599,
    "max_drawdown": -0.582599199660964,
    "mwrr": 0.08100122994811731,
    "sharpe": 0.3132190440811215,
    "sortino": 0.43704869288395276,
    "std": 0.17209827472509379,
    "ulcer_index": 15.55232192941296,
    "upi": 0.34661249170471015,
    "us_allocation": 49
}