{
    "beta": 0.8727453470610067,
    "cagr": 0.08548432290083419,
    "end_val": 142560.22836060586,
    "max_drawdown": -0.5760614482393047,
    "mwrr": 0.08548432290083419,
    "sharpe": 0.3361473155700932,
    "sortino": 0.469381545795236,
    "std": 0.17268175046755654,
    "ulcer_index": 15.214656862593342,
    "upi": 0.381529526709653,
    "us_allocation": 59
}