{
    "beta": 0.7693208948102428,
    "cagr": 0.06533225268470622,
    "end_val": 77688.80073161697,
    "max_drawdown": -0.6037789864729168,
    "mwrr": 0.06533225268470622,
    "sharpe": 0.22230934266906865,
    "sortino": 0.30968909497369473,
    "std": 0.1767442930361173,
    "ulcer_index": 17.04072415127723,
    "upi": 0.23058459445799404,
    "us_allocation": 16
}