{
    "beta": 0.9320286353362711,
    "cagr": 0.09616836350177649,
    "end_val": 195791.6073450697,
    "max_drawdown": -0.5606179604571232,
    "mwrr": 0.09616836350177649,
    "sharpe": 0.38115841797091343,
    "sortino": 0.5336815170688439,
    "std": 0.17800878627543296,
    "ulcer_index": 14.608490194407587,
    "upi": 0.464465912533366,
    "us_allocation": 84
}