{
    "beta": 0.8512609574499397,
    "cagr": 0.08145499977040527,
    "end_val": 126379.99668083774,
    "max_drawdown": -0.5819479937326748,
    "mwrr": 0.08145499977040527,
    "sharpe": 0.3156283044397956,
    "sortino": 0.4404385660446481,
    "std": 0.17211537539096844,
    "ulcer_index": 15.516579245952732,
    "upi": 0.3501179297686036,
    "us_allocation": 50
}