{
    "beta": 0.867977910093228,
    "cagr": 0.08459738294602959,
    "end_val": 138834.792192379,
    "max_drawdown": -0.5773735909698461,
    "mwrr": 0.08459738294602959,
    "sharpe": 0.33177394377537234,
    "sortino": 0.4631998588530146,
    "std": 0.1724921228742992,
    "ulcer_index": 15.278515138475422,
    "upi": 0.3745801355569424,
    "us_allocation": 57
}