{
    "beta": 0.9036420473943187,
    "cagr": 0.09113257173277067,
    "end_val": 168660.6924442109,
    "max_drawdown": -0.5674755261909358,
    "mwrr": 0.09113257173277067,
    "sharpe": 0.3618259640075447,
    "sortino": 0.5058837032070945,
    "std": 0.17478266517622731,
    "ulcer_index": 14.840583068135022,
    "upi": 0.4261479477851945,
    "us_allocation": 72
}