{
    "beta": 0.8798893118688846,
    "cagr": 0.08680570804662757,
    "end_val": 148290.74686879528,
    "max_drawdown": -0.5740888847011095,
    "mwrr": 0.08680570804662757,
    "sharpe": 0.34250033520408457,
    "sortino": 0.47837751578840043,
    "std": 0.17303376317723212,
    "ulcer_index": 15.122007714428639,
    "upi": 0.3919190992934372,
    "us_allocation": 62
}