{
    "beta": 0.8008042348578617,
    "cagr": 0.07166751381551917,
    "end_val": 94139.80698833603,
    "max_drawdown": -0.5955061452353795,
    "mwrr": 0.07166751381551917,
    "sharpe": 0.2603552578990921,
    "sortino": 0.36289215919361134,
    "std": 0.1737074452759764,
    "ulcer_index": 16.367849966806084,
    "upi": 0.2763175363153727,
    "us_allocation": 29
}