{
    "beta": 0.8200820083464683,
    "cagr": 0.07546040983112556,
    "end_val": 105554.75542237514,
    "max_drawdown": -0.5903698860108451,
    "mwrr": 0.07546040983112556,
    "sharpe": 0.2824841255452684,
    "sortino": 0.39390093761337674,
    "std": 0.17261662049735316,
    "ulcer_index": 16.01785090012773,
    "upi": 0.30443010094696693,
    "us_allocation": 37
}