{
    "beta": 0.805630389851373,
    "cagr": 0.07262323013222383,
    "end_val": 96897.85687357685,
    "max_drawdown": -0.5942253506426601,
    "mwrr": 0.07262323013222383,
    "sharpe": 0.26599411935330014,
    "sortino": 0.37078957861558515,
    "std": 0.17337885693391697,
    "ulcer_index": 16.276836537070555,
    "upi": 0.2833436271590809,
    "us_allocation": 31
}