{
    "beta": 0.7376309369195149,
    "cagr": 0.05878021847859638,
    "end_val": 63615.93335346424,
    "max_drawdown": -0.6119629558416388,
    "mwrr": 0.05878021847859638,
    "sharpe": 0.18265762544614203,
    "sortino": 0.2543437479884815,
    "std": 0.18131207218660822,
    "ulcer_index": 17.858863653909005,
    "upi": 0.1854494497515931,
    "us_allocation": 3
}