{
    "beta": 0.9555932984849284,
    "cagr": 0.10023589591163473,
    "end_val": 220750.512945751,
    "max_drawdown": -0.5557839450986221,
    "mwrr": 0.10023589591163473,
    "sharpe": 0.3940681899530619,
    "sortino": 0.5525351612992001,
    "std": 0.18158456632302516,
    "ulcer_index": 14.488819886182872,
    "upi": 0.49388809320816657,
    "us_allocation": 94
}