{
    "beta": 0.9626474710638225,
    "cagr": 0.10143347076517228,
    "end_val": 228668.69038058224,
    "max_drawdown": -0.5543380722033061,
    "mwrr": 0.10143347076517228,
    "sharpe": 0.39739047604016586,
    "sortino": 0.5574467627099884,
    "std": 0.1828065274946528,
    "ulcer_index": 14.459062444396622,
    "upi": 0.502435107305015,
    "us_allocation": 97
}