{
    "beta": 0.7741775749860041,
    "cagr": 0.06632089593107082,
    "end_val": 80058.64989744124,
    "max_drawdown": -0.6025120889016813,
    "mwrr": 0.06632089593107082,
    "sharpe": 0.22829534827598136,
    "sortino": 0.31805153336977227,
    "std": 0.1761761826022765,
    "ulcer_index": 16.92727263249435,
    "upi": 0.23761427170318236,
    "us_allocation": 18
}