{
    "beta": 0.7814535423057144,
    "cagr": 0.06779428127195253,
    "end_val": 83720.94975134758,
    "max_drawdown": -0.6006077790183912,
    "mwrr": 0.06779428127195253,
    "sharpe": 0.23719414525361274,
    "sortino": 0.3304882441615332,
    "std": 0.17539244514464664,
    "ulcer_index": 16.765829063655953,
    "upi": 0.2481447559791256,
    "us_allocation": 21
}