{
    "beta": 0.841686263380399,
    "cagr": 0.07963259830755298,
    "end_val": 119660.47644151724,
    "max_drawdown": -0.584549426170945,
    "mwrr": 0.07963259830755298,
    "sharpe": 0.30584422226217806,
    "sortino": 0.4266810735677385,
    "std": 0.1721024326464987,
    "ulcer_index": 15.66286398425176,
    "upi": 0.3360709804994032,
    "us_allocation": 46
}