{
    "beta": 0.7547213099402377,
    "cagr": 0.06233547322289934,
    "end_val": 70913.27718587987,
    "max_drawdown": -0.6075670960613976,
    "mwrr": 0.06233547322289934,
    "sharpe": 0.20414008794857214,
    "sortino": 0.2843192882750638,
    "std": 0.17866554943524424,
    "ulcer_index": 17.399382423872215,
    "upi": 0.20962851778790395,
    "us_allocation": 10
}