{
    "beta": 0.9461769528893844,
    "cagr": 0.09862287162400407,
    "end_val": 210504.29023044734,
    "max_drawdown": -0.5577149146189512,
    "mwrr": 0.09862287162400407,
    "sharpe": 0.389247166733504,
    "sortino": 0.5454565733907765,
    "std": 0.18006097412507577,
    "ulcer_index": 14.532106078739032,
    "upi": 0.48231208913101675,
    "us_allocation": 90
}