{
    "beta": 0.7717498427539683,
    "cagr": 0.06582721439834383,
    "end_val": 78866.63329092647,
    "max_drawdown": -0.6031458011580232,
    "mwrr": 0.06582721439834383,
    "sharpe": 0.2253073475838816,
    "sortino": 0.3138770199088613,
    "std": 0.17645569031991618,
    "ulcer_index": 16.983108669346475,
    "upi": 0.23410412818062387,
    "us_allocation": 17
}