{
    "beta": 0.8104520375572329,
    "cagr": 0.07357394140362272,
    "end_val": 99719.08442799182,
    "max_drawdown": -0.5929423824109953,
    "mwrr": 0.07357394140362272,
    "sharpe": 0.27156444211012104,
    "sortino": 0.3785941184951798,
    "std": 0.1730874949548614,
    "ulcer_index": 16.187745558953704,
    "upi": 0.2903805226203998,
    "us_allocation": 33
}