{
    "beta": 0.7935564423351961,
    "cagr": 0.07022452063522633,
    "end_val": 90119.17403333481,
    "max_drawdown": -0.5974232826411551,
    "mwrr": 0.07022452063522633,
    "sharpe": 0.2517770925990872,
    "sortino": 0.35088469922812254,
    "std": 0.17426997589095353,
    "ulcer_index": 16.508030817233916,
    "upi": 0.2658023540967525,
    "us_allocation": 26
}