{
    "beta": 0.9414640631522314,
    "cagr": 0.09780937358766817,
    "end_val": 205513.17746393103,
    "max_drawdown": -0.5586817259363115,
    "mwrr": 0.09780937358766817,
    "sharpe": 0.3866662141775988,
    "sortino": 0.5416871273639932,
    "std": 0.17934541097674817,
    "ulcer_index": 14.555674754688178,
    "upi": 0.4764375662007338,
    "us_allocation": 88
}