{
    "beta": 0.8296945384990634,
    "cagr": 0.07732703829514076,
    "end_val": 111654.1714325247,
    "max_drawdown": -0.5877885771525639,
    "mwrr": 0.07732703829514076,
    "sharpe": 0.2930846205085435,
    "sortino": 0.40876891982433067,
    "std": 0.172294964930451,
    "ulcer_index": 15.855865938921326,
    "upi": 0.3184862786094387,
    "us_allocation": 41
}