{
    "beta": 0.9202158147925551,
    "cagr": 0.09409073351579589,
    "end_val": 184121.14692762878,
    "max_drawdown": -0.5631509113623567,
    "mwrr": 0.09409073351579589,
    "sharpe": 0.37361764062598246,
    "sortino": 0.5227926862984601,
    "std": 0.17651925221272272,
    "ulcer_index": 14.685747225490145,
    "upi": 0.44909279301060306,
    "us_allocation": 79
}