{
    "beta": 0.7571576901020374,
    "cagr": 0.0628381632213717,
    "end_val": 72008.40139042545,
    "max_drawdown": -0.6069370486355965,
    "mwrr": 0.0628381632213717,
    "sharpe": 0.20718730910422142,
    "sortino": 0.28857287834837964,
    "std": 0.1783228927528906,
    "ulcer_index": 17.33811234573059,
    "upi": 0.2131000472291527,
    "us_allocation": 11
}