{
    "beta": 0.7302869855544561,
    "cagr": 0.05723689055740122,
    "end_val": 60679.755783427914,
    "max_drawdown": -0.6138392027560157,
    "mwrr": 0.05723689055740122,
    "sharpe": 0.17339629049694805,
    "sortino": 0.24142804343291166,
    "std": 0.18257736943135117,
    "ulcer_index": 18.08038466349224,
    "upi": 0.17510308536532088,
    "us_allocation": 0
}