{
    "beta": 0.8248904292441589,
    "cagr": 0.07639619678444709,
    "end_val": 108571.03696785745,
    "max_drawdown": -0.5890803381222214,
    "mwrr": 0.07639619678444709,
    "sharpe": 0.2878260581278437,
    "sortino": 0.40139232390118423,
    "std": 0.17243714389170545,
    "ulcer_index": 15.935931746537817,
    "upi": 0.3114573631674489,
    "us_allocation": 39
}