{
    "beta": 0.950886683748658,
    "cagr": 0.09943170965172965,
    "end_val": 215583.18534195182,
    "max_drawdown": -0.5567489849087952,
    "mwrr": 0.09943170965172965,
    "sharpe": 0.3917141125651984,
    "sortino": 0.5490721764973516,
    "std": 0.18080749704503263,
    "ulcer_index": 14.50995007888154,
    "upi": 0.4881251559751501,
    "us_allocation": 92
}