{
    "beta": 0.9343887117866815,
    "cagr": 0.09658037048663481,
    "end_val": 198189.6330345816,
    "max_drawdown": -0.5601335779014461,
    "mwrr": 0.09658037048663481,
    "sharpe": 0.3825788664564587,
    "sortino": 0.5357416490158267,
    "std": 0.17833100493075593,
    "ulcer_index": 14.594648175236854,
    "upi": 0.46748355064287056,
    "us_allocation": 85
}