{
    "beta": 0.7838764764631759,
    "cagr": 0.06828286380913884,
    "end_val": 84970.84890031663,
    "max_drawdown": -0.5999719475064251,
    "mwrr": 0.06828286380913884,
    "sharpe": 0.2401369492872228,
    "sortino": 0.3346025431243094,
    "std": 0.1751495280935811,
    "ulcer_index": 16.713067895013506,
    "upi": 0.25166746764425996,
    "us_allocation": 22
}