{
    "beta": 0.8870247842329494,
    "cagr": 0.08811629813478694,
    "end_val": 154194.66681226535,
    "max_drawdown": -0.5721110687455652,
    "mwrr": 0.08811629813478694,
    "sharpe": 0.34860018338554627,
    "sortino": 0.48703546870508063,
    "std": 0.17346616020833172,
    "ulcer_index": 15.032918458715734,
    "upi": 0.40226559910725895,
    "us_allocation": 65
}