{
    "beta": 0.8464756590591481,
    "cagr": 0.08054624085603557,
    "end_val": 122984.76857954585,
    "max_drawdown": -0.583249839506702,
    "mwrr": 0.08054624085603557,
    "sharpe": 0.31078504580511085,
    "sortino": 0.4336255067075785,
    "std": 0.17209040773575118,
    "ulcer_index": 15.588587050717056,
    "upi": 0.34310325695475324,
    "us_allocation": 48
}