{
    "beta": 0.8632065847664527,
    "cagr": 0.08370561593289794,
    "end_val": 135184.27429735064,
    "max_drawdown": -0.5786834267237291,
    "mwrr": 0.08370561593289794,
    "sharpe": 0.3272922834644537,
    "sortino": 0.4568732771638359,
    "std": 0.1723387801236624,
    "ulcer_index": 15.34411845052038,
    "upi": 0.3676133743685263,
    "us_allocation": 55
}