{
    "beta": 0.7474045709702895,
    "cagr": 0.06081961711026307,
    "end_val": 67707.77531754943,
    "max_drawdown": -0.609454128366077,
    "mwrr": 0.06081961711026307,
    "sharpe": 0.19496190930700652,
    "sortino": 0.27151009610774285,
    "std": 0.17974689032417399,
    "ulcer_index": 17.58755450174915,
    "upi": 0.1992602571235551,
    "us_allocation": 7
}