{
    "beta": 0.8128611866249602,
    "cagr": 0.07404742494824057,
    "end_val": 101153.67768444592,
    "max_drawdown": -0.5923000801419195,
    "mwrr": 0.07404742494824057,
    "sharpe": 0.2743226918299426,
    "sortino": 0.3824596489504233,
    "std": 0.17295578946153387,
    "ulcer_index": 16.144048265686127,
    "upi": 0.29390002996688647,
    "us_allocation": 34
}