{
    "beta": 0.7449631026958693,
    "cagr": 0.060311728427257405,
    "end_val": 66665.52224507667,
    "max_drawdown": -0.6100821061493754,
    "mwrr": 0.060311728427257405,
    "sharpe": 0.19189200566147724,
    "sortino": 0.26722647873365996,
    "std": 0.18012502780455125,
    "ulcer_index": 17.65393759625611,
    "upi": 0.19579622280690745,
    "us_allocation": 6
}