{
    "beta": 0.9532403779651714,
    "cagr": 0.09983438374554865,
    "end_val": 218155.75518435973,
    "max_drawdown": -0.55626635324606,
    "mwrr": 0.09983438374554865,
    "sharpe": 0.3929051836418523,
    "sortino": 0.5508226841517684,
    "std": 0.18119223944380772,
    "ulcer_index": 14.49925672221144,
    "upi": 0.49101297508399777,
    "us_allocation": 93
}