{
    "beta": 0.8536520848208986,
    "cagr": 0.0819075519415644,
    "end_val": 128104.49174652998,
    "max_drawdown": -0.5812962204096095,
    "mwrr": 0.0819075519415644,
    "sharpe": 0.3180124939432167,
    "sortino": 0.4437946852633992,
    "std": 0.1721416937130339,
    "ulcer_index": 15.481264745334798,
    "upi": 0.3536213626796932,
    "us_allocation": 51
}