{
    "beta": 0.9060123471949764,
    "cagr": 0.09155871390178527,
    "end_val": 170807.65084548475,
    "max_drawdown": -0.5668109262421439,
    "mwrr": 0.09155871390178527,
    "sharpe": 0.36359871202682814,
    "sortino": 0.5084185010507939,
    "std": 0.17500535264435682,
    "ulcer_index": 14.81532736509591,
    "upi": 0.4295123086389207,
    "us_allocation": 73
}