{
    "beta": 0.9249434523653622,
    "cagr": 0.09492530909723018,
    "end_val": 188725.76008921504,
    "max_drawdown": -0.5620948306372671,
    "mwrr": 0.09492530909723018,
    "sharpe": 0.3767219026772867,
    "sortino": 0.5272662857830195,
    "std": 0.17709056374273896,
    "ulcer_index": 14.652526247268261,
    "upi": 0.45531953645409584,
    "us_allocation": 81
}