{
    "beta": 0.8655927363436527,
    "cagr": 0.08415210357449499,
    "end_val": 137000.22289535042,
    "max_drawdown": -0.5780287965416108,
    "mwrr": 0.08415210357449499,
    "sharpe": 0.3295465261293911,
    "sortino": 0.46005455139109186,
    "std": 0.17241090352708918,
    "ulcer_index": 15.311023370311457,
    "upi": 0.3711005980545264,
    "us_allocation": 56
}