{
    "beta": 0.8941519165051198,
    "cagr": 0.08941613109092761,
    "end_val": 160274.83091902142,
    "max_drawdown": -0.5701279626951342,
    "mwrr": 0.08941613109092761,
    "sharpe": 0.35444248669165995,
    "sortino": 0.49534873959222114,
    "std": 0.17397807369866483,
    "ulcer_index": 14.947728598370814,
    "upi": 0.412551989046776,
    "us_allocation": 68
}