{
    "beta": 0.749844757097424,
    "cagr": 0.06132620253834831,
    "end_val": 68763.07707877892,
    "max_drawdown": -0.6088256348225484,
    "mwrr": 0.06132620253834831,
    "sharpe": 0.1980268878957998,
    "sortino": 0.2757872240528295,
    "std": 0.17937757776902252,
    "ulcer_index": 17.524021267810006,
    "upi": 0.2027092496965575,
    "us_allocation": 8
}