{
    "beta": 0.9367479716457365,
    "cagr": 0.09699120709745523,
    "end_val": 200609.1785467962,
    "max_drawdown": -0.5596494106152842,
    "mwrr": 0.09699120709745523,
    "sharpe": 0.3839702513778996,
    "sortino": 0.5377625191777116,
    "std": 0.17866121490474277,
    "ulcer_index": 14.581088632336328,
    "upi": 0.47048951305609327,
    "us_allocation": 86
}