{
    "beta": 0.7887188008215966,
    "cagr": 0.06925622272817722,
    "end_val": 87515.03558552446,
    "max_drawdown": -0.5986986851818185,
    "mwrr": 0.06925622272817722,
    "sharpe": 0.24598426374976065,
    "sortino": 0.34278010006069226,
    "std": 0.17469129660055444,
    "ulcer_index": 16.609081568204342,
    "upi": 0.25873088946999595,
    "us_allocation": 24
}