{
    "beta": 0.9107503060378814,
    "cagr": 0.0924074456314774,
    "end_val": 175162.85610450926,
    "max_drawdown": -0.5654799272129046,
    "mwrr": 0.0924074456314774,
    "sharpe": 0.36705607484596253,
    "sortino": 0.5133690296670081,
    "std": 0.17547629371583362,
    "ulcer_index": 14.766224654374534,
    "upi": 0.4362088051841055,
    "us_allocation": 75
}