{
    "beta": 0.9485322105034381,
    "cagr": 0.09902787261912249,
    "end_val": 213032.7239204749,
    "max_drawdown": -0.5572318390457838,
    "mwrr": 0.09902787261912249,
    "sharpe": 0.39049482240590655,
    "sortino": 0.5472835018704917,
    "std": 0.18043039131841704,
    "ulcer_index": 14.520905677108498,
    "upi": 0.4852246108333453,
    "us_allocation": 91
}