{
    "beta": 0.8846472276229783,
    "cagr": 0.08768063185742458,
    "end_val": 152207.25020387542,
    "max_drawdown": -0.5727709266481508,
    "mwrr": 0.08768063185742458,
    "sharpe": 0.3465953219891024,
    "sortino": 0.48418737893696917,
    "std": 0.17331314811798165,
    "ulcer_index": 15.06223356129937,
    "upi": 0.3988216456429969,
    "us_allocation": 64
}