{
    "beta": 0.8440814763207982,
    "cagr": 0.08009003085946031,
    "end_val": 121313.81167924203,
    "max_drawdown": -0.5838999145764119,
    "mwrr": 0.08009003085946031,
    "sharpe": 0.3083266535989158,
    "sortino": 0.4301694687861263,
    "std": 0.17209178920035204,
    "ulcer_index": 15.625485363142635,
    "upi": 0.3395881771983301,
    "us_allocation": 47
}