{
    "beta": 0.8152692273669694,
    "cagr": 0.07451966295659873,
    "end_val": 102604.41065690973,
    "max_drawdown": -0.591657230806313,
    "mwrr": 0.07451966295659873,
    "sharpe": 0.2770623664391071,
    "sortino": 0.3862997287789972,
    "std": 0.17283340684854936,
    "ulcer_index": 16.10140127340099,
    "upi": 0.2974108299973923,
    "us_allocation": 35
}