{
    "beta": 0.9391064203063563,
    "cagr": 0.09740087443516288,
    "end_val": 203050.3312524468,
    "max_drawdown": -0.5591654596191126,
    "mwrr": 0.09740087443516288,
    "sharpe": 0.38533266628311963,
    "sortino": 0.5397442952345127,
    "std": 0.1789993668609016,
    "ulcer_index": 14.56780934758627,
    "upi": 0.4734836802217274,
    "us_allocation": 87
}