{
    "beta": 0.8751276217182329,
    "cagr": 0.08592598645707095,
    "end_val": 144451.31177763545,
    "max_drawdown": -0.5754045083565645,
    "mwrr": 0.08592598645707095,
    "sharpe": 0.33829280658826133,
    "sortino": 0.47241738696592767,
    "std": 0.17279010638090556,
    "ulcer_index": 15.183310839841097,
    "upi": 0.3849987453036161,
    "us_allocation": 60
}