{
    "beta": 0.8703621117567474,
    "cagr": 0.08504145555679155,
    "end_val": 140688.0911751297,
    "max_drawdown": -0.5767178086554058,
    "mwrr": 0.08504145555679155,
    "sharpe": 0.33397428619300074,
    "sortino": 0.46630892498469706,
    "std": 0.17258241372034622,
    "ulcer_index": 15.246389048767726,
    "upi": 0.3780566308604779,
    "us_allocation": 58
}