{
    "beta": 0.7595928150094609,
    "cagr": 0.06333955944931025,
    "end_val": 73117.02597967058,
    "max_drawdown": -0.606306481033151,
    "mwrr": 0.06333955944931025,
    "sharpe": 0.21022760522426576,
    "sortino": 0.2928172717709344,
    "std": 0.1779891791375894,
    "ulcer_index": 17.277442790491495,
    "upi": 0.21658033131654242,
    "us_allocation": 12
}