{
    "beta": 0.762026691317981,
    "cagr": 0.06383966422398557,
    "end_val": 74239.264433982,
    "max_drawdown": -0.6056753921383804,
    "mwrr": 0.06383966422398557,
    "sharpe": 0.21326046827636472,
    "sortino": 0.2970517767658974,
    "std": 0.17766443611974145,
    "ulcer_index": 17.21732222108454,
    "upi": 0.22006978101813435,
    "us_allocation": 13
}