{
    "beta": 0.8344943842486826,
    "cagr": 0.07825294856707066,
    "end_val": 114805.07235516922,
    "max_drawdown": -0.586494593027557,
    "mwrr": 0.07825294856707066,
    "sharpe": 0.2982563982479898,
    "sortino": 0.41602605810110926,
    "std": 0.17219005128755266,
    "ulcer_index": 15.77747312174492,
    "upi": 0.32551828345604256,
    "us_allocation": 43
}