{
    "beta": 0.7959735228511566,
    "cagr": 0.0707067768354177,
    "end_val": 91444.01308846194,
    "max_drawdown": -0.5967847758404203,
    "mwrr": 0.0707067768354177,
    "sharpe": 0.2546517975302227,
    "sortino": 0.35490778168419435,
    "std": 0.17407319317152248,
    "ulcer_index": 16.460830535709185,
    "upi": 0.2693036286163939,
    "us_allocation": 27
}