{
    "beta": 0.822486760770945,
    "cagr": 0.07592892238654136,
    "end_val": 107054.59678383358,
    "max_drawdown": -0.5897253880754049,
    "mwrr": 0.07592892238654136,
    "sharpe": 0.28516529452760875,
    "sortino": 0.39766070438210616,
    "std": 0.17252221875987292,
    "ulcer_index": 15.976660159747986,
    "upi": 0.3079433747981566,
    "us_allocation": 38
}