{
    "beta": 0.8584313250877346,
    "cagr": 0.08280900972562177,
    "end_val": 131607.8010132258,
    "max_drawdown": -0.5799909663015475,
    "mwrr": 0.08280900972562177,
    "sharpe": 0.3227043852079992,
    "sortino": 0.45040403740812773,
    "std": 0.1722219130780646,
    "ulcer_index": 15.411888652737401,
    "upi": 0.36062180923305753,
    "us_allocation": 53
}