{
    "beta": 0.7351842718428423,
    "cagr": 0.058267092293588396,
    "end_val": 62624.75459358135,
    "max_drawdown": -0.6125888814651843,
    "mwrr": 0.058267092293588396,
    "sharpe": 0.1795728792401052,
    "sortino": 0.2500413202233074,
    "std": 0.18172518836353843,
    "ulcer_index": 17.930652393194784,
    "upi": 0.1820013393512497,
    "us_allocation": 2
}