{
    "beta": 0.8080417740205581,
    "cagr": 0.07309921043388212,
    "end_val": 98300.51585800762,
    "max_drawdown": -0.5935841388381239,
    "mwrr": 0.07309921043388212,
    "sharpe": 0.268788091330558,
    "sortino": 0.3747038541675503,
    "std": 0.1732285192231747,
    "ulcer_index": 16.2320495860013,
    "upi": 0.286860878849172,
    "us_allocation": 32
}