{
    "beta": 0.8368927232714403,
    "cagr": 0.0787140588530364,
    "end_val": 116406.21988365878,
    "max_drawdown": -0.5858467641097085,
    "mwrr": 0.0787140588530364,
    "sharpe": 0.30080871392648095,
    "sortino": 0.41960890718313515,
    "std": 0.1721515533107373,
    "ulcer_index": 15.738872520190268,
    "upi": 0.32903546963736074,
    "us_allocation": 44
}