{
    "beta": 0.7862982271745216,
    "cagr": 0.06877017692996001,
    "end_val": 86235.50583222511,
    "max_drawdown": -0.5993355832837512,
    "mwrr": 0.06877017692996001,
    "sharpe": 0.24306716060434833,
    "sortino": 0.3387000638870258,
    "std": 0.17491580627395983,
    "ulcer_index": 16.660734904947475,
    "upi": 0.2551975448576132,
    "us_allocation": 23
}