{
    "beta": 0.9602968397220132,
    "cagr": 0.10103543844181839,
    "end_val": 226006.9041256732,
    "max_drawdown": -0.5548198035287284,
    "mwrr": 0.10103543844181839,
    "sharpe": 0.39631066334624737,
    "sortino": 0.5558469191228116,
    "std": 0.18239176325388842,
    "ulcer_index": 14.468715976801441,
    "upi": 0.49959955883014184,
    "us_allocation": 96
}