{
    "beta": 0.943820905557994,
    "cagr": 0.0982167056299279,
    "end_val": 207997.80241334942,
    "max_drawdown": -0.5581982105931813,
    "mwrr": 0.0982167056299279,
    "sharpe": 0.3879710072741223,
    "sortino": 0.5435911651973762,
    "std": 0.17969929697006948,
    "ulcer_index": 14.543767571164615,
    "upi": 0.47938062119597047,
    "us_allocation": 89
}