{
    "beta": 0.9649973499581695,
    "cagr": 0.10183034507941158,
    "end_val": 231352.9701819335,
    "max_drawdown": -0.5538565685872704,
    "mwrr": 0.10183034507941158,
    "sharpe": 0.3984429146438417,
    "sortino": 0.5590095008696593,
    "std": 0.18322866464314264,
    "ulcer_index": 14.44967732025638,
    "upi": 0.5052568763955115,
    "us_allocation": 98
}