{
    "beta": 0.7983894516022866,
    "cagr": 0.07118777389601916,
    "end_val": 92784.18565947571,
    "max_drawdown": -0.5961457304363664,
    "mwrr": 0.07118777389601916,
    "sharpe": 0.25751135357296945,
    "sortino": 0.35891048554060906,
    "std": 0.17388567919884226,
    "ulcer_index": 16.41408066350708,
    "upi": 0.2728091532620113,
    "us_allocation": 28
}