{
    "beta": 0.9673464816986116,
    "cagr": 0.10222606233304998,
    "end_val": 234059.8167321639,
    "max_drawdown": -0.5533752937366775,
    "mwrr": 0.10222606233304998,
    "sharpe": 0.3994681688047907,
    "sortino": 0.5605353272199777,
    "std": 0.18365812122729944,
    "ulcer_index": 14.44152281860609,
    "upi": 0.5080308448521534,
    "us_allocation": 99
}