{
    "beta": 0.77660409800797,
    "cagr": 0.06681329947575798,
    "end_val": 81264.96506232096,
    "max_drawdown": -0.6018778485597518,
    "mwrr": 0.06681329947575798,
    "sharpe": 0.2312728268882792,
    "sortino": 0.3222120373613166,
    "std": 0.17590579195047712,
    "ulcer_index": 16.87293154688603,
    "upi": 0.24111790990152004,
    "us_allocation": 19
}