{
    "beta": 0.8176761659063775,
    "cagr": 0.07499065729976206,
    "end_val": 104071.3982887798,
    "max_drawdown": -0.5910138331743319,
    "mwrr": 0.07499065729976206,
    "sharpe": 0.27978299809328233,
    "sortino": 0.3901137084130243,
    "std": 0.17272034998528196,
    "ulcer_index": 16.05943290483184,
    "upi": 0.3009191501948958,
    "us_allocation": 36
}