{
    "beta": 0.8032178788654926,
    "cagr": 0.07214599857378912,
    "end_val": 95510.99231702124,
    "max_drawdown": -0.5948660190387536,
    "mwrr": 0.07214599857378912,
    "sharpe": 0.2631830114502988,
    "sortino": 0.3668520859678025,
    "std": 0.1735385015370877,
    "ulcer_index": 16.32210115849495,
    "upi": 0.2798291285823104,
    "us_allocation": 30
}