{
    "beta": 0.7522836678418119,
    "cagr": 0.061831487115273864,
    "end_val": 69831.54009734733,
    "max_drawdown": -0.6081966244215831,
    "mwrr": 0.061831487115273864,
    "sharpe": 0.20108644690358896,
    "sortino": 0.2800571784302917,
    "std": 0.17901712082717275,
    "ulcer_index": 17.461366990416582,
    "upi": 0.2061646397239295,
    "us_allocation": 9
}