{
    "beta": 0.8917771230645276,
    "cagr": 0.08898404638332069,
    "end_val": 158228.3534085353,
    "max_drawdown": -0.5707895881800367,
    "mwrr": 0.08898404638332069,
    "sharpe": 0.35252389592961625,
    "sortino": 0.49261655732497256,
    "std": 0.17379865769167846,
    "ulcer_index": 14.975711875569829,
    "upi": 0.4091298581575021,
    "us_allocation": 67
}