{
    "beta": 0.7790294182969336,
    "cagr": 0.06730442720513574,
    "end_val": 82485.69342709091,
    "max_drawdown": -0.6012430789832637,
    "mwrr": 0.06730442720513574,
    "sharpe": 0.23423926524666305,
    "sortino": 0.3263578485508138,
    "std": 0.17564453944224634,
    "ulcer_index": 16.819054166303772,
    "upi": 0.24462906694857367,
    "us_allocation": 20
}