{
    "beta": 0.9579454506318495,
    "cagr": 0.10063624714843078,
    "end_val": 223367.5369102836,
    "max_drawdown": -0.5553017615105067,
    "mwrr": 0.10063624714843078,
    "sharpe": 0.39520329343023364,
    "sortino": 0.554209811904863,
    "std": 0.18198442518557062,
    "ulcer_index": 14.478646912957743,
    "upi": 0.49675009306547185,
    "us_allocation": 95
}