{
    "beta": 0.7668907246283472,
    "cagr": 0.06483600857697747,
    "end_val": 76525.03785082551,
    "max_drawdown": -0.6044116459856973,
    "mwrr": 0.06483600857697747,
    "sharpe": 0.2193018506817764,
    "sortino": 0.3054884211336132,
    "std": 0.17704196771575573,
    "ulcer_index": 17.09900346978378,
    "upi": 0.2270716552005181,
    "us_allocation": 15
}