{
    "beta": 0.9273060110424237,
    "cagr": 0.09534083394081128,
    "end_val": 191059.76079074238,
    "max_drawdown": -0.5615873673095941,
    "mwrr": 0.09534083394081128,
    "sharpe": 0.3782300048860697,
    "sortino": 0.5294439002396283,
    "std": 0.17738851767861535,
    "ulcer_index": 14.637022757852929,
    "upi": 0.4583963439666998,
    "us_allocation": 82
}