{
    "beta": 0.8965258000868546,
    "cagr": 0.08984702465440209,
    "end_val": 162341.2018311422,
    "max_drawdown": -0.5694657451836973,
    "mwrr": 0.08984702465440209,
    "sharpe": 0.3563320812805163,
    "sortino": 0.49804166493764973,
    "std": 0.17416622000229312,
    "ulcer_index": 14.920105018173254,
    "upi": 0.4159685440274211,
    "us_allocation": 69
}