{
    "beta": 0.8822687387157762,
    "cagr": 0.08724376896289399,
    "end_val": 150239.3119912378,
    "max_drawdown": -0.5734301981681887,
    "mwrr": 0.08724376896289399,
    "sharpe": 0.34456198526952686,
    "sortino": 0.4813013264478618,
    "std": 0.1731690050532913,
    "ulcer_index": 15.091920808132897,
    "upi": 0.3953729619715876,
    "us_allocation": 63
}