{
    "beta": 0.7425203454814904,
    "cagr": 0.059802534063479795,
    "end_val": 65636.20554727883,
    "max_drawdown": -0.6107095692650822,
    "mwrr": 0.059802534063479795,
    "sharpe": 0.18881766732126173,
    "sortino": 0.26293706370131986,
    "std": 0.18051195879636453,
    "ulcer_index": 17.72092042223785,
    "upi": 0.19234338257495406,
    "us_allocation": 5
}