{
    "beta": 0.8245005954889564,
    "cagr": 0.08033961392025968,
    "end_val": 113117.96612075466,
    "max_drawdown": -0.5890803381222212,
    "mwrr": 0.08033961392025968,
    "sharpe": 0.3083532763605395,
    "sortino": 0.43025377139072485,
    "std": 0.17394842286560946,
    "ulcer_index": 16.146332331699718,
    "upi": 0.3322059651828902,
    "us_allocation": 39
}