{
    "beta": 0.8341469800282771,
    "cagr": 0.08196006504624731,
    "end_val": 118567.51504100586,
    "max_drawdown": -0.5864945930275578,
    "mwrr": 0.08196006504624731,
    "sharpe": 0.31730924348462675,
    "sortino": 0.4428061933441107,
    "std": 0.17376714654879472,
    "ulcer_index": 15.990805980701444,
    "upi": 0.3448198618936946,
    "us_allocation": 43
}