{
    "beta": 0.8725685168124269,
    "cagr": 0.08825666908478103,
    "end_val": 142258.22349681094,
    "max_drawdown": -0.5760614482393044,
    "mwrr": 0.08825666908478103,
    "sharpe": 0.34927973448664984,
    "sortino": 0.48779819521750506,
    "std": 0.1744925289441933,
    "ulcer_index": 15.435732926277383,
    "upi": 0.3948524936503285,
    "us_allocation": 59
}