{
    "beta": 0.9557947533574891,
    "cagr": 0.10101779682882839,
    "end_val": 205123.83486584356,
    "max_drawdown": -0.5557839450986221,
    "mwrr": 0.10101779682882839,
    "sharpe": 0.3952049992312078,
    "sortino": 0.5539955260271748,
    "std": 0.1837457563074604,
    "ulcer_index": 14.713490862981905,
    "upi": 0.49355333258583756,
    "us_allocation": 94
}