{
    "beta": 0.8124184314246347,
    "cagr": 0.0782877331568761,
    "end_val": 106564.6208633492,
    "max_drawdown": -0.5923000801419199,
    "mwrr": 0.0782877331568761,
    "sharpe": 0.2966756814158416,
    "sortino": 0.4138961220090072,
    "std": 0.17438077511559344,
    "ulcer_index": 16.350258138405856,
    "upi": 0.3164230947529391,
    "us_allocation": 34
}