{
    "beta": 0.7393185008447772,
    "cagr": 0.06535096430065801,
    "end_val": 72955.2184076479,
    "max_drawdown": -0.6113365188013065,
    "mwrr": 0.06535096430065801,
    "sharpe": 0.21819352898000954,
    "sortino": 0.3042563800544855,
    "std": 0.18173083061748121,
    "ulcer_index": 17.95988964534427,
    "upi": 0.22078937708186566,
    "us_allocation": 4
}