{
    "beta": 0.7808737674925993,
    "cagr": 0.07281462030007657,
    "end_val": 90831.58231374649,
    "max_drawdown": -0.600607779018391,
    "mwrr": 0.07281462030007657,
    "sharpe": 0.26414397012654717,
    "sortino": 0.36839399550597246,
    "std": 0.17657324161633603,
    "ulcer_index": 16.95914603958825,
    "upi": 0.27502591766464285,
    "us_allocation": 21
}