{
    "beta": 0.9368623042492333,
    "cagr": 0.09822182467360085,
    "end_val": 189387.23388767615,
    "max_drawdown": -0.5596494106152842,
    "mwrr": 0.09822182467360085,
    "sharpe": 0.38765046761584443,
    "sortino": 0.5428199754529808,
    "std": 0.18076021599997366,
    "ulcer_index": 14.805506169602857,
    "upi": 0.47329345289787467,
    "us_allocation": 86
}