{
    "beta": 0.7954568869221136,
    "cagr": 0.07536562168141936,
    "end_val": 97862.61845280236,
    "max_drawdown": -0.5967847758404201,
    "mwrr": 0.07536562168141936,
    "sharpe": 0.2795126321668546,
    "sortino": 0.38987636701165373,
    "std": 0.175370127919657,
    "ulcer_index": 16.66035453302324,
    "upi": 0.2942286550433297,
    "us_allocation": 27
}