{
    "beta": 0.836555939488893,
    "cagr": 0.08236226633478205,
    "end_val": 119958.9885755528,
    "max_drawdown": -0.5858467641097083,
    "mwrr": 0.08236226633478205,
    "sharpe": 0.31949167409928375,
    "sortino": 0.4458667208321341,
    "std": 0.17374464758880095,
    "ulcer_index": 15.9528785932257,
    "upi": 0.3479718768215102,
    "us_allocation": 44
}