{
    "beta": 0.7638060979956901,
    "cagr": 0.06978385749106764,
    "end_val": 83112.63907987166,
    "max_drawdown": -0.605043780830919,
    "mwrr": 0.06978385749106764,
    "sharpe": 0.24558338563510354,
    "sortino": 0.34247633271536004,
    "std": 0.17838706267904622,
    "ulcer_index": 17.342590673689045,
    "upi": 0.25261559099384673,
    "us_allocation": 14
}