{
    "beta": 0.901222902118908,
    "cagr": 0.09278703185072357,
    "end_val": 162074.62856993818,
    "max_drawdown": -0.5681395283679027,
    "mwrr": 0.09278703185072357,
    "sharpe": 0.36882049189981936,
    "sortino": 0.5155984512478122,
    "std": 0.1765233249933171,
    "ulcer_index": 15.089742243142881,
    "upi": 0.4314661732688613,
    "us_allocation": 71
}