{
    "beta": 0.72948748254705,
    "cagr": 0.06354340265032055,
    "end_val": 69167.97726257824,
    "max_drawdown": -0.6138392027560159,
    "mwrr": 0.06354340265032055,
    "sharpe": 0.2070400611697671,
    "sortino": 0.2886998951212756,
    "std": 0.18331098492882378,
    "ulcer_index": 18.246618115595435,
    "upi": 0.20800398374131948,
    "us_allocation": 0
}