{
    "beta": 0.8581903656321098,
    "cagr": 0.08592997360797572,
    "end_val": 133014.13961770158,
    "max_drawdown": -0.5799909663015479,
    "mwrr": 0.08592997360797572,
    "sharpe": 0.33805087207746043,
    "sortino": 0.4719490379927663,
    "std": 0.1739506662740912,
    "ulcer_index": 15.630729829964826,
    "upi": 0.37621922283698606,
    "us_allocation": 53
}