{
    "beta": 0.8797446220516102,
    "cagr": 0.08940458936315321,
    "end_val": 147045.1528636841,
    "max_drawdown": -0.5740888847011094,
    "mwrr": 0.08940458936315321,
    "sharpe": 0.3545345911614581,
    "sortino": 0.4952425733881147,
    "std": 0.174883028875654,
    "ulcer_index": 15.343855229630657,
    "upi": 0.40409511636696316,
    "us_allocation": 62
}