{
    "beta": 0.8557905771556251,
    "cagr": 0.0855381764690264,
    "end_val": 131515.83622791,
    "max_drawdown": -0.5806438783738094,
    "mwrr": 0.0855381764690264,
    "sharpe": 0.33608826869061725,
    "sortino": 0.469185123656196,
    "std": 0.17389163857785825,
    "ulcer_index": 15.664772908479112,
    "upi": 0.37309553676275664,
    "us_allocation": 52
}