{
    "beta": 0.8437765855992987,
    "cagr": 0.08356190602386993,
    "end_val": 124203.86612941301,
    "max_drawdown": -0.5838999145764122,
    "mwrr": 0.08356190602386993,
    "sharpe": 0.3258980586036272,
    "sortino": 0.4548574314429573,
    "std": 0.17373177608222978,
    "ulcer_index": 15.84136458242591,
    "upi": 0.3574214692858513,
    "us_allocation": 47
}