{
    "beta": 0.8892996582915368,
    "cagr": 0.0909192252016977,
    "end_val": 153600.49086947303,
    "max_drawdown": -0.5714506230588102,
    "mwrr": 0.0909192252016977,
    "sharpe": 0.36115973608109075,
    "sortino": 0.5046601993023043,
    "std": 0.17552599325159668,
    "ulcer_index": 15.226756204352638,
    "upi": 0.416337019433428,
    "us_allocation": 66
}