{
    "beta": 0.8099987131889976,
    "cagr": 0.07787383254182756,
    "end_val": 105287.99083655747,
    "max_drawdown": -0.592942382410995,
    "mwrr": 0.07787383254182756,
    "sharpe": 0.29427956285079504,
    "sortino": 0.41054097781937393,
    "std": 0.17449469679218985,
    "ulcer_index": 16.393061534024575,
    "upi": 0.3132524619685601,
    "us_allocation": 33
}