{
    "beta": 0.8413707363215978,
    "cagr": 0.08316318538682044,
    "end_val": 122777.12455339199,
    "max_drawdown": -0.5845494261709447,
    "mwrr": 0.08316318538682044,
    "sharpe": 0.3237863871766738,
    "sortino": 0.4518926918966546,
    "std": 0.173726973393442,
    "ulcer_index": 15.878143251478438,
    "upi": 0.3542732233585078,
    "us_allocation": 46
}