{
    "beta": 0.7564730489453795,
    "cagr": 0.06846681103209251,
    "end_val": 79959.87913292891,
    "max_drawdown": -0.6069370486355958,
    "mwrr": 0.06846681103209251,
    "sharpe": 0.23745815966895414,
    "sortino": 0.33113594887249853,
    "std": 0.1792980890439481,
    "ulcer_index": 17.518939613553,
    "upi": 0.24303376516546354,
    "us_allocation": 11
}