{
    "beta": 0.9676025944091574,
    "cagr": 0.10272930748625253,
    "end_val": 215373.67387324464,
    "max_drawdown": -0.5533752937366778,
    "mwrr": 0.10272930748625253,
    "sharpe": 0.3990896920625047,
    "sortino": 0.5598488177307614,
    "std": 0.18585353426323198,
    "ulcer_index": 14.666218274154879,
    "upi": 0.5057465238894274,
    "us_allocation": 99
}