{
    "beta": 0.8988400502016839,
    "cagr": 0.09241573011261228,
    "end_val": 160354.7907274276,
    "max_drawdown": -0.5688029342189881,
    "mwrr": 0.09241573011261228,
    "sharpe": 0.36734380754475965,
    "sortino": 0.5134857728976499,
    "std": 0.17630683431462824,
    "ulcer_index": 15.116221021227206,
    "upi": 0.4284598358829067,
    "us_allocation": 70
}