{
    "beta": 0.7368627115130449,
    "cagr": 0.06490092864761876,
    "end_val": 71993.94478375225,
    "max_drawdown": -0.6119629558416396,
    "mwrr": 0.06490092864761876,
    "sharpe": 0.21541324947254545,
    "sortino": 0.3003780037573548,
    "std": 0.1821130368605751,
    "ulcer_index": 18.028943527747316,
    "upi": 0.21759779045101277,
    "us_allocation": 3
}