{
    "beta": 0.9628817013727453,
    "cagr": 0.10204801486179771,
    "end_val": 211235.5140146436,
    "max_drawdown": -0.5543380722033059,
    "mwrr": 0.10204801486179771,
    "sharpe": 0.3976110342570709,
    "sortino": 0.5576094550861377,
    "std": 0.18498865752238217,
    "ulcer_index": 14.683741844546663,
    "upi": 0.5009295428611531,
    "us_allocation": 97
}