{
    "beta": 0.9392316212360513,
    "cagr": 0.09857520675807296,
    "end_val": 191309.67021798936,
    "max_drawdown": -0.5591654596191125,
    "mwrr": 0.09857520675807296,
    "sharpe": 0.3886872764816551,
    "sortino": 0.5443415086439362,
    "std": 0.18110666959099492,
    "ulcer_index": 14.79225288985888,
    "upi": 0.47589481717191806,
    "us_allocation": 87
}