{
    "beta": 0.8269137856603815,
    "cagr": 0.08074647657606127,
    "end_val": 114462.98484662076,
    "max_drawdown": -0.5884347349001298,
    "mwrr": 0.08074647657606127,
    "sharpe": 0.3106255267403593,
    "sortino": 0.43343781718355495,
    "std": 0.1738893980724487,
    "ulcer_index": 16.10686471634981,
    "upi": 0.33536017280753383,
    "us_allocation": 40
}