{
    "beta": 0.9534309204597857,
    "cagr": 0.10067217992141542,
    "end_val": 203112.11150823705,
    "max_drawdown": -0.55626635324606,
    "mwrr": 0.10067217992141542,
    "sharpe": 0.39435206048648974,
    "sortino": 0.5527219153209568,
    "std": 0.18334617023347213,
    "ulcer_index": 14.723920455140714,
    "upi": 0.4910691233858104,
    "us_allocation": 93
}