{
    "beta": 0.9321212499108629,
    "cagr": 0.0975117212531289,
    "end_val": 185580.58542549904,
    "max_drawdown": -0.5606179604571233,
    "mwrr": 0.0975117212531289,
    "sharpe": 0.3854961413682028,
    "sortino": 0.5396682907345106,
    "std": 0.18009071280185013,
    "ulcer_index": 14.83285122576379,
    "upi": 0.46805558164258404,
    "us_allocation": 84
}