{
    "beta": 0.9178783330360964,
    "cagr": 0.09535463044839254,
    "end_val": 174465.8626772476,
    "max_drawdown": -0.5636790205278202,
    "mwrr": 0.09535463044839254,
    "sharpe": 0.37837950207803506,
    "sortino": 0.5293385498397173,
    "std": 0.1782727955351639,
    "ulcer_index": 14.927036736284201,
    "upi": 0.45190811826247224,
    "us_allocation": 78
}