{
    "beta": 0.969961935173413,
    "cagr": 0.10306830027283653,
    "end_val": 217461.84474936113,
    "max_drawdown": -0.5528942487106155,
    "mwrr": 0.10306830027283653,
    "sharpe": 0.3997920246789362,
    "sortino": 0.5609182282173004,
    "std": 0.18629670140749316,
    "ulcer_index": 14.661714803688277,
    "upi": 0.508000533596069,
    "us_allocation": 100
}