{
    "beta": 0.9463347962821451,
    "cagr": 0.09962868516955714,
    "end_val": 197153.48555138888,
    "max_drawdown": -0.5577149146189505,
    "mwrr": 0.09962868516955714,
    "sharpe": 0.3916379124141491,
    "sortino": 0.5486910775089425,
    "std": 0.18219226120808116,
    "ulcer_index": 14.756660587248621,
    "upi": 0.48354500243495196,
    "us_allocation": 90
}