{
    "beta": 0.894071662287418,
    "cagr": 0.09166973946810097,
    "end_val": 156952.67464071064,
    "max_drawdown": -0.5701279626951348,
    "mwrr": 0.09166973946810097,
    "sharpe": 0.3643071616738277,
    "sortino": 0.5091479069902737,
    "std": 0.1758993166901473,
    "ulcer_index": 15.170783915413676,
    "upi": 0.4224111851315349,
    "us_allocation": 68
}