{
    "beta": 0.8051559420419709,
    "cagr": 0.07704249403237662,
    "end_val": 102768.40556155464,
    "max_drawdown": -0.5942253506426602,
    "mwrr": 0.07704249403237662,
    "sharpe": 0.28942990969896526,
    "sortino": 0.40375177894423636,
    "std": 0.17474997625673927,
    "ulcer_index": 16.4803043221891,
    "upi": 0.30690750894270696,
    "us_allocation": 31
}