{
    "beta": 0.7344056166568842,
    "cagr": 0.06444965794301094,
    "end_val": 71042.35113135491,
    "max_drawdown": -0.6125888814651846,
    "mwrr": 0.06444965794301094,
    "sharpe": 0.2126272822024018,
    "sortino": 0.29649209736748044,
    "std": 0.18250381953062927,
    "ulcer_index": 18.09942628648211,
    "upi": 0.2144062287330097,
    "us_allocation": 2
}