{
    "beta": 0.8509880079460023,
    "cagr": 0.08475112931130835,
    "end_val": 128555.24695198878,
    "max_drawdown": -0.581947993732675,
    "mwrr": 0.08475112931130835,
    "sharpe": 0.33208688042076023,
    "sortino": 0.4635546667527257,
    "std": 0.17380058575269694,
    "ulcer_index": 15.73402984966663,
    "upi": 0.3668386852842512,
    "us_allocation": 50
}