{
    "beta": 0.913123963931137,
    "cagr": 0.09462664780956498,
    "end_val": 170862.41083292186,
    "max_drawdown": -0.5648135252080557,
    "mwrr": 0.09462664780956498,
    "sharpe": 0.37578708883212136,
    "sortino": 0.5255996388680659,
    "std": 0.17773155869244542,
    "ulcer_index": 14.966626967587025,
    "upi": 0.44626584370369765,
    "us_allocation": 76
}