{
    "beta": 0.9297495017241872,
    "cagr": 0.09715499809890704,
    "end_val": 183696.35998204665,
    "max_drawdown": -0.5611025572647361,
    "mwrr": 0.09715499809890704,
    "sharpe": 0.38437838071114594,
    "sortino": 0.538038049321488,
    "std": 0.17976775781117132,
    "ulcer_index": 14.846941023159497,
    "upi": 0.4654194719427688,
    "us_allocation": 83
}