{
    "beta": 0.9605201384824934,
    "cagr": 0.10170571350614788,
    "end_val": 209185.54030914346,
    "max_drawdown": -0.5548198035287283,
    "mwrr": 0.10170571350614788,
    "sharpe": 0.39683429501762946,
    "sortino": 0.5564390068329832,
    "std": 0.1845670507800351,
    "ulcer_index": 14.693393219964904,
    "upi": 0.49848396877025675,
    "us_allocation": 96
}