{
    "beta": 0.8172545640790416,
    "cagr": 0.07911200517794414,
    "end_val": 109151.78523926644,
    "max_drawdown": -0.5910138331743319,
    "mwrr": 0.07911200517794414,
    "sharpe": 0.3014084859931981,
    "sortino": 0.42052447512985797,
    "std": 0.17418038178048256,
    "ulcer_index": 16.2673887500792,
    "upi": 0.32273726516055146,
    "us_allocation": 36
}