{
    "beta": 0.8653838164253771,
    "cagr": 0.08709847516286029,
    "end_val": 137581.49895879204,
    "max_drawdown": -0.5780287965416105,
    "mwrr": 0.08709847516286029,
    "sharpe": 0.3437836478687863,
    "sortino": 0.48003208011574255,
    "std": 0.17418151290071074,
    "ulcer_index": 15.531077787300323,
    "upi": 0.3855650716468838,
    "us_allocation": 56
}