{
    "beta": 0.9226293078802702,
    "cagr": 0.09607813170056567,
    "end_val": 178119.97744145792,
    "max_drawdown": -0.5626228478425419,
    "mwrr": 0.09607813170056567,
    "sharpe": 0.380861425647996,
    "sortino": 0.5329288273923435,
    "std": 0.17884663650798754,
    "ulcer_index": 14.893220227667035,
    "upi": 0.45737256405857424,
    "us_allocation": 80
}