{
    "beta": 0.8293259091208043,
    "cagr": 0.08115217164855992,
    "end_val": 115819.55452899916,
    "max_drawdown": -0.5877885771525639,
    "mwrr": 0.08115217164855992,
    "sharpe": 0.31287583532546653,
    "sortino": 0.43659156087543266,
    "std": 0.17383951436538625,
    "ulcer_index": 16.067779765250712,
    "upi": 0.3385142049547945,
    "us_allocation": 41
}