{
    "beta": 0.846181410025809,
    "cagr": 0.0839594692927077,
    "end_val": 125642.4418232347,
    "max_drawdown": -0.583249839506702,
    "mwrr": 0.0839594692927077,
    "sharpe": 0.32798554946663044,
    "sortino": 0.45778959974101097,
    "std": 0.1737456552501366,
    "ulcer_index": 15.80501627314359,
    "upi": 0.36056693093078335,
    "us_allocation": 48
}