{
    "beta": 0.758918640702373,
    "cagr": 0.06890704221945754,
    "end_val": 81000.6023500574,
    "max_drawdown": -0.6063064810331509,
    "mwrr": 0.06890704221945754,
    "sharpe": 0.24017654415864784,
    "sortino": 0.33492969675497675,
    "std": 0.1789855708594021,
    "ulcer_index": 17.45959111303142,
    "upi": 0.24622166071659635,
    "us_allocation": 12
}