{
    "beta": 0.8629869794636054,
    "cagr": 0.08671012164765712,
    "end_val": 136046.93734106203,
    "max_drawdown": -0.5786834267237293,
    "mwrr": 0.08671012164765712,
    "sharpe": 0.3418987701550918,
    "sortino": 0.477372702576165,
    "std": 0.17409562498574194,
    "ulcer_index": 15.563786536737812,
    "upi": 0.3824566022780143,
    "us_allocation": 55
}