{
    "beta": 0.746678104730246,
    "cagr": 0.06669368241372808,
    "end_val": 75897.68164530778,
    "max_drawdown": -0.6094541283660773,
    "mwrr": 0.06669368241372808,
    "sharpe": 0.2264957378304695,
    "sortino": 0.315839182696366,
    "std": 0.18063598237307496,
    "ulcer_index": 17.762972505337647,
    "upi": 0.2303351173499766,
    "us_allocation": 7
}