{
    "beta": 0.7906005026790048,
    "cagr": 0.07452006083866203,
    "end_val": 95475.64832323989,
    "max_drawdown": -0.5980612520271185,
    "mwrr": 0.07452006083866203,
    "sharpe": 0.2744518907747452,
    "sortino": 0.38279995875459943,
    "std": 0.17573487197553417,
    "ulcer_index": 16.755440051933356,
    "upi": 0.28785941982972313,
    "us_allocation": 25
}