{
    "beta": 0.8389638562661246,
    "cagr": 0.08276330596691261,
    "end_val": 121362.1784557293,
    "max_drawdown": -0.5851983755855095,
    "mwrr": 0.08276330596691261,
    "sharpe": 0.3216508255018465,
    "sortino": 0.4488957104831498,
    "std": 0.17373126001639863,
    "ulcer_index": 15.915322281417382,
    "upi": 0.351123113441717,
    "us_allocation": 45
}