{
    "beta": 0.800308683273509,
    "cagr": 0.07620642820153711,
    "end_val": 100293.40828849297,
    "max_drawdown": -0.5955061452353799,
    "mwrr": 0.07620642820153711,
    "sharpe": 0.2845064662837627,
    "sortino": 0.39686186253936806,
    "std": 0.17504180494699992,
    "ulcer_index": 16.56938491637066,
    "upi": 0.3005659070193723,
    "us_allocation": 29
}