{
    "beta": 0.8605891644643744,
    "cagr": 0.08632062156277609,
    "end_val": 134524.49532376268,
    "max_drawdown": -0.5793374828633042,
    "mwrr": 0.08632062156277609,
    "sharpe": 0.33998777729165747,
    "sortino": 0.4746782986253717,
    "std": 0.17401866873941352,
    "ulcer_index": 15.597060649469125,
    "upi": 0.3793398278170921,
    "us_allocation": 54
}