{
    "beta": 0.7784391366551214,
    "cagr": 0.07238526665809975,
    "end_val": 89697.32875083311,
    "max_drawdown": -0.6012430789832636,
    "mwrr": 0.07238526665809975,
    "sharpe": 0.2615307995151489,
    "sortino": 0.3647435364322056,
    "std": 0.17680543391037892,
    "ulcer_index": 17.011253187363494,
    "upi": 0.27182795947682076,
    "us_allocation": 20
}