{
    "beta": 0.8220863325531391,
    "cagr": 0.07993158216137397,
    "end_val": 111784.45558049667,
    "max_drawdown": -0.5897253880754048,
    "mwrr": 0.07993158216137397,
    "sharpe": 0.3060594411231796,
    "sortino": 0.427039889929105,
    "std": 0.17401659314992715,
    "ulcer_index": 16.18627013153376,
    "upi": 0.3290500109880333,
    "us_allocation": 38
}