{
    "beta": 0.7857394798792335,
    "cagr": 0.07366973177039382,
    "end_val": 93132.10331729162,
    "max_drawdown": -0.5993355832837512,
    "mwrr": 0.07366973177039382,
    "sharpe": 0.2693277979163351,
    "sortino": 0.37563739280723496,
    "std": 0.17613594604331295,
    "ulcer_index": 16.856164810427646,
    "upi": 0.2814378277593475,
    "us_allocation": 23
}