{
    "beta": 0.8485852155105538,
    "cagr": 0.08435587659335542,
    "end_val": 127092.88964238417,
    "max_drawdown": -0.5825991996609639,
    "mwrr": 0.08435587659335542,
    "sharpe": 0.33004857985048247,
    "sortino": 0.4606887991728133,
    "std": 0.17376859687520754,
    "ulcer_index": 15.769270513029275,
    "upi": 0.3637053763104659,
    "us_allocation": 49
}