{
    "beta": 0.9510663202169256,
    "cagr": 0.10032545622530842,
    "end_val": 201113.14476545103,
    "max_drawdown": -0.5567489849087951,
    "mwrr": 0.10032545622530842,
    "sharpe": 0.3934733494406342,
    "sortino": 0.5514134061397096,
    "std": 0.18295402562623264,
    "ulcer_index": 14.734578573764098,
    "upi": 0.48857335038540545,
    "us_allocation": 92
}