{
    "beta": 0.7881705742794197,
    "cagr": 0.07409549321228659,
    "end_val": 94298.47260028179,
    "max_drawdown": -0.5986986851818189,
    "mwrr": 0.07409549321228659,
    "sharpe": 0.2718975385313736,
    "sortino": 0.3792291077722334,
    "std": 0.17593087413643033,
    "ulcer_index": 16.80554432980385,
    "upi": 0.2846471491139859,
    "us_allocation": 24
}