{
    "beta": 0.7319472093278339,
    "cagr": 0.06399715000981954,
    "end_val": 70100.38088056038,
    "max_drawdown": -0.6132142967465781,
    "mwrr": 0.06399715000981954,
    "sharpe": 0.2098360723196852,
    "sortino": 0.2925992327139814,
    "std": 0.1829031464735506,
    "ulcer_index": 18.170558202788964,
    "upi": 0.21122448781463682,
    "us_allocation": 1
}