{
    "beta": 0.7417729915705505,
    "cagr": 0.06579976705861923,
    "end_val": 73926.22836556066,
    "max_drawdown": -0.6107095692650822,
    "mwrr": 0.06579976705861923,
    "sharpe": 0.2209676720284113,
    "sortino": 0.30812650356511356,
    "std": 0.18135723232414142,
    "ulcer_index": 17.893667547725357,
    "upi": 0.2239626840139198,
    "us_allocation": 5
}