{
    "beta": 0.8773535324534417,
    "cagr": 0.08902308873366116,
    "end_val": 145437.21543273667,
    "max_drawdown": -0.5747469876361856,
    "mwrr": 0.08902308873366116,
    "sharpe": 0.35281001715472277,
    "sortino": 0.4927971919611818,
    "std": 0.17474407655388677,
    "ulcer_index": 15.374051738562123,
    "upi": 0.4010207830407949,
    "us_allocation": 61
}