{
    "beta": 0.8317369719047811,
    "cagr": 0.0815567006422111,
    "end_val": 117187.71737967755,
    "max_drawdown": -0.5871418636175262,
    "mwrr": 0.0815567006422111,
    "sharpe": 0.3151038539496611,
    "sortino": 0.43971448148260245,
    "std": 0.17379876613131176,
    "ulcer_index": 16.029107136044114,
    "upi": 0.3416672191966007,
    "us_allocation": 42
}