{
    "beta": 0.7930292714451292,
    "cagr": 0.0749434364129351,
    "end_val": 96663.68042926217,
    "max_drawdown": -0.5974232826411555,
    "mwrr": 0.0749434364129351,
    "sharpe": 0.2769904042025134,
    "sortino": 0.3863492463005718,
    "std": 0.1755479525901384,
    "ulcer_index": 16.70651935515476,
    "upi": 0.2910627595019206,
    "us_allocation": 26
}