{
    "beta": 0.9581578242532758,
    "cagr": 0.10136230775755051,
    "end_val": 207148.3123403897,
    "max_drawdown": -0.555301761510506,
    "mwrr": 0.10136230775755051,
    "sharpe": 0.3960323479899522,
    "sortino": 0.5552344590187867,
    "std": 0.18415273339343016,
    "ulcer_index": 14.703321545774676,
    "upi": 0.4960247783398805,
    "us_allocation": 95
}