{
    "beta": 0.9416001386423942,
    "cagr": 0.09892747695111703,
    "end_val": 193244.85508901588,
    "max_drawdown": -0.5586817259363115,
    "mwrr": 0.09892747695111703,
    "sharpe": 0.38969735808510664,
    "sortino": 0.5458270817215152,
    "std": 0.18146086066792963,
    "ulcer_index": 14.780156970945285,
    "upi": 0.47845582532892894,
    "us_allocation": 88
}