{
    "beta": 0.8075778854588953,
    "cagr": 0.07745875337704455,
    "end_val": 104022.60120215651,
    "max_drawdown": -0.5935841388381243,
    "mwrr": 0.07745875337704455,
    "sharpe": 0.29186416894530454,
    "sortino": 0.407159320490989,
    "std": 0.17461776515977404,
    "ulcer_index": 16.436452202316367,
    "upi": 0.3100797061901428,
    "us_allocation": 32
}