{
    "beta": 0.9487009472775726,
    "cagr": 0.0999776249190254,
    "end_val": 199126.93602047366,
    "max_drawdown": -0.557231839045784,
    "mwrr": 0.0999776249190254,
    "sharpe": 0.3925686899738615,
    "sortino": 0.5500698333739859,
    "std": 0.1825693726606208,
    "ulcer_index": 14.745497856589722,
    "upi": 0.4860650669167961,
    "us_allocation": 91
}