{
    "beta": 0.8845239932655694,
    "cagr": 0.09016417825556289,
    "end_val": 150298.05089574936,
    "max_drawdown": -0.5727709266481508,
    "mwrr": 0.09016417825556289,
    "sharpe": 0.3579019964004556,
    "sortino": 0.5000244123210488,
    "std": 0.17518714267256696,
    "ulcer_index": 15.284530216300409,
    "upi": 0.4102286548377428,
    "us_allocation": 64
}