{
    "beta": 0.8196709907804423,
    "cagr": 0.07952237976418841,
    "end_val": 110462.40990610752,
    "max_drawdown": -0.5903698860108446,
    "mwrr": 0.07952237976418841,
    "sharpe": 0.3037443864566982,
    "sortino": 0.42379659705643524,
    "std": 0.1740939121236559,
    "ulcer_index": 16.22664593595146,
    "upi": 0.3258932267796873,
    "us_allocation": 37
}