{
    "beta": 0.7735662933847065,
    "cagr": 0.07152295439448819,
    "end_val": 87460.57810645341,
    "max_drawdown": -0.6025120889016815,
    "mwrr": 0.07152295439448819,
    "sharpe": 0.25626425426890836,
    "sortino": 0.35738817560565195,
    "std": 0.17729682136162545,
    "ulcer_index": 17.117018792428805,
    "upi": 0.2654439171253867,
    "us_allocation": 18
}