{
    "beta": 0.8964563054534794,
    "cagr": 0.09204329968506841,
    "end_val": 158647.4798926003,
    "max_drawdown": -0.5694657451836977,
    "mwrr": 0.09204329968506841,
    "sharpe": 0.3658393541047149,
    "sortino": 0.5113356084885508,
    "std": 0.17609881920418527,
    "ulcer_index": 15.143325608396308,
    "upi": 0.4254388351146274,
    "us_allocation": 69
}