{
    "beta": 0.8027328767249764,
    "cagr": 0.07662505286144805,
    "end_val": 101525.35703838292,
    "max_drawdown": -0.5948660190387534,
    "mwrr": 0.07662505286144805,
    "sharpe": 0.28697720140025434,
    "sortino": 0.40031906414602375,
    "std": 0.174891324950619,
    "ulcer_index": 16.524612893628824,
    "upi": 0.30373620581112803,
    "us_allocation": 30
}