{
    "beta": 0.9652425182440801,
    "cagr": 0.10238921260032496,
    "end_val": 213298.22755482068,
    "max_drawdown": -0.5538565685872717,
    "mwrr": 0.10238921260032496,
    "sharpe": 0.3983627650856449,
    "sortino": 0.5587459843078236,
    "std": 0.18541750246478791,
    "ulcer_index": 14.674356918477292,
    "upi": 0.5033617070438867,
    "us_allocation": 98
}