{
    "beta": 0.7491287408543711,
    "cagr": 0.06713879922284605,
    "end_val": 76898.23657808897,
    "max_drawdown": -0.608825634822548,
    "mwrr": 0.06713879922284605,
    "sharpe": 0.2292487478961774,
    "sortino": 0.3196803991684918,
    "std": 0.18028839038257752,
    "ulcer_index": 17.70080584431856,
    "upi": 0.23350341723285128,
    "us_allocation": 8
}