{
    "beta": 0.8148370463375266,
    "cagr": 0.07870045683623128,
    "end_val": 107852.53719329575,
    "max_drawdown": -0.5916572308063132,
    "mwrr": 0.07870045683623128,
    "sharpe": 0.2990521212684597,
    "sortino": 0.417224135517843,
    "std": 0.17427600291274048,
    "ulcer_index": 16.30849357052921,
    "upi": 0.31958241391798264,
    "us_allocation": 35
}