{
    "beta": 0.9083661565702107,
    "cagr": 0.09389417573727932,
    "end_val": 167309.50518383214,
    "max_drawdown": -0.5661457270691087,
    "mwrr": 0.09389417573727932,
    "sharpe": 0.3730837942140407,
    "sortino": 0.5217114536870426,
    "std": 0.17722326775565855,
    "ulcer_index": 15.014381756905095,
    "upi": 0.4403834140975495,
    "us_allocation": 74
}