{
    "beta": 0.9059859497466508,
    "cagr": 0.09352625359484756,
    "end_val": 165551.96658521777,
    "max_drawdown": -0.5668109262421438,
    "mwrr": 0.09352625359484756,
    "sharpe": 0.3716904880114692,
    "sortino": 0.519711242488113,
    "std": 0.17698158078617612,
    "ulcer_index": 15.039138894535704,
    "upi": 0.4374192390927962,
    "us_allocation": 73
}