{
    "beta": 0.8869122862246998,
    "cagr": 0.09054226888783745,
    "end_val": 151943.06521530615,
    "max_drawdown": -0.5721110687455649,
    "mwrr": 0.09054226888783745,
    "sharpe": 0.35954461928333153,
    "sortino": 0.5023606534024604,
    "std": 0.1753522420060492,
    "ulcer_index": 15.25541772581949,
    "upi": 0.41328696754822125,
    "us_allocation": 65
}