{
    "beta": 0.9036048667797385,
    "cagr": 0.0931572059866268,
    "end_val": 163807.01396864897,
    "max_drawdown": -0.5674755261909357,
    "mwrr": 0.0931572059866268,
    "sharpe": 0.3702693881081326,
    "sortino": 0.5176736091343861,
    "std": 0.1767482533762428,
    "ulcer_index": 15.064255764992113,
    "upi": 0.4344468396660626,
    "us_allocation": 72
}