{
    "beta": 0.7833072130881779,
    "cagr": 0.0732427747323312,
    "end_val": 91976.49013222478,
    "max_drawdown": -0.5999719475064256,
    "mwrr": 0.0732427747323312,
    "sharpe": 0.26674312280322476,
    "sortino": 0.37202548100761057,
    "std": 0.1763500735914152,
    "ulcer_index": 16.90745076861882,
    "upi": 0.27822924838194274,
    "us_allocation": 22
}