{
    "beta": 0.8821347737628127,
    "cagr": 0.08978495214001714,
    "end_val": 148665.42226467945,
    "max_drawdown": -0.573430198168189,
    "mwrr": 0.08978495214001714,
    "sharpe": 0.3562319542365684,
    "sortino": 0.49765167484702433,
    "std": 0.1750307277752147,
    "ulcer_index": 15.314002166350122,
    "upi": 0.4071648170351806,
    "us_allocation": 63
}