{
    "beta": 0.9273769322864323,
    "cagr": 0.09679715941670985,
    "end_val": 181824.85647674263,
    "max_drawdown": -0.5615873673095955,
    "mwrr": 0.09679715941670985,
    "sharpe": 0.3832334067169923,
    "sortino": 0.5363715127560104,
    "std": 0.1794527294898073,
    "ulcer_index": 14.861316148363006,
    "upi": 0.46277191360365644,
    "us_allocation": 82
}