{
    "beta": 0.8916861151041255,
    "cagr": 0.09129504834888613,
    "end_val": 155270.352681424,
    "max_drawdown": -0.5707895881800368,
    "mwrr": 0.09129504834888613,
    "sharpe": 0.36274727149766295,
    "sortino": 0.5069227275420066,
    "std": 0.17570836294257325,
    "ulcer_index": 15.198591385504422,
    "upi": 0.4193772448857794,
    "us_allocation": 67
}