{
    "beta": 0.8749614992758867,
    "cagr": 0.08864044904689194,
    "end_val": 143841.5819208622,
    "max_drawdown": -0.5754045083565648,
    "mwrr": 0.08864044904689194,
    "sharpe": 0.3510583538367541,
    "sortino": 0.4903156821026743,
    "std": 0.17461390038960742,
    "ulcer_index": 15.404654461465483,
    "upi": 0.39794041360537497,
    "us_allocation": 60
}