{
    "beta": 0.7711280679558317,
    "cagr": 0.07108999205299771,
    "end_val": 86357.97699025933,
    "max_drawdown": -0.6031458011580232,
    "mwrr": 0.07108999205299771,
    "sharpe": 0.2536118090627482,
    "sortino": 0.35368452264110817,
    "std": 0.17755597904388565,
    "ulcer_index": 17.17160790778023,
    "upi": 0.26224408538489574,
    "us_allocation": 17
}