{
    "beta": 0.9344921822784417,
    "cagr": 0.09786732980634483,
    "end_val": 187477.54100315765,
    "max_drawdown": -0.5601335779014465,
    "mwrr": 0.09786732980634483,
    "sharpe": 0.38658679782052335,
    "sortino": 0.5412623003478805,
    "std": 0.18042154788860815,
    "ulcer_index": 14.819038016244525,
    "upi": 0.47068034821345994,
    "us_allocation": 85
}