{
    "beta": 0.761362988164311,
    "cagr": 0.06934605704591923,
    "end_val": 82051.50429760056,
    "max_drawdown": -0.6056753921383796,
    "mwrr": 0.06934605704591923,
    "sharpe": 0.24288510868775845,
    "sortino": 0.33871002038760445,
    "std": 0.17868188715315472,
    "ulcer_index": 17.400774739484046,
    "upi": 0.24941615819534907,
    "us_allocation": 13
}