{
    "beta": 0.8701745793422184,
    "cagr": 0.08787174761576888,
    "end_val": 140687.11055971408,
    "max_drawdown": -0.5767178086554066,
    "mwrr": 0.08787174761576888,
    "sharpe": 0.3474743040439685,
    "sortino": 0.48524496373782217,
    "std": 0.17437998974335406,
    "ulcer_index": 15.467161474647543,
    "upi": 0.3917605213020997,
    "us_allocation": 58
}