{
    "beta": 0.7978833554317338,
    "cagr": 0.07578661837345435,
    "end_val": 99072.51150991938,
    "max_drawdown": -0.5961457304363661,
    "mwrr": 0.07578661837345435,
    "sharpe": 0.2820181321808422,
    "sortino": 0.3933807563282938,
    "std": 0.1752014087993365,
    "ulcer_index": 16.614619603127164,
    "upi": 0.29739686602862997,
    "us_allocation": 28
}