{
    "beta": 0.7540262062019762,
    "cagr": 0.06802536148524263,
    "end_val": 78929.28025544116,
    "max_drawdown": -0.6075670960613978,
    "mwrr": 0.06802536148524263,
    "sharpe": 0.23473042198786417,
    "sortino": 0.3273294021920386,
    "std": 0.17961941610747392,
    "ulcer_index": 17.578873933605777,
    "upi": 0.23985194214658614,
    "us_allocation": 10
}