{
    "beta": 0.7662479768345053,
    "cagr": 0.07022044551566209,
    "end_val": 84184.06050564845,
    "max_drawdown": -0.6044116459856975,
    "mwrr": 0.07022044551566209,
    "sharpe": 0.24827090686162048,
    "sortino": 0.3462279748335057,
    "std": 0.17810112132329595,
    "ulcer_index": 17.2850096178083,
    "upi": 0.25582011088994566,
    "us_allocation": 15
}