{
    "beta": 0.9155015755118004,
    "cagr": 0.09499119980061566,
    "end_val": 172657.8108290143,
    "max_drawdown": -0.5642071746721871,
    "mwrr": 0.09499119980061566,
    "sharpe": 0.37709713486353835,
    "sortino": 0.5274877226951992,
    "std": 0.17799807998490305,
    "ulcer_index": 14.945350043538504,
    "upi": 0.44913156976902735,
    "us_allocation": 77
}