{
    "beta": 0.7686886312925668,
    "cagr": 0.07065582306178553,
    "end_val": 85265.82207903232,
    "max_drawdown": -0.6037789864729174,
    "mwrr": 0.07065582306178553,
    "sharpe": 0.2509472040523594,
    "sortino": 0.34996426124890156,
    "std": 0.177824086082796,
    "ulcer_index": 17.227984042367066,
    "upi": 0.25903016637979226,
    "us_allocation": 16
}