{
    "beta": 0.7515781057536487,
    "cagr": 0.06758269156117636,
    "end_val": 77908.75104938835,
    "max_drawdown": -0.6081966244215832,
    "mwrr": 0.06758269156117636,
    "sharpe": 0.2319937967027348,
    "sortino": 0.3235106792458097,
    "std": 0.17994952562775018,
    "ulcer_index": 17.639511094297365,
    "upi": 0.23667485713754782,
    "us_allocation": 9
}