{
    "beta": 0.7760033141143798,
    "cagr": 0.0719547119732249,
    "end_val": 88573.67796232928,
    "max_drawdown": -0.6018778485597523,
    "mwrr": 0.0719547119732249,
    "sharpe": 0.25890407292402245,
    "sortino": 0.36107471383742457,
    "std": 0.17704663323961617,
    "ulcer_index": 17.063926170740082,
    "upi": 0.26863311378716365,
    "us_allocation": 19
}