{
    "beta": 0.853389793207933,
    "cagr": 0.08514522881762576,
    "end_val": 130029.55046424872,
    "max_drawdown": -0.5812962204096097,
    "mwrr": 0.08514522881762576,
    "sharpe": 0.33410019259396756,
    "sortino": 0.46638686365642235,
    "std": 0.1738416055025599,
    "ulcer_index": 15.699198342844172,
    "upi": 0.3699687978242933,
    "us_allocation": 51
}