{
    "beta": 0.8677796811299007,
    "cagr": 0.08748568339472373,
    "end_val": 139128.21274974837,
    "max_drawdown": -0.577373590969846,
    "mwrr": 0.08748568339472373,
    "sharpe": 0.34564221909926757,
    "sortino": 0.4826562257714684,
    "std": 0.17427630926048054,
    "ulcer_index": 15.498938941087742,
    "upi": 0.38866474483100094,
    "us_allocation": 57
}