{
    "beta": 0.920254241997887,
    "cagr": 0.09571694075257087,
    "end_val": 176286.58049566517,
    "max_drawdown": -0.5631509113623576,
    "mwrr": 0.09571694075257087,
    "sharpe": 0.3796342444434197,
    "sortino": 0.5311522313574212,
    "std": 0.17855566227961217,
    "ulcer_index": 14.9099541829522,
    "upi": 0.45464635229364214,
    "us_allocation": 79
}