{
    "beta": 0.9250035361557524,
    "cagr": 0.09643820426758931,
    "end_val": 179966.06570047204,
    "max_drawdown": -0.5620948306372663,
    "mwrr": 0.09643820426758931,
    "sharpe": 0.38206111890003774,
    "sortino": 0.5346685042014626,
    "std": 0.17914567388795957,
    "ulcer_index": 14.876784974272995,
    "upi": 0.4600880776918001,
    "us_allocation": 81
}