{
    "beta": 0.9439678618626253,
    "cagr": 0.09927863613232168,
    "end_val": 195192.7925414192,
    "max_drawdown": -0.5581982105931818,
    "mwrr": 0.09927863613232168,
    "sharpe": 0.39068085379080014,
    "sortino": 0.5472768803658759,
    "std": 0.18182274081284192,
    "ulcer_index": 14.768286615951125,
    "upi": 0.4810061354926235,
    "us_allocation": 89
}