{
    "beta": 0.7442261905791889,
    "cagr": 0.06624733905764901,
    "end_val": 74907.03080409019,
    "max_drawdown": -0.6100821061493751,
    "mwrr": 0.06624733905764901,
    "sharpe": 0.22373522663969378,
    "sortino": 0.31198766864198063,
    "std": 0.18099227284729996,
    "ulcer_index": 17.828025996095562,
    "upi": 0.22714469502638246,
    "us_allocation": 6
}