{
    "beta": 0.9107454927892649,
    "cagr": 0.09426097346324536,
    "end_val": 169079.64762059003,
    "max_drawdown": -0.5654799272129046,
    "mwrr": 0.09426097346324536,
    "sharpe": 0.3744493199318209,
    "sortino": 0.5236742500068419,
    "std": 0.17747327405031285,
    "ulcer_index": 14.990290142577763,
    "upi": 0.4433300805653798,
    "us_allocation": 75
}