{
    "beta": 0.7836606916321576,
    "cagr": 0.06713612312668538,
    "end_val": 72057.91403342679,
    "max_drawdown": -0.5999719475064257,
    "mwrr": 0.06713612312668538,
    "sharpe": 0.23395694046874285,
    "sortino": 0.3256042098888784,
    "std": 0.17758365316952082,
    "ulcer_index": 17.179259673350458,
    "upi": 0.24185126883749752,
    "us_allocation": 22
}