{
    "beta": 0.7958316552643624,
    "cagr": 0.0696036978799639,
    "end_val": 77297.95586711935,
    "max_drawdown": -0.59678477584042,
    "mwrr": 0.0696036978799639,
    "sharpe": 0.2482044992691103,
    "sortino": 0.34552612543950184,
    "std": 0.17670617349477766,
    "ulcer_index": 16.928468687958247,
    "upi": 0.2590941437270346,
    "us_allocation": 27
}