{
    "beta": 0.7567780805959825,
    "cagr": 0.06161195709380163,
    "end_val": 61542.55571738384,
    "max_drawdown": -0.606937048635596,
    "mwrr": 0.06161195709380163,
    "sharpe": 0.20160362682365962,
    "sortino": 0.28044009139605963,
    "std": 0.18030884011033793,
    "ulcer_index": 17.800000858215604,
    "upi": 0.2042250785002545,
    "us_allocation": 11
}