{
    "beta": 0.7592281682390913,
    "cagr": 0.06211963297230039,
    "end_val": 62443.345496690745,
    "max_drawdown": -0.6063064810331514,
    "mwrr": 0.06211963297230039,
    "sharpe": 0.2045901357569434,
    "sortino": 0.284605808388766,
    "std": 0.18001629039961467,
    "ulcer_index": 17.739748586012748,
    "upi": 0.20761694455974333,
    "us_allocation": 12
}