{
    "beta": 0.8706711482214282,
    "cagr": 0.08431399169740827,
    "end_val": 117074.85576168197,
    "max_drawdown": -0.5767178086554061,
    "mwrr": 0.08431399169740827,
    "sharpe": 0.32631778786554416,
    "sortino": 0.45526123042430355,
    "std": 0.1763154015630114,
    "ulcer_index": 15.717742910112946,
    "upi": 0.3660612466269733,
    "us_allocation": 58
}