{
    "beta": 0.951675995832049,
    "cagr": 0.09932495444448786,
    "end_val": 177803.48802096868,
    "max_drawdown": -0.5567489849087947,
    "mwrr": 0.09932495444448786,
    "sharpe": 0.3847194084172164,
    "sortino": 0.5390557451831083,
    "std": 0.18533212463032409,
    "ulcer_index": 14.974137438982526,
    "upi": 0.4761714467314649,
    "us_allocation": 92
}