{
    "beta": 0.9587764215953226,
    "cagr": 0.10059487268181422,
    "end_val": 184153.18296337023,
    "max_drawdown": -0.5553017615105054,
    "mwrr": 0.10059487268181422,
    "sharpe": 0.38839716433669147,
    "sortino": 0.5444629013346786,
    "std": 0.18655353319409596,
    "ulcer_index": 14.942117933255924,
    "upi": 0.48492822736292346,
    "us_allocation": 95
}