{
    "beta": 0.8031201998634611,
    "cagr": 0.07107137460082691,
    "end_val": 80587.46252659787,
    "max_drawdown": -0.5948660190387538,
    "mwrr": 0.07107137460082691,
    "sharpe": 0.2565795662287484,
    "sortino": 0.35724785478473225,
    "std": 0.1762887585401875,
    "ulcer_index": 16.79071478112471,
    "upi": 0.26939614778781057,
    "us_allocation": 30
}