{
    "beta": 0.7371311139844909,
    "cagr": 0.05751059728762664,
    "end_val": 54712.03470957626,
    "max_drawdown": -0.6119629558416388,
    "mwrr": 0.05751059728762664,
    "sharpe": 0.1774947134088185,
    "sortino": 0.2468307765393603,
    "std": 0.1829673186623571,
    "ulcer_index": 18.317824916996052,
    "upi": 0.17729583659753914,
    "us_allocation": 3
}