{
    "beta": 0.8152449291368312,
    "cagr": 0.0734962240749788,
    "end_val": 86321.02590337058,
    "max_drawdown": -0.5916572308063133,
    "mwrr": 0.0734962240749788,
    "sharpe": 0.27020972276849936,
    "sortino": 0.3763429744724487,
    "std": 0.17577507121479907,
    "ulcer_index": 16.57139987411893,
    "upi": 0.2866242086937434,
    "us_allocation": 35
}