{
    "beta": 0.9564103962928907,
    "cagr": 0.10017253472899168,
    "end_val": 182017.50141622755,
    "max_drawdown": -0.5557839450986222,
    "mwrr": 0.10017253472899168,
    "sharpe": 0.3871968526941458,
    "sortino": 0.5426953331012385,
    "std": 0.18613932136115172,
    "ulcer_index": 14.952563784118201,
    "upi": 0.4820193429478957,
    "us_allocation": 94
}