{
    "beta": 0.7395915464541463,
    "cagr": 0.058027172946704786,
    "end_val": 55530.16968133291,
    "max_drawdown": -0.6113365188013059,
    "mwrr": 0.058027172946704786,
    "sharpe": 0.18052500834341592,
    "sortino": 0.25105336115108207,
    "std": 0.18260430632351196,
    "ulcer_index": 18.247704578942965,
    "upi": 0.18065653565386883,
    "us_allocation": 4
}