{
    "beta": 0.7812229332744115,
    "cagr": 0.06663937316750612,
    "end_val": 71045.39445483744,
    "max_drawdown": -0.600607779018391,
    "mwrr": 0.06663937316750612,
    "sharpe": 0.23106826111039802,
    "sortino": 0.32156786293646344,
    "std": 0.17778635885089203,
    "ulcer_index": 17.231731472442874,
    "upi": 0.23840957997012618,
    "us_allocation": 21
}