{
    "beta": 0.8730687211988658,
    "cagr": 0.08477198579842549,
    "end_val": 118587.15810468639,
    "max_drawdown": -0.576061448239305,
    "mwrr": 0.08477198579842549,
    "sharpe": 0.32847424610206355,
    "sortino": 0.45831358169136194,
    "std": 0.17644506617449485,
    "ulcer_index": 15.68585559944753,
    "upi": 0.3695009080533245,
    "us_allocation": 59
}