{
    "beta": 0.817666504057256,
    "cagr": 0.0739780192419699,
    "end_val": 87506.29693853817,
    "max_drawdown": -0.5910138331743316,
    "mwrr": 0.0739780192419699,
    "sharpe": 0.27288260779255,
    "sortino": 0.38008987442542114,
    "std": 0.17569962005953005,
    "ulcer_index": 16.529690237728133,
    "upi": 0.29006528553767846,
    "us_allocation": 36
}