{
    "beta": 0.9136831290218735,
    "cagr": 0.09240378124916515,
    "end_val": 146749.25077629185,
    "max_drawdown": -0.5648135252080555,
    "mwrr": 0.09240378124916515,
    "sharpe": 0.36110306534556363,
    "sortino": 0.5048190267356191,
    "std": 0.17994060966593112,
    "ulcer_index": 15.209847780551883,
    "upi": 0.42721570089699396,
    "us_allocation": 76
}