{
    "beta": 0.822506332120435,
    "cagr": 0.07493844967070595,
    "end_val": 89916.20386429674,
    "max_drawdown": -0.5897253880754048,
    "mwrr": 0.07493844967070595,
    "sharpe": 0.27817190169943623,
    "sortino": 0.38750670687784483,
    "std": 0.17557596524648408,
    "ulcer_index": 16.44737877008896,
    "upi": 0.2969582389317593,
    "us_allocation": 38
}