{
    "beta": 0.901765286080758,
    "cagr": 0.09018916182146985,
    "end_val": 137971.56638597278,
    "max_drawdown": -0.5681395283679036,
    "mwrr": 0.09018916182146985,
    "sharpe": 0.3523099529693987,
    "sortino": 0.4922206234559795,
    "std": 0.17866432484693343,
    "ulcer_index": 15.334788060130656,
    "upi": 0.41048478628966706,
    "us_allocation": 71
}