{
    "beta": 0.751874090531445,
    "cagr": 0.060593289550052054,
    "end_val": 59772.84562708632,
    "max_drawdown": -0.6081966244215835,
    "mwrr": 0.060593289550052054,
    "sharpe": 0.1956096900827684,
    "sortino": 0.2720811466153227,
    "std": 0.18092058278332276,
    "ulcer_index": 17.922411320286887,
    "upi": 0.19746748124364022,
    "us_allocation": 9
}