{
    "beta": 0.769015958951234,
    "cagr": 0.06413933545009964,
    "end_val": 66154.9159877077,
    "max_drawdown": -0.6037789864729171,
    "mwrr": 0.06413933545009964,
    "sharpe": 0.21645522479931345,
    "sortino": 0.3011619476587602,
    "std": 0.17893536661443576,
    "ulcer_index": 17.504623215656956,
    "upi": 0.22127142187189403,
    "us_allocation": 16
}