{
    "beta": 0.8466406109806276,
    "cagr": 0.07967786922355136,
    "end_val": 102779.53828629537,
    "max_drawdown": -0.583249839506702,
    "mwrr": 0.07967786922355136,
    "sharpe": 0.3033895847415765,
    "sortino": 0.42291894314904493,
    "std": 0.17549998604577904,
    "ulcer_index": 16.060534079993154,
    "upi": 0.33153638367235005,
    "us_allocation": 48
}