{
    "beta": 0.8490482359283525,
    "cagr": 0.08014610224405061,
    "end_val": 104142.91824658439,
    "max_drawdown": -0.5825991996609637,
    "mwrr": 0.08014610224405061,
    "sharpe": 0.30579034216019785,
    "sortino": 0.42629749219338264,
    "std": 0.17554175639338634,
    "ulcer_index": 16.02426531867376,
    "upi": 0.33499587621619337,
    "us_allocation": 49
}