{
    "beta": 0.9350803623411315,
    "cagr": 0.0963278006393935,
    "end_val": 163645.72728213348,
    "max_drawdown": -0.5601335779014462,
    "mwrr": 0.0963278006393935,
    "sharpe": 0.3752273757969491,
    "sortino": 0.5252074898012995,
    "std": 0.18273532363567938,
    "ulcer_index": 15.060091779348898,
    "upi": 0.45530285970826107,
    "us_allocation": 85
}