{
    "beta": 0.8874339150388855,
    "cagr": 0.08749868489377,
    "end_val": 127989.51533476944,
    "max_drawdown": -0.572111068745565,
    "mwrr": 0.08749868489377,
    "sharpe": 0.3408688423056708,
    "sortino": 0.4759044567453597,
    "std": 0.17740314854477945,
    "ulcer_index": 15.502900598005956,
    "upi": 0.39007505033331735,
    "us_allocation": 65
}