{
    "beta": 0.911301339268327,
    "cagr": 0.09196284399892463,
    "end_val": 144959.60407389194,
    "max_drawdown": -0.5654799272129045,
    "mwrr": 0.09196284399892463,
    "sharpe": 0.35939860073001895,
    "sortino": 0.5023721314712446,
    "std": 0.17966925375107404,
    "ulcer_index": 15.23386284782904,
    "upi": 0.4238887519962156,
    "us_allocation": 75
}