{
    "beta": 0.8778609524099757,
    "cagr": 0.08568492998361577,
    "end_val": 121658.27569299543,
    "max_drawdown": -0.5747469876361856,
    "mwrr": 0.08568492998361577,
    "sharpe": 0.33271006930557284,
    "sortino": 0.4643158295491857,
    "std": 0.17673025875089365,
    "ulcer_index": 15.623272200215686,
    "upi": 0.3763722705817815,
    "us_allocation": 61
}