{
    "beta": 0.9279556118650836,
    "cagr": 0.0950286495854169,
    "end_val": 157853.4227776137,
    "max_drawdown": -0.5615873673095942,
    "mwrr": 0.0950286495854169,
    "sharpe": 0.3707616189875039,
    "sortino": 0.5187364373899124,
    "std": 0.18173425445792313,
    "ulcer_index": 15.10299528386262,
    "upi": 0.4461487731146673,
    "us_allocation": 82
}