{
    "beta": 0.9184440787313287,
    "cagr": 0.0932826853682509,
    "end_val": 150380.44919294125,
    "max_drawdown": -0.5636790205278198,
    "mwrr": 0.0932826853682509,
    "sharpe": 0.36443072670377574,
    "sortino": 0.5096035638948837,
    "std": 0.18050715324481426,
    "ulcer_index": 15.169677125781872,
    "upi": 0.43365526066158333,
    "us_allocation": 78
}