{
    "beta": 0.8634725311287882,
    "cagr": 0.08293390275429191,
    "end_val": 112629.7117699504,
    "max_drawdown": -0.5786834267237294,
    "mwrr": 0.08293390275429191,
    "sharpe": 0.31969649626450464,
    "sortino": 0.4459021844881009,
    "std": 0.17597851196098524,
    "ulcer_index": 15.815778128055987,
    "upi": 0.3557296403721081,
    "us_allocation": 55
}