{
    "beta": 0.8128222387921282,
    "cagr": 0.07301337315474155,
    "end_val": 85148.74171576014,
    "max_drawdown": -0.5923000801419197,
    "mwrr": 0.07301337315474155,
    "sharpe": 0.2675185582665524,
    "sortino": 0.372571215672583,
    "std": 0.1758596129250187,
    "ulcer_index": 16.61377988737048,
    "upi": 0.28318184344039404,
    "us_allocation": 34
}