{
    "beta": 0.8297578610970671,
    "cagr": 0.07637122276433361,
    "end_val": 93630.99920782939,
    "max_drawdown": -0.5877885771525638,
    "mwrr": 0.07637122276433361,
    "sharpe": 0.28595870760018605,
    "sortino": 0.3984307408356661,
    "std": 0.1754584798152366,
    "ulcer_index": 16.327148464812897,
    "upi": 0.30731305935816683,
    "us_allocation": 41
}