{
    "beta": 0.9089186656030586,
    "cagr": 0.09152091480867042,
    "end_val": 143187.11807913764,
    "max_drawdown": -0.5661457270691086,
    "mwrr": 0.09152091480867042,
    "sharpe": 0.35766704253734327,
    "sortino": 0.4998887998743791,
    "std": 0.17940590271091675,
    "ulcer_index": 15.258312055076903,
    "upi": 0.4205532790741628,
    "us_allocation": 74
}