{
    "beta": 0.8586684803948132,
    "cagr": 0.08200873885163884,
    "end_val": 109741.70154629943,
    "max_drawdown": -0.5799909663015483,
    "mwrr": 0.08200873885163884,
    "sharpe": 0.3151578215791486,
    "sortino": 0.43949671740965646,
    "std": 0.17579763344123495,
    "ulcer_index": 15.883699565540613,
    "upi": 0.34882102255708675,
    "us_allocation": 53
}