{
    "beta": 0.9303313672279032,
    "cagr": 0.0954626808324257,
    "end_val": 159766.15137358042,
    "max_drawdown": -0.5611025572647356,
    "mwrr": 0.0954626808324257,
    "sharpe": 0.3722769969229643,
    "sortino": 0.520929367305586,
    "std": 0.1820603361627557,
    "ulcer_index": 15.088408858078472,
    "upi": 0.44920981948331107,
    "us_allocation": 83
}