{
    "beta": 0.9705950102045068,
    "cagr": 0.10269208751713865,
    "end_val": 195122.45168921418,
    "max_drawdown": -0.5528942487106148,
    "mwrr": 0.10269208751713865,
    "sharpe": 0.3940210397005271,
    "sortino": 0.5527878712489541,
    "std": 0.18872859893892938,
    "ulcer_index": 14.899112759060612,
    "upi": 0.4991215981490304,
    "us_allocation": 100
}