{
    "beta": 0.8562649458808889,
    "cagr": 0.0815446207333459,
    "end_val": 108320.00779227818,
    "max_drawdown": -0.5806438783738094,
    "mwrr": 0.0815446207333459,
    "sharpe": 0.31285183396316335,
    "sortino": 0.43624490659803566,
    "std": 0.17572039138120787,
    "ulcer_index": 15.918240111408874,
    "upi": 0.3453655895314341,
    "us_allocation": 52
}