{
    "beta": 0.8200869696822994,
    "cagr": 0.07445876049784483,
    "end_val": 88704.65583496318,
    "max_drawdown": -0.5903698860108447,
    "mwrr": 0.07445876049784483,
    "sharpe": 0.27553680209834464,
    "sortino": 0.38381133215639923,
    "std": 0.17563325371566896,
    "ulcer_index": 16.488348254737108,
    "upi": 0.2935100526925587,
    "us_allocation": 37
}