{
    "beta": 0.8802556220359513,
    "cagr": 0.08613988312827492,
    "end_val": 123217.30173655387,
    "max_drawdown": -0.5740888847011093,
    "mwrr": 0.08613988312827492,
    "sharpe": 0.3347890957495336,
    "sortino": 0.4672652508341504,
    "std": 0.1768857203615607,
    "ulcer_index": 15.592633718387596,
    "upi": 0.3798020466971736,
    "us_allocation": 62
}