{
    "beta": 0.7714597998367895,
    "cagr": 0.06464152169179282,
    "end_val": 67110.38228857859,
    "max_drawdown": -0.6031458011580231,
    "mwrr": 0.06464152169179282,
    "sharpe": 0.21939884771082654,
    "sortino": 0.3052709363695525,
    "std": 0.17868754454548946,
    "ulcer_index": 17.447392946698873,
    "upi": 0.22470458218425154,
    "us_allocation": 17
}