{
    "beta": 0.8993790216502852,
    "cagr": 0.0897432510428331,
    "end_val": 136266.66513262858,
    "max_drawdown": -0.5688029342189882,
    "mwrr": 0.0897432510428331,
    "sharpe": 0.3504702191760663,
    "sortino": 0.48959184829071356,
    "std": 0.17843343592966943,
    "ulcer_index": 15.361658426362569,
    "upi": 0.40710029359554806,
    "us_allocation": 70
}