{
    "beta": 0.9065351025266136,
    "cagr": 0.09107799230594149,
    "end_val": 141431.68701277985,
    "max_drawdown": -0.5668109262421439,
    "mwrr": 0.09107799230594149,
    "sharpe": 0.35590840023390474,
    "sortino": 0.4973690912420603,
    "std": 0.17915060147761366,
    "ulcer_index": 15.28343643255471,
    "upi": 0.41720301129711007,
    "us_allocation": 73
}