{
    "beta": 0.7885326235321324,
    "cagr": 0.06812638197487342,
    "end_val": 74118.14955011269,
    "max_drawdown": -0.5986986851818186,
    "mwrr": 0.06812638197487342,
    "sharpe": 0.23969654657702857,
    "sortino": 0.33362697277476644,
    "std": 0.17720542701674039,
    "ulcer_index": 17.075824558547843,
    "upi": 0.24875453860492402,
    "us_allocation": 24
}