{
    "beta": 0.764124562258109,
    "cagr": 0.06313168004023129,
    "end_val": 64277.26068728265,
    "max_drawdown": -0.6050437808309189,
    "mwrr": 0.06313168004023129,
    "sharpe": 0.21053983384979963,
    "sortino": 0.29290653377168335,
    "std": 0.17945793601668295,
    "ulcer_index": 17.620969002497194,
    "upi": 0.2144277337882249,
    "us_allocation": 14
}