{
    "beta": 0.7909668098875593,
    "cagr": 0.06861989492061671,
    "end_val": 75166.06011591731,
    "max_drawdown": -0.5980612520271184,
    "mwrr": 0.06861989492061671,
    "sharpe": 0.24254652699902363,
    "sortino": 0.3376120517054362,
    "std": 0.17702992401341344,
    "ulcer_index": 17.024969907954635,
    "upi": 0.25221406004009506,
    "us_allocation": 25
}