{
    "beta": 0.9398260392322919,
    "cagr": 0.0971890053677269,
    "end_val": 167598.16105525187,
    "max_drawdown": -0.5591654596191128,
    "mwrr": 0.0971890053677269,
    "sharpe": 0.37807113179342305,
    "sortino": 0.5293418717688648,
    "std": 0.1834404093139427,
    "ulcer_index": 15.032886825687362,
    "upi": 0.46135681748026836,
    "us_allocation": 87
}