{
    "beta": 0.778783971395815,
    "cagr": 0.06614154012071816,
    "end_val": 70044.4777968958,
    "max_drawdown": -0.6012430789832635,
    "mwrr": 0.06614154012071816,
    "sharpe": 0.22816763257396067,
    "sortino": 0.3175157164100835,
    "std": 0.17799811280231403,
    "ulcer_index": 17.28462189481038,
    "upi": 0.2349759595901096,
    "us_allocation": 20
}