{
    "beta": 0.9540435894716757,
    "cagr": 0.099749229046459,
    "end_val": 179900.9708503435,
    "max_drawdown": -0.5562663532460604,
    "mwrr": 0.099749229046459,
    "sharpe": 0.38597098408741887,
    "sortino": 0.5408929890599646,
    "std": 0.18573216753950864,
    "ulcer_index": 14.96323919131243,
    "upi": 0.47910029781054975,
    "us_allocation": 93
}