{
    "beta": 0.8079734872106589,
    "cagr": 0.07204449661512813,
    "end_val": 82842.7311538478,
    "max_drawdown": -0.593584138838124,
    "mwrr": 0.07204449661512813,
    "sharpe": 0.26208307015067495,
    "sortino": 0.3649554839421533,
    "std": 0.17605598502901734,
    "ulcer_index": 16.70124824674041,
    "upi": 0.2762833336356241,
    "us_allocation": 32
}