{
    "beta": 0.8394114888921906,
    "cagr": 0.07826696622619411,
    "end_val": 98774.8939430602,
    "max_drawdown": -0.5851983755855104,
    "mwrr": 0.07826696622619411,
    "sharpe": 0.29605067319735784,
    "sortino": 0.4126006166034815,
    "std": 0.17542829334653934,
    "ulcer_index": 16.172456208389143,
    "upi": 0.32114654057230413,
    "us_allocation": 45
}