{
    "beta": 0.9374536128750828,
    "cagr": 0.09675889175536478,
    "end_val": 165612.7845365976,
    "max_drawdown": -0.559649410615285,
    "mwrr": 0.09675889175536478,
    "sharpe": 0.37666253650542386,
    "sortino": 0.5272925967017595,
    "std": 0.18308412944174157,
    "ulcer_index": 15.046350550675392,
    "upi": 0.4583348056853137,
    "us_allocation": 86
}