{
    "beta": 0.8345868089060137,
    "cagr": 0.07732117730651855,
    "end_val": 96175.34279908621,
    "max_drawdown": -0.5864945930275574,
    "mwrr": 0.07732117730651855,
    "sharpe": 0.2910473852940387,
    "sortino": 0.4055732883337111,
    "std": 0.17542536471235412,
    "ulcer_index": 16.249045940831852,
    "upi": 0.3142257940806475,
    "us_allocation": 43
}