{
    "beta": 0.9682328133045521,
    "cagr": 0.10227457067833412,
    "end_val": 192889.4752898243,
    "max_drawdown": -0.5533752937366775,
    "mwrr": 0.10227457067833412,
    "sharpe": 0.39294605397687793,
    "sortino": 0.5511904661458652,
    "std": 0.18827989644385543,
    "ulcer_index": 14.903853574610176,
    "upi": 0.49641859435970254,
    "us_allocation": 99
}