{
    "beta": 0.844231948761603,
    "cagr": 0.07920860333684043,
    "end_val": 101430.47667805187,
    "max_drawdown": -0.5838999145764119,
    "mwrr": 0.07920860333684043,
    "sharpe": 0.3009658483453915,
    "sortino": 0.4195096642744498,
    "std": 0.17546713901680636,
    "ulcer_index": 16.097414804291887,
    "upi": 0.32807288877436647,
    "us_allocation": 47
}