{
    "beta": 0.9493076100653903,
    "cagr": 0.09889970972433137,
    "end_val": 175724.94945610408,
    "max_drawdown": -0.5572318390457829,
    "mwrr": 0.09889970972433137,
    "sharpe": 0.3834419819829034,
    "sortino": 0.5371834963689103,
    "std": 0.1849392453239335,
    "ulcer_index": 14.98529176431297,
    "upi": 0.4732318772988863,
    "us_allocation": 91
}