{
    "beta": 0.9160640403510598,
    "cagr": 0.09284372792159878,
    "end_val": 148556.16392186916,
    "max_drawdown": -0.5642071746721875,
    "mwrr": 0.09284372792159878,
    "sharpe": 0.3627804370950048,
    "sortino": 0.5072295080360407,
    "std": 0.1802199248892783,
    "ulcer_index": 15.188257015429517,
    "upi": 0.4304774021976555,
    "us_allocation": 77
}