{
    "beta": 0.8273417717692749,
    "cagr": 0.07589467901037783,
    "end_val": 92379.27366165153,
    "max_drawdown": -0.5884347349001303,
    "mwrr": 0.07589467901037783,
    "sharpe": 0.2833832389432091,
    "sortino": 0.39481690058752733,
    "std": 0.1754885882164314,
    "ulcer_index": 16.366807001588246,
    "upi": 0.3038594705769124,
    "us_allocation": 40
}