{
    "beta": 0.7933998183491083,
    "cagr": 0.0691123328925074,
    "end_val": 76225.96284802702,
    "max_drawdown": -0.5974232826411552,
    "mwrr": 0.0691123328925074,
    "sharpe": 0.24538266632669814,
    "sortino": 0.34157864739064114,
    "std": 0.1768635041907266,
    "ulcer_index": 16.975318442921658,
    "upi": 0.255669003343638,
    "us_allocation": 26
}