{
    "beta": 0.861071006878143,
    "cagr": 0.08247183232296829,
    "end_val": 111178.2346526073,
    "max_drawdown": -0.5793374828633041,
    "mwrr": 0.08247183232296829,
    "sharpe": 0.317439456469184,
    "sortino": 0.4427158969984649,
    "std": 0.1758836824858439,
    "ulcer_index": 15.84953840785478,
    "upi": 0.352275945250473,
    "us_allocation": 54
}