{
    "beta": 0.868272596042689,
    "cagr": 0.08385498086452459,
    "end_val": 115577.91734241907,
    "max_drawdown": -0.5773735909698466,
    "mwrr": 0.08385498086452459,
    "sharpe": 0.32413587650371867,
    "sortino": 0.4521751015175208,
    "std": 0.17619440068255723,
    "ulcer_index": 15.749984087780414,
    "upi": 0.36262027141021935,
    "us_allocation": 57
}