{
    "beta": 0.7763437995290061,
    "cagr": 0.06564262191814119,
    "end_val": 69055.06758184447,
    "max_drawdown": -0.6018778485597515,
    "mwrr": 0.06564262191814119,
    "sharpe": 0.22525553367871626,
    "sortino": 0.3134484071011514,
    "std": 0.17821890357848372,
    "ulcer_index": 17.338087481168973,
    "upi": 0.23154847140591703,
    "us_allocation": 19
}