{
    "beta": 0.8969918456861328,
    "cagr": 0.08929634135777254,
    "end_val": 134578.39544025995,
    "max_drawdown": -0.5694657451836977,
    "mwrr": 0.08929634135777254,
    "sharpe": 0.34860354387099113,
    "sortino": 0.4869267369593054,
    "std": 0.17821076973262534,
    "ulcer_index": 15.38916368778292,
    "upi": 0.403703911523565,
    "us_allocation": 69
}