{
    "beta": 0.9611416706697847,
    "cagr": 0.10101624408569765,
    "end_val": 186308.11849831117,
    "max_drawdown": -0.5548198035287281,
    "mwrr": 0.10101624408569765,
    "sharpe": 0.38957207527745263,
    "sortino": 0.5461959411854288,
    "std": 0.18697474994807353,
    "ulcer_index": 14.931905205134196,
    "upi": 0.48782669376743226,
    "us_allocation": 96
}