{
    "beta": 0.7346693575218254,
    "cagr": 0.05699289870692148,
    "end_val": 53903.822010548996,
    "max_drawdown": -0.612588881465184,
    "mwrr": 0.05699289870692148,
    "sharpe": 0.1744610446042689,
    "sortino": 0.24260415422908302,
    "std": 0.1833390258174047,
    "ulcer_index": 18.389398188104035,
    "upi": 0.17393994544710745,
    "us_allocation": 2
}