{
    "beta": 0.932706282254245,
    "cagr": 0.09589573075614832,
    "end_val": 161696.88452941345,
    "max_drawdown": -0.5606179604571231,
    "mwrr": 0.09589573075614832,
    "sharpe": 0.3737655573082406,
    "sortino": 0.5230863873229462,
    "std": 0.1823940424794124,
    "ulcer_index": 15.074110725515236,
    "upi": 0.4522611523306827,
    "us_allocation": 84
}