{
    "beta": 0.9208232496263864,
    "cagr": 0.09372065493104209,
    "end_val": 152222.21220904234,
    "max_drawdown": -0.5631509113623572,
    "mwrr": 0.09372065493104209,
    "sharpe": 0.3660539547419692,
    "sortino": 0.5119412377159476,
    "std": 0.18080224797019862,
    "ulcer_index": 15.152346071796144,
    "upi": 0.4367978784226025,
    "us_allocation": 79
}