{
    "beta": 0.7739024111817796,
    "cagr": 0.06514261647540365,
    "end_val": 68077.06767484815,
    "max_drawdown": -0.6025120889016822,
    "mwrr": 0.06514261647540365,
    "sharpe": 0.22233244484190912,
    "sortino": 0.3093666045933708,
    "std": 0.17844871867533338,
    "ulcer_index": 17.391979489799947,
    "upi": 0.2281293292877637,
    "us_allocation": 18
}