{
    "beta": 0.8006918397311326,
    "cagr": 0.07058321678274893,
    "end_val": 79478.60681201133,
    "max_drawdown": -0.5955061452353794,
    "mwrr": 0.07058321678274893,
    "sharpe": 0.2538034042543993,
    "sortino": 0.3533613443721562,
    "std": 0.17641879758101262,
    "ulcer_index": 16.836150836439213,
    "upi": 0.2659581973786803,
    "us_allocation": 29
}