{
    "beta": 0.7616769932348698,
    "cagr": 0.06262620655376128,
    "end_val": 63354.88261640407,
    "max_drawdown": -0.6056753921383802,
    "mwrr": 0.06262620655376128,
    "sharpe": 0.20756903192928747,
    "sortino": 0.28876149389599803,
    "std": 0.1797326492201492,
    "ulcer_index": 17.680037352102488,
    "upi": 0.21101830789760798,
    "us_allocation": 13
}