{
    "beta": 0.9255790107580926,
    "cagr": 0.09459363572263868,
    "end_val": 155958.593582491,
    "max_drawdown": -0.5620948306372663,
    "mwrr": 0.09459363572263868,
    "sharpe": 0.3692193565250905,
    "sortino": 0.5165075388372401,
    "std": 0.18141584669564118,
    "ulcer_index": 15.118691354888533,
    "upi": 0.44305412971559194,
    "us_allocation": 81
}