{
    "beta": 0.9421976467787719,
    "cagr": 0.0976181427306757,
    "end_val": 169601.96144781908,
    "max_drawdown": -0.5586817259363109,
    "mwrr": 0.0976181427306757,
    "sharpe": 0.3794532620437939,
    "sortino": 0.5313554666795792,
    "std": 0.1838041122983946,
    "ulcer_index": 15.020595260025111,
    "upi": 0.46434105755554284,
    "us_allocation": 88
}