{
    "beta": 0.96350614879843,
    "cagr": 0.10143665011251635,
    "end_val": 188482.41077834016,
    "max_drawdown": -0.5543380722033058,
    "mwrr": 0.10143665011251635,
    "sharpe": 0.39072174770449014,
    "sortino": 0.5478947289686391,
    "std": 0.187402918365101,
    "ulcer_index": 14.921962383678123,
    "upi": 0.4907133898988287,
    "us_allocation": 97
}