{
    "beta": 0.7665708819565523,
    "cagr": 0.06363605561646746,
    "end_val": 65210.57369332962,
    "max_drawdown": -0.6044116459856975,
    "mwrr": 0.06363605561646746,
    "sharpe": 0.21350205912461012,
    "sortino": 0.297040251541502,
    "std": 0.17919216929736453,
    "ulcer_index": 17.56251373623768,
    "upi": 0.21784532013975183,
    "us_allocation": 15
}