{
    "beta": 0.9445684408705769,
    "cagr": 0.09804630508900236,
    "end_val": 171624.29016087716,
    "max_drawdown": -0.5581982105931818,
    "mwrr": 0.09804630508900236,
    "sharpe": 0.380809035436341,
    "sortino": 0.5333335204603878,
    "std": 0.18417518709442882,
    "ulcer_index": 15.0085279486054,
    "upi": 0.4673162620343734,
    "us_allocation": 89
}