{
    "beta": 0.9232015584883847,
    "cagr": 0.09415763794186138,
    "end_val": 154081.55851726022,
    "max_drawdown": -0.5626228478425417,
    "mwrr": 0.09415763794186138,
    "sharpe": 0.36765015144397545,
    "sortino": 0.514242531028009,
    "std": 0.1811051617411618,
    "ulcer_index": 15.135367726244157,
    "upi": 0.43993041825978974,
    "us_allocation": 80
}