{
    "beta": 0.8922147368926824,
    "cagr": 0.08839951955803071,
    "end_val": 131251.3273158229,
    "max_drawdown": -0.5707895881800368,
    "mwrr": 0.08839951955803071,
    "sharpe": 0.34478962964249227,
    "sortino": 0.4814876001203579,
    "std": 0.17779027035457304,
    "ulcer_index": 15.445241147982914,
    "upi": 0.3968988713355452,
    "us_allocation": 67
}