{
    "beta": 0.8321728714726162,
    "cagr": 0.07684672160979855,
    "end_val": 94896.32143068258,
    "max_drawdown": -0.587141863617526,
    "mwrr": 0.07684672160979855,
    "sharpe": 0.28851354414912855,
    "sortino": 0.4020163475678059,
    "std": 0.17543740961157084,
    "ulcer_index": 16.28790862686332,
    "upi": 0.31076831139201444,
    "us_allocation": 42
}