{
    "beta": 0.8754653206938335,
    "cagr": 0.08522896471516317,
    "end_val": 120114.92963012028,
    "max_drawdown": -0.5754045083565646,
    "mwrr": 0.08522896471516317,
    "sharpe": 0.33060506489942904,
    "sortino": 0.46133187420442645,
    "std": 0.17658336280238138,
    "ulcer_index": 15.654322780526778,
    "upi": 0.37293901716332445,
    "us_allocation": 60
}