{
    "beta": 0.7494201746222501,
    "cagr": 0.06008229339275295,
    "end_val": 58903.73999638676,
    "max_drawdown": -0.608825634822548,
    "mwrr": 0.06008229339275295,
    "sharpe": 0.19260321770902414,
    "sortino": 0.26788919989393106,
    "std": 0.18123973235445592,
    "ulcer_index": 17.98464250577443,
    "upi": 0.19410145780303975,
    "us_allocation": 8
}