{
    "beta": 0.7982623269578111,
    "cagr": 0.0700939918570771,
    "end_val": 78382.13760751643,
    "max_drawdown": -0.5961457304363663,
    "mwrr": 0.0700939918570771,
    "sharpe": 0.2510115643461997,
    "sortino": 0.3494538861175043,
    "std": 0.17655793673634362,
    "ulcer_index": 16.882055792128188,
    "upi": 0.2625243177630098,
    "us_allocation": 28
}