{
    "beta": 0.8538603975220077,
    "cagr": 0.08107947634896706,
    "end_val": 106913.04887482044,
    "max_drawdown": -0.5812962204096099,
    "mwrr": 0.08107947634896706,
    "sharpe": 0.3105217469507562,
    "sortino": 0.4329608214864731,
    "std": 0.17565198178151778,
    "ulcer_index": 15.953168667489688,
    "upi": 0.34190969321556663,
    "us_allocation": 51
}