{
    "beta": 0.7297418447304901,
    "cagr": 0.055954123223590724,
    "end_val": 52316.80515672848,
    "max_drawdown": -0.6138392027560151,
    "mwrr": 0.055954123223590724,
    "sharpe": 0.1683854007869142,
    "sortino": 0.23414107455008773,
    "std": 0.1841084133107941,
    "ulcer_index": 18.538875803001012,
    "upi": 0.1672276381844016,
    "us_allocation": 0
}