{
    "beta": 0.8249245974599674,
    "cagr": 0.07541708857474783,
    "end_val": 91141.04255008881,
    "max_drawdown": -0.5890803381222207,
    "mwrr": 0.07541708857474783,
    "sharpe": 0.28078751017005776,
    "sortino": 0.39117538634109167,
    "std": 0.17552774652142256,
    "ulcer_index": 16.406854104502898,
    "upi": 0.30040833015826157,
    "us_allocation": 39
}