{
    "beta": 0.7445084671182252,
    "cagr": 0.059056964942691303,
    "end_val": 57196.567174560725,
    "max_drawdown": -0.6100821061493752,
    "mwrr": 0.059056964942691303,
    "sharpe": 0.1865736373455402,
    "sortino": 0.25948356705161635,
    "std": 0.18190447305043755,
    "ulcer_index": 18.113812936486045,
    "upi": 0.18736884282780963,
    "us_allocation": 6
}