{
    "beta": 0.8418222433713564,
    "cagr": 0.07873830290246464,
    "end_val": 100095.62973156305,
    "max_drawdown": -0.5845494261709451,
    "mwrr": 0.07873830290246464,
    "sharpe": 0.29851943910070977,
    "sortino": 0.4160700966597713,
    "std": 0.17544323520147403,
    "ulcer_index": 16.134732461010312,
    "upi": 0.3246093159988661,
    "us_allocation": 46
}