{
    "beta": 0.865873058928422,
    "cagr": 0.08339495174050282,
    "end_val": 114096.23769254432,
    "max_drawdown": -0.5780287965416112,
    "mwrr": 0.08339495174050282,
    "sharpe": 0.32192870966047743,
    "sortino": 0.449055343672528,
    "std": 0.17608209424875293,
    "ulcer_index": 15.782591824394588,
    "upi": 0.3591779154486703,
    "us_allocation": 56
}