{
    "beta": 0.9041506445272497,
    "cagr": 0.09063407510794241,
    "end_val": 139693.2050612466,
    "max_drawdown": -0.5674755261909361,
    "mwrr": 0.09063407510794241,
    "sharpe": 0.35412269361896215,
    "sortino": 0.4948130484001758,
    "std": 0.17890339432540936,
    "ulcer_index": 15.308925096493732,
    "upi": 0.41384685234864427,
    "us_allocation": 72
}