{
    "beta": 0.8514548294871352,
    "cagr": 0.08061330406711775,
    "end_val": 105520.72042870274,
    "max_drawdown": -0.5819479937326754,
    "mwrr": 0.08061330406711775,
    "sharpe": 0.30816782471872,
    "sortino": 0.42964491201213245,
    "std": 0.17559242902594277,
    "ulcer_index": 15.988509365746058,
    "upi": 0.33845305932436287,
    "us_allocation": 50
}