{
    "beta": 0.8055474136116743,
    "cagr": 0.0715584672402394,
    "end_val": 81708.80409512256,
    "max_drawdown": -0.59422535064266,
    "mwrr": 0.0715584672402394,
    "sharpe": 0.2593396023998866,
    "sortino": 0.3611128034026575,
    "std": 0.17616782096298209,
    "ulcer_index": 16.74574962867929,
    "upi": 0.2728379007070581,
    "us_allocation": 31
}