{
    "beta": 0.9469384268539267,
    "cagr": 0.09847349367816038,
    "end_val": 173665.25146738344,
    "max_drawdown": -0.5577149146189515,
    "mwrr": 0.09847349367816038,
    "sharpe": 0.3821385677203136,
    "sortino": 0.5352761576376702,
    "std": 0.184553582077841,
    "ulcer_index": 14.996681425176648,
    "upi": 0.4702823995428065,
    "us_allocation": 90
}