{
    "beta": 0.8369996793883928,
    "cagr": 0.07779459160091418,
    "end_val": 97468.16600223433,
    "max_drawdown": -0.5858467641097082,
    "mwrr": 0.07779459160091418,
    "sharpe": 0.2935598766915608,
    "sortino": 0.40910151125197775,
    "std": 0.1754223310418125,
    "ulcer_index": 16.210562720091783,
    "upi": 0.31768525574157175,
    "us_allocation": 44
}