{
    "beta": 0.9658698612549096,
    "cagr": 0.10185609192530798,
    "end_val": 190676.16230038553,
    "max_drawdown": -0.5538565685872708,
    "mwrr": 0.10185609192530798,
    "sharpe": 0.3918463494943812,
    "sortino": 0.5495595035995634,
    "std": 0.1878379850405455,
    "ulcer_index": 14.912279630746012,
    "upi": 0.4935884756523919,
    "us_allocation": 98
}