{
    "beta": 0.889824792898102,
    "cagr": 0.08794960456127199,
    "end_val": 129612.31720985982,
    "max_drawdown": -0.5714506230588102,
    "mwrr": 0.08794960456127199,
    "sharpe": 0.3428425486803048,
    "sortino": 0.47871386563302115,
    "std": 0.17759251764274764,
    "ulcer_index": 15.473818890125619,
    "upi": 0.39349055237885555,
    "us_allocation": 66
}