{
    "beta": 0.8946037526255789,
    "cagr": 0.08884843134138287,
    "end_val": 132906.6514503567,
    "max_drawdown": -0.570127962695135,
    "mwrr": 0.08884843134138287,
    "sharpe": 0.34670998954253784,
    "sortino": 0.48422528379913937,
    "std": 0.17799636766324312,
    "ulcer_index": 15.417025680422492,
    "upi": 0.40030332901455845,
    "us_allocation": 68
}