{
    "beta": 0.7420506618642807,
    "cagr": 0.058542628049550016,
    "end_val": 56358.31700711728,
    "max_drawdown": -0.6107095692650822,
    "mwrr": 0.058542628049550016,
    "sharpe": 0.18355147052082507,
    "sortino": 0.2552711926451089,
    "std": 0.18225001572529753,
    "ulcer_index": 18.180463583864274,
    "upi": 0.18400687655617542,
    "us_allocation": 5
}