{
    "beta": 0.7860972529118732,
    "cagr": 0.06763179205039371,
    "end_val": 73082.13334867882,
    "max_drawdown": -0.5993355832837518,
    "mwrr": 0.06763179205039371,
    "sharpe": 0.2368331937968954,
    "sortino": 0.32962412920492673,
    "std": 0.17739000613001643,
    "ulcer_index": 17.127203885545622,
    "upi": 0.24530090606355381,
    "us_allocation": 23
}