{
    "beta": 0.8850420976983054,
    "cagr": 0.08704675908721127,
    "end_val": 126382.81593066343,
    "max_drawdown": -0.5727709266481509,
    "mwrr": 0.08704675908721127,
    "sharpe": 0.3388686173822656,
    "sortino": 0.47305973798807155,
    "std": 0.17722220123672822,
    "ulcer_index": 15.53243980491746,
    "upi": 0.386653877712852,
    "us_allocation": 64
}