{
    "beta": 0.7469649690895168,
    "cagr": 0.05957018595397634,
    "end_val": 58045.01107426896,
    "max_drawdown": -0.6094541283660776,
    "mwrr": 0.05957018595397634,
    "sharpe": 0.18959104279536887,
    "sortino": 0.2636897889395963,
    "std": 0.18156770371678393,
    "ulcer_index": 18.04776025306074,
    "upi": 0.1907421748194247,
    "us_allocation": 7
}