{
    "beta": 0.8826493352456282,
    "cagr": 0.08659382566222051,
    "end_val": 124792.11328408663,
    "max_drawdown": -0.5734301981681889,
    "mwrr": 0.08659382566222051,
    "sharpe": 0.33684199204502896,
    "sortino": 0.4701799419835919,
    "std": 0.17704971303224648,
    "ulcer_index": 15.562343503473224,
    "upi": 0.3832296417899676,
    "us_allocation": 63
}