{
    "beta": 0.7322062701021338,
    "cagr": 0.05647407482014,
    "end_val": 53105.44191256025,
    "max_drawdown": -0.6132142967465782,
    "mwrr": 0.05647407482014,
    "sharpe": 0.1714244568401813,
    "sortino": 0.23837408171964478,
    "std": 0.18371940014596802,
    "ulcer_index": 18.461631610794957,
    "upi": 0.17059690212091053,
    "us_allocation": 1
}