{
    "beta": 0.8103984268735759,
    "cagr": 0.07252946462497656,
    "end_val": 83989.34362591886,
    "max_drawdown": -0.5929423824109955,
    "mwrr": 0.07252946462497656,
    "sharpe": 0.26480953246386846,
    "sortino": 0.3687751720023005,
    "std": 0.17595324974213167,
    "ulcer_index": 16.657215699449303,
    "upi": 0.27973212308233647,
    "us_allocation": 33
}