{
    "beta": 0.7543267236033889,
    "cagr": 0.06110317669876131,
    "end_val": 60652.4200449671,
    "max_drawdown": -0.6075670960613975,
    "mwrr": 0.06110317669876131,
    "sharpe": 0.19860998537579178,
    "sortino": 0.27626499001047694,
    "std": 0.1806102779908483,
    "ulcer_index": 17.860848771969057,
    "upi": 0.20084228657642333,
    "us_allocation": 10
}