{
    "beta": 0.9048536578669857,
    "cagr": 0.09322873334900539,
    "end_val": 137257.94409234097,
    "max_drawdown": -0.567475526190936,
    "mwrr": 0.09322873334900539,
    "sharpe": 0.36677673377181486,
    "sortino": 0.512677528510328,
    "std": 0.1809776433739371,
    "ulcer_index": 15.550896511393022,
    "upi": 0.4268542600191813,
    "us_allocation": 72
}