{
    "beta": 0.9241180451652756,
    "cagr": 0.09711856462580437,
    "end_val": 152357.96572647704,
    "max_drawdown": -0.5626228478425419,
    "mwrr": 0.09711856462580437,
    "sharpe": 0.3815317807444753,
    "sortino": 0.5338740660524969,
    "std": 0.1832990745849027,
    "ulcer_index": 15.373805098323341,
    "upi": 0.4549013340352132,
    "us_allocation": 80
}