{
    "beta": 0.8173977323245333,
    "cagr": 0.07493294765292569,
    "end_val": 83589.69769291944,
    "max_drawdown": -0.5910138331743319,
    "mwrr": 0.07493294765292569,
    "sharpe": 0.2794740800876225,
    "sortino": 0.3892901124112154,
    "std": 0.17705349674349133,
    "ulcer_index": 16.791102808526823,
    "upi": 0.29469851893091953,
    "us_allocation": 36
}