{
    "beta": 0.7508635107370305,
    "cagr": 0.06032729571691564,
    "end_val": 55919.28989820259,
    "max_drawdown": -0.6081966244215834,
    "mwrr": 0.06032729571691564,
    "sharpe": 0.19702166429166892,
    "sortino": 0.27395620454554337,
    "std": 0.1816370486292949,
    "ulcer_index": 18.203067989620088,
    "upi": 0.19660107845495667,
    "us_allocation": 9
}