{
    "beta": 0.7879356089135104,
    "cagr": 0.06853775982770349,
    "end_val": 70145.62515825493,
    "max_drawdown": -0.5986986851818185,
    "mwrr": 0.06853775982770349,
    "sharpe": 0.2440467121952203,
    "sortino": 0.3396464319823414,
    "std": 0.17827805392667564,
    "ulcer_index": 17.34472667712908,
    "upi": 0.2508505613859827,
    "us_allocation": 24
}