{
    "beta": 0.9648734588765047,
    "cagr": 0.1051782037337401,
    "end_val": 188918.1892624902,
    "max_drawdown": -0.5543380722033057,
    "mwrr": 0.1051782037337401,
    "sharpe": 0.40709614982932657,
    "sortino": 0.5711300943173885,
    "std": 0.18978969668336748,
    "ulcer_index": 15.154579764427707,
    "upi": 0.5098373887116947,
    "us_allocation": 97
}