{
    "beta": 0.822292049681346,
    "cagr": 0.0759841149273135,
    "end_val": 86025.34054929283,
    "max_drawdown": -0.5897253880754045,
    "mwrr": 0.0759841149273135,
    "sharpe": 0.28512612183664005,
    "sortino": 0.3972228378862991,
    "std": 0.17697558468715938,
    "ulcer_index": 16.70765639866259,
    "upi": 0.3020270515502756,
    "us_allocation": 38
}