{
    "beta": 0.8491325635608993,
    "cagr": 0.08169156942099276,
    "end_val": 100494.37399376684,
    "max_drawdown": -0.5825991996609642,
    "mwrr": 0.08169156942099276,
    "sharpe": 0.31468298274850914,
    "sortino": 0.43877349725926645,
    "std": 0.1771837099407979,
    "ulcer_index": 16.2785228940431,
    "upi": 0.342525050654998,
    "us_allocation": 49
}