{
    "beta": 0.9072648474086361,
    "cagr": 0.09371839627720169,
    "end_val": 139076.04461887738,
    "max_drawdown": -0.5668109262421437,
    "mwrr": 0.09371839627720169,
    "sharpe": 0.3687179587039571,
    "sortino": 0.5154573069644915,
    "std": 0.18124076499625555,
    "ulcer_index": 15.524923008005942,
    "upi": 0.43045620574274174,
    "us_allocation": 73
}