{
    "beta": 0.8564304007954257,
    "cagr": 0.08322661897445793,
    "end_val": 104770.63263381488,
    "max_drawdown": -0.5806438783738093,
    "mwrr": 0.08322661897445793,
    "sharpe": 0.32225669508378624,
    "sortino": 0.44945189792255025,
    "std": 0.1774251065113923,
    "ulcer_index": 16.170864551171253,
    "upi": 0.35358500881789956,
    "us_allocation": 52
}