{
    "beta": 0.8831111447143847,
    "cagr": 0.08877725683179749,
    "end_val": 121749.37040422621,
    "max_drawdown": -0.5734301981681889,
    "mwrr": 0.08877725683179749,
    "sharpe": 0.3480678890608032,
    "sortino": 0.48599305095105,
    "std": 0.17896915953673637,
    "ulcer_index": 15.808931098496394,
    "upi": 0.39404770835620684,
    "us_allocation": 63
}