{
    "beta": 0.77560934075241,
    "cagr": 0.06582795658032659,
    "end_val": 65102.16259335898,
    "max_drawdown": -0.6018778485597513,
    "mwrr": 0.06582795658032659,
    "sharpe": 0.2286412053090406,
    "sortino": 0.3181039409157912,
    "std": 0.1791725274117318,
    "ulcer_index": 17.610627230829667,
    "upi": 0.2326285182456941,
    "us_allocation": 19
}