{
    "beta": 0.7706702494634522,
    "cagr": 0.06473651016705073,
    "end_val": 63171.33798788674,
    "max_drawdown": -0.6031458011580232,
    "mwrr": 0.06473651016705073,
    "sharpe": 0.2223942222067566,
    "sortino": 0.30937551479366593,
    "std": 0.17959353586015814,
    "ulcer_index": 17.721446745619623,
    "upi": 0.22538600205004028,
    "us_allocation": 17
}