{
    "beta": 0.8002318681684341,
    "cagr": 0.07122089346969762,
    "end_val": 75510.26032677671,
    "max_drawdown": -0.5955061452353797,
    "mwrr": 0.07122089346969762,
    "sharpe": 0.25910062955766067,
    "sortino": 0.3607231186021166,
    "std": 0.17760971249455462,
    "ulcer_index": 17.10175072028572,
    "upi": 0.26909528795718596,
    "us_allocation": 29
}