{
    "beta": 0.8782690075327984,
    "cagr": 0.08777709544439327,
    "end_val": 118505.39819630398,
    "max_drawdown": -0.5747469876361859,
    "mwrr": 0.08777709544439327,
    "sharpe": 0.3436112992701499,
    "sortino": 0.47966345536220306,
    "std": 0.17861262329406866,
    "ulcer_index": 15.870924919014808,
    "upi": 0.38671113377251304,
    "us_allocation": 61
}