{
    "beta": 0.8903671285705731,
    "cagr": 0.09027001468325024,
    "end_val": 126751.12389223973,
    "max_drawdown": -0.5714506230588101,
    "mwrr": 0.09027001468325024,
    "sharpe": 0.35455035066082374,
    "sortino": 0.49521848823867254,
    "std": 0.1795658118931675,
    "ulcer_index": 15.718830758121246,
    "upi": 0.4050328286339837,
    "us_allocation": 66
}