{
    "beta": 0.8588609485327933,
    "cagr": 0.08373626865263062,
    "end_val": 106228.86150740343,
    "max_drawdown": -0.5799909663015478,
    "mwrr": 0.08373626865263062,
    "sharpe": 0.3247318975485381,
    "sortino": 0.4529453932641118,
    "std": 0.17752290025967676,
    "ulcer_index": 16.135755229167362,
    "upi": 0.3572728544796575,
    "us_allocation": 53
}