{
    "beta": 0.9720414919033165,
    "cagr": 0.10657172583189167,
    "end_val": 196044.71843675897,
    "max_drawdown": -0.5528942487106144,
    "mwrr": 0.10657172583189167,
    "sharpe": 0.41082015405435984,
    "sortino": 0.5766404416887015,
    "std": 0.19114037033567535,
    "ulcer_index": 15.130911512151894,
    "upi": 0.5189729697621894,
    "us_allocation": 100
}