{
    "beta": 0.8442621180425627,
    "cagr": 0.08066310270709565,
    "end_val": 97724.17941907968,
    "max_drawdown": -0.5838999145764118,
    "mwrr": 0.08066310270709565,
    "sharpe": 0.30951314479296377,
    "sortino": 0.4314933249199398,
    "std": 0.1770663794492223,
    "ulcer_index": 16.352739806118805,
    "upi": 0.33514682376957844,
    "us_allocation": 47
}