{
    "beta": 0.7953169141546047,
    "cagr": 0.07015082422116814,
    "end_val": 73324.88991517948,
    "max_drawdown": -0.59678477584042,
    "mwrr": 0.07015082422116814,
    "sharpe": 0.2531250860410741,
    "sortino": 0.35235373548453536,
    "std": 0.17784990749060162,
    "ulcer_index": 17.19533383836188,
    "upi": 0.26181214733176617,
    "us_allocation": 27
}