{
    "beta": 0.8124989162447795,
    "cagr": 0.07387760637037544,
    "end_val": 81211.45682516374,
    "max_drawdown": -0.5923000801419197,
    "mwrr": 0.07387760637037544,
    "sharpe": 0.2737441269388997,
    "sortino": 0.3812513107908795,
    "std": 0.17716734384152572,
    "ulcer_index": 16.87634311626822,
    "upi": 0.28738320063623807,
    "us_allocation": 34
}