{
    "beta": 0.9576984206950944,
    "cagr": 0.10377610193141829,
    "end_val": 182000.63938354593,
    "max_drawdown": -0.5557839450986218,
    "mwrr": 0.10377610193141829,
    "sharpe": 0.40314210365776143,
    "sortino": 0.5653076865636355,
    "std": 0.18849835903076478,
    "ulcer_index": 15.186123389329364,
    "upi": 0.5004089259539057,
    "us_allocation": 94
}