{
    "beta": 0.8806905613827961,
    "cagr": 0.0882776760899322,
    "end_val": 120118.42778419772,
    "max_drawdown": -0.5740888847011096,
    "mwrr": 0.0882776760899322,
    "sharpe": 0.3458530041316012,
    "sortino": 0.48284607317727696,
    "std": 0.1787867417001104,
    "ulcer_index": 15.839752857856409,
    "upi": 0.39038012822075674,
    "us_allocation": 62
}