{
    "beta": 0.9337291843787154,
    "cagr": 0.09904005159159857,
    "end_val": 160397.17881786358,
    "max_drawdown": -0.5606179604571224,
    "mwrr": 0.09904005159159857,
    "sharpe": 0.3882473607415884,
    "sortino": 0.5435822401248352,
    "std": 0.1846410266373632,
    "ulcer_index": 15.311033460936278,
    "upi": 0.468208634325035,
    "us_allocation": 84
}