{
    "beta": 0.8345084833100135,
    "cagr": 0.07859386761537479,
    "end_val": 92372.42562094456,
    "max_drawdown": -0.5864945930275572,
    "mwrr": 0.07859386761537479,
    "sharpe": 0.2988945768398113,
    "sortino": 0.41655998371484504,
    "std": 0.176937273170813,
    "ulcer_index": 16.50654634535551,
    "upi": 0.3203995170622183,
    "us_allocation": 43
}