{
    "beta": 0.765726174169445,
    "cagr": 0.06364073830534034,
    "end_val": 61288.56138370569,
    "max_drawdown": -0.6044116459856973,
    "mwrr": 0.06364073830534034,
    "sharpe": 0.21610476196029027,
    "sortino": 0.3005910745539095,
    "std": 0.1800505818113826,
    "ulcer_index": 17.83817662062305,
    "upi": 0.21813249534710374,
    "us_allocation": 15
}