{
    "beta": 0.7854727817797428,
    "cagr": 0.0679979408821143,
    "end_val": 69111.72398908752,
    "max_drawdown": -0.5993355832837511,
    "mwrr": 0.0679979408821143,
    "sharpe": 0.24099180554453326,
    "sortino": 0.3353724408693422,
    "std": 0.1784388654170224,
    "ulcer_index": 17.396820065473072,
    "upi": 0.2471915298931353,
    "us_allocation": 23
}