{
    "beta": 0.921713099219766,
    "cagr": 0.09663576018879949,
    "end_val": 150400.00621327318,
    "max_drawdown": -0.5631509113623578,
    "mwrr": 0.09663576018879949,
    "sharpe": 0.37978415786762315,
    "sortino": 0.5313547505878187,
    "std": 0.18298217628919686,
    "ulcer_index": 15.391186447581175,
    "upi": 0.4515243947251725,
    "us_allocation": 79
}