{
    "beta": 0.9000285308760051,
    "cagr": 0.09224645017636024,
    "end_val": 133679.7333849748,
    "max_drawdown": -0.5688029342189882,
    "mwrr": 0.09224645017636024,
    "sharpe": 0.3628113775070496,
    "sortino": 0.5070063930399555,
    "std": 0.18047506277443004,
    "ulcer_index": 15.604619726900076,
    "upi": 0.4196173511020481,
    "us_allocation": 70
}