{
    "beta": 0.8879494226256648,
    "cagr": 0.08977342463503946,
    "end_val": 125065.57321667396,
    "max_drawdown": -0.5721110687455655,
    "mwrr": 0.08977342463503946,
    "sharpe": 0.35241667830274737,
    "sortino": 0.49217945794662354,
    "std": 0.17935873519870707,
    "ulcer_index": 15.748433891764986,
    "upi": 0.4013752541619918,
    "us_allocation": 65
}