{
    "beta": 0.7977749785299335,
    "cagr": 0.07068638822495665,
    "end_val": 74410.90676563702,
    "max_drawdown": -0.5961457304363658,
    "mwrr": 0.07068638822495665,
    "sharpe": 0.2561208411743938,
    "sortino": 0.3565490494408737,
    "std": 0.1777252876146326,
    "ulcer_index": 17.148285368197723,
    "upi": 0.26545137114182843,
    "us_allocation": 28
}