{
    "beta": 0.928925332762385,
    "cagr": 0.09808125164427861,
    "end_val": 156335.7918718804,
    "max_drawdown": -0.5615873673095945,
    "mwrr": 0.09808125164427861,
    "sharpe": 0.3849444301488602,
    "sortino": 0.5388016267279087,
    "std": 0.18395528008122186,
    "ulcer_index": 15.340648531341515,
    "upi": 0.461608689967198,
    "us_allocation": 82
}