{
    "beta": 0.9120845064181732,
    "cagr": 0.09469477181876673,
    "end_val": 142770.98199052684,
    "max_drawdown": -0.5654799272129044,
    "mwrr": 0.09469477181876673,
    "sharpe": 0.37251738721381844,
    "sortino": 0.520905375872539,
    "std": 0.18179043899048397,
    "ulcer_index": 15.47439473320794,
    "upi": 0.43763493129436387,
    "us_allocation": 75
}