{
    "beta": 0.8026875894050225,
    "cagr": 0.07175434191513008,
    "end_val": 76623.07503265367,
    "max_drawdown": -0.5948660190387544,
    "mwrr": 0.07175434191513008,
    "sharpe": 0.2620639897731168,
    "sortino": 0.3648752803393886,
    "std": 0.17750317858631273,
    "ulcer_index": 17.05569102110664,
    "upi": 0.27274424934219443,
    "us_allocation": 30
}