{
    "beta": 0.7309735761446299,
    "cagr": 0.05584773465493775,
    "end_val": 49377.86394349151,
    "max_drawdown": -0.6132142967465787,
    "mwrr": 0.05584773465493775,
    "sharpe": 0.17122574460518658,
    "sortino": 0.2379908277666047,
    "std": 0.1842501279681165,
    "ulcer_index": 18.749584603046493,
    "upi": 0.16826637148587276,
    "us_allocation": 1
}