{
    "beta": 0.7558228585910444,
    "cagr": 0.06143614878984516,
    "end_val": 57663.44934596991,
    "max_drawdown": -0.6069370486355956,
    "mwrr": 0.06143614878984516,
    "sharpe": 0.20341446491203388,
    "sortino": 0.2828759045416679,
    "std": 0.18107244381017543,
    "ulcer_index": 18.078978351987637,
    "upi": 0.2037381457395579,
    "us_allocation": 11
}