{
    "beta": 0.8393874405636672,
    "cagr": 0.07963054000542735,
    "end_val": 95017.22436817728,
    "max_drawdown": -0.5851983755855104,
    "mwrr": 0.07963054000542735,
    "sharpe": 0.30424949508781607,
    "sortino": 0.42408786903580115,
    "std": 0.17698417120331103,
    "ulcer_index": 16.428864013578348,
    "upi": 0.32776858528730457,
    "us_allocation": 45
}