{
    "beta": 0.7928576686846479,
    "cagr": 0.06961419948328862,
    "end_val": 72252.08599836976,
    "max_drawdown": -0.5974232826411546,
    "mwrr": 0.06961419948328862,
    "sharpe": 0.25011383091097056,
    "sortino": 0.3481377772141645,
    "std": 0.17798357451986035,
    "ulcer_index": 17.242824290331136,
    "upi": 0.2581789583635597,
    "us_allocation": 26
}