{
    "beta": 0.7483818905442212,
    "cagr": 0.05977122171383353,
    "end_val": 55063.915732096604,
    "max_drawdown": -0.6088256348225477,
    "mwrr": 0.05977122171383353,
    "sharpe": 0.19381510433456525,
    "sortino": 0.2694831815863791,
    "std": 0.18193271569274316,
    "ulcer_index": 18.266123242669742,
    "upi": 0.1930474712489168,
    "us_allocation": 8
}