{
    "beta": 0.8418253112797022,
    "cagr": 0.08014733420611164,
    "end_val": 96362.86487673817,
    "max_drawdown": -0.584549426170945,
    "mwrr": 0.08014733420611164,
    "sharpe": 0.3068928913438584,
    "sortino": 0.42780606366913926,
    "std": 0.1770208728903143,
    "ulcer_index": 16.390597531676548,
    "upi": 0.3314568663425605,
    "us_allocation": 46
}