{
    "beta": 0.7731404148039841,
    "cagr": 0.06528277298459839,
    "end_val": 64130.6858366006,
    "max_drawdown": -0.6025120889016814,
    "mwrr": 0.06528277298459839,
    "sharpe": 0.22552327348803247,
    "sortino": 0.313747022146734,
    "std": 0.1793785224975521,
    "ulcer_index": 17.665263798010905,
    "upi": 0.22900953677183847,
    "us_allocation": 18
}