{
    "beta": 0.9385296435527585,
    "cagr": 0.09999497481299202,
    "end_val": 164543.353119676,
    "max_drawdown": -0.5596494106152846,
    "mwrr": 0.09999497481299202,
    "sharpe": 0.3914411845916181,
    "sortino": 0.548216546968554,
    "std": 0.18535590421288592,
    "ulcer_index": 15.282554429860017,
    "upi": 0.4747708025523257,
    "us_allocation": 86
}