{
    "beta": 0.7583005998656164,
    "cagr": 0.061988932393920004,
    "end_val": 58552.458499456276,
    "max_drawdown": -0.6063064810331514,
    "mwrr": 0.061988932393920004,
    "sharpe": 0.20659970504435837,
    "sortino": 0.28732123409169175,
    "std": 0.18080353821884013,
    "ulcer_index": 18.01788707932877,
    "upi": 0.20732171035692495,
    "us_allocation": 12
}