{
    "beta": 0.9193072778713909,
    "cagr": 0.09615198003272507,
    "end_val": 148462.4795510172,
    "max_drawdown": -0.5636790205278204,
    "mwrr": 0.09615198003272507,
    "sharpe": 0.3780089388280257,
    "sortino": 0.5287982419761854,
    "std": 0.18267281432764496,
    "ulcer_index": 15.40892449089274,
    "upi": 0.44813766058599536,
    "us_allocation": 78
}