{
    "beta": 0.8612904737179571,
    "cagr": 0.08424490430419751,
    "end_val": 107703.72650391402,
    "max_drawdown": -0.5793374828633041,
    "mwrr": 0.08424490430419751,
    "sharpe": 0.3271819940962755,
    "sortino": 0.456405275495001,
    "std": 0.17762930847816888,
    "ulcer_index": 16.10102828126655,
    "upi": 0.36096102487615855,
    "us_allocation": 54
}