{
    "beta": 0.8320673847447427,
    "cagr": 0.078073985948097,
    "end_val": 91072.99896418449,
    "max_drawdown": -0.5871418636175258,
    "mwrr": 0.078073985948097,
    "sharpe": 0.2961837314379821,
    "sortino": 0.4127511391303807,
    "std": 0.17692711943593556,
    "ulcer_index": 16.54595875235499,
    "upi": 0.31671923376641814,
    "us_allocation": 42
}