{
    "beta": 0.80759555189932,
    "cagr": 0.07281807617129998,
    "end_val": 78889.58888349266,
    "max_drawdown": -0.5935841388381242,
    "mwrr": 0.07281807617129998,
    "sharpe": 0.26793960881706774,
    "sortino": 0.3731112677991224,
    "std": 0.17731721447086685,
    "ulcer_index": 16.96500686649343,
    "upi": 0.28005615492048447,
    "us_allocation": 32
}