{
    "beta": 0.9265221211894513,
    "cagr": 0.09760039467166637,
    "end_val": 154336.510138434,
    "max_drawdown": -0.5620948306372666,
    "mwrr": 0.09760039467166637,
    "sharpe": 0.3832518532269043,
    "sortino": 0.5363562948363435,
    "std": 0.18362345929343257,
    "ulcer_index": 15.356728792598107,
    "upi": 0.4582697679017699,
    "us_allocation": 81
}