{
    "beta": 0.8951997027447501,
    "cagr": 0.0912602144555581,
    "end_val": 130177.85365685976,
    "max_drawdown": -0.5701279626951345,
    "mwrr": 0.0912602144555581,
    "sharpe": 0.35873575563700333,
    "sortino": 0.5011865679831693,
    "std": 0.18000433447045366,
    "ulcer_index": 15.661007813194086,
    "upi": 0.412331612774571,
    "us_allocation": 68
}