{
    "beta": 0.8758464774450382,
    "cagr": 0.08727551337319706,
    "end_val": 116910.13765367543,
    "max_drawdown": -0.5754045083565645,
    "mwrr": 0.08727551337319706,
    "sharpe": 0.34134291898309455,
    "sortino": 0.47644538816591614,
    "std": 0.17844684287297433,
    "ulcer_index": 15.902512446176544,
    "upi": 0.38303938820493283,
    "us_allocation": 60
}