{
    "beta": 0.7359540520501734,
    "cagr": 0.0569742846957253,
    "end_val": 50949.685303659724,
    "max_drawdown": -0.6119629558416388,
    "mwrr": 0.0569742846957253,
    "sharpe": 0.17770056054806554,
    "sortino": 0.2470138008133411,
    "std": 0.1835439730066536,
    "ulcer_index": 18.603799854947827,
    "upi": 0.17532319741435656,
    "us_allocation": 3
}