{
    "beta": 0.8539988246434372,
    "cagr": 0.08271595363998774,
    "end_val": 103328.90072495963,
    "max_drawdown": -0.5812962204096094,
    "mwrr": 0.08271595363998774,
    "sharpe": 0.31975663417647415,
    "sortino": 0.44592514535406225,
    "std": 0.17733595752293527,
    "ulcer_index": 16.206356374301553,
    "upi": 0.34989772536569086,
    "us_allocation": 51
}