{
    "beta": 0.885530763232062,
    "cagr": 0.08927583918047466,
    "end_val": 123398.37055022712,
    "max_drawdown": -0.5727709266481502,
    "mwrr": 0.08927583918047466,
    "sharpe": 0.3502558210013867,
    "sortino": 0.48910423895678573,
    "std": 0.17915983742826272,
    "ulcer_index": 15.77849891566331,
    "upi": 0.39771264966927616,
    "us_allocation": 64
}