{
    "beta": 0.8247375367297239,
    "cagr": 0.07650813790781008,
    "end_val": 87265.01207550078,
    "max_drawdown": -0.5890803381222216,
    "mwrr": 0.07650813790781008,
    "sharpe": 0.2879219147532452,
    "sortino": 0.4011478330447465,
    "std": 0.17695007159006132,
    "ulcer_index": 16.666569389637967,
    "upi": 0.30569631629859567,
    "us_allocation": 39
}