{
    "beta": 0.7632522509319637,
    "cagr": 0.06309122493809682,
    "end_val": 60364.90051643949,
    "max_drawdown": -0.6050437808309184,
    "mwrr": 0.06309122493809682,
    "sharpe": 0.2129453561005542,
    "sortino": 0.29617949514180014,
    "std": 0.18029259400525285,
    "ulcer_index": 17.897448826730397,
    "upi": 0.2145195683519697,
    "us_allocation": 14
}