{
    "beta": 0.8051421485519974,
    "cagr": 0.0722867355058201,
    "end_val": 77749.4759716151,
    "max_drawdown": -0.5942253506426601,
    "mwrr": 0.0722867355058201,
    "sharpe": 0.26501046609087,
    "sortino": 0.36900490504552586,
    "std": 0.177405681194883,
    "ulcer_index": 17.010113477349133,
    "upi": 0.2763978942757427,
    "us_allocation": 31
}