{
    "beta": 0.7681988381281978,
    "cagr": 0.06418916599162827,
    "end_val": 62224.00196929307,
    "max_drawdown": -0.6037789864729172,
    "mwrr": 0.06418916599162827,
    "sharpe": 0.21925455132643396,
    "sortino": 0.30498998634170293,
    "std": 0.17981755885914094,
    "ulcer_index": 17.779476864810313,
    "upi": 0.22175512948513265,
    "us_allocation": 16
}