{
    "beta": 0.967263574497238,
    "cagr": 0.1056436628535069,
    "end_val": 191270.2692758895,
    "max_drawdown": -0.5538565685872707,
    "mwrr": 0.1056436628535069,
    "sharpe": 0.4083628133121078,
    "sortino": 0.5730012292216343,
    "std": 0.1902334002949629,
    "ulcer_index": 15.144588299459711,
    "upi": 0.5129574511799773,
    "us_allocation": 98
}