{
    "beta": 0.9624825649109664,
    "cagr": 0.10471179131944508,
    "end_val": 186589.3290281816,
    "max_drawdown": -0.5548198035287275,
    "mwrr": 0.10471179131944508,
    "sharpe": 0.40580392265157944,
    "sortino": 0.5692242879118186,
    "std": 0.18935258599450824,
    "ulcer_index": 15.164834001017988,
    "upi": 0.5067057923298319,
    "us_allocation": 96
}