{
    "beta": 0.8976145822542735,
    "cagr": 0.09175382709935365,
    "end_val": 131919.32613456566,
    "max_drawdown": -0.5694657451836973,
    "mwrr": 0.09175382709935365,
    "sharpe": 0.360787323698321,
    "sortino": 0.5041150732763386,
    "std": 0.18023569474566387,
    "ulcer_index": 15.632634738554982,
    "upi": 0.4159762296084725,
    "us_allocation": 69
}