{
    "beta": 0.7903972357390908,
    "cagr": 0.06907651202082632,
    "end_val": 71192.37189780602,
    "max_drawdown": -0.5980612520271185,
    "mwrr": 0.06907651202082632,
    "sharpe": 0.24708754751441217,
    "sortino": 0.3439017914381989,
    "std": 0.1781262899583553,
    "ulcer_index": 17.293164473593652,
    "upi": 0.25451657068070715,
    "us_allocation": 25
}