{
    "beta": 0.8271819175258653,
    "cagr": 0.07703112287372504,
    "end_val": 88519.4245767963,
    "max_drawdown": -0.5884347349001293,
    "mwrr": 0.07703112287372504,
    "sharpe": 0.2906970331354959,
    "sortino": 0.4050445650957661,
    "std": 0.17693350069988356,
    "ulcer_index": 16.625964445749705,
    "upi": 0.309367520713131,
    "us_allocation": 40
}