{
    "beta": 0.8637189821965873,
    "cagr": 0.0847525275464942,
    "end_val": 109195.36734033805,
    "max_drawdown": -0.5786834267237292,
    "mwrr": 0.0847525275464942,
    "sharpe": 0.3296067485237725,
    "sortino": 0.4598312924073746,
    "std": 0.1777442998875366,
    "ulcer_index": 16.066705378961238,
    "upi": 0.36464878567760944,
    "us_allocation": 55
}