{
    "beta": 0.8709984656032961,
    "cagr": 0.08626933880785836,
    "end_val": 113772.35032875687,
    "max_drawdown": -0.5767178086554061,
    "mwrr": 0.08626933880785836,
    "sharpe": 0.33672676759705433,
    "sortino": 0.4699037797935452,
    "std": 0.17814044597306644,
    "ulcer_index": 15.967018183634707,
    "upi": 0.37568680054482223,
    "us_allocation": 58
}