{
    "beta": 0.9096751284076929,
    "cagr": 0.09420707530388839,
    "end_val": 140913.67404262006,
    "max_drawdown": -0.5661457270691092,
    "mwrr": 0.09420707530388839,
    "sharpe": 0.3706315140599767,
    "sortino": 0.5181999374407597,
    "std": 0.181511712521488,
    "ulcer_index": 15.499316784905353,
    "upi": 0.43405283870097494,
    "us_allocation": 74
}