{
    "beta": 0.8100478057148823,
    "cagr": 0.07334836582619908,
    "end_val": 80043.54015668758,
    "max_drawdown": -0.5929423824109956,
    "mwrr": 0.07334836582619908,
    "sharpe": 0.2708509746347334,
    "sortino": 0.37719362522311634,
    "std": 0.1772377714079916,
    "ulcer_index": 16.92037324888046,
    "upi": 0.2837187487752523,
    "us_allocation": 33
}