{
    "beta": 0.7384422744977568,
    "cagr": 0.05753588883650784,
    "end_val": 51751.20988984075,
    "max_drawdown": -0.6113365188013059,
    "mwrr": 0.05753588883650784,
    "sharpe": 0.18093272748188804,
    "sortino": 0.251519197824446,
    "std": 0.1832040640743463,
    "ulcer_index": 18.53272056647298,
    "upi": 0.17886491766862206,
    "us_allocation": 4
}