{
    "beta": 0.9696529170750213,
    "cagr": 0.10610816983656401,
    "end_val": 193645.7264667384,
    "max_drawdown": -0.5533752937366773,
    "mwrr": 0.10610816983656401,
    "sharpe": 0.4096040880684142,
    "sortino": 0.574837911047742,
    "std": 0.19068364284969372,
    "ulcer_index": 15.135874506158762,
    "upi": 0.5160312059022937,
    "us_allocation": 99
}