{
    "beta": 0.7780770338855172,
    "cagr": 0.06637206307350918,
    "end_val": 66085.8860151755,
    "max_drawdown": -0.6012430789832635,
    "mwrr": 0.06637206307350918,
    "sharpe": 0.2317475194329813,
    "sortino": 0.32244562094997176,
    "std": 0.17897555818693958,
    "ulcer_index": 17.556422484453016,
    "upi": 0.23625696710978475,
    "us_allocation": 20
}