{
    "beta": 0.9313276853428972,
    "cagr": 0.09856113685157464,
    "end_val": 158355.96371601062,
    "max_drawdown": -0.5611025572647358,
    "mwrr": 0.09856113685157464,
    "sharpe": 0.38660957520549427,
    "sortino": 0.5412102288052663,
    "std": 0.18429448622552866,
    "ulcer_index": 15.325695413644219,
    "upi": 0.4649133957768104,
    "us_allocation": 83
}