{
    "beta": 0.9169005756269768,
    "cagr": 0.09566722281954743,
    "end_val": 146545.23407519315,
    "max_drawdown": -0.5642071746721871,
    "mwrr": 0.09566722281954743,
    "sharpe": 0.37620608712438985,
    "sortino": 0.5262045297007953,
    "std": 0.18237103818616668,
    "ulcer_index": 15.42789216682017,
    "upi": 0.4447162193839159,
    "us_allocation": 77
}