{
    "beta": 0.7409291626175872,
    "cagr": 0.058096382248805645,
    "end_val": 52563.28675375234,
    "max_drawdown": -0.6107095692650822,
    "mwrr": 0.058096382248805645,
    "sharpe": 0.18416075495739856,
    "sortino": 0.2560195683584496,
    "std": 0.18287296339014794,
    "ulcer_index": 18.46457154661387,
    "upi": 0.1823977429232789,
    "us_allocation": 5
}