{
    "beta": 0.9553051597976088,
    "cagr": 0.10330682259729507,
    "end_val": 179740.49628794446,
    "max_drawdown": -0.5562663532460602,
    "mwrr": 0.10330682259729507,
    "sharpe": 0.4017721889203903,
    "sortino": 0.5632964001934572,
    "std": 0.18808135038554213,
    "ulcer_index": 15.19711745257196,
    "upi": 0.49724534058438696,
    "us_allocation": 93
}