{
    "beta": 0.8685729723344806,
    "cagr": 0.0857647432114339,
    "end_val": 112229.53816293244,
    "max_drawdown": -0.5773735909698463,
    "mwrr": 0.0857647432114339,
    "sharpe": 0.3343793429979169,
    "sortino": 0.46658078354088733,
    "std": 0.17799990231274126,
    "ulcer_index": 15.999805815125583,
    "upi": 0.3720096063371908,
    "us_allocation": 57
}