{
    "beta": 0.9144929869815593,
    "cagr": 0.0951814872010519,
    "end_val": 144648.11851281283,
    "max_drawdown": -0.5648135252080562,
    "mwrr": 0.0951814872010519,
    "sharpe": 0.37437557571640023,
    "sortino": 0.5235735646820743,
    "std": 0.18207689689202175,
    "ulcer_index": 15.449911007786321,
    "upi": 0.44120897491883115,
    "us_allocation": 76
}