{
    "beta": 0.8734229653850973,
    "cagr": 0.08677292834276984,
    "end_val": 115332.50268262642,
    "max_drawdown": -0.5760614482393047,
    "mwrr": 0.08677292834276984,
    "sharpe": 0.33904801926032196,
    "sortino": 0.4731920725324522,
    "std": 0.17828943814923204,
    "ulcer_index": 15.934586890737206,
    "upi": 0.379363475924148,
    "us_allocation": 59
}