{
    "beta": 0.9529110992606767,
    "cagr": 0.10283658524773642,
    "end_val": 177502.9456214424,
    "max_drawdown": -0.5567489849087951,
    "mwrr": 0.10283658524773642,
    "sharpe": 0.4003760651119832,
    "sortino": 0.56124959661738,
    "std": 0.1876711498835996,
    "ulcer_index": 15.208336339358153,
    "upi": 0.4940721187655923,
    "us_allocation": 92
}