{
    "beta": 0.9600908872902101,
    "cagr": 0.1042444244438987,
    "end_val": 184283.5313885364,
    "max_drawdown": -0.5553017615105061,
    "mwrr": 0.1042444244438987,
    "sharpe": 0.4044859620283128,
    "sortino": 0.5672835708585919,
    "std": 0.18892212215722823,
    "ulcer_index": 15.17536102449517,
    "upi": 0.5035625006177405,
    "us_allocation": 95
}