{
    "beta": 0.9024415542159921,
    "cagr": 0.09273808511903003,
    "end_val": 135459.2232669343,
    "max_drawdown": -0.5681395283679026,
    "mwrr": 0.09273808511903003,
    "sharpe": 0.3648078622237127,
    "sortino": 0.5098605456597539,
    "std": 0.1807223940382905,
    "ulcer_index": 15.577247139977164,
    "upi": 0.42324699826620377,
    "us_allocation": 71
}