{
    "beta": 0.7607770617337319,
    "cagr": 0.06254062370254765,
    "end_val": 59452.904336783206,
    "max_drawdown": -0.6056753921383803,
    "mwrr": 0.06254062370254765,
    "sharpe": 0.2097768362476979,
    "sortino": 0.291755979036644,
    "std": 0.180543583715502,
    "ulcer_index": 17.957342784337236,
    "upi": 0.21091599703819155,
    "us_allocation": 13
}