{
    "beta": 0.7458989637175306,
    "cagr": 0.05921404634650207,
    "end_val": 54219.53050834469,
    "max_drawdown": -0.6094541283660774,
    "mwrr": 0.05921404634650207,
    "sharpe": 0.19060243581843853,
    "sortino": 0.26500227427217765,
    "std": 0.18223726955219827,
    "ulcer_index": 18.330079252995375,
    "upi": 0.18950182332160928,
    "us_allocation": 7
}