{
    "beta": 0.9409286145325451,
    "cagr": 0.10047098584164393,
    "end_val": 166648.62032381934,
    "max_drawdown": -0.5591654596191126,
    "mwrr": 0.10047098584164393,
    "sharpe": 0.39299740889680895,
    "sortino": 0.5504789579854694,
    "std": 0.1857241375714337,
    "ulcer_index": 15.268735672209147,
    "upi": 0.4780374012086376,
    "us_allocation": 87
}