{
    "beta": 0.9481205578739642,
    "cagr": 0.10189323168132991,
    "end_val": 173094.99693980938,
    "max_drawdown": -0.5577149146189507,
    "mwrr": 0.10189323168132991,
    "sharpe": 0.39750461044450464,
    "sortino": 0.5570490599187934,
    "std": 0.18687138729601008,
    "ulcer_index": 15.231529047847404,
    "upi": 0.4876947755500495,
    "us_allocation": 90
}