{
    "beta": 0.7830087478855987,
    "cagr": 0.06745705314637918,
    "end_val": 68090.5472666187,
    "max_drawdown": -0.5999719475064257,
    "mwrr": 0.06745705314637918,
    "sharpe": 0.23792331203047423,
    "sortino": 0.33108052965177226,
    "std": 0.17860872230104585,
    "ulcer_index": 17.449599257483293,
    "upi": 0.2435375688104415,
    "us_allocation": 22
}