{
    "beta": 0.7334644882757984,
    "cagr": 0.0564115674378638,
    "end_val": 50158.60556595712,
    "max_drawdown": -0.6125888814651849,
    "mwrr": 0.0564115674378638,
    "sharpe": 0.17446473911505386,
    "sortino": 0.24250413414301017,
    "std": 0.18389266847242824,
    "ulcer_index": 18.67635697573054,
    "upi": 0.17178768665207858,
    "us_allocation": 2
}