{
    "beta": 0.8296251981705333,
    "cagr": 0.07755307162507408,
    "end_val": 89788.70951358158,
    "max_drawdown": -0.5877885771525642,
    "mwrr": 0.07755307162507408,
    "sharpe": 0.29345109600208785,
    "sortino": 0.40891252125061284,
    "std": 0.17692585577511166,
    "ulcer_index": 16.585750661519395,
    "upi": 0.31304209459174376,
    "us_allocation": 41
}