{
    "beta": 0.9505162337380205,
    "cagr": 0.1023653886797995,
    "end_val": 175287.83115880005,
    "max_drawdown": -0.5572318390457833,
    "mwrr": 0.1023653886797995,
    "sharpe": 0.398953585677199,
    "sortino": 0.5591671706871439,
    "std": 0.18726781105868606,
    "ulcer_index": 15.219813907766103,
    "upi": 0.4908883149226643,
    "us_allocation": 91
}