{
    "beta": 0.7434147233781053,
    "cagr": 0.0586557673020105,
    "end_val": 53386.024020088815,
    "max_drawdown": -0.610082106149375,
    "mwrr": 0.0586557673020105,
    "sharpe": 0.18738415477859274,
    "sortino": 0.26051417155553486,
    "std": 0.1825506918584079,
    "ulcer_index": 18.397021880899786,
    "upi": 0.18594346544215648,
    "us_allocation": 6
}