{
    "beta": 0.7805435007545659,
    "cagr": 0.06691509456679956,
    "end_val": 67081.9745363596,
    "max_drawdown": -0.6006077790183911,
    "mwrr": 0.06691509456679956,
    "sharpe": 0.23484171962589986,
    "sortino": 0.3267713706365207,
    "std": 0.1787876213385339,
    "ulcer_index": 17.502799147549556,
    "upi": 0.2398926740912631,
    "us_allocation": 21
}