{
    "beta": 0.8466978668198041,
    "cagr": 0.08117784721438293,
    "end_val": 99101.30369528248,
    "max_drawdown": -0.5832498395067021,
    "mwrr": 0.08117784721438293,
    "sharpe": 0.3121099426712711,
    "sortino": 0.4351492817013909,
    "std": 0.17712066683819525,
    "ulcer_index": 16.315322434535926,
    "upi": 0.3388375549984469,
    "us_allocation": 48
}