{
    "beta": 0.8198454502599536,
    "cagr": 0.07545905211832715,
    "end_val": 84800.27915950821,
    "max_drawdown": -0.5903698860108445,
    "mwrr": 0.07545905211832715,
    "sharpe": 0.2823100441735037,
    "sortino": 0.3932700540845411,
    "std": 0.17701005508871245,
    "ulcer_index": 16.749192057307962,
    "upi": 0.2983606044131901,
    "us_allocation": 37
}