{
    "beta": 0.9361298353066491,
    "cagr": 0.09951799715257725,
    "end_val": 162459.5906736037,
    "max_drawdown": -0.5601335779014468,
    "mwrr": 0.09951799715257725,
    "sharpe": 0.389857867537555,
    "sortino": 0.5459177017853084,
    "std": 0.18499484988426157,
    "ulcer_index": 15.296653630835657,
    "upi": 0.4714944852120706,
    "us_allocation": 85
}