{
    "beta": 0.892783886727917,
    "cagr": 0.0907656108016297,
    "end_val": 128455.16855321766,
    "max_drawdown": -0.5707895881800368,
    "mwrr": 0.0907656108016297,
    "sharpe": 0.35665673904887324,
    "sortino": 0.4982209821070436,
    "std": 0.17978102579952782,
    "ulcer_index": 15.689736824451732,
    "upi": 0.4086838070392125,
    "us_allocation": 67
}