{
    "beta": 0.8661464797978208,
    "cagr": 0.08525913998459944,
    "end_val": 110703.92428715878,
    "max_drawdown": -0.5780287965416103,
    "mwrr": 0.08525913998459944,
    "sharpe": 0.332005935974382,
    "sortino": 0.4632232167653502,
    "std": 0.1778678422352555,
    "ulcer_index": 16.03296271663862,
    "upi": 0.36833182628010486,
    "us_allocation": 56
}