{
    "beta": 0.753343831145668,
    "cagr": 0.060882270650197245,
    "end_val": 56785.76390592395,
    "max_drawdown": -0.6075670960613981,
    "mwrr": 0.060882270650197245,
    "sharpe": 0.20022161769205307,
    "sortino": 0.27842066961762457,
    "std": 0.1813502858194848,
    "ulcer_index": 18.14067350713956,
    "upi": 0.2001648690875859,
    "us_allocation": 10
}