{
    "beta": 0.8515662141974496,
    "cagr": 0.08220427100706962,
    "end_val": 101903.52718664554,
    "max_drawdown": -0.5819479937326747,
    "mwrr": 0.08220427100706962,
    "sharpe": 0.31723197348487825,
    "sortino": 0.4423655771655449,
    "std": 0.17725548257833268,
    "ulcer_index": 16.242234052892705,
    "upi": 0.3462111706562603,
    "us_allocation": 50
}