{
    "beta": 0.9433267536511026,
    "cagr": 0.10094603149772796,
    "end_val": 168775.54677599028,
    "max_drawdown": -0.5586817259363122,
    "mwrr": 0.10094603149772796,
    "sharpe": 0.39452664521683084,
    "sortino": 0.5527050951703565,
    "std": 0.18609949763182773,
    "ulcer_index": 15.256108359606747,
    "upi": 0.48126535068886334,
    "us_allocation": 88
}