{
    "beta": 0.836948499908581,
    "cagr": 0.07911271838594769,
    "end_val": 93687.1227862032,
    "max_drawdown": -0.5858467641097082,
    "mwrr": 0.07911271838594769,
    "sharpe": 0.30158327915157895,
    "sortino": 0.4203390192613821,
    "std": 0.17695629734389332,
    "ulcer_index": 16.46751572893978,
    "upi": 0.32408268723060846,
    "us_allocation": 44
}