{
    "beta": 0.945724066303305,
    "cagr": 0.10142011303089671,
    "end_val": 170924.28727912507,
    "max_drawdown": -0.5581982105931819,
    "mwrr": 0.10142011303089671,
    "sharpe": 0.3960290058591052,
    "sortino": 0.5548950773164203,
    "std": 0.18648193181168116,
    "ulcer_index": 15.24370732904453,
    "upi": 0.48448448748217665,
    "us_allocation": 89
}