{
    "beta": 0.7284813085953277,
    "cagr": 0.055282783919372136,
    "end_val": 48607.3543995168,
    "max_drawdown": -0.6138392027560153,
    "mwrr": 0.055282783919372136,
    "sharpe": 0.16798405461401955,
    "sortino": 0.2334744327944,
    "std": 0.18461632822298912,
    "ulcer_index": 18.827913044311796,
    "upi": 0.1647206709640279,
    "us_allocation": 0
}