{
    "beta": 0.8149488897135682,
    "cagr": 0.07440579968904903,
    "end_val": 82393.46656534876,
    "max_drawdown": -0.5916572308063133,
    "mwrr": 0.07440579968904903,
    "sharpe": 0.27661863616067817,
    "sortino": 0.3852836679446563,
    "std": 0.1771059224476073,
    "ulcer_index": 16.833383780148818,
    "upi": 0.2910410715568459,
    "us_allocation": 35
}