{
    "beta": 0.8130393447382015,
    "cagr": 0.0695783374245984,
    "end_val": 67500.94889835457,
    "max_drawdown": -0.5923000801419205,
    "mwrr": 0.0695783374245984,
    "sharpe": 0.2543005826227096,
    "sortino": 0.35390505428936103,
    "std": 0.17939751984739677,
    "ulcer_index": 17.168815076784366,
    "upi": 0.2657297808921801,
    "us_allocation": 34
}