{
    "beta": 0.798276574692069,
    "cagr": 0.0667453549619772,
    "end_val": 62605.22911387535,
    "max_drawdown": -0.5961457304363669,
    "mwrr": 0.0667453549619772,
    "sharpe": 0.23884714142570576,
    "sortino": 0.3322459059809865,
    "std": 0.17988723370964704,
    "ulcer_index": 17.444999016428707,
    "upi": 0.24630085192121923,
    "us_allocation": 28
}