{
    "beta": 0.8448879456812164,
    "cagr": 0.07559491672870466,
    "end_val": 79153.29227966216,
    "max_drawdown": -0.5838999145764117,
    "mwrr": 0.07559491672870466,
    "sharpe": 0.28554764475304784,
    "sortino": 0.397800188431531,
    "std": 0.17943428851055723,
    "ulcer_index": 16.63684397579653,
    "upi": 0.30798545537138305,
    "us_allocation": 47
}