{
    "beta": 0.9370149795619477,
    "cagr": 0.09225591129097177,
    "end_val": 122456.78945254174,
    "max_drawdown": -0.5601335779014462,
    "mwrr": 0.09225591129097177,
    "sharpe": 0.354979161167613,
    "sortino": 0.4967561937365424,
    "std": 0.1876938712375792,
    "ulcer_index": 15.563251167686332,
    "upi": 0.42812332118063706,
    "us_allocation": 85
}