{
    "beta": 0.7537311747778989,
    "cagr": 0.05802916760845611,
    "end_val": 49597.295771537465,
    "max_drawdown": -0.607567096061398,
    "mwrr": 0.05802916760845611,
    "sharpe": 0.18959888412462822,
    "sortino": 0.2634364145135105,
    "std": 0.1832900964069902,
    "ulcer_index": 18.452175884306307,
    "upi": 0.18833992022730353,
    "us_allocation": 10
}