{
    "beta": 0.9177299450830938,
    "cagr": 0.08886064415036765,
    "end_val": 112098.11898658684,
    "max_drawdown": -0.5642071746721867,
    "mwrr": 0.08886064415036765,
    "sharpe": 0.3432832906211027,
    "sortino": 0.47984512681683206,
    "std": 0.18500791748360182,
    "ulcer_index": 15.696745513365666,
    "upi": 0.4046224895659453,
    "us_allocation": 77
}