{
    "beta": 0.89112083053056,
    "cagr": 0.08409519811378252,
    "end_val": 98973.99744781273,
    "max_drawdown": -0.5714506230588102,
    "mwrr": 0.08409519811378252,
    "sharpe": 0.32462834717267086,
    "sortino": 0.45312546535836107,
    "std": 0.1821112800864324,
    "ulcer_index": 15.992534633232687,
    "upi": 0.3696774998505889,
    "us_allocation": 66
}