{
    "beta": 0.8326601633220324,
    "cagr": 0.07330037909296316,
    "end_val": 74497.13620323336,
    "max_drawdown": -0.587141863617526,
    "mwrr": 0.07330037909296316,
    "sharpe": 0.2739227130917345,
    "sortino": 0.3814515842225661,
    "std": 0.17924367876221875,
    "ulcer_index": 16.83317573812721,
    "upi": 0.2916908918290383,
    "us_allocation": 42
}