{
    "beta": 0.7711016214364467,
    "cagr": 0.06145792134943684,
    "end_val": 54368.61335424506,
    "max_drawdown": -0.6031458011580236,
    "mwrr": 0.06145792134943684,
    "sharpe": 0.209174224631981,
    "sortino": 0.29075338751441165,
    "std": 0.18162278964814813,
    "ulcer_index": 18.026782919477995,
    "upi": 0.21075410271222295,
    "us_allocation": 17
}