{
    "beta": 0.8668324303078734,
    "cagr": 0.07966427641638973,
    "end_val": 88110.22519947286,
    "max_drawdown": -0.5780287965416108,
    "mwrr": 0.07966427641638973,
    "sharpe": 0.30510686803227544,
    "sortino": 0.425401771594818,
    "std": 0.18032321037262633,
    "ulcer_index": 16.311854126538332,
    "upi": 0.3373008701804888,
    "us_allocation": 56
}