{
    "beta": 0.7611832113722349,
    "cagr": 0.05950478894356337,
    "end_val": 51598.99680701659,
    "max_drawdown": -0.6056753921383798,
    "mwrr": 0.05950478894356337,
    "sharpe": 0.19804126652486484,
    "sortino": 0.2752131796637005,
    "std": 0.18252219391948915,
    "ulcer_index": 18.266162369808992,
    "upi": 0.1978971340801561,
    "us_allocation": 13
}