{
    "beta": 0.7686238887423457,
    "cagr": 0.060971171168587635,
    "end_val": 53665.26026201227,
    "max_drawdown": -0.6037789864729172,
    "mwrr": 0.060971171168587635,
    "sharpe": 0.20640553762580552,
    "sortino": 0.28688755592164006,
    "std": 0.18183426952422418,
    "ulcer_index": 18.08567341419768,
    "upi": 0.20752865801143727,
    "us_allocation": 16
}