{
    "beta": 0.7661449139315376,
    "cagr": 0.060483400347416616,
    "end_val": 52969.242506366776,
    "max_drawdown": -0.6044116459856974,
    "mwrr": 0.060483400347416616,
    "sharpe": 0.2036268573506728,
    "sortino": 0.283008492371399,
    "std": 0.182054670608192,
    "ulcer_index": 18.145241245839152,
    "upi": 0.20431005497040894,
    "us_allocation": 15
}