{
    "beta": 0.8056631145638004,
    "cagr": 0.06816631527016592,
    "end_val": 65016.36243995402,
    "max_drawdown": -0.5942253506426601,
    "mwrr": 0.06816631527016592,
    "sharpe": 0.24664681590732918,
    "sortino": 0.34317333772861797,
    "std": 0.17960211119518707,
    "ulcer_index": 17.304700523949986,
    "upi": 0.2559997195003978,
    "us_allocation": 31
}