{
    "beta": 0.9706371609720407,
    "cagr": 0.09805671436227126,
    "end_val": 142327.06747376925,
    "max_drawdown": -0.5533752937366772,
    "mwrr": 0.09805671436227126,
    "sharpe": 0.371766309763647,
    "sortino": 0.5213905478992893,
    "std": 0.19348455238931508,
    "ulcer_index": 15.399613909579498,
    "upi": 0.4671129105810656,
    "us_allocation": 99
}