{
    "beta": 0.9442329739468014,
    "cagr": 0.09351397132464556,
    "end_val": 126524.70613916844,
    "max_drawdown": -0.5586817259363118,
    "mwrr": 0.09351397132464556,
    "sharpe": 0.358964405387909,
    "sortino": 0.5025591213907528,
    "std": 0.18882101530633172,
    "ulcer_index": 15.521993596300431,
    "upi": 0.4366870427134639,
    "us_allocation": 88
}