{
    "beta": 0.7437771407828803,
    "cagr": 0.05604720602433999,
    "end_val": 47026.296287198566,
    "max_drawdown": -0.6100821061493747,
    "mwrr": 0.05604720602433999,
    "sharpe": 0.17824134011777393,
    "sortino": 0.24760223127571765,
    "std": 0.18443769959644335,
    "ulcer_index": 18.71224778328999,
    "upi": 0.1756899867543386,
    "us_allocation": 6
}