{
    "beta": 0.8546512731866721,
    "cagr": 0.07741312817694412,
    "end_val": 83041.03901393554,
    "max_drawdown": -0.5812962204096099,
    "mwrr": 0.07741312817694412,
    "sharpe": 0.2944644928890857,
    "sortino": 0.4103666541720647,
    "std": 0.17974351295514754,
    "ulcer_index": 16.488082288074505,
    "upi": 0.3210208097982127,
    "us_allocation": 51
}