{
    "beta": 0.9346073227040693,
    "cagr": 0.09183472508189361,
    "end_val": 121123.30609856246,
    "max_drawdown": -0.5606179604571234,
    "mwrr": 0.09183472508189361,
    "sharpe": 0.35360255282389275,
    "sortino": 0.49475695147819954,
    "std": 0.18733245684807537,
    "ulcer_index": 15.57788278022813,
    "upi": 0.42524214965028007,
    "us_allocation": 84
}