{
    "beta": 0.7387922926903008,
    "cagr": 0.05504998794808125,
    "end_val": 45781.81463773626,
    "max_drawdown": -0.6113365188013064,
    "mwrr": 0.05504998794808125,
    "sharpe": 0.17252712924272842,
    "sortino": 0.23963942581638673,
    "std": 0.18506421880583307,
    "ulcer_index": 18.849915607462098,
    "upi": 0.16938895606465873,
    "us_allocation": 4
}