{
    "beta": 0.8351078514511457,
    "cagr": 0.07376123022037051,
    "end_val": 75410.579124332,
    "max_drawdown": -0.586494593027557,
    "mwrr": 0.07376123022037051,
    "sharpe": 0.2762888420832648,
    "sortino": 0.38477656805361565,
    "std": 0.17926426356305025,
    "ulcer_index": 16.793130814495456,
    "upi": 0.2949459609803201,
    "us_allocation": 43
}