{
    "beta": 0.8619629934097723,
    "cagr": 0.07876668902475603,
    "end_val": 86054.21825830103,
    "max_drawdown": -0.5793374828633043,
    "mwrr": 0.07876668902475603,
    "sharpe": 0.300918527453986,
    "sortino": 0.41947941305189185,
    "std": 0.1800657805180659,
    "ulcer_index": 16.38103445616439,
    "upi": 0.330792742670106,
    "us_allocation": 54
}