{
    "beta": 0.7462675967273987,
    "cagr": 0.056544252588808463,
    "end_val": 47658.71247819794,
    "max_drawdown": -0.6094541283660777,
    "mwrr": 0.056544252588808463,
    "sharpe": 0.1810902382849398,
    "sortino": 0.2515731264223381,
    "std": 0.18413759148677925,
    "ulcer_index": 18.644330130306287,
    "upi": 0.17885687552517,
    "us_allocation": 7
}