{
    "beta": 0.927379300083559,
    "cagr": 0.090565651982915,
    "end_val": 117189.55443121165,
    "max_drawdown": -0.5620948306372668,
    "mwrr": 0.090565651982915,
    "sharpe": 0.3493269156357325,
    "sortino": 0.4885637428063609,
    "std": 0.1862918225172235,
    "ulcer_index": 15.624371573026215,
    "upi": 0.416523733546293,
    "us_allocation": 81
}