{
    "beta": 0.8814170436303069,
    "cagr": 0.08233418834856487,
    "end_val": 94509.91955923563,
    "max_drawdown": -0.5740888847011096,
    "mwrr": 0.08233418834856487,
    "sharpe": 0.3171080431023024,
    "sortino": 0.44241904079629035,
    "std": 0.18129702233707704,
    "ulcer_index": 16.11546187325679,
    "upi": 0.35675682003700865,
    "us_allocation": 62
}