{
    "beta": 0.8204054335040359,
    "cagr": 0.07098146749085066,
    "end_val": 70060.50052635504,
    "max_drawdown": -0.590369886010844,
    "mwrr": 0.07098146749085066,
    "sharpe": 0.26179840205399224,
    "sortino": 0.3644253458130452,
    "std": 0.17927323850465,
    "ulcer_index": 17.039649869725427,
    "upi": 0.27544739431411447,
    "us_allocation": 37
}