{
    "beta": 0.7636646903638072,
    "cagr": 0.05999460692978964,
    "end_val": 52280.50600291524,
    "max_drawdown": -0.6050437808309184,
    "mwrr": 0.05999460692978964,
    "sharpe": 0.200838620947218,
    "sortino": 0.2791168205966054,
    "std": 0.18228398253088587,
    "ulcer_index": 18.205387420447803,
    "upi": 0.20109966068885954,
    "us_allocation": 14
}