{
    "beta": 0.7512446068762652,
    "cagr": 0.057535231300737344,
    "end_val": 48944.15924913168,
    "max_drawdown": -0.6081966244215836,
    "mwrr": 0.057535231300737344,
    "sharpe": 0.18676944703486562,
    "sortino": 0.25949081459061396,
    "std": 0.1835637723792586,
    "ulcer_index": 18.515478309360198,
    "upi": 0.18517100154690394,
    "us_allocation": 9
}