{
    "beta": 0.8862708355354499,
    "cagr": 0.08321657916986713,
    "end_val": 96721.89377179113,
    "max_drawdown": -0.5727709266481502,
    "mwrr": 0.08321657916986713,
    "sharpe": 0.32091681713121,
    "sortino": 0.44783688552710804,
    "std": 0.1816878496428483,
    "ulcer_index": 16.05319311881468,
    "upi": 0.36322355620792685,
    "us_allocation": 64
}