{
    "beta": 0.7313050757523513,
    "cagr": 0.05354631634624707,
    "end_val": 43965.18295446277,
    "max_drawdown": -0.6132142967465783,
    "mwrr": 0.05354631634624707,
    "sharpe": 0.1639212376119966,
    "sortino": 0.22765247728648183,
    "std": 0.18606944753427013,
    "ulcer_index": 19.06991825853355,
    "upi": 0.1599468968721701,
    "us_allocation": 1
}