{
    "beta": 0.7412853750779748,
    "cagr": 0.055549118518606555,
    "end_val": 46400.681196672274,
    "max_drawdown": -0.6107095692650822,
    "mwrr": 0.055549118518606555,
    "sharpe": 0.17538682613834347,
    "sortino": 0.24362411491985825,
    "std": 0.1847465819294088,
    "ulcer_index": 18.780778988452987,
    "upi": 0.1725339322801466,
    "us_allocation": 5
}