{
    "beta": 0.8716978868697688,
    "cagr": 0.08055804796248034,
    "end_val": 90204.54059729267,
    "max_drawdown": -0.5767178086554066,
    "mwrr": 0.08055804796248034,
    "sharpe": 0.30920204807368545,
    "sortino": 0.4312000350725651,
    "std": 0.1806144105856827,
    "ulcer_index": 16.244826280278705,
    "upi": 0.3437928589710784,
    "us_allocation": 58
}