{
    "beta": 0.7785274328269345,
    "cagr": 0.06291206737451649,
    "end_val": 56523.22753239222,
    "max_drawdown": -0.6012430789832638,
    "mwrr": 0.06291206737451649,
    "sharpe": 0.21741597593881715,
    "sortino": 0.3022661933185927,
    "std": 0.18104196561854985,
    "ulcer_index": 17.859312076069475,
    "upi": 0.22040526131690583,
    "us_allocation": 20
}