{
    "beta": 0.840000018229631,
    "cagr": 0.0746800139658883,
    "end_val": 77264.0338846285,
    "max_drawdown": -0.5851983755855104,
    "mwrr": 0.0746800139658883,
    "sharpe": 0.2809599474166451,
    "sortino": 0.391344313444977,
    "std": 0.1793317814440692,
    "ulcer_index": 16.71419836928863,
    "upi": 0.30146244833860797,
    "us_allocation": 45
}