{
    "beta": 0.9682406771230834,
    "cagr": 0.09764826943504357,
    "end_val": 140831.75404722238,
    "max_drawdown": -0.5538565685872716,
    "mwrr": 0.09764826943504357,
    "sharpe": 0.37071712772550935,
    "sortino": 0.5198341984200008,
    "std": 0.19302726716669683,
    "ulcer_index": 15.408485658544416,
    "upi": 0.4644262954293745,
    "us_allocation": 98
}