{
    "beta": 0.8302113973328926,
    "cagr": 0.07283855303188225,
    "end_val": 73592.4739959333,
    "max_drawdown": -0.5877885771525636,
    "mwrr": 0.07283855303188225,
    "sharpe": 0.2715365918029496,
    "sortino": 0.3780992899803376,
    "std": 0.1792319029299914,
    "ulcer_index": 16.87360515148479,
    "upi": 0.2884382171076327,
    "us_allocation": 41
}