{
    "beta": 0.9634454138730539,
    "cagr": 0.09682866888936315,
    "end_val": 137876.79205121426,
    "max_drawdown": -0.5548198035287275,
    "mwrr": 0.09682866888936315,
    "sharpe": 0.36855118868626885,
    "sortino": 0.5166296690096608,
    "std": 0.19213227235075522,
    "ulcer_index": 15.429095892577093,
    "upi": 0.4589583130060265,
    "us_allocation": 96
}