{
    "beta": 0.89596707388218,
    "cagr": 0.08497005574935423,
    "end_val": 101266.68450486468,
    "max_drawdown": -0.5701279626951351,
    "mwrr": 0.08497005574935423,
    "sharpe": 0.3282420088701625,
    "sortino": 0.4582829257282809,
    "std": 0.1825669900367826,
    "ulcer_index": 15.933750470400243,
    "upi": 0.3761104360066088,
    "us_allocation": 68
}