{
    "beta": 0.8643982122997375,
    "cagr": 0.07921596041137491,
    "end_val": 87077.46166237303,
    "max_drawdown": -0.5786834267237292,
    "mwrr": 0.07921596041137491,
    "sharpe": 0.3030242577338939,
    "sortino": 0.4224560028014007,
    "std": 0.18019025774788225,
    "ulcer_index": 16.346149604944145,
    "upi": 0.3340491820847524,
    "us_allocation": 55
}