{
    "beta": 0.9658434298553283,
    "cagr": 0.0972389212852427,
    "end_val": 139348.34640754302,
    "max_drawdown": -0.5543380722033058,
    "mwrr": 0.0972389212852427,
    "sharpe": 0.36964547425509076,
    "sortino": 0.518247310109746,
    "std": 0.19257648956358628,
    "ulcer_index": 15.41865721554012,
    "upi": 0.46169760400814763,
    "us_allocation": 97
}