{
    "beta": 0.9418277997805534,
    "cagr": 0.09309553329150644,
    "end_val": 125157.43482285488,
    "max_drawdown": -0.5591654596191125,
    "mwrr": 0.09309553329150644,
    "sharpe": 0.35765998931196713,
    "sortino": 0.5006571098560003,
    "std": 0.18843820147075407,
    "ulcer_index": 15.53484328778538,
    "upi": 0.43385897128617734,
    "us_allocation": 87
}