{
    "beta": 0.7338021500259846,
    "cagr": 0.05404858902998155,
    "end_val": 44564.117667718936,
    "max_drawdown": -0.6125888814651845,
    "mwrr": 0.05404858902998155,
    "sharpe": 0.16679390775624253,
    "sortino": 0.23165298513994378,
    "std": 0.18572567332858694,
    "ulcer_index": 18.995636479108228,
    "upi": 0.16308451668941717,
    "us_allocation": 2
}