{
    "beta": 0.9586470545397482,
    "cagr": 0.096005447224502,
    "end_val": 134969.03209686212,
    "max_drawdown": -0.555783945098622,
    "mwrr": 0.096005447224502,
    "sharpe": 0.3662941006668247,
    "sortino": 0.5133012554692055,
    "std": 0.19126372989832627,
    "ulcer_index": 15.450766684234877,
    "upi": 0.45344876904968073,
    "us_allocation": 94
}