{
    "beta": 0.8007399106319563,
    "cagr": 0.06722000441536857,
    "end_val": 63400.87180571589,
    "max_drawdown": -0.5955061452353798,
    "mwrr": 0.06722000441536857,
    "sharpe": 0.24146260455891577,
    "sortino": 0.3359091380229432,
    "std": 0.17978323508751382,
    "ulcer_index": 17.397756305338916,
    "upi": 0.2495297630493674,
    "us_allocation": 29
}