{
    "beta": 0.939421803451479,
    "cagr": 0.09267618031909364,
    "end_val": 123801.48078489177,
    "max_drawdown": -0.5596494106152843,
    "mwrr": 0.09267618031909364,
    "sharpe": 0.35633160838326605,
    "sortino": 0.49872285244730286,
    "std": 0.18806246973483248,
    "ulcer_index": 15.5489047320233,
    "upi": 0.43099564969819576,
    "us_allocation": 86
}