{
    "beta": 0.874129136979333,
    "cagr": 0.08100350631633901,
    "end_val": 91266.20640014301,
    "max_drawdown": -0.5760614482393047,
    "mwrr": 0.08100350631633901,
    "sharpe": 0.31121430256729876,
    "sortino": 0.4340522719598428,
    "std": 0.18077259030471485,
    "ulcer_index": 16.211861096575362,
    "upi": 0.34703750162388886,
    "us_allocation": 59
}