{
    "beta": 0.8886963048122956,
    "cagr": 0.08365635946206185,
    "end_val": 97842.90103929801,
    "max_drawdown": -0.5721110687455646,
    "mwrr": 0.08365635946206185,
    "sharpe": 0.32278478033042324,
    "sortino": 0.450497414413025,
    "std": 0.18189550942399416,
    "ulcer_index": 16.022629296578923,
    "upi": 0.3664530119285191,
    "us_allocation": 65
}