{
    "beta": 0.951443617294206,
    "cagr": 0.09476380682190966,
    "end_val": 130694.96705241868,
    "max_drawdown": -0.5572318390457833,
    "mwrr": 0.09476380682190966,
    "sharpe": 0.3627349735612943,
    "sortino": 0.5080729402558971,
    "std": 0.1900114344146791,
    "ulcer_index": 15.485057253291508,
    "upi": 0.4451150314901974,
    "us_allocation": 91
}