{
    "beta": 0.9538455565857821,
    "cagr": 0.09517859608825363,
    "end_val": 132108.04992644806,
    "max_drawdown": -0.556748984908795,
    "mwrr": 0.09517859608825363,
    "sharpe": 0.3639446694525582,
    "sortino": 0.5098472977980928,
    "std": 0.19042206059579841,
    "ulcer_index": 15.473375771551407,
    "upi": 0.4479024073427048,
    "us_allocation": 92
}