{
    "beta": 0.7958120743489288,
    "cagr": 0.06626970714746072,
    "end_val": 61817.580626173294,
    "max_drawdown": -0.5967847758404201,
    "mwrr": 0.06626970714746072,
    "sharpe": 0.23621663203583396,
    "sortino": 0.32856266890936303,
    "std": 0.18000019538067097,
    "ulcer_index": 17.492761309108406,
    "upi": 0.2430756725227373,
    "us_allocation": 27
}