{
    "beta": 0.9008096106336544,
    "cagr": 0.08584116248173412,
    "end_val": 103600.40802823417,
    "max_drawdown": -0.5688029342189884,
    "mwrr": 0.08584116248173412,
    "sharpe": 0.33175733260789547,
    "sortino": 0.46330747716420806,
    "std": 0.1830546444565842,
    "ulcer_index": 15.876423095268677,
    "upi": 0.3825300327085529,
    "us_allocation": 70
}