{
    "beta": 0.9466373313377319,
    "cagr": 0.0939314955261974,
    "end_val": 127903.34914657263,
    "max_drawdown": -0.5581982105931822,
    "mwrr": 0.0939314955261974,
    "sharpe": 0.3602449644402864,
    "sortino": 0.504429004530513,
    "std": 0.18921085985378433,
    "ulcer_index": 15.509373723366586,
    "upi": 0.4395069514113321,
    "us_allocation": 89
}