{
    "beta": 0.9104837434309662,
    "cagr": 0.08757216405326629,
    "end_val": 108392.77173002104,
    "max_drawdown": -0.5661457270691093,
    "mwrr": 0.08757216405326629,
    "sharpe": 0.33849184282299455,
    "sortino": 0.47295713040609677,
    "std": 0.1841243936956298,
    "ulcer_index": 15.769363323276458,
    "upi": 0.3952411518822733,
    "us_allocation": 74
}