{
    "beta": 0.7288066568012053,
    "cagr": 0.05304299192503037,
    "end_val": 43372.78817300516,
    "max_drawdown": -0.6138392027560154,
    "mwrr": 0.05304299192503037,
    "sharpe": 0.16104509291746238,
    "sortino": 0.22364777896187546,
    "std": 0.1864218894431112,
    "ulcer_index": 19.149387281214437,
    "upi": 0.15678473561081702,
    "us_allocation": 0
}