{
    "beta": 0.7884115233455914,
    "cagr": 0.06483675571049785,
    "end_val": 59502.04556629093,
    "max_drawdown": -0.5986986851818186,
    "mwrr": 0.06483675571049785,
    "sharpe": 0.22823885474375272,
    "sortino": 0.31739813932728994,
    "std": 0.1803928785155436,
    "ulcer_index": 17.644420315781833,
    "upi": 0.23335537662254419,
    "us_allocation": 24
}