{
    "beta": 0.8228585716183002,
    "cagr": 0.07144720929833004,
    "end_val": 70930.60562282783,
    "max_drawdown": -0.5897253880754045,
    "mwrr": 0.07144720929833004,
    "sharpe": 0.2642613627983813,
    "sortino": 0.36788267013003595,
    "std": 0.17924960662369677,
    "ulcer_index": 16.997454274103397,
    "upi": 0.2786922646028366,
    "us_allocation": 38
}