{
    "beta": 0.8497716815235823,
    "cagr": 0.07650595077435618,
    "end_val": 81078.80894348939,
    "max_drawdown": -0.5825991996609637,
    "mwrr": 0.07650595077435618,
    "sharpe": 0.29004981608380653,
    "sortino": 0.4041418696496933,
    "std": 0.17957159962953953,
    "ulcer_index": 16.561422744417147,
    "upi": 0.3145065967735632,
    "us_allocation": 49
}