{
    "beta": 0.8595267678199834,
    "cagr": 0.07831646082235011,
    "end_val": 85040.43800260738,
    "max_drawdown": -0.5799909663015478,
    "mwrr": 0.07831646082235011,
    "sharpe": 0.29878985983824935,
    "sortino": 0.41647217705836365,
    "std": 0.17994981033286933,
    "ulcer_index": 16.41632932926752,
    "upi": 0.3275354955836158,
    "us_allocation": 53
}