{
    "beta": 0.8765594093190834,
    "cagr": 0.08144801491433729,
    "end_val": 92337.62021144609,
    "max_drawdown": -0.5754045083565648,
    "mwrr": 0.08144801491433729,
    "sharpe": 0.31320280659923405,
    "sortino": 0.4368729920353363,
    "std": 0.1809391097163312,
    "ulcer_index": 16.17925794026362,
    "upi": 0.350281045254984,
    "us_allocation": 60
}