{
    "beta": 0.815495826222788,
    "cagr": 0.07004703321319816,
    "end_val": 68345.72844684067,
    "max_drawdown": -0.5916572308063133,
    "mwrr": 0.07004703321319816,
    "sharpe": 0.25681766383064547,
    "sortino": 0.35743600649990415,
    "std": 0.1793471829641675,
    "ulcer_index": 17.125175968472213,
    "upi": 0.2689683702643881,
    "us_allocation": 35
}