{
    "beta": 0.8983888027762732,
    "cagr": 0.08540607733445316,
    "end_val": 102428.38842712212,
    "max_drawdown": -0.5694657451836975,
    "mwrr": 0.08540607733445316,
    "sharpe": 0.3300119863689834,
    "sortino": 0.4608118629453663,
    "std": 0.1828068455545267,
    "ulcer_index": 15.904905023532312,
    "upi": 0.3793220057252513,
    "us_allocation": 69
}