{
    "beta": 0.9490408773309288,
    "cagr": 0.09434810699516083,
    "end_val": 129293.41809227904,
    "max_drawdown": -0.5577149146189505,
    "mwrr": 0.09434810699516083,
    "sharpe": 0.361501780492782,
    "sortino": 0.5062669011942899,
    "std": 0.18960768349749413,
    "ulcer_index": 15.49698004920234,
    "upi": 0.44231866866184844,
    "us_allocation": 90
}