{
    "beta": 0.8692656532359523,
    "cagr": 0.08011163846279312,
    "end_val": 89152.56585230869,
    "max_drawdown": -0.5773735909698458,
    "mwrr": 0.08011163846279312,
    "sharpe": 0.30716618569243936,
    "sortino": 0.4283165040785052,
    "std": 0.18046460581464754,
    "ulcer_index": 16.278152846493967,
    "upi": 0.34054733851665003,
    "us_allocation": 57
}