{
    "beta": 0.9201435850404298,
    "cagr": 0.08928828288689195,
    "end_val": 113354.69069552326,
    "max_drawdown": -0.5636790205278198,
    "mwrr": 0.08928828288689195,
    "sharpe": 0.3448310878543085,
    "sortino": 0.48207455542973543,
    "std": 0.18531764599911688,
    "ulcer_index": 15.677458893738716,
    "upi": 0.4076281128471874,
    "us_allocation": 78
}