{
    "beta": 0.7810002629335716,
    "cagr": 0.06339475424063656,
    "end_val": 57256.46551241059,
    "max_drawdown": -0.600607779018391,
    "mwrr": 0.06339475424063656,
    "sharpe": 0.2201403491246534,
    "sortino": 0.3060737369583637,
    "std": 0.18086625372321632,
    "ulcer_index": 17.80488238124955,
    "upi": 0.22363209274532675,
    "us_allocation": 21
}