{
    "beta": 0.9129000297926851,
    "cagr": 0.08800258594581778,
    "end_val": 109617.21543081405,
    "max_drawdown": -0.5654799272129042,
    "mwrr": 0.08800258594581778,
    "sharpe": 0.3401136908833627,
    "sortino": 0.47528641549575323,
    "std": 0.18441124412091903,
    "ulcer_index": 15.744024769668984,
    "upi": 0.3983937229750096,
    "us_allocation": 75
}