{
    "beta": 0.8789887096281,
    "cagr": 0.08189157513561418,
    "end_val": 93418.83896218748,
    "max_drawdown": -0.5747469876361857,
    "mwrr": 0.08189157513561418,
    "sharpe": 0.3151674276233515,
    "sortino": 0.439661971246021,
    "std": 0.18111393270954818,
    "ulcer_index": 16.147149334092365,
    "upi": 0.35352037906177497,
    "us_allocation": 61
}