{
    "beta": 0.9610466238721105,
    "cagr": 0.09641751121574171,
    "end_val": 136417.0382580216,
    "max_drawdown": -0.5553017615105064,
    "mwrr": 0.09641751121574171,
    "sharpe": 0.3674341147287482,
    "sortino": 0.5149810615750758,
    "std": 0.19169466824647413,
    "ulcer_index": 15.439811785169843,
    "upi": 0.4562082750480357,
    "us_allocation": 95
}