{
    "beta": 0.8277615474347534,
    "cagr": 0.07237575044861111,
    "end_val": 72696.53587119395,
    "max_drawdown": -0.5884347349001294,
    "mwrr": 0.07237575044861111,
    "sharpe": 0.2691307829115012,
    "sortino": 0.3747200546334468,
    "std": 0.17922895435628033,
    "ulcer_index": 16.91446091887872,
    "upi": 0.28518741897648764,
    "us_allocation": 40
}