{
    "beta": 0.8424445088821,
    "cagr": 0.075137949699013,
    "end_val": 78204.1592264876,
    "max_drawdown": -0.584549426170945,
    "mwrr": 0.075137949699013,
    "sharpe": 0.2832643579151925,
    "sortino": 0.39458636652555995,
    "std": 0.17937867250380754,
    "ulcer_index": 16.675314071723573,
    "upi": 0.30472341855382445,
    "us_allocation": 46
}