{
    "beta": 0.9562467005544523,
    "cagr": 0.09559247586749775,
    "end_val": 133532.72043152738,
    "max_drawdown": -0.55626635324606,
    "mwrr": 0.09559247586749775,
    "sharpe": 0.36513099956163614,
    "sortino": 0.5115900366374309,
    "std": 0.19083950986467607,
    "ulcer_index": 15.461957023606464,
    "upi": 0.45068003415256475,
    "us_allocation": 93
}