{
    "beta": 0.8081229951306437,
    "cagr": 0.06863798015232958,
    "end_val": 65836.32194168761,
    "max_drawdown": -0.5935841388381242,
    "mwrr": 0.06863798015232958,
    "sharpe": 0.24921478981335823,
    "sortino": 0.34677314700162376,
    "std": 0.17952497520507427,
    "ulcer_index": 17.258881517713274,
    "upi": 0.25924041871339865,
    "us_allocation": 32
}