{
    "beta": 0.7859423017185204,
    "cagr": 0.06435709655285193,
    "end_val": 58745.819606099365,
    "max_drawdown": -0.5993355832837517,
    "mwrr": 0.06435709655285193,
    "sharpe": 0.2255522114710419,
    "sortino": 0.31364028212118206,
    "std": 0.18054170663264235,
    "ulcer_index": 17.697302954676584,
    "upi": 0.23010906229307737,
    "us_allocation": 23
}