{
    "beta": 0.9056484856113802,
    "cagr": 0.08670852855472577,
    "end_val": 105975.62011738674,
    "max_drawdown": -0.5674755261909359,
    "mwrr": 0.08670852855472577,
    "sharpe": 0.3351740004985369,
    "sortino": 0.46819884569745707,
    "std": 0.18357389759551304,
    "ulcer_index": 15.82180421142089,
    "upi": 0.3889037205870659,
    "us_allocation": 72
}