{
    "beta": 0.9321988274594949,
    "cagr": 0.09141262055773547,
    "end_val": 119800.97584666307,
    "max_drawdown": -0.5611025572647357,
    "mwrr": 0.09141262055773547,
    "sharpe": 0.3522016953017646,
    "sortino": 0.4927251744187807,
    "std": 0.1869782771440763,
    "ulcer_index": 15.592801084786132,
    "upi": 0.42235226341981863,
    "us_allocation": 83
}