{
    "beta": 0.8032020884896794,
    "cagr": 0.0676936572689888,
    "end_val": 64204.56433687182,
    "max_drawdown": -0.5948660190387534,
    "mwrr": 0.0676936572689888,
    "sharpe": 0.24406262605091478,
    "sortino": 0.3395517943779077,
    "std": 0.17968819584757498,
    "ulcer_index": 17.350990919170254,
    "upi": 0.25276277960446764,
    "us_allocation": 30
}