{
    "beta": 0.8253106075592314,
    "cagr": 0.07191196974203518,
    "end_val": 71809.26525270157,
    "max_drawdown": -0.5890803381222212,
    "mwrr": 0.07191196974203518,
    "sharpe": 0.2667055994920599,
    "sortino": 0.37131437091968733,
    "std": 0.17923485022829058,
    "ulcer_index": 16.955713497668533,
    "upi": 0.281939203631485,
    "us_allocation": 39
}