{
    "beta": 0.8473303345825208,
    "cagr": 0.07605091658209573,
    "end_val": 80111.48989215808,
    "max_drawdown": -0.5832498395067018,
    "mwrr": 0.07605091658209573,
    "sharpe": 0.28780954775217804,
    "sortino": 0.4009854785259026,
    "std": 0.1794986057916601,
    "ulcer_index": 16.598819862603786,
    "upi": 0.31124774245623354,
    "us_allocation": 48
}