{
    "beta": 0.9297894883992494,
    "cagr": 0.09098959657543237,
    "end_val": 118489.74367692703,
    "max_drawdown": -0.5615873673095938,
    "mwrr": 0.09098959657543237,
    "sharpe": 0.35077650753503575,
    "sortino": 0.49066081716393156,
    "std": 0.18663138239041585,
    "ulcer_index": 15.60801521816844,
    "upi": 0.41945358748239175,
    "us_allocation": 82
}