{
    "beta": 0.776053386903837,
    "cagr": 0.06242836753559522,
    "end_val": 55797.54256819432,
    "max_drawdown": -0.6018778485597519,
    "mwrr": 0.06242836753559522,
    "sharpe": 0.2146798770569222,
    "sortino": 0.2984432267670884,
    "std": 0.18122662989577965,
    "ulcer_index": 17.91432356594626,
    "upi": 0.21718450714011892,
    "us_allocation": 19
}