{
    "beta": 0.8570895296959644,
    "cagr": 0.07786527435869317,
    "end_val": 84036.06391302317,
    "max_drawdown": -0.5806438783738092,
    "mwrr": 0.07786527435869317,
    "sharpe": 0.29663844748425394,
    "sortino": 0.4134344931848812,
    "std": 0.1798423778972377,
    "ulcer_index": 16.452011985324017,
    "upi": 0.3242781121196732,
    "us_allocation": 52
}