{
    "beta": 0.7487567498041356,
    "cagr": 0.05704026031803955,
    "end_val": 48297.98250143283,
    "max_drawdown": -0.608825634822548,
    "mwrr": 0.05704026031803955,
    "sharpe": 0.183933085974118,
    "sortino": 0.2555361890810514,
    "std": 0.18384627642857354,
    "ulcer_index": 18.57944799466839,
    "upi": 0.1820106934655383,
    "us_allocation": 8
}