{
    "beta": 0.9032295030508907,
    "cagr": 0.08627531246664999,
    "end_val": 104782.79978862706,
    "max_drawdown": -0.5681395283679037,
    "mwrr": 0.08627531246664999,
    "sharpe": 0.33347801256885684,
    "sortino": 0.4657698010054099,
    "std": 0.18331034319480916,
    "ulcer_index": 15.848594117183271,
    "upi": 0.3857272474697916,
    "us_allocation": 71
}