{
    "beta": 0.7587004702628761,
    "cagr": 0.05901394440043228,
    "end_val": 50924.661116512885,
    "max_drawdown": -0.6063064810331508,
    "mwrr": 0.05901394440043228,
    "sharpe": 0.19523523284509267,
    "sortino": 0.27129818746445367,
    "std": 0.18276929241204148,
    "ulcer_index": 18.32759507316289,
    "upi": 0.19470240000149175,
    "us_allocation": 12
}