{
    "beta": 0.8838444170346783,
    "cagr": 0.08277585591092729,
    "end_val": 95610.91888078902,
    "max_drawdown": -0.5734301981681887,
    "mwrr": 0.08277585591092729,
    "sharpe": 0.31902454047812034,
    "sortino": 0.44514404947545616,
    "std": 0.18148834083500234,
    "ulcer_index": 16.084129714794372,
    "upi": 0.3599915858478956,
    "us_allocation": 63
}