{
    "beta": 0.8105817364445597,
    "cagr": 0.06910865363513685,
    "end_val": 66664.49875954638,
    "max_drawdown": -0.5929423824109956,
    "mwrr": 0.06910865363513685,
    "sharpe": 0.2517661694198862,
    "sortino": 0.35035057915012113,
    "std": 0.17945678081951352,
    "ulcer_index": 17.213542105809577,
    "upi": 0.26248453339063077,
    "us_allocation": 33
}