{
    "beta": 0.9249682570616802,
    "cagr": 0.0901407856190406,
    "end_val": 115900.35281849562,
    "max_drawdown": -0.5626228478425426,
    "mwrr": 0.0901407856190406,
    "sharpe": 0.3478528530804226,
    "sortino": 0.48643378639466134,
    "std": 0.18595964709797025,
    "ulcer_index": 15.641739854505678,
    "upi": 0.41356687237885686,
    "us_allocation": 80
}