{
    "beta": 0.8935444183414418,
    "cagr": 0.0845330964409785,
    "end_val": 100115.2397145858,
    "max_drawdown": -0.5707895881800369,
    "mwrr": 0.0845330964409785,
    "sharpe": 0.32644744450953606,
    "sortino": 0.4557207440813256,
    "std": 0.1823351208038161,
    "ulcer_index": 15.962957292953757,
    "upi": 0.3728955974800148,
    "us_allocation": 67
}