{
    "beta": 0.8522119924242052,
    "cagr": 0.0769600208087915,
    "end_val": 82055.3063406298,
    "max_drawdown": -0.5819479937326753,
    "mwrr": 0.0769600208087915,
    "sharpe": 0.29226820838885154,
    "sortino": 0.40726903175112117,
    "std": 0.1796532442739839,
    "ulcer_index": 16.524543987565178,
    "upi": 0.31776372929407576,
    "us_allocation": 50
}