{
    "beta": 0.7908795550543201,
    "cagr": 0.0653154093187267,
    "end_val": 60266.044229301355,
    "max_drawdown": -0.598061252027118,
    "mwrr": 0.0653154093187267,
    "sharpe": 0.23091208118433995,
    "sortino": 0.32113824035845995,
    "std": 0.18025301691864037,
    "ulcer_index": 17.592074954166346,
    "upi": 0.23660745860082993,
    "us_allocation": 25
}