{
    "beta": 0.9730328866896442,
    "cagr": 0.0984642570823302,
    "end_val": 143834.33896816216,
    "max_drawdown": -0.5528942487106149,
    "mwrr": 0.0984642570823302,
    "sharpe": 0.3727931852126077,
    "sortino": 0.5229166444554219,
    "std": 0.19394829242599304,
    "ulcer_index": 15.394558552778017,
    "upi": 0.46967991649413304,
    "us_allocation": 100
}