{
    "beta": 0.9153154285032792,
    "cagr": 0.08843207890584992,
    "end_val": 110852.31252376657,
    "max_drawdown": -0.5648135252080559,
    "mwrr": 0.08843207890584992,
    "sharpe": 0.3417108339595438,
    "sortino": 0.4775824095197578,
    "std": 0.1847057677054228,
    "ulcer_index": 15.719131476130318,
    "upi": 0.401538652753909,
    "us_allocation": 76
}