{
    "beta": 0.7362978866673197,
    "cagr": 0.054549812171558854,
    "end_val": 45169.64420676225,
    "max_drawdown": -0.611962955841639,
    "mwrr": 0.054549812171558854,
    "sharpe": 0.16966268027534598,
    "sortino": 0.23564882087936223,
    "std": 0.18539058971367028,
    "ulcer_index": 18.922030473809905,
    "upi": 0.1662343708164266,
    "us_allocation": 3
}