{
    "beta": 0.9080665638855324,
    "cagr": 0.08714081200163304,
    "end_val": 107178.92534732546,
    "max_drawdown": -0.5668109262421436,
    "mwrr": 0.08714081200163304,
    "sharpe": 0.33684527978410417,
    "sortino": 0.470594599418605,
    "std": 0.18384526288173597,
    "ulcer_index": 15.795397287549825,
    "upi": 0.3920750191615796,
    "us_allocation": 73
}