{
    "beta": 0.8179511870883542,
    "cagr": 0.07051474268001678,
    "end_val": 69198.89357415616,
    "max_drawdown": -0.5910138331743315,
    "mwrr": 0.07051474268001678,
    "sharpe": 0.2593170542332976,
    "sortino": 0.36094293737990585,
    "std": 0.17930575971263119,
    "ulcer_index": 17.082225425230952,
    "upi": 0.27220601258849986,
    "us_allocation": 36
}