{
    "beta": 0.8375544677500484,
    "cagr": 0.07422110799013049,
    "end_val": 76332.85944158568,
    "max_drawdown": -0.5858467641097086,
    "mwrr": 0.07422110799013049,
    "sharpe": 0.2786346826510265,
    "sortino": 0.38807424776275734,
    "std": 0.17929363794751996,
    "ulcer_index": 16.753472699921396,
    "upi": 0.2982031930111681,
    "us_allocation": 44
}