{
    "beta": 0.773578118627685,
    "cagr": 0.06194365283024572,
    "end_val": 55079.35600444911,
    "max_drawdown": -0.6025120889016815,
    "mwrr": 0.06194365283024572,
    "sharpe": 0.21193248252125418,
    "sortino": 0.29460543824596125,
    "std": 0.1814202403316475,
    "ulcer_index": 17.96976905707654,
    "upi": 0.21397182883527008,
    "us_allocation": 18
}