{
    "beta": 0.9225563538717139,
    "cagr": 0.08971499631352908,
    "end_val": 114622.08342021197,
    "max_drawdown": -0.5631509113623575,
    "mwrr": 0.08971499631352908,
    "sharpe": 0.3463542608988904,
    "sortino": 0.4842707612788768,
    "std": 0.1856349053273642,
    "ulcer_index": 15.659418109092735,
    "upi": 0.41060205806448624,
    "us_allocation": 79
}