{
    "beta": 0.7562164603144285,
    "cagr": 0.0585220712957677,
    "end_val": 50257.445274412654,
    "max_drawdown": -0.6069370486355959,
    "mwrr": 0.0585220712957677,
    "sharpe": 0.19242095900529047,
    "sortino": 0.26737240179892297,
    "std": 0.18302526467259334,
    "ulcer_index": 18.38958026698978,
    "upi": 0.19151680071633542,
    "us_allocation": 11
}