{
    "beta": 0.7834718837352225,
    "cagr": 0.06387643001232846,
    "end_val": 57997.311249154525,
    "max_drawdown": -0.5999719475064258,
    "mwrr": 0.06387643001232846,
    "sharpe": 0.22285256915427862,
    "sortino": 0.3098652881144667,
    "std": 0.18069949936734775,
    "ulcer_index": 17.750880245327462,
    "upi": 0.2268667295627168,
    "us_allocation": 22
}