{
    "beta": 0.7933464032586632,
    "cagr": 0.0657930591963094,
    "end_val": 61037.87080814906,
    "max_drawdown": -0.5974232826411546,
    "mwrr": 0.0657930591963094,
    "sharpe": 0.23357147686592844,
    "sortino": 0.3248599381640499,
    "std": 0.18012212264289193,
    "ulcer_index": 17.540969894156646,
    "upi": 0.23985546548268086,
    "us_allocation": 26
}