{
    "beta": 0.8146459448287988,
    "cagr": 0.0672322767477389,
    "end_val": 59439.447657913726,
    "max_drawdown": -0.5935841388381243,
    "mwrr": 0.0672322767477389,
    "sharpe": 0.24420840800999055,
    "sortino": 0.3398634665837163,
    "std": 0.18214882774079028,
    "ulcer_index": 17.568649681435087,
    "upi": 0.2532011754949962,
    "us_allocation": 32
}