{
    "beta": 0.94982173224247,
    "cagr": 0.09084935551073348,
    "end_val": 108258.07021496791,
    "max_drawdown": -0.5581982105931818,
    "mwrr": 0.09084935551073348,
    "sharpe": 0.346493153974774,
    "sortino": 0.48516078386571626,
    "std": 0.19164363409732052,
    "ulcer_index": 15.783988091024124,
    "upi": 0.42071773187465583,
    "us_allocation": 89
}