{
    "beta": 0.8528886435584676,
    "cagr": 0.0741784055082928,
    "end_val": 70998.85601603331,
    "max_drawdown": -0.583249839506702,
    "mwrr": 0.0741784055082928,
    "sharpe": 0.2799696075442361,
    "sortino": 0.39010653954575664,
    "std": 0.18208870858890622,
    "ulcer_index": 16.89626790090178,
    "upi": 0.30173197978698496,
    "us_allocation": 48
}