{
    "beta": 0.7688808080283264,
    "cagr": 0.05864896763124272,
    "end_val": 47644.31308840393,
    "max_drawdown": -0.60567539213838,
    "mwrr": 0.05864896763124272,
    "sharpe": 0.19656385685949898,
    "sortino": 0.27320341898339107,
    "std": 0.18515823818840413,
    "ulcer_index": 18.59358732934757,
    "upi": 0.1957485896778537,
    "us_allocation": 13
}