{
    "beta": 0.7567688521402852,
    "cagr": 0.0563282724827483,
    "end_val": 44864.647892015346,
    "max_drawdown": -0.6088256348225484,
    "mwrr": 0.0563282724827483,
    "sharpe": 0.18338501693536846,
    "sortino": 0.2548113346173163,
    "std": 0.1864804065166393,
    "ulcer_index": 18.911850693800346,
    "upi": 0.1808329374234107,
    "us_allocation": 8
}