{
    "beta": 0.900350121431474,
    "cagr": 0.08250972533504441,
    "end_val": 87732.97137585282,
    "max_drawdown": -0.5701279626951348,
    "mwrr": 0.08250972533504441,
    "sharpe": 0.31723527728724676,
    "sortino": 0.4429305029359213,
    "std": 0.18508967519032993,
    "ulcer_index": 16.21782184382454,
    "upi": 0.3620678404086389,
    "us_allocation": 68
}