{
    "beta": 0.8505059007655612,
    "cagr": 0.07375167473817168,
    "end_val": 70230.29077073761,
    "max_drawdown": -0.5838999145764114,
    "mwrr": 0.07375167473817168,
    "sharpe": 0.27787827823947364,
    "sortino": 0.3871609790198669,
    "std": 0.18202708333262713,
    "ulcer_index": 16.93503574684868,
    "upi": 0.2986913623415352,
    "us_allocation": 47
}