{
    "beta": 0.8647881184660401,
    "cagr": 0.07629742495684044,
    "end_val": 74936.92876187032,
    "max_drawdown": -0.5799909663015478,
    "mwrr": 0.07629742495684044,
    "sharpe": 0.2901129902399242,
    "sortino": 0.4044154702583329,
    "std": 0.18252538862796588,
    "ulcer_index": 16.710176148441768,
    "upi": 0.31690412008730556,
    "us_allocation": 53
}