{
    "beta": 0.7591936258666936,
    "cagr": 0.056794507269378736,
    "end_val": 45410.2405155549,
    "max_drawdown": -0.6081966244215842,
    "mwrr": 0.056794507269378736,
    "sharpe": 0.18603605192744693,
    "sortino": 0.25850979547850517,
    "std": 0.18619845124162976,
    "ulcer_index": 18.846862495083986,
    "upi": 0.18380137351646636,
    "us_allocation": 9
}