{
    "beta": 0.9098004616451706,
    "cagr": 0.08413010423761969,
    "end_val": 91402.21853755927,
    "max_drawdown": -0.5674755261909354,
    "mwrr": 0.08413010423761969,
    "sharpe": 0.323596438849719,
    "sortino": 0.4520346138216482,
    "std": 0.18608054701408464,
    "ulcer_index": 16.103535838379653,
    "upi": 0.37394030763229696,
    "us_allocation": 72
}