{
    "beta": 0.8861491671903984,
    "cagr": 0.08005067677905586,
    "end_val": 82434.3645202737,
    "max_drawdown": -0.5740888847011094,
    "mwrr": 0.08005067677905586,
    "sharpe": 0.30699850255719285,
    "sortino": 0.42833914899096687,
    "std": 0.1838423706421948,
    "ulcer_index": 16.40326379561526,
    "upi": 0.3440886342909448,
    "us_allocation": 62
}