{
    "beta": 0.9451248283984732,
    "cagr": 0.09007280096063486,
    "end_val": 106166.75267603328,
    "max_drawdown": -0.5591654596191125,
    "mwrr": 0.09007280096063486,
    "sharpe": 0.34414276023621637,
    "sortino": 0.4817245092209736,
    "std": 0.19087999528781321,
    "ulcer_index": 15.810104699198519,
    "upi": 0.4155113357730054,
    "us_allocation": 87
}