{
    "beta": 0.8600311533059414,
    "cagr": 0.07545273781466477,
    "end_val": 73342.5364111249,
    "max_drawdown": -0.5812962204096099,
    "mwrr": 0.07545273781466477,
    "sharpe": 0.28611911112001603,
    "sortino": 0.3987767487262618,
    "std": 0.18232510938340904,
    "ulcer_index": 16.78335044732552,
    "upi": 0.3108372496412607,
    "us_allocation": 51
}