{
    "beta": 0.737326733130559,
    "cagr": 0.05256032928836252,
    "end_val": 40681.236270140755,
    "max_drawdown": -0.6138392027560154,
    "mwrr": 0.05256032928836252,
    "sharpe": 0.1619644438256875,
    "sortino": 0.2249511618141552,
    "std": 0.1890487407925158,
    "ulcer_index": 19.490947347918045,
    "upi": 0.1570992076579329,
    "us_allocation": 0
}