{
    "beta": 0.9685804915427746,
    "cagr": 0.09391877740373356,
    "end_val": 116919.49178608572,
    "max_drawdown": -0.5543380722033061,
    "mwrr": 0.09391877740373356,
    "sharpe": 0.3550106278799892,
    "sortino": 0.4977146490013511,
    "std": 0.19497283479769323,
    "ulcer_index": 15.690812652335973,
    "upi": 0.44115195666874096,
    "us_allocation": 97
}