{
    "beta": 0.8719166185028867,
    "cagr": 0.07755718475001427,
    "end_val": 77376.98992323849,
    "max_drawdown": -0.5780287965416105,
    "mwrr": 0.07755718475001427,
    "sharpe": 0.2959414205851941,
    "sortino": 0.4126561909739686,
    "std": 0.1828892648009707,
    "ulcer_index": 16.603618665755512,
    "upi": 0.32599413397743326,
    "us_allocation": 56
}