{
    "beta": 0.7881993521610466,
    "cagr": 0.062308026067407374,
    "end_val": 52367.01865339091,
    "max_drawdown": -0.6006077790183914,
    "mwrr": 0.062308026067407374,
    "sharpe": 0.21716948755047355,
    "sortino": 0.30199584867283696,
    "std": 0.18350095683674741,
    "ulcer_index": 18.124403534970178,
    "upi": 0.21988188504311657,
    "us_allocation": 21
}