{
    "beta": 0.7761338704045734,
    "cagr": 0.06002886944944019,
    "end_val": 49375.015441437805,
    "max_drawdown": -0.6037789864729166,
    "mwrr": 0.06002886944944019,
    "sharpe": 0.20436828479284325,
    "sortino": 0.2841030911740162,
    "std": 0.18447045321249406,
    "ulcer_index": 18.410100087369724,
    "upi": 0.2047857074023518,
    "us_allocation": 16
}