{
    "beta": 0.8766643862714237,
    "cagr": 0.07839219487926607,
    "end_val": 79036.33815790573,
    "max_drawdown": -0.5767178086554068,
    "mwrr": 0.07839219487926607,
    "sharpe": 0.2997168861328929,
    "sortino": 0.41800306958718725,
    "std": 0.18317379962218458,
    "ulcer_index": 16.535245497434406,
    "upi": 0.3320339935818063,
    "us_allocation": 58
}