{
    "beta": 0.9638950465191003,
    "cagr": 0.09315692339434589,
    "end_val": 114709.37950134416,
    "max_drawdown": -0.5553017615105063,
    "mwrr": 0.09315692339434589,
    "sharpe": 0.35301184231422283,
    "sortino": 0.49475292990446323,
    "std": 0.19410014898901742,
    "ulcer_index": 15.712559573143011,
    "upi": 0.4361003958807919,
    "us_allocation": 95
}