{
    "beta": 0.907439124128354,
    "cagr": 0.08372642743927061,
    "end_val": 90474.52713195112,
    "max_drawdown": -0.5681395283679035,
    "mwrr": 0.08372642743927061,
    "sharpe": 0.3220410728326459,
    "sortino": 0.44980568915241204,
    "std": 0.1858210640617307,
    "ulcer_index": 16.130890682384056,
    "upi": 0.37099382201912334,
    "us_allocation": 71
}