{
    "beta": 0.9474736488829029,
    "cagr": 0.09046153989854666,
    "end_val": 107208.74153096706,
    "max_drawdown": -0.5586817259363114,
    "mwrr": 0.09046153989854666,
    "sharpe": 0.3453291855222339,
    "sortino": 0.4834577261898969,
    "std": 0.1912583060345056,
    "ulcer_index": 15.796931728277722,
    "upi": 0.4181185022616351,
    "us_allocation": 88
}