{
    "beta": 0.867165205814375,
    "cagr": 0.07671831282814101,
    "end_val": 75743.7914200674,
    "max_drawdown": -0.579337482863305,
    "mwrr": 0.07671831282814101,
    "sharpe": 0.2920776237530329,
    "sortino": 0.40719154497089993,
    "std": 0.18263824915899016,
    "ulcer_index": 16.674179623812698,
    "upi": 0.3199366859340571,
    "us_allocation": 54
}