{
    "beta": 0.8361890225642438,
    "cagr": 0.07117066824949503,
    "end_val": 65749.82895227845,
    "max_drawdown": -0.587788577152564,
    "mwrr": 0.07117066824949503,
    "sharpe": 0.26491080179839027,
    "sortino": 0.36892443536390296,
    "std": 0.18183927174705738,
    "ulcer_index": 17.176341214771462,
    "upi": 0.28046230363947217,
    "us_allocation": 41
}