{
    "beta": 0.7857885214059518,
    "cagr": 0.061854253310630325,
    "end_val": 51757.72509072361,
    "max_drawdown": -0.6012430789832633,
    "mwrr": 0.061854253310630325,
    "sharpe": 0.21463171566987516,
    "sortino": 0.29844703225919805,
    "std": 0.18367713723044807,
    "ulcer_index": 18.17979542380497,
    "upi": 0.21685824252300573,
    "us_allocation": 20
}