{
    "beta": 0.7616172017015734,
    "cagr": 0.05725969203469061,
    "end_val": 45960.972593122526,
    "max_drawdown": -0.607567096061398,
    "mwrr": 0.05725969203469061,
    "sharpe": 0.18867985615474456,
    "sortino": 0.26219879016549263,
    "std": 0.18592524161385793,
    "ulcer_index": 18.782552328464703,
    "upi": 0.18677727870949093,
    "us_allocation": 10
}