{
    "beta": 0.8457375211486707,
    "cagr": 0.07289527368371451,
    "end_val": 68711.98036954438,
    "max_drawdown": -0.5851983755855105,
    "mwrr": 0.07289527368371451,
    "sharpe": 0.2736347144806395,
    "sortino": 0.3811884471183765,
    "std": 0.18192973876652455,
    "ulcer_index": 17.013884184080528,
    "upi": 0.29261020972762064,
    "us_allocation": 45
}