{
    "beta": 0.9310161303020439,
    "cagr": 0.08772091167090013,
    "end_val": 100067.70887635447,
    "max_drawdown": -0.5620948306372665,
    "mwrr": 0.08772091167090013,
    "sharpe": 0.3365472571555267,
    "sortino": 0.4706852643002097,
    "std": 0.18876026500828533,
    "ulcer_index": 15.901783869577963,
    "upi": 0.3995117041320748,
    "us_allocation": 81
}