{
    "beta": 0.8885181545190077,
    "cagr": 0.08046290185181992,
    "end_val": 83300.55688097491,
    "max_drawdown": -0.5734301981681886,
    "mwrr": 0.08046290185181992,
    "sharpe": 0.3087621321137277,
    "sortino": 0.43084768939919504,
    "std": 0.18403003930591982,
    "ulcer_index": 16.37129318610224,
    "upi": 0.34709512246878393,
    "us_allocation": 63
}