{
    "beta": 0.8170437468200569,
    "cagr": 0.06767387106015965,
    "end_val": 60116.83850860824,
    "max_drawdown": -0.5929423824109953,
    "mwrr": 0.06767387106015965,
    "sharpe": 0.24657724750830592,
    "sortino": 0.3431860164050774,
    "std": 0.1820791333859277,
    "ulcer_index": 17.522489241092806,
    "upi": 0.25623270983333973,
    "us_allocation": 33
}