{
    "beta": 0.8026410356034376,
    "cagr": 0.06500919856429244,
    "end_val": 56139.507322822275,
    "max_drawdown": -0.5967847758404197,
    "mwrr": 0.06500919856429244,
    "sharpe": 0.2321303071154907,
    "sortino": 0.3229353021801932,
    "std": 0.18263027130303716,
    "ulcer_index": 17.80673572402711,
    "upi": 0.2380876920245841,
    "us_allocation": 27
}