{
    "beta": 0.9615512758334209,
    "cagr": 0.09277462379509904,
    "end_val": 113615.56369823441,
    "max_drawdown": -0.5557839450986226,
    "mwrr": 0.09277462379509904,
    "sharpe": 0.3519801426561002,
    "sortino": 0.49322825797973263,
    "std": 0.19367377508055575,
    "ulcer_index": 15.723816376801695,
    "upi": 0.4335601265297191,
    "us_allocation": 94
}