{
    "beta": 0.9427752655232154,
    "cagr": 0.08968313753304713,
    "end_val": 105132.08166856105,
    "max_drawdown": -0.5596494106152848,
    "mwrr": 0.08968313753304713,
    "sharpe": 0.3429337749316011,
    "sortino": 0.47996101474044195,
    "std": 0.19050875167361664,
    "ulcer_index": 15.824511169791721,
    "upi": 0.4128701516417295,
    "us_allocation": 86
}