{
    "beta": 0.9521690837338289,
    "cagr": 0.09123624895210769,
    "end_val": 109314.76047337671,
    "max_drawdown": -0.5577149146189503,
    "mwrr": 0.09123624895210769,
    "sharpe": 0.34763477446070556,
    "sortino": 0.48683381824488037,
    "std": 0.19203592942266273,
    "ulcer_index": 15.771272895441584,
    "upi": 0.42330892862796143,
    "us_allocation": 90
}