{
    "beta": 0.9568616120929229,
    "cagr": 0.09200727389728147,
    "end_val": 111450.31149307794,
    "max_drawdown": -0.5567489849087951,
    "mwrr": 0.09200727389728147,
    "sharpe": 0.34985143430784804,
    "sortino": 0.49009036338357825,
    "std": 0.1928412205794135,
    "ulcer_index": 15.747039695452246,
    "upi": 0.42845281944637975,
    "us_allocation": 92
}