{
    "beta": 0.8576512640640388,
    "cagr": 0.07502893547660894,
    "end_val": 72554.95026450671,
    "max_drawdown": -0.5819479937326749,
    "mwrr": 0.07502893547660894,
    "sharpe": 0.28409023592760047,
    "sortino": 0.3959147099237124,
    "std": 0.18223774676356497,
    "ulcer_index": 16.820531912297845,
    "upi": 0.307803280098158,
    "us_allocation": 50
}