{
    "beta": 0.8979854389379383,
    "cagr": 0.08210226293522549,
    "end_val": 86832.87341363986,
    "max_drawdown": -0.5707895881800371,
    "mwrr": 0.08210226293522549,
    "sharpe": 0.31558687147346626,
    "sortino": 0.4405759525927307,
    "std": 0.1848617054595198,
    "ulcer_index": 16.247633134281887,
    "upi": 0.35908278026234436,
    "us_allocation": 67
}