{
    "beta": 0.9732631760371167,
    "cagr": 0.09467697840790024,
    "end_val": 119159.71029411354,
    "max_drawdown": -0.5533752937366777,
    "mwrr": 0.09467697840790024,
    "sharpe": 0.3569242392125138,
    "sortino": 0.5005609015545159,
    "std": 0.19587176303781895,
    "ulcer_index": 15.671212996986423,
    "upi": 0.446131977339247,
    "us_allocation": 99
}