{
    "beta": 0.8433518726923146,
    "cagr": 0.07246560018496107,
    "end_val": 67962.17743479843,
    "max_drawdown": -0.5858467641097079,
    "mwrr": 0.07246560018496107,
    "sharpe": 0.2714829557560846,
    "sortino": 0.37816190346991635,
    "std": 0.18189406373801928,
    "ulcer_index": 17.05391206638612,
    "upi": 0.2895710053903954,
    "us_allocation": 44
}