{
    "beta": 0.8552704294002782,
    "cagr": 0.07460415856241709,
    "end_val": 71773.73297165355,
    "max_drawdown": -0.5825991996609635,
    "mwrr": 0.07460415856241709,
    "sharpe": 0.28204033222017966,
    "sortino": 0.393024548018283,
    "std": 0.18215893795140728,
    "ulcer_index": 16.858136968556053,
    "upi": 0.3047687268741667,
    "us_allocation": 49
}