{
    "beta": 0.8695413706015693,
    "cagr": 0.07713823225786998,
    "end_val": 76557.13583409158,
    "max_drawdown": -0.5786834267237292,
    "mwrr": 0.07713823225786998,
    "sharpe": 0.29402048804024566,
    "sortino": 0.4099385008583584,
    "std": 0.18275955133878496,
    "ulcer_index": 16.638599573998995,
    "upi": 0.32296795971869846,
    "us_allocation": 55
}