{
    "beta": 0.8122470910354076,
    "cagr": 0.0667896777440733,
    "end_val": 58767.89787041593,
    "max_drawdown": -0.5942253506426602,
    "mwrr": 0.0667896777440733,
    "sharpe": 0.24182351203814656,
    "sortino": 0.3365191431851763,
    "std": 0.18222737908446124,
    "ulcer_index": 17.615297071967703,
    "upi": 0.2501722883109091,
    "us_allocation": 31
}