{
    "beta": 0.8932535186422589,
    "cagr": 0.08128448744656702,
    "end_val": 85053.15266660316,
    "max_drawdown": -0.5721110687455653,
    "mwrr": 0.08128448744656702,
    "sharpe": 0.31222060466238205,
    "sortino": 0.43577331084961635,
    "std": 0.18442975087788455,
    "ulcer_index": 16.30853416917067,
    "upi": 0.3530989206782246,
    "us_allocation": 65
}