{
    "beta": 0.8956199065090034,
    "cagr": 0.08169385076243096,
    "end_val": 85939.60923365467,
    "max_drawdown": -0.5714506230588106,
    "mwrr": 0.08169385076243096,
    "sharpe": 0.31391529608760427,
    "sortino": 0.43819012518722245,
    "std": 0.1846417173545512,
    "ulcer_index": 16.27782073562646,
    "upi": 0.3560941487344744,
    "us_allocation": 66
}