{
    "beta": 0.7397613321331346,
    "cagr": 0.05303504387139868,
    "end_val": 41186.820468705475,
    "max_drawdown": -0.6132142967465787,
    "mwrr": 0.05303504387139868,
    "sharpe": 0.1646589507268292,
    "sortino": 0.22870480909184596,
    "std": 0.18869748269615388,
    "ulcer_index": 19.410187987856464,
    "upi": 0.16007934987912006,
    "us_allocation": 1
}