{
    "beta": 0.7809634742775422,
    "cagr": 0.06094362393797703,
    "end_val": 50555.53856736056,
    "max_drawdown": -0.6025120889016811,
    "mwrr": 0.06094362393797703,
    "sharpe": 0.20952168036554714,
    "sortino": 0.29130372891492307,
    "std": 0.1840560900058269,
    "ulcer_index": 18.292200671819593,
    "upi": 0.21082830073789427,
    "us_allocation": 18
}