{
    "beta": 0.8050441577775947,
    "cagr": 0.06545583449548142,
    "end_val": 56787.99401418955,
    "max_drawdown": -0.5961457304363665,
    "mwrr": 0.06545583449548142,
    "sharpe": 0.23457594363230017,
    "sortino": 0.3263612062072107,
    "std": 0.18251623623971333,
    "ulcer_index": 17.758120483055908,
    "upi": 0.24110417017431185,
    "us_allocation": 28
}