{
    "beta": 0.9168795601936511,
    "cagr": 0.08533548137574853,
    "end_val": 94227.1654537457,
    "max_drawdown": -0.5654799272129039,
    "mwrr": 0.08533548137574853,
    "sharpe": 0.3281226886938112,
    "sortino": 0.4585332923669731,
    "std": 0.18690545139021092,
    "ulcer_index": 16.02410339247603,
    "upi": 0.38273950803304246,
    "us_allocation": 75
}