{
    "beta": 0.9050769585566485,
    "cagr": 0.08332180624327523,
    "end_val": 89553.77248842176,
    "max_drawdown": -0.5688029342189884,
    "mwrr": 0.08332180624327523,
    "sharpe": 0.32046240978169965,
    "sortino": 0.44754538215747963,
    "std": 0.1855693961485247,
    "ulcer_index": 16.159302454592567,
    "upi": 0.3680269782079523,
    "us_allocation": 70
}