{
    "beta": 0.7494872768811367,
    "cagr": 0.05492324621150435,
    "end_val": 43258.399135032334,
    "max_drawdown": -0.6107095692650824,
    "mwrr": 0.05492324621150435,
    "sharpe": 0.17539254393192474,
    "sortino": 0.2436647168481289,
    "std": 0.1873785772545252,
    "ulcer_index": 19.116402122045955,
    "upi": 0.17192500060699126,
    "us_allocation": 5
}