{
    "beta": 0.7446267810757918,
    "cagr": 0.053981271670921815,
    "end_val": 42212.69996486942,
    "max_drawdown": -0.6119629558416402,
    "mwrr": 0.053981271670921815,
    "sharpe": 0.170035419654503,
    "sortino": 0.2361967084085908,
    "std": 0.1880207615923928,
    "ulcer_index": 19.25991928193446,
    "upi": 0.16599867052865602,
    "us_allocation": 3
}