{
    "beta": 0.8837793022793811,
    "cagr": 0.07963749497528783,
    "end_val": 81574.8734946445,
    "max_drawdown": -0.5747469876361857,
    "mwrr": 0.07963749497528783,
    "sharpe": 0.3052120602174838,
    "sortino": 0.42580026874357124,
    "std": 0.18366287643060655,
    "ulcer_index": 16.435595166169495,
    "upi": 0.341080070219451,
    "us_allocation": 61
}