{
    "beta": 0.7640395862758342,
    "cagr": 0.05772382893030348,
    "end_val": 46516.87488175045,
    "max_drawdown": -0.6069370486355968,
    "mwrr": 0.05772382893030348,
    "sharpe": 0.19131602698534672,
    "sortino": 0.26587775741680786,
    "std": 0.18566079323575227,
    "ulcer_index": 18.718960456148903,
    "upi": 0.18976001723780214,
    "us_allocation": 11
}