{
    "beta": 0.9592067994288845,
    "cagr": 0.09239140766630771,
    "end_val": 112529.21453311975,
    "max_drawdown": -0.5562663532460593,
    "mwrr": 0.09239140766630771,
    "sharpe": 0.35092671815940807,
    "sortino": 0.4916741011160522,
    "std": 0.19325411529514802,
    "ulcer_index": 15.735312139892482,
    "upi": 0.4310108283104794,
    "us_allocation": 93
}