{
    "beta": 0.928662001953272,
    "cagr": 0.08732567634794886,
    "end_val": 99076.4705366776,
    "max_drawdown": -0.5626228478425421,
    "mwrr": 0.08732567634794886,
    "sharpe": 0.33520108573505536,
    "sortino": 0.4687379311506321,
    "std": 0.18843245449114407,
    "ulcer_index": 15.919551132480137,
    "upi": 0.396779331986184,
    "us_allocation": 80
}