{
    "beta": 0.9333694844589588,
    "cagr": 0.08811521532699884,
    "end_val": 101066.12840220981,
    "max_drawdown": -0.5615873673095946,
    "mwrr": 0.08811521532699884,
    "sharpe": 0.3378703788284205,
    "sortino": 0.4726017039915536,
    "std": 0.18909543543528043,
    "ulcer_index": 15.885046406678828,
    "upi": 0.4022178825786456,
    "us_allocation": 82
}