{
    "beta": 0.9145206742571632,
    "cagr": 0.08493462990311351,
    "end_val": 93278.51266983755,
    "max_drawdown": -0.5661457270691095,
    "mwrr": 0.08493462990311351,
    "sharpe": 0.32663724519457266,
    "sortino": 0.456398388440848,
    "std": 0.18662278471526475,
    "ulcer_index": 16.049983077080654,
    "upi": 0.37981717615066857,
    "us_allocation": 74
}