{
    "beta": 0.8074462036376597,
    "cagr": 0.06590145844138773,
    "end_val": 57442.20119367207,
    "max_drawdown": -0.5955061452353797,
    "mwrr": 0.06590145844138773,
    "sharpe": 0.23700692851245292,
    "sortino": 0.3297674894219016,
    "std": 0.1824110783011273,
    "ulcer_index": 17.71002944495218,
    "upi": 0.24412362331940837,
    "us_allocation": 29
}