{
    "beta": 0.8814085542150767,
    "cagr": 0.07922335501620847,
    "end_val": 80722.05685041285,
    "max_drawdown": -0.5754045083565649,
    "mwrr": 0.07922335501620847,
    "sharpe": 0.3034029034933216,
    "sortino": 0.42323118811440713,
    "std": 0.18349159298238266,
    "ulcer_index": 16.468354354618757,
    "upi": 0.33806824876147645,
    "us_allocation": 60
}