{
    "beta": 0.8790369174123114,
    "cagr": 0.07880825546640446,
    "end_val": 79875.88748656621,
    "max_drawdown": -0.5760614482393049,
    "mwrr": 0.07880825546640446,
    "sharpe": 0.3015711399067457,
    "sortino": 0.42063205406692533,
    "std": 0.18332855581268934,
    "ulcer_index": 16.5016161231566,
    "upi": 0.3350518906404183,
    "us_allocation": 59
}