{
    "beta": 0.923951401325506,
    "cagr": 0.08653240577559118,
    "end_val": 97115.44304395723,
    "max_drawdown": -0.56367902052782,
    "mwrr": 0.08653240577559118,
    "sharpe": 0.3324393670348146,
    "sortino": 0.46474989390609855,
    "std": 0.18779910311348227,
    "ulcer_index": 15.956083515572127,
    "upi": 0.39128971234290366,
    "us_allocation": 78
}