{
    "beta": 0.8290171916431612,
    "cagr": 0.06986683432690266,
    "end_val": 63592.4562760653,
    "max_drawdown": -0.5897253880754045,
    "mwrr": 0.06986683432690266,
    "sharpe": 0.2581690136228043,
    "sortino": 0.3594548785454244,
    "std": 0.1818632070822588,
    "ulcer_index": 17.302469616835122,
    "upi": 0.2713678898594084,
    "us_allocation": 38
}