{
    "beta": 0.754342873863472,
    "cagr": 0.0558609855054355,
    "end_val": 44324.16396187275,
    "max_drawdown": -0.6094541283660778,
    "mwrr": 0.0558609855054355,
    "sharpe": 0.1807271532670025,
    "sortino": 0.2511039610913295,
    "std": 0.18677109096645286,
    "ulcer_index": 18.97776663368829,
    "upi": 0.1778698527648378,
    "us_allocation": 7
}