{
    "beta": 0.8314088096764755,
    "cagr": 0.07030243754101573,
    "end_val": 64305.52108244275,
    "max_drawdown": -0.5890803381222209,
    "mwrr": 0.07030243754101573,
    "sharpe": 0.26043465409932176,
    "sortino": 0.3626365616506069,
    "std": 0.18184645382826292,
    "ulcer_index": 17.25996522538301,
    "upi": 0.27439826265957484,
    "us_allocation": 39
}