{
    "beta": 0.9263070940766586,
    "cagr": 0.08692950812906663,
    "end_val": 98092.38984252092,
    "max_drawdown": -0.5631509113623577,
    "mwrr": 0.08692950812906663,
    "sharpe": 0.33383180614348146,
    "sortino": 0.4667595137428106,
    "std": 0.18811205146635696,
    "ulcer_index": 15.937633171047123,
    "upi": 0.39403904714729276,
    "us_allocation": 79
}