{
    "beta": 0.7954251492592522,
    "cagr": 0.0636632001830999,
    "end_val": 54228.06716319985,
    "max_drawdown": -0.598698685181818,
    "mwrr": 0.0636632001830999,
    "sharpe": 0.22470914957815372,
    "sortino": 0.3125446061769945,
    "std": 0.18302565716523697,
    "ulcer_index": 17.961095845645247,
    "upi": 0.22898985922349802,
    "us_allocation": 24
}