{
    "beta": 0.8098471793440561,
    "cagr": 0.06634607224735256,
    "end_val": 58102.159088007786,
    "max_drawdown": -0.5948660190387541,
    "mwrr": 0.06634607224735256,
    "sharpe": 0.23942290265162466,
    "sortino": 0.3331536313166955,
    "std": 0.18231479407944734,
    "ulcer_index": 17.662422599631093,
    "upi": 0.2471463841371226,
    "us_allocation": 30
}