{
    "beta": 0.8002368309326809,
    "cagr": 0.06456154878770048,
    "end_val": 55496.71084198466,
    "max_drawdown": -0.5974232826411551,
    "mwrr": 0.06456154878770048,
    "sharpe": 0.22967038289290126,
    "sortino": 0.3194902389717434,
    "std": 0.18275318582014596,
    "ulcer_index": 17.85580341363437,
    "upi": 0.23507535759227757,
    "us_allocation": 26
}