{
    "beta": 0.9545157086044722,
    "cagr": 0.09162222136861198,
    "end_val": 110378.8338118752,
    "max_drawdown": -0.5572318390457832,
    "mwrr": 0.09162222136861198,
    "sharpe": 0.34875416134482934,
    "sortino": 0.48847695474833935,
    "std": 0.19243514173958262,
    "ulcer_index": 15.759034003449587,
    "upi": 0.4258852747869243,
    "us_allocation": 91
}