{
    "beta": 0.9756034960317641,
    "cagr": 0.09505471171882363,
    "end_val": 120291.15787493739,
    "max_drawdown": -0.5528942487106148,
    "mwrr": 0.09505471171882363,
    "sharpe": 0.3578494861805564,
    "sortino": 0.5019412771080579,
    "std": 0.19633093973018684,
    "ulcer_index": 15.665961678648,
    "upi": 0.44848727578055353,
    "us_allocation": 100
}