{
    "beta": 0.9027139594789105,
    "cagr": 0.08291623932139336,
    "end_val": 88639.92912308955,
    "max_drawdown": -0.5694657451836974,
    "mwrr": 0.08291623932139336,
    "sharpe": 0.3188604687571288,
    "sortino": 0.44525366765201296,
    "std": 0.1853255858661887,
    "ulcer_index": 16.18837755542212,
    "upi": 0.3650493257220674,
    "us_allocation": 69
}