{
    "beta": 0.8481221952314341,
    "cagr": 0.07332396466361746,
    "end_val": 69468.00850147489,
    "max_drawdown": -0.5845494261709445,
    "mwrr": 0.07332396466361746,
    "sharpe": 0.27576656934265426,
    "sortino": 0.3841881965376723,
    "std": 0.18197408584170954,
    "ulcer_index": 16.974251597189216,
    "upi": 0.29565051778350615,
    "us_allocation": 46
}