{
    "beta": 0.7470576447148208,
    "cagr": 0.054452789465813556,
    "end_val": 42733.0567196694,
    "max_drawdown": -0.6113365188013065,
    "mwrr": 0.054452789465813556,
    "sharpe": 0.17271659732694597,
    "sortino": 0.2399340045995378,
    "std": 0.18769534195523768,
    "ulcer_index": 19.18664520646658,
    "upi": 0.16896724443593383,
    "us_allocation": 4
}