{
    "beta": 0.7664607861927533,
    "cagr": 0.05818692009026871,
    "end_val": 47077.978132556236,
    "max_drawdown": -0.606306481033151,
    "mwrr": 0.05818692009026871,
    "sharpe": 0.19394416151846114,
    "sortino": 0.2695461495934589,
    "std": 0.18540512082301033,
    "ulcer_index": 18.65598998123981,
    "upi": 0.19275033428062266,
    "us_allocation": 12
}