{
    "beta": 0.7978315375604557,
    "cagr": 0.06411288329066789,
    "end_val": 54859.57424589302,
    "max_drawdown": -0.5980612520271181,
    "mwrr": 0.06411288329066789,
    "sharpe": 0.22719653945483945,
    "sortino": 0.3160264990527076,
    "std": 0.18288498104571066,
    "ulcer_index": 17.907819005343345,
    "upi": 0.2320350052204253,
    "us_allocation": 25
}