{
    "beta": 0.862410102865552,
    "cagr": 0.07587556712821852,
    "end_val": 74136.51981466243,
    "max_drawdown": -0.5806438783738092,
    "mwrr": 0.07587556712821852,
    "sharpe": 0.2881267591294538,
    "sortino": 0.40161045043594573,
    "std": 0.18242099919624397,
    "ulcer_index": 16.746566468906224,
    "upi": 0.3138709063959427,
    "us_allocation": 52
}