{
    "beta": 0.938073891488749,
    "cagr": 0.08890103250747328,
    "end_val": 103084.60410867227,
    "max_drawdown": -0.560617960457123,
    "mwrr": 0.08890103250747328,
    "sharpe": 0.3404477410253706,
    "sortino": 0.4763425286820358,
    "std": 0.18978766380129733,
    "ulcer_index": 15.85419259882777,
    "upi": 0.40756131923978767,
    "us_allocation": 84
}