{
    "beta": 0.9662381166901852,
    "cagr": 0.09353830756607961,
    "end_val": 115810.68219862538,
    "max_drawdown": -0.554819803528728,
    "mwrr": 0.09353830756607961,
    "sharpe": 0.35402195622685934,
    "sortino": 0.4962483196178268,
    "std": 0.19453318595207789,
    "ulcer_index": 15.701545355348038,
    "upi": 0.43863141222242313,
    "us_allocation": 96
}