{
    "beta": 0.87429095517804,
    "cagr": 0.07797517179689528,
    "end_val": 78203.38147818518,
    "max_drawdown": -0.5773735909698459,
    "mwrr": 0.07797517179689528,
    "sharpe": 0.2978402680173118,
    "sortino": 0.4153444269714806,
    "std": 0.1830273582789686,
    "ulcer_index": 16.569241819447118,
    "upi": 0.32901476581199485,
    "us_allocation": 57
}