{
    "beta": 0.790609062844956,
    "cagr": 0.06276077349984677,
    "end_val": 52981.8198404785,
    "max_drawdown": -0.5999719475064258,
    "mwrr": 0.06276077349984677,
    "sharpe": 0.2196952413857471,
    "sortino": 0.3055287294819299,
    "std": 0.1833336475191849,
    "ulcer_index": 18.069445263450923,
    "upi": 0.22291236053417854,
    "us_allocation": 22
}