{
    "beta": 0.8908862698219945,
    "cagr": 0.08087417160686994,
    "end_val": 84173.47737991986,
    "max_drawdown": -0.572770926648151,
    "mwrr": 0.08087417160686994,
    "sharpe": 0.3105028595736019,
    "sortino": 0.4333257818727925,
    "std": 0.1842258453333206,
    "ulcer_index": 16.339724375771322,
    "upi": 0.35009845901852255,
    "us_allocation": 64
}