{
    "beta": 0.8337994180051385,
    "cagr": 0.07073704828476113,
    "end_val": 65024.635478685464,
    "max_drawdown": -0.5884347349001294,
    "mwrr": 0.07073704828476113,
    "sharpe": 0.2626820134677511,
    "sortino": 0.36579321212353033,
    "std": 0.18183848049372145,
    "ulcer_index": 17.21795658955191,
    "upi": 0.2774292565138534,
    "us_allocation": 40
}