{
    "beta": 0.8385776292699351,
    "cagr": 0.07160329911331176,
    "end_val": 66481.13090670705,
    "max_drawdown": -0.5871418636175263,
    "mwrr": 0.07160329911331176,
    "sharpe": 0.26712073672440273,
    "sortino": 0.37202978222799665,
    "std": 0.18184881118880447,
    "ulcer_index": 17.135140449351105,
    "upi": 0.2834968734323774,
    "us_allocation": 42
}