{
    "beta": 0.8409652440196399,
    "cagr": 0.07203494254116083,
    "end_val": 67218.57065859131,
    "max_drawdown": -0.5864945930275572,
    "mwrr": 0.07203494254116083,
    "sharpe": 0.26931154361760645,
    "sortino": 0.37510892469418755,
    "std": 0.1818670813577767,
    "ulcer_index": 17.094329264161413,
    "upi": 0.28653319202962846,
    "us_allocation": 43
}