{
    "beta": 0.7737173436249597,
    "cagr": 0.05956994023689344,
    "end_val": 48792.801031262,
    "max_drawdown": -0.6044116459856977,
    "mwrr": 0.05956994023689344,
    "sharpe": 0.20177632010739263,
    "sortino": 0.2804824707274856,
    "std": 0.18469089289669538,
    "ulcer_index": 18.470682952965817,
    "upi": 0.20176604721549046,
    "us_allocation": 15
}