{
    "beta": 0.8218362196747466,
    "cagr": 0.06855405274740911,
    "end_val": 61489.26332114504,
    "max_drawdown": -0.5916572308063135,
    "mwrr": 0.06855405274740911,
    "sharpe": 0.2512654143393192,
    "sortino": 0.3497637379726668,
    "std": 0.18196628355092231,
    "ulcer_index": 17.43251930357393,
    "upi": 0.26228946274482257,
    "us_allocation": 35
}