{
    "beta": 0.7519156843490494,
    "cagr": 0.05539264415015155,
    "end_val": 43788.757963195894,
    "max_drawdown": -0.6100821061493743,
    "mwrr": 0.05539264415015155,
    "sharpe": 0.17806286219922923,
    "sortino": 0.247388233919372,
    "std": 0.1870704872658502,
    "ulcer_index": 19.046772658839664,
    "upi": 0.17489262078885268,
    "us_allocation": 6
}