{
    "beta": 0.9357220697494912,
    "cagr": 0.08850858853581389,
    "end_val": 102071.75244229143,
    "max_drawdown": -0.5611025572647363,
    "mwrr": 0.08850858853581389,
    "sharpe": 0.3391705160909633,
    "sortino": 0.4744874142885567,
    "std": 0.18943791780790264,
    "ulcer_index": 15.869469278364814,
    "upi": 0.4048939406500122,
    "us_allocation": 83
}