{
    "beta": 0.7833765642346021,
    "cagr": 0.06139945326197793,
    "end_val": 51153.90859218898,
    "max_drawdown": -0.6018778485597519,
    "mwrr": 0.06139945326197793,
    "sharpe": 0.21208231574541747,
    "sortino": 0.2948828053419067,
    "std": 0.1838621836455735,
    "ulcer_index": 18.23577796865452,
    "upi": 0.21383972708430005,
    "us_allocation": 19
}