{
    "beta": 0.8194405030840056,
    "cagr": 0.06811446246890096,
    "end_val": 60800.10041898121,
    "max_drawdown": -0.5923000801419197,
    "mwrr": 0.06811446246890096,
    "sharpe": 0.24892969332403297,
    "sortino": 0.34648627421023376,
    "std": 0.18201828826909375,
    "ulcer_index": 17.476951019376298,
    "upi": 0.25926466929202996,
    "us_allocation": 34
}