{
    "beta": 0.9192376397582521,
    "cagr": 0.08573539366187433,
    "end_val": 95182.85510763414,
    "max_drawdown": -0.5648135252080559,
    "mwrr": 0.08573539366187433,
    "sharpe": 0.329584841243476,
    "sortino": 0.46063683092474667,
    "std": 0.1871957569991766,
    "ulcer_index": 15.998676194111265,
    "upi": 0.3856541194659821,
    "us_allocation": 76
}