{
    "beta": 0.9709221762649943,
    "cagr": 0.09429833399220189,
    "end_val": 118035.82799612627,
    "max_drawdown": -0.5538565685872717,
    "mwrr": 0.09429833399220189,
    "sharpe": 0.3559780049679111,
    "sortino": 0.49915211549681,
    "std": 0.19541904426817755,
    "ulcer_index": 15.680351188434003,
    "upi": 0.4436621751208193,
    "us_allocation": 98
}