{
    "beta": 0.7421946791599692,
    "cagr": 0.0535086905660096,
    "end_val": 41697.29812609507,
    "max_drawdown": -0.6125888814651844,
    "mwrr": 0.0535086905660096,
    "sharpe": 0.16734940634097487,
    "sortino": 0.23245347076417666,
    "std": 0.18835481561102377,
    "ulcer_index": 19.334710328259995,
    "upi": 0.16303354432177994,
    "us_allocation": 2
}