{
    "beta": 0.824230902625903,
    "cagr": 0.06899264365514135,
    "end_val": 62184.35708009389,
    "max_drawdown": -0.5910138331743316,
    "mwrr": 0.06899264365514135,
    "sharpe": 0.2535840857608822,
    "sortino": 0.3530179637578056,
    "std": 0.1819231093039627,
    "ulcer_index": 17.388787368466996,
    "upi": 0.2653126802999159,
    "us_allocation": 36
}