{
    "beta": 0.7785492451405959,
    "cagr": 0.060486763339065996,
    "end_val": 49962.58439817776,
    "max_drawdown": -0.6031458011580233,
    "mwrr": 0.060486763339065996,
    "sharpe": 0.20695020441672646,
    "sortino": 0.2877103432735283,
    "std": 0.18425884922385516,
    "ulcer_index": 18.35020518838427,
    "upi": 0.20781116710957676,
    "us_allocation": 17
}