{
    "beta": 0.9404249549816776,
    "cagr": 0.08929254844273293,
    "end_val": 104104.7062940867,
    "max_drawdown": -0.5601335779014462,
    "mwrr": 0.08929254844273293,
    "sharpe": 0.34170213228740176,
    "sortino": 0.47816708064683566,
    "std": 0.19014462475096894,
    "ulcer_index": 15.83920707530023,
    "upi": 0.4102200954931529,
    "us_allocation": 85
}