{
    "beta": 0.8266245579508887,
    "cagr": 0.06943023693768868,
    "end_val": 62885.411490927225,
    "max_drawdown": -0.5903698860108448,
    "mwrr": 0.06943023693768868,
    "sharpe": 0.25588538934615973,
    "sortino": 0.3562485150093258,
    "std": 0.1818887545140106,
    "ulcer_index": 17.34543575250644,
    "upi": 0.26833890305321306,
    "us_allocation": 37
}