{
    "beta": 0.7712996583315866,
    "cagr": 0.05910997365265769,
    "end_val": 48215.910481548366,
    "max_drawdown": -0.6050437808309185,
    "mwrr": 0.05910997365265769,
    "sharpe": 0.19917471040163504,
    "sortino": 0.2768490501514846,
    "std": 0.1849201582261226,
    "ulcer_index": 18.531852182704927,
    "upi": 0.1987535374853079,
    "us_allocation": 14
}