{
    "beta": 0.9215949183422493,
    "cagr": 0.08613436803920793,
    "end_val": 96145.60618514012,
    "max_drawdown": -0.5642071746721874,
    "mwrr": 0.08613436803920793,
    "sharpe": 0.33102372430457583,
    "sortino": 0.4627090257582789,
    "std": 0.1874936561878457,
    "ulcer_index": 15.975801881807188,
    "upi": 0.3885096543013917,
    "us_allocation": 77
}