{
    "beta": 0.7930176597786383,
    "cagr": 0.06321249755970393,
    "end_val": 53602.15917960972,
    "max_drawdown": -0.5993355832837517,
    "mwrr": 0.06321249755970393,
    "sharpe": 0.22220859004987747,
    "sortino": 0.3090451588177126,
    "std": 0.18317521330107076,
    "ulcer_index": 18.014917832629564,
    "upi": 0.22594956542289893,
    "us_allocation": 23
}