{
    "beta": 0.9121609765458926,
    "cagr": 0.08453283795630173,
    "end_val": 92336.87200964204,
    "max_drawdown": -0.5668109262421441,
    "mwrr": 0.08453283795630173,
    "sharpe": 0.3251284971268167,
    "sortino": 0.45423215623979635,
    "std": 0.18634780181881083,
    "ulcer_index": 16.076570038218325,
    "upi": 0.37688142076785164,
    "us_allocation": 73
}