{
    "beta": 0.8620973832879489,
    "cagr": 0.07083720717583741,
    "end_val": 60881.8117636299,
    "max_drawdown": -0.5851983755855106,
    "mwrr": 0.07083720717583741,
    "sharpe": 0.2666197342320151,
    "sortino": 0.3716338366668241,
    "std": 0.18383950819133488,
    "ulcer_index": 17.314043693668133,
    "upi": 0.2831081114073298,
    "us_allocation": 45
}