{
    "beta": 0.8288406098901401,
    "cagr": 0.06571167998162775,
    "end_val": 53640.39958735786,
    "max_drawdown": -0.5948660190387532,
    "mwrr": 0.06571167998162775,
    "sharpe": 0.23997691541837837,
    "sortino": 0.3341086334583034,
    "std": 0.18422442738131722,
    "ulcer_index": 17.96926771497136,
    "upi": 0.2460383048028362,
    "us_allocation": 30
}