{
    "beta": 0.8244001767103344,
    "cagr": 0.06501458382521164,
    "end_val": 52722.005226449925,
    "max_drawdown": -0.596145730436366,
    "mwrr": 0.06501458382521164,
    "sharpe": 0.2361737434222802,
    "sortino": 0.3287670326340869,
    "std": 0.18441608429424186,
    "ulcer_index": 18.06528928869534,
    "upi": 0.2411023496101197,
    "us_allocation": 28
}