{
    "beta": 0.9350076519133865,
    "cagr": 0.08148411728339489,
    "end_val": 79047.78017689832,
    "max_drawdown": -0.56367902052782,
    "mwrr": 0.08148411728339489,
    "sharpe": 0.3112013242344193,
    "sortino": 0.4352118208847017,
    "std": 0.18934595729117334,
    "ulcer_index": 16.242139120112807,
    "upi": 0.36280967437250683,
    "us_allocation": 78
}