{
    "beta": 0.8221793912038949,
    "cagr": 0.06466482115041683,
    "end_val": 52266.92618024707,
    "max_drawdown": -0.5967847758404206,
    "mwrr": 0.06466482115041683,
    "sharpe": 0.23425231434113855,
    "sortino": 0.3260698796654838,
    "std": 0.18452431140977393,
    "ulcer_index": 18.11405790020052,
    "upi": 0.2386368172899171,
    "us_allocation": 27
}