{
    "beta": 0.9085313060041968,
    "cagr": 0.07771169314208448,
    "end_val": 72083.71156772655,
    "max_drawdown": -0.5714506230588099,
    "mwrr": 0.07771169314208448,
    "sharpe": 0.2973957160878196,
    "sortino": 0.41534660663362133,
    "std": 0.18636699043884203,
    "ulcer_index": 16.568325764120974,
    "upi": 0.3345401871095849,
    "us_allocation": 66
}