{
    "beta": 0.8066230491295222,
    "cagr": 0.06219374043161796,
    "end_val": 49157.76714985663,
    "max_drawdown": -0.6012430789832639,
    "mwrr": 0.06219374043161796,
    "sharpe": 0.22045815685589024,
    "sortino": 0.30673371848951947,
    "std": 0.18551294037471588,
    "ulcer_index": 18.48841254757324,
    "upi": 0.2212151016041954,
    "us_allocation": 20
}