{
    "beta": 0.9724559645924964,
    "cagr": 0.08663659757957842,
    "end_val": 89612.66478833964,
    "max_drawdown": -0.555301761510507,
    "mwrr": 0.08663659757957842,
    "sharpe": 0.32603229936372446,
    "sortino": 0.4569374445264499,
    "std": 0.19533490028793404,
    "ulcer_index": 15.995052975687795,
    "upi": 0.39818104088658174,
    "us_allocation": 95
}