{
    "beta": 0.8930683649826417,
    "cagr": 0.07545894847009538,
    "end_val": 68210.68521834994,
    "max_drawdown": -0.5760614482393049,
    "mwrr": 0.07545894847009538,
    "sharpe": 0.2880527453885636,
    "sortino": 0.4020086474460999,
    "std": 0.18513579999476198,
    "ulcer_index": 16.79512732287869,
    "upi": 0.31754210277168493,
    "us_allocation": 59
}