{
    "beta": 0.8886477172642793,
    "cagr": 0.0748082114436015,
    "end_val": 67129.70410801172,
    "max_drawdown": -0.577373590969846,
    "mwrr": 0.0748082114436015,
    "sharpe": 0.28521149553435304,
    "sortino": 0.397966822402497,
    "std": 0.1848545386798332,
    "ulcer_index": 16.863637571223684,
    "upi": 0.312656709255436,
    "us_allocation": 57
}