{
    "beta": 0.9283921009207559,
    "cagr": 0.08055156120763729,
    "end_val": 77268.33777125817,
    "max_drawdown": -0.5654799272129043,
    "mwrr": 0.08055156120763729,
    "sharpe": 0.3080126426255339,
    "sortino": 0.43060282309485726,
    "std": 0.1885008370767861,
    "ulcer_index": 16.311067769270366,
    "upi": 0.3559784781989766,
    "us_allocation": 75
}