{
    "beta": 0.9239804570715874,
    "cagr": 0.07992595603304342,
    "end_val": 76096.26632751265,
    "max_drawdown": -0.5668109262421438,
    "mwrr": 0.07992595603304342,
    "sharpe": 0.3057896733836252,
    "sortino": 0.42739804599018666,
    "std": 0.1879741777297393,
    "ulcer_index": 16.36426619776287,
    "upi": 0.3512760679260913,
    "us_allocation": 73
}