{
    "beta": 0.8798027285833904,
    "cagr": 0.07349724546406877,
    "end_val": 65001.80467865448,
    "max_drawdown": -0.5799909663015478,
    "mwrr": 0.07349724546406877,
    "sharpe": 0.2793044104884981,
    "sortino": 0.3895808230382801,
    "std": 0.18438739343807697,
    "ulcer_index": 17.006409206705353,
    "upi": 0.3028430281392565,
    "us_allocation": 53
}