{
    "beta": 0.9107391497459892,
    "cagr": 0.07803036792126727,
    "end_val": 72648.38892307038,
    "max_drawdown": -0.5707895881800364,
    "mwrr": 0.07803036792126727,
    "sharpe": 0.2986532296412149,
    "sortino": 0.4171478988313701,
    "std": 0.18657382403518136,
    "ulcer_index": 16.537717874165686,
    "upi": 0.3369501887020788,
    "us_allocation": 67
}