{
    "beta": 0.9217742436888545,
    "cagr": 0.07961198151476467,
    "end_val": 75514.50038991583,
    "max_drawdown": -0.5674755261909363,
    "mwrr": 0.07961198151476467,
    "sharpe": 0.30464897423923837,
    "sortino": 0.42575602278874264,
    "std": 0.18772198570885748,
    "ulcer_index": 16.39160758499543,
    "upi": 0.3489131088101523,
    "us_allocation": 72
}