{
    "beta": 0.7821375613866679,
    "cagr": 0.05822972084623457,
    "end_val": 44538.525419321595,
    "max_drawdown": -0.6081966244215838,
    "mwrr": 0.05822972084623457,
    "sharpe": 0.19775086375002632,
    "sortino": 0.2749885486168338,
    "std": 0.18787759583304586,
    "ulcer_index": 19.15499072200723,
    "upi": 0.19396468858582996,
    "us_allocation": 9
}