{
    "beta": 0.932802719760926,
    "cagr": 0.08117404478127255,
    "end_val": 78451.78947274716,
    "max_drawdown": -0.5642071746721876,
    "mwrr": 0.08117404478127255,
    "sharpe": 0.3101578297326575,
    "sortino": 0.43370187917158837,
    "std": 0.18905695014814639,
    "ulcer_index": 16.262104901986635,
    "upi": 0.3605978661271831,
    "us_allocation": 77
}