{
    "beta": 0.7932735095937111,
    "cagr": 0.060043855691565895,
    "end_val": 46598.17714137827,
    "max_drawdown": -0.6050437808309186,
    "mwrr": 0.060043855691565895,
    "sharpe": 0.20820872626966624,
    "sortino": 0.28959893904115563,
    "std": 0.18668066683811235,
    "ulcer_index": 18.840465935955145,
    "upi": 0.20630945960844832,
    "us_allocation": 14
}