{
    "beta": 0.9394167759767296,
    "cagr": 0.082101926314889,
    "end_val": 80248.28449694383,
    "max_drawdown": -0.562622847842542,
    "mwrr": 0.082101926314889,
    "sharpe": 0.3132303058324958,
    "sortino": 0.438152827158461,
    "std": 0.18994567922502031,
    "ulcer_index": 16.205140338256157,
    "upi": 0.36716831362389973,
    "us_allocation": 80
}