{
    "beta": 0.7910471546495187,
    "cagr": 0.05968267352360446,
    "end_val": 46180.94227112564,
    "max_drawdown": -0.6056753921383793,
    "mwrr": 0.05968267352360446,
    "sharpe": 0.20613388655468884,
    "sortino": 0.2866990450759577,
    "std": 0.1869038469110005,
    "ulcer_index": 18.90214107732923,
    "upi": 0.20383036763896778,
    "us_allocation": 13
}