{
    "beta": 0.8399351691583236,
    "cagr": 0.06744028398743729,
    "end_val": 55984.651178285276,
    "max_drawdown": -0.5916572308063135,
    "mwrr": 0.06744028398743729,
    "sharpe": 0.24924091755705757,
    "sortino": 0.3471361213146317,
    "std": 0.18388996713231656,
    "ulcer_index": 17.737971165980525,
    "upi": 0.25839909981063913,
    "us_allocation": 35
}