{
    "beta": 0.9526384336928725,
    "cagr": 0.08393670224171368,
    "end_val": 83917.8528522981,
    "max_drawdown": -0.5596494106152851,
    "mwrr": 0.08393670224171368,
    "sharpe": 0.3188570581805858,
    "sortino": 0.4463525245862607,
    "std": 0.1919156267492875,
    "ulcer_index": 16.108715905030365,
    "upi": 0.3799012561692232,
    "us_allocation": 86
}