{
    "beta": 0.817736670305728,
    "cagr": 0.06396286291387643,
    "end_val": 51364.97940298062,
    "max_drawdown": -0.5980612520271181,
    "mwrr": 0.06396286291387643,
    "sharpe": 0.23037115370925082,
    "sortino": 0.3206246561539988,
    "std": 0.18476554741526155,
    "ulcer_index": 18.215476636534994,
    "upi": 0.23368120709736628,
    "us_allocation": 25
}