{
    "beta": 0.8021748235773988,
    "cagr": 0.06148038464788841,
    "end_val": 48293.828874760955,
    "max_drawdown": -0.6025120889016816,
    "mwrr": 0.06148038464788841,
    "sharpe": 0.21641508515512164,
    "sortino": 0.30107504169534227,
    "std": 0.185869453205744,
    "ulcer_index": 18.60080717786852,
    "upi": 0.21626053670558804,
    "us_allocation": 18
}