{
    "beta": 0.9790581396798105,
    "cagr": 0.08752267539672798,
    "end_val": 91561.37182397099,
    "max_drawdown": -0.5538565685872708,
    "mwrr": 0.08752267539672798,
    "sharpe": 0.3280975178207061,
    "sortino": 0.46002055246877543,
    "std": 0.19659380536293503,
    "ulcer_index": 15.96231450835066,
    "upi": 0.4041129939603179,
    "us_allocation": 98
}