{
    "beta": 0.8043991370523234,
    "cagr": 0.061837470941275896,
    "end_val": 48724.45036275606,
    "max_drawdown": -0.6018778485597521,
    "mwrr": 0.061837470941275896,
    "sharpe": 0.21844188427599473,
    "sortino": 0.30391128560770914,
    "std": 0.18568709541997494,
    "ulcer_index": 18.544395647751873,
    "upi": 0.21873522029467793,
    "us_allocation": 19
}