{
    "beta": 0.9305975370468793,
    "cagr": 0.08086319293044797,
    "end_val": 77858.6416012192,
    "max_drawdown": -0.5648135252080556,
    "mwrr": 0.08086319293044797,
    "sharpe": 0.3090949466100023,
    "sortino": 0.4321655559861949,
    "std": 0.18877523067287674,
    "ulcer_index": 16.28528610937174,
    "upi": 0.3583157797361007,
    "us_allocation": 76
}