{
    "beta": 0.8996970888765955,
    "cagr": 0.07642913506663729,
    "end_val": 69853.47842318185,
    "max_drawdown": -0.5740888847011094,
    "mwrr": 0.07642913506663729,
    "sharpe": 0.29217213790591595,
    "sortino": 0.407880066471253,
    "std": 0.18561672914303867,
    "ulcer_index": 16.695481551890605,
    "upi": 0.3248475646231487,
    "us_allocation": 62
}