{
    "beta": 0.8665256931953391,
    "cagr": 0.0715069926787486,
    "end_val": 61894.881624097885,
    "max_drawdown": -0.583899914576412,
    "mwrr": 0.0715069926787486,
    "sharpe": 0.2698968099711868,
    "sortino": 0.3762635469883457,
    "std": 0.18392779524495972,
    "ulcer_index": 17.23417874119481,
    "upi": 0.2880544559501054,
    "us_allocation": 47
}