{
    "beta": 0.981258483082632,
    "cagr": 0.08781649557323368,
    "end_val": 92216.50991182067,
    "max_drawdown": -0.5533752937366776,
    "mwrr": 0.08781649557323368,
    "sharpe": 0.3287506719072316,
    "sortino": 0.4610001030442557,
    "std": 0.19702629346535133,
    "ulcer_index": 15.953024725183939,
    "upi": 0.4060445969069947,
    "us_allocation": 99
}