{
    "beta": 0.8598827232361073,
    "cagr": 0.07050111753287958,
    "end_val": 60379.49645099451,
    "max_drawdown": -0.5858467641097083,
    "mwrr": 0.07050111753287958,
    "sharpe": 0.26495547413257237,
    "sortino": 0.36928406123040697,
    "std": 0.18380760855465555,
    "ulcer_index": 17.35458531447175,
    "upi": 0.280634862468796,
    "us_allocation": 44
}