{
    "beta": 0.8465875298768801,
    "cagr": 0.06846778140577259,
    "end_val": 57424.476143534994,
    "max_drawdown": -0.5897253880754045,
    "mwrr": 0.06846778140577259,
    "sharpe": 0.254621917451911,
    "sortino": 0.3547127472782406,
    "std": 0.18378841969996906,
    "ulcer_index": 17.606291634308096,
    "upi": 0.26580568219452605,
    "us_allocation": 38
}