{
    "beta": 0.8155147301242973,
    "cagr": 0.06361066585988806,
    "end_val": 50918.101385959,
    "max_drawdown": -0.598698685181819,
    "mwrr": 0.06361066585988806,
    "sharpe": 0.2284119869516104,
    "sortino": 0.3178773368775055,
    "std": 0.18489854718453066,
    "ulcer_index": 18.268954024656086,
    "upi": 0.2311818327676341,
    "us_allocation": 24
}