{
    "beta": 0.8110696784014614,
    "cagr": 0.06290383211275663,
    "end_val": 50032.50963103186,
    "max_drawdown": -0.5999719475064252,
    "mwrr": 0.06290383211275663,
    "sharpe": 0.22445791842534174,
    "sortino": 0.31233554727581214,
    "std": 0.18518928026742656,
    "ulcer_index": 18.37769479229966,
    "upi": 0.22619044077226455,
    "us_allocation": 22
}