{
    "beta": 0.9151540039239119,
    "cagr": 0.07866536375260513,
    "end_val": 73786.28869665028,
    "max_drawdown": -0.5694657451836976,
    "mwrr": 0.07866536375260513,
    "sharpe": 0.30110994857468304,
    "sortino": 0.42067083595879096,
    "std": 0.18701039049100646,
    "ulcer_index": 16.477634433839764,
    "upi": 0.34175870916170015,
    "us_allocation": 69
}