{
    "beta": 0.9482321437003399,
    "cagr": 0.08332821478037378,
    "end_val": 82683.33719152368,
    "max_drawdown": -0.5606179604571231,
    "mwrr": 0.08332821478037378,
    "sharpe": 0.3170576670284477,
    "sortino": 0.44372231060709316,
    "std": 0.19123083994155057,
    "ulcer_index": 16.138833763254265,
    "upi": 0.3757069033655147,
    "us_allocation": 84
}