{
    "beta": 0.7642978834331298,
    "cagr": 0.055284167162693576,
    "end_val": 41379.61022776218,
    "max_drawdown": -0.6132142967465787,
    "mwrr": 0.055284167162693576,
    "sharpe": 0.18064838776780184,
    "sortino": 0.25112449923281327,
    "std": 0.19021000150067724,
    "ulcer_index": 19.717429156506824,
    "upi": 0.17427148576101037,
    "us_allocation": 1
}