{
    "beta": 0.9746568834543262,
    "cagr": 0.08693272684489028,
    "end_val": 90259.44481717731,
    "max_drawdown": -0.554819803528728,
    "mwrr": 0.08693272684489028,
    "sharpe": 0.32673845910620175,
    "sortino": 0.45798939809160394,
    "std": 0.19574806382652116,
    "ulcer_index": 15.983859833283667,
    "upi": 0.4001675784295956,
    "us_allocation": 96
}