{
    "beta": 0.9261864085403179,
    "cagr": 0.08023914908558427,
    "end_val": 76680.87904277572,
    "max_drawdown": -0.5661457270691092,
    "mwrr": 0.08023914908558427,
    "sharpe": 0.3069108915722894,
    "sortino": 0.42901364634539163,
    "std": 0.18823380704732998,
    "ulcer_index": 16.337307853794776,
    "upi": 0.3536336915197344,
    "us_allocation": 74
}