{
    "beta": 0.8908581927715933,
    "cagr": 0.07513397494982232,
    "end_val": 67668.77407373714,
    "max_drawdown": -0.5767178086554062,
    "mwrr": 0.07513397494982232,
    "sharpe": 0.28664156252231554,
    "sortino": 0.4000003909160173,
    "std": 0.1849912158404994,
    "ulcer_index": 16.82919719647166,
    "upi": 0.31510036143393216,
    "us_allocation": 58
}