{
    "beta": 0.784365590190891,
    "cagr": 0.05859419425677492,
    "end_val": 44945.16422796075,
    "max_drawdown": -0.6075670960613978,
    "mwrr": 0.05859419425677492,
    "sharpe": 0.1998585432285052,
    "sortino": 0.2779319928333524,
    "std": 0.1876220395136654,
    "ulcer_index": 19.090807421272856,
    "upi": 0.19642364470241597,
    "us_allocation": 10
}