{
    "beta": 0.835498451540994,
    "cagr": 0.06675126216858218,
    "end_val": 55038.6535585972,
    "max_drawdown": -0.5929423824109954,
    "mwrr": 0.06675126216858218,
    "sharpe": 0.245578430485698,
    "sortino": 0.3419832512267347,
    "std": 0.18399895265024227,
    "ulcer_index": 17.828806529357728,
    "upi": 0.25345473668326685,
    "us_allocation": 33
}