{
    "beta": 0.7799091085655796,
    "cagr": 0.05786442256130786,
    "end_val": 44134.51917581718,
    "max_drawdown": -0.6088256348225481,
    "mwrr": 0.05786442256130786,
    "sharpe": 0.19563575769051908,
    "sortino": 0.2720352676198027,
    "std": 0.1881412001887455,
    "ulcer_index": 19.219840675101977,
    "upi": 0.1915108323565497,
    "us_allocation": 8
}