{
    "beta": 0.7999501063909579,
    "cagr": 0.06112248076769089,
    "end_val": 47865.89681630453,
    "max_drawdown": -0.6031458011580233,
    "mwrr": 0.06112248076769089,
    "sharpe": 0.21437806324269984,
    "sortino": 0.29822535053984517,
    "std": 0.1860600021554181,
    "ulcer_index": 18.65881275563921,
    "upi": 0.21377781008922792,
    "us_allocation": 17
}