{
    "beta": 0.8132924002790224,
    "cagr": 0.06325765584568699,
    "end_val": 50473.946592539425,
    "max_drawdown": -0.5993355832837515,
    "mwrr": 0.06325765584568699,
    "sharpe": 0.2264408115820408,
    "sortino": 0.31511414956908423,
    "std": 0.18503979378503593,
    "ulcer_index": 18.322972199476247,
    "upi": 0.22868552033212725,
    "us_allocation": 23
}