{
    "beta": 0.7865931971869017,
    "cagr": 0.058957843623745454,
    "end_val": 45354.44226660628,
    "max_drawdown": -0.6069370486355959,
    "mwrr": 0.058957843623745454,
    "sharpe": 0.2019584824070577,
    "sortino": 0.28086516775087295,
    "std": 0.18737455044379417,
    "ulcer_index": 19.027331453358407,
    "upi": 0.19888707741365996,
    "us_allocation": 11
}