{
    "beta": 0.9592461920086105,
    "cagr": 0.08484362351881902,
    "end_val": 85790.80737480072,
    "max_drawdown": -0.558198210593182,
    "mwrr": 0.08484362351881902,
    "sharpe": 0.32141502281887013,
    "sortino": 0.4501065287231527,
    "std": 0.1929946241834453,
    "ulcer_index": 16.06758998972577,
    "upi": 0.38608783558840554,
    "us_allocation": 89
}