{
    "beta": 0.9063231808011712,
    "cagr": 0.07739223303696408,
    "end_val": 71521.88229140406,
    "max_drawdown": -0.5721110687455646,
    "mwrr": 0.07739223303696408,
    "sharpe": 0.2961188073804119,
    "sortino": 0.41351900879646625,
    "std": 0.1861678330454823,
    "ulcer_index": 16.599466736935046,
    "upi": 0.3321234814002983,
    "us_allocation": 65
}