{
    "beta": 0.9173610199199904,
    "cagr": 0.07898168591987664,
    "end_val": 74359.51117430734,
    "max_drawdown": -0.568802934218988,
    "mwrr": 0.07898168591987664,
    "sharpe": 0.3023091096101454,
    "sortino": 0.4223924308629619,
    "std": 0.18724005698649565,
    "ulcer_index": 16.448151658065477,
    "upi": 0.344157020944309,
    "us_allocation": 70
}