{
    "beta": 0.8753783449129818,
    "cagr": 0.07283700671408844,
    "end_val": 63954.85762588016,
    "max_drawdown": -0.5812962204096096,
    "mwrr": 0.07283700671408844,
    "sharpe": 0.2762403941915195,
    "sortino": 0.3852386558928772,
    "std": 0.1842018804016981,
    "ulcer_index": 17.080533373909738,
    "upi": 0.2979206749094067,
    "us_allocation": 51
}