{
    "beta": 0.8731656714718397,
    "cagr": 0.07250569622175718,
    "end_val": 63435.62746519083,
    "max_drawdown": -0.5819479937326753,
    "mwrr": 0.07250569622175718,
    "sharpe": 0.27468122134626166,
    "sortino": 0.3830309489768151,
    "std": 0.18412121304263118,
    "ulcer_index": 17.118195871007206,
    "upi": 0.29545779269006506,
    "us_allocation": 50
}