{
    "beta": 0.8820144440985881,
    "cagr": 0.07382617497242494,
    "end_val": 65529.525933784986,
    "max_drawdown": -0.5793374828633042,
    "mwrr": 0.07382617497242494,
    "sharpe": 0.2808089840555949,
    "sortino": 0.3917148188734741,
    "std": 0.18449219800549682,
    "ulcer_index": 16.969943786327967,
    "upi": 0.30530221899386306,
    "us_allocation": 54
}