{
    "beta": 0.766529365165522,
    "cagr": 0.05565526328497761,
    "end_val": 41765.3819931125,
    "max_drawdown": -0.6125888814651851,
    "mwrr": 0.05565526328497761,
    "sharpe": 0.18280671496216136,
    "sortino": 0.25413393410188323,
    "std": 0.18989066258507192,
    "ulcer_index": 19.64204127866484,
    "upi": 0.1767333767941432,
    "us_allocation": 2
}