{
    "beta": 0.9195677655747003,
    "cagr": 0.0792972249914774,
    "end_val": 74935.58184801452,
    "max_drawdown": -0.5681395283679033,
    "mwrr": 0.0792972249914774,
    "sharpe": 0.30348878666106555,
    "sortino": 0.4240874898082917,
    "std": 0.18747726699109218,
    "ulcer_index": 16.419342229105062,
    "upi": 0.34654478344895373,
    "us_allocation": 71
}