{
    "beta": 0.8709526734508736,
    "cagr": 0.07217359081007158,
    "end_val": 62919.22309581187,
    "max_drawdown": -0.5825991996609639,
    "mwrr": 0.07217359081007158,
    "sharpe": 0.2731041302993947,
    "sortino": 0.3807990582180393,
    "std": 0.18404863102701383,
    "ulcer_index": 17.156286564858046,
    "upi": 0.2929935259944429,
    "us_allocation": 49
}