{
    "beta": 0.9548412404217527,
    "cagr": 0.08423978350503836,
    "end_val": 84539.3496348062,
    "max_drawdown": -0.5591654596191128,
    "mwrr": 0.08423978350503836,
    "sharpe": 0.3197284434666126,
    "sortino": 0.4476292203036766,
    "std": 0.19226842603391936,
    "ulcer_index": 16.09409424302654,
    "upi": 0.38198653262983856,
    "us_allocation": 87
}