{
    "beta": 0.9041147713778869,
    "cagr": 0.07707198703804874,
    "end_val": 70962.90071227125,
    "max_drawdown": -0.5727709266481508,
    "mwrr": 0.07707198703804874,
    "sharpe": 0.29482254279742104,
    "sortino": 0.4116653299112277,
    "std": 0.18597638332084288,
    "ulcer_index": 16.631090597536158,
    "upi": 0.3297013293307376,
    "us_allocation": 64
}