{
    "beta": 0.9416209736297868,
    "cagr": 0.08240966387109538,
    "end_val": 80852.79494204262,
    "max_drawdown": -0.5620948306372662,
    "mwrr": 0.08240966387109538,
    "sharpe": 0.3142158865552175,
    "sortino": 0.4395840300267965,
    "std": 0.19025631513839916,
    "ulcer_index": 16.18711324684125,
    "upi": 0.36933690103414046,
    "us_allocation": 81
}