{
    "beta": 0.886436935769764,
    "cagr": 0.07448165734989631,
    "end_val": 66593.47385188151,
    "max_drawdown": -0.5780287965416104,
    "mwrr": 0.07448165734989631,
    "sharpe": 0.2837626402739131,
    "sortino": 0.39590795739097656,
    "std": 0.18472579381624069,
    "ulcer_index": 16.898462287759916,
    "upi": 0.31021105698204815,
    "us_allocation": 56
}