{
    "beta": 0.7687604077720361,
    "cagr": 0.05602552856550602,
    "end_val": 42153.737396724835,
    "max_drawdown": -0.6119629558416387,
    "mwrr": 0.05602552856550602,
    "sharpe": 0.1849598024757757,
    "sortino": 0.2571367470822986,
    "std": 0.18957921618981557,
    "ulcer_index": 19.567330075201227,
    "upi": 0.17920338238027375,
    "us_allocation": 3
}