{
    "beta": 0.8310602624152039,
    "cagr": 0.06605901492612509,
    "end_val": 54103.72457448943,
    "max_drawdown": -0.5942253506426602,
    "mwrr": 0.06605901492612509,
    "sharpe": 0.2418581169855257,
    "sortino": 0.33675230967029857,
    "std": 0.18414100087737256,
    "ulcer_index": 17.921971637762,
    "upi": 0.24850895104184587,
    "us_allocation": 31
}