{
    "beta": 0.8775906964039802,
    "cagr": 0.07316752291901096,
    "end_val": 64476.91594871742,
    "max_drawdown": -0.5806438783738088,
    "mwrr": 0.07316752291901096,
    "sharpe": 0.2777815033915012,
    "sortino": 0.3874220365318941,
    "std": 0.18429061390261947,
    "ulcer_index": 17.04327245220433,
    "upi": 0.30038245485967086,
    "us_allocation": 52
}