{
    "beta": 0.8088465621339193,
    "cagr": 0.06254919389758085,
    "end_val": 49593.785012113585,
    "max_drawdown": -0.6006077790183906,
    "mwrr": 0.06254919389758085,
    "sharpe": 0.22246360130865667,
    "sortino": 0.3095419385954239,
    "std": 0.1853469987395886,
    "ulcer_index": 18.432841664721217,
    "upi": 0.22370026041071187,
    "us_allocation": 21
}