{
    "beta": 0.946028654595826,
    "cagr": 0.08302280760213954,
    "end_val": 82070.32333332166,
    "max_drawdown": -0.5611025572647358,
    "mwrr": 0.08302280760213954,
    "sharpe": 0.3161295038340844,
    "sortino": 0.4423686391767706,
    "std": 0.19089893625889864,
    "ulcer_index": 16.154331827983686,
    "upi": 0.3735980416476554,
    "us_allocation": 83
}