{
    "beta": 0.7732211840997748,
    "cagr": 0.05676357007146948,
    "end_val": 42938.227945219856,
    "max_drawdown": -0.610709569265082,
    "mwrr": 0.05676357007146948,
    "sharpe": 0.1892490170454431,
    "sortino": 0.26312075376283334,
    "std": 0.18898009770914123,
    "ulcer_index": 19.424028647200206,
    "upi": 0.18412832503249857,
    "us_allocation": 5
}