{
    "beta": 0.8974878103227402,
    "cagr": 0.07610652793760875,
    "end_val": 69303.03625727117,
    "max_drawdown": -0.5747469876361854,
    "mwrr": 0.07610652793760875,
    "sharpe": 0.2908181110821755,
    "sortino": 0.40594863061015934,
    "std": 0.18544858397569441,
    "ulcer_index": 16.72823879131205,
    "upi": 0.32241649516932036,
    "us_allocation": 61
}