{
    "beta": 0.9658520089502215,
    "cagr": 0.08574358440861896,
    "end_val": 87689.10847505367,
    "max_drawdown": -0.5567489849087947,
    "mwrr": 0.08574358440861896,
    "sharpe": 0.3238058385702015,
    "sortino": 0.45363388462601373,
    "std": 0.1941347744679418,
    "ulcer_index": 16.030078212709252,
    "upi": 0.39217329319320515,
    "us_allocation": 92
}