{
    "beta": 0.8377169930539524,
    "cagr": 0.0670961759004658,
    "end_val": 55510.2665960447,
    "max_drawdown": -0.5923000801419197,
    "mwrr": 0.0670961759004658,
    "sharpe": 0.24741702791852793,
    "sortino": 0.34456964086350705,
    "std": 0.18394032832160978,
    "ulcer_index": 17.782958987890726,
    "upi": 0.255929210070414,
    "us_allocation": 34
}