{
    "beta": 0.8554523800586105,
    "cagr": 0.06982654117018883,
    "end_val": 59383.2895344816,
    "max_drawdown": -0.5871418636175258,
    "mwrr": 0.06982654117018883,
    "sharpe": 0.2615764391845625,
    "sortino": 0.3645158981524751,
    "std": 0.18376836495213855,
    "ulcer_index": 17.43684909820759,
    "upi": 0.27568963432075133,
    "us_allocation": 42
}