{
    "beta": 0.8199582232023858,
    "cagr": 0.06431424776119066,
    "end_val": 51814.58593663081,
    "max_drawdown": -0.5974232826411552,
    "mwrr": 0.06431424776119066,
    "sharpe": 0.23231802424008244,
    "sortino": 0.3233556354518348,
    "std": 0.18464080047633857,
    "ulcer_index": 18.163270909723664,
    "upi": 0.23617395176393782,
    "us_allocation": 26
}