{
    "beta": 0.7754509220998025,
    "cagr": 0.05713134801819897,
    "end_val": 43334.377309640695,
    "max_drawdown": -0.6100821061493749,
    "mwrr": 0.05713134801819897,
    "sharpe": 0.19138452084859348,
    "sortino": 0.2661009285604227,
    "std": 0.18869247226374689,
    "ulcer_index": 19.354514842799713,
    "upi": 0.18659051436445034,
    "us_allocation": 6
}