{
    "beta": 0.8532366918095923,
    "cagr": 0.06948805311932715,
    "end_val": 58889.391363711475,
    "max_drawdown": -0.5877885771525645,
    "mwrr": 0.06948805311932715,
    "sharpe": 0.2598620555047575,
    "sortino": 0.362098039193372,
    "std": 0.18376104525113407,
    "ulcer_index": 17.478571946455276,
    "upi": 0.2732179565265963,
    "us_allocation": 41
}