{
    "beta": 0.7776802295312731,
    "cagr": 0.05749829856581834,
    "end_val": 43733.138749354046,
    "max_drawdown": -0.6094541283660766,
    "mwrr": 0.05749829856581834,
    "sharpe": 0.19351353883836234,
    "sortino": 0.2690725817283551,
    "std": 0.18841283258607475,
    "ulcer_index": 19.28561231969128,
    "upi": 0.18905977011032454,
    "us_allocation": 7
}