{
    "beta": 0.7620659604683121,
    "cagr": 0.054912239324169,
    "end_val": 40996.414798731734,
    "max_drawdown": -0.6138392027560153,
    "mwrr": 0.054912239324169,
    "sharpe": 0.17848512969903296,
    "sortino": 0.24810879254909224,
    "std": 0.19053720790721046,
    "ulcer_index": 19.798187402579966,
    "upi": 0.1717771261815985,
    "us_allocation": 0
}