{
    "beta": 0.8443704350743599,
    "cagr": 0.06812608604211845,
    "end_val": 56941.75186737103,
    "max_drawdown": -0.5903698860108446,
    "mwrr": 0.06812608604211845,
    "sharpe": 0.25284359923328253,
    "sortino": 0.3522080250024082,
    "std": 0.1838140180815458,
    "ulcer_index": 17.649797878500284,
    "upi": 0.2633351682217872,
    "us_allocation": 37
}