{
    "beta": 0.7709910133724802,
    "cagr": 0.056394963873203974,
    "end_val": 42544.68366448823,
    "max_drawdown": -0.6113365188013064,
    "mwrr": 0.056394963873203974,
    "sharpe": 0.1871073402278003,
    "sortino": 0.26013252785375596,
    "std": 0.18927568667389572,
    "ulcer_index": 19.49414372640025,
    "upi": 0.1816734426371553,
    "us_allocation": 4
}