{
    "beta": 0.9614483427568257,
    "cagr": 0.08514438322657103,
    "end_val": 86420.76236558815,
    "max_drawdown": -0.5577149146189503,
    "mwrr": 0.08514438322657103,
    "sharpe": 0.32223040246641016,
    "sortino": 0.4513073525792242,
    "std": 0.19336793721969256,
    "ulcer_index": 16.054682539135207,
    "upi": 0.3881278363147682,
    "us_allocation": 90
}