{
    "beta": 0.8332795421484468,
    "cagr": 0.06640554208199112,
    "end_val": 54569.80770701485,
    "max_drawdown": -0.593584138838124,
    "mwrr": 0.06640554208199112,
    "sharpe": 0.2437253752157525,
    "sortino": 0.3393773390637195,
    "std": 0.1840658429033897,
    "ulcer_index": 17.87514838244852,
    "upi": 0.2509811942624985,
    "us_allocation": 32
}