{
    "beta": 0.8576677230150964,
    "cagr": 0.07016422908542519,
    "end_val": 59879.99011609791,
    "max_drawdown": -0.5864945930275568,
    "mwrr": 0.07016422908542519,
    "sharpe": 0.2632743116457708,
    "sortino": 0.36691132662994036,
    "std": 0.18378388993604614,
    "ulcer_index": 17.395519391220773,
    "upi": 0.2781620014058936,
    "us_allocation": 43
}