{
    "beta": 0.9129467147939582,
    "cagr": 0.07834825793823819,
    "end_val": 73215.91459915129,
    "max_drawdown": -0.5701279626951347,
    "mwrr": 0.07834825793823819,
    "sharpe": 0.2998913156550337,
    "sortino": 0.4189226557210995,
    "std": 0.1867883016688555,
    "ulcer_index": 16.507490583172384,
    "upi": 0.3393563574899467,
    "us_allocation": 68
}