{
    "beta": 0.8643117057461374,
    "cagr": 0.07117249867304953,
    "end_val": 61386.93915949183,
    "max_drawdown": -0.5845494261709447,
    "mwrr": 0.07117249867304953,
    "sharpe": 0.2682669059824175,
    "sortino": 0.37396037411706307,
    "std": 0.18387957526670595,
    "ulcer_index": 17.273900749352492,
    "upi": 0.28558148751969903,
    "us_allocation": 46
}