{
    "beta": 0.8488042692523788,
    "cagr": 0.0688086739164473,
    "end_val": 57909.98830110201,
    "max_drawdown": -0.5890803381222212,
    "mwrr": 0.0688086739164473,
    "sharpe": 0.256384580549072,
    "sortino": 0.35719615650999237,
    "std": 0.18377106341894198,
    "ulcer_index": 17.563251852494837,
    "upi": 0.26827644417558516,
    "us_allocation": 39
}