{
    "beta": 0.9680535303351079,
    "cagr": 0.08604202681753392,
    "end_val": 88327.49266621907,
    "max_drawdown": -0.55626635324606,
    "mwrr": 0.08604202681753392,
    "sharpe": 0.3245661063454366,
    "sortino": 0.4547598212133485,
    "std": 0.1945282111851081,
    "ulcer_index": 16.01816768594665,
    "upi": 0.39418366136934485,
    "us_allocation": 93
}