{
    "beta": 0.9438249322056002,
    "cagr": 0.08271662413229852,
    "end_val": 81460.14187647888,
    "max_drawdown": -0.5615873673095944,
    "mwrr": 0.08271662413229852,
    "sharpe": 0.31518226566793167,
    "sortino": 0.44098924691540065,
    "std": 0.19057408100151538,
    "ulcer_index": 16.170132693865032,
    "upi": 0.37148133215595236,
    "us_allocation": 82
}