{
    "beta": 0.8842258456057421,
    "cagr": 0.07415431206288181,
    "end_val": 66060.08170437274,
    "max_drawdown": -0.578683426723729,
    "mwrr": 0.07415431206288181,
    "sharpe": 0.28229509973652883,
    "sortino": 0.3938238980248762,
    "std": 0.18460500571806157,
    "ulcer_index": 16.933899349995855,
    "upi": 0.30775943202523354,
    "us_allocation": 55
}