{
    "beta": 0.9768576074782906,
    "cagr": 0.08722808596832987,
    "end_val": 90909.01528311265,
    "max_drawdown": -0.5543380722033063,
    "mwrr": 0.08722808596832987,
    "sharpe": 0.32742682327643813,
    "sortino": 0.45901704153808065,
    "std": 0.1961677138090878,
    "ulcer_index": 15.972950491614657,
    "upi": 0.4021448473418989,
    "us_allocation": 97
}