{
    "beta": 0.983458640718843,
    "cagr": 0.08810954693732675,
    "end_val": 92874.4248522535,
    "max_drawdown": -0.5528942487106139,
    "mwrr": 0.08810954693732675,
    "sharpe": 0.3293864177861247,
    "sortino": 0.46195594897979364,
    "std": 0.197465132959733,
    "ulcer_index": 15.947695398967955,
    "upi": 0.40787223723176036,
    "us_allocation": 100
}