{
    "beta": 0.788820384595499,
    "cagr": 0.059320669772630064,
    "end_val": 45766.36611588036,
    "max_drawdown": -0.6063064810331512,
    "mwrr": 0.059320669772630064,
    "sharpe": 0.20405036783884423,
    "sortino": 0.283787658435562,
    "std": 0.1871351470405819,
    "ulcer_index": 18.964462556638047,
    "upi": 0.2013558293168933,
    "us_allocation": 12
}