{
    "beta": 0.8421529823349306,
    "cagr": 0.06778358713454691,
    "end_val": 56461.81155535317,
    "max_drawdown": -0.5910138331743315,
    "mwrr": 0.06778358713454691,
    "sharpe": 0.251049854533697,
    "sortino": 0.3496823540371382,
    "std": 0.18384786530734842,
    "ulcer_index": 17.69369276821055,
    "upi": 0.26086623500472006,
    "us_allocation": 36
}