{
    "beta": 0.868739348229314,
    "cagr": 0.07184068984266911,
    "end_val": 62405.64202200246,
    "max_drawdown": -0.5832498395067017,
    "mwrr": 0.07184068984266911,
    "sharpe": 0.2715092734258889,
    "sortino": 0.37854318576997065,
    "std": 0.18398415264080123,
    "ulcer_index": 17.194909775160795,
    "upi": 0.2905262977206304,
    "us_allocation": 48
}