{
    "beta": 0.7954994516846086,
    "cagr": 0.06040421708615651,
    "end_val": 47018.077048336134,
    "max_drawdown": -0.6044116459856977,
    "mwrr": 0.06040421708615651,
    "sharpe": 0.21027457559366358,
    "sortino": 0.2924869126167176,
    "std": 0.18646562276776713,
    "ulcer_index": 18.779307103218414,
    "upi": 0.20879434852033438,
    "us_allocation": 15
}