{
    "beta": 0.7977249831904347,
    "cagr": 0.060763758511793275,
    "end_val": 47440.64822533274,
    "max_drawdown": -0.6037789864729174,
    "mwrr": 0.060763758511793275,
    "sharpe": 0.21233112424142758,
    "sortino": 0.29536252173111194,
    "std": 0.1862587297957559,
    "ulcer_index": 18.718724347714108,
    "upi": 0.21128421963165786,
    "us_allocation": 16
}