{
    "beta": 0.9504354024272497,
    "cagr": 0.08363284616288835,
    "end_val": 83299.181175098,
    "max_drawdown": -0.560133577901446,
    "mwrr": 0.08363284616288835,
    "sharpe": 0.3179668264083485,
    "sortino": 0.4450502790859589,
    "std": 0.19156975068533116,
    "ulcer_index": 16.123629043364396,
    "upi": 0.37780800431841977,
    "us_allocation": 85
}