{
    "beta": 0.8266205821321667,
    "cagr": 0.06536353652432592,
    "end_val": 53179.82806611702,
    "max_drawdown": -0.5955061452353798,
    "mwrr": 0.06536353652432592,
    "sharpe": 0.2380820347054182,
    "sortino": 0.3314467515805516,
    "std": 0.18431612223947869,
    "ulcer_index": 18.017039363670047,
    "upi": 0.24356939204425027,
    "us_allocation": 29
}