{
    "beta": 0.851020655720305,
    "cagr": 0.0691487642604196,
    "end_val": 58398.2921443785,
    "max_drawdown": -0.5884347349001298,
    "mwrr": 0.0691487642604196,
    "sharpe": 0.25813136559377453,
    "sortino": 0.3596580169628723,
    "std": 0.18376194150777128,
    "ulcer_index": 17.520713468816535,
    "upi": 0.2707467269237774,
    "us_allocation": 40
}