{
    "beta": 0.9019060749837473,
    "cagr": 0.07675095457333136,
    "end_val": 70406.7663092989,
    "max_drawdown": -0.5734301981681882,
    "mwrr": 0.07675095457333136,
    "sharpe": 0.2935069685649192,
    "sortino": 0.40978565770293884,
    "std": 0.18579267201435679,
    "ulcer_index": 16.663088553368517,
    "upi": 0.32727610183903766,
    "us_allocation": 63
}