{
    "beta": 0.9702548478856916,
    "cagr": 0.08633969772186978,
    "end_val": 88968.67939373938,
    "max_drawdown": -0.5557839450986227,
    "mwrr": 0.08633969772186978,
    "sharpe": 0.3253082214682951,
    "sortino": 0.45586098008894116,
    "std": 0.194928267899663,
    "ulcer_index": 16.006490162707173,
    "upi": 0.39618633739018083,
    "us_allocation": 94
}