{
    "beta": 0.9570438255466643,
    "cagr": 0.08454209043722472,
    "end_val": 85163.6687769301,
    "max_drawdown": -0.5586817259363113,
    "mwrr": 0.08454209043722472,
    "sharpe": 0.32058106816594323,
    "sortino": 0.4488805196139489,
    "std": 0.19262810609935843,
    "ulcer_index": 16.080726933290407,
    "upi": 0.3840407084904196,
    "us_allocation": 88
}