{
    "beta": 0.9372123363629966,
    "cagr": 0.08179341095614001,
    "end_val": 79646.61235482949,
    "max_drawdown": -0.5631509113623576,
    "mwrr": 0.08179341095614001,
    "sharpe": 0.31222546827803016,
    "sortino": 0.4366954557231771,
    "std": 0.18964221338490014,
    "ulcer_index": 16.223463403283155,
    "upi": 0.3649929484618846,
    "us_allocation": 79
}