{
    "beta": 0.8952782365969796,
    "cagr": 0.07578313260168712,
    "end_val": 68755.43887850562,
    "max_drawdown": -0.5754045083565649,
    "mwrr": 0.07578313260168712,
    "sharpe": 0.28944495542990695,
    "sortino": 0.4039914510951869,
    "std": 0.18528826501747026,
    "ulcer_index": 16.761428629927853,
    "upi": 0.31998175433710513,
    "us_allocation": 60
}