{
    "beta": 0.9636502807487869,
    "cagr": 0.08544437003344107,
    "end_val": 87053.53052670823,
    "max_drawdown": -0.5572318390457828,
    "mwrr": 0.08544437003344107,
    "sharpe": 0.32302730650974354,
    "sortino": 0.4524830852477105,
    "std": 0.19374800185511915,
    "ulcer_index": 16.042257372960286,
    "upi": 0.39015446449749086,
    "us_allocation": 91
}