{
    "beta": 0.9398570002402192,
    "cagr": 0.07572505019118503,
    "end_val": 63827.61255727771,
    "max_drawdown": -0.5648135252080559,
    "mwrr": 0.07572505019118503,
    "sharpe": 0.2892294398438777,
    "sortino": 0.4043641186309143,
    "std": 0.18909727091356476,
    "ulcer_index": 16.53152561255708,
    "upi": 0.33086019684365,
    "us_allocation": 76
}