{
    "beta": 0.9606776255251326,
    "cagr": 0.07862466918713928,
    "end_val": 68343.21001738263,
    "max_drawdown": -0.5596494106152846,
    "mwrr": 0.07862466918713928,
    "sharpe": 0.29871647649376043,
    "sortino": 0.41817497021811856,
    "std": 0.19211820905033794,
    "ulcer_index": 16.352232033694445,
    "upi": 0.3509792209949884,
    "us_allocation": 86
}