{
    "beta": 0.8960677469808148,
    "cagr": 0.0693745425746668,
    "end_val": 54917.47290293436,
    "max_drawdown": -0.5786834267237292,
    "mwrr": 0.0693745425746668,
    "sharpe": 0.26356350036348464,
    "sortino": 0.3675918026001801,
    "std": 0.18500945926703616,
    "ulcer_index": 17.191287597771897,
    "upi": 0.28365940158763536,
    "us_allocation": 55
}