{
    "beta": 0.9523515028353713,
    "cagr": 0.07747439302329306,
    "end_val": 66516.32076477841,
    "max_drawdown": -0.5615873673095948,
    "mwrr": 0.07747439302329306,
    "sharpe": 0.29513189069756657,
    "sortino": 0.4129343973506023,
    "std": 0.19083023606861585,
    "ulcer_index": 16.41470515470346,
    "upi": 0.34313151412904846,
    "us_allocation": 82
}