{
    "beta": 0.9856410207154814,
    "cagr": 0.08199929975534648,
    "end_val": 73985.23708948854,
    "max_drawdown": -0.5538565685872708,
    "mwrr": 0.08199929975534648,
    "sharpe": 0.30783402421461004,
    "sortino": 0.43168563604579613,
    "std": 0.1965926454176433,
    "ulcer_index": 16.203448170006347,
    "upi": 0.37351494600404683,
    "us_allocation": 98
}