{
    "beta": 0.801833386250571,
    "cagr": 0.05454960288242661,
    "end_val": 38525.980898766684,
    "max_drawdown": -0.6075670960613975,
    "mwrr": 0.05454960288242661,
    "sharpe": 0.185615554774506,
    "sortino": 0.25790704205455334,
    "std": 0.18736921194742048,
    "ulcer_index": 19.387356200245435,
    "upi": 0.17939451550921234,
    "us_allocation": 10
}