{
    "beta": 0.9148466061252254,
    "cagr": 0.07213977417255135,
    "end_val": 58639.6163905827,
    "max_drawdown": -0.5727709266481508,
    "mwrr": 0.07213977417255135,
    "sharpe": 0.2755119868297034,
    "sortino": 0.3846350040801699,
    "std": 0.18637483553225057,
    "ulcer_index": 16.883312238640226,
    "upi": 0.3041572078464437,
    "us_allocation": 64
}