{
    "beta": 0.8144352809955844,
    "cagr": 0.056623841125704066,
    "end_val": 40497.144449038155,
    "max_drawdown": -0.6037789864729175,
    "mwrr": 0.056623841125704066,
    "sharpe": 0.19739665430642356,
    "sortino": 0.27437155060301704,
    "std": 0.186157589645158,
    "ulcer_index": 19.00822927762089,
    "upi": 0.193328430395374,
    "us_allocation": 16
}