{
    "beta": 0.9336071887994322,
    "cagr": 0.07483957840341504,
    "end_val": 62506.768097418826,
    "max_drawdown": -0.5668109262421437,
    "mwrr": 0.07483957840341504,
    "sharpe": 0.28603952754095446,
    "sortino": 0.3997561284532236,
    "std": 0.18832239608695003,
    "ulcer_index": 16.61183658392314,
    "upi": 0.32429458282155876,
    "us_allocation": 73
}