{
    "beta": 0.9502695409037706,
    "cagr": 0.07718483221498373,
    "end_val": 66063.87985252145,
    "max_drawdown": -0.562094830637267,
    "mwrr": 0.07718483221498373,
    "sharpe": 0.2941921414331933,
    "sortino": 0.41156545989436377,
    "std": 0.1905246757258751,
    "ulcer_index": 16.431913477180974,
    "upi": 0.3411335410586416,
    "us_allocation": 81
}