{
    "beta": 0.8668152935465782,
    "cagr": 0.06494191652730641,
    "end_val": 49419.98272307354,
    "max_drawdown": -0.5877885771525638,
    "mwrr": 0.06494191652730641,
    "sharpe": 0.24228824092841564,
    "sortino": 0.33745205607431267,
    "std": 0.18408339248573868,
    "ulcer_index": 17.74547572812268,
    "upi": 0.251352194509545,
    "us_allocation": 41
}