{
    "beta": 0.8542617975588352,
    "cagr": 0.06299294313424064,
    "end_val": 47173.8142054898,
    "max_drawdown": -0.5916572308063135,
    "mwrr": 0.06299294313424064,
    "sharpe": 0.23224626661056041,
    "sortino": 0.3232872916730473,
    "std": 0.18414263584113946,
    "ulcer_index": 18.009478964889592,
    "upi": 0.23747827006381111,
    "us_allocation": 35
}