{
    "beta": 0.9419398820033461,
    "cagr": 0.07601860551583739,
    "end_val": 64271.391963574264,
    "max_drawdown": -0.5642071746721873,
    "mwrr": 0.07601860551583739,
    "sharpe": 0.2902572949878079,
    "sortino": 0.40585213905662176,
    "std": 0.1893692484562654,
    "ulcer_index": 16.507974028688505,
    "upi": 0.3329880454991305,
    "us_allocation": 77
}