{
    "beta": 0.7871148750723429,
    "cagr": 0.052091059889334934,
    "end_val": 36308.86701855105,
    "max_drawdown": -0.6119629558416386,
    "mwrr": 0.052091059889334934,
    "sharpe": 0.17152860057225203,
    "sortino": 0.23824961062421818,
    "std": 0.18912705603670152,
    "ulcer_index": 19.87302360216142,
    "upi": 0.16324481884486283,
    "us_allocation": 3
}