{
    "beta": 0.9627587394062753,
    "cagr": 0.07891024914328848,
    "end_val": 68804.18729667987,
    "max_drawdown": -0.5591654596191125,
    "mwrr": 0.07891024914328848,
    "sharpe": 0.2995693155452643,
    "sortino": 0.4194266780593985,
    "std": 0.19245645053408716,
    "ulcer_index": 16.3373593359576,
    "upi": 0.35292202465889494,
    "us_allocation": 87
}