{
    "beta": 0.9252712812568057,
    "cagr": 0.07364771419828564,
    "end_val": 60770.282305359375,
    "max_drawdown": -0.5694657451836975,
    "mwrr": 0.07364771419828564,
    "sharpe": 0.2815378068499549,
    "sortino": 0.3932759004570401,
    "std": 0.1873862581819559,
    "ulcer_index": 16.727157756711353,
    "upi": 0.31541407927703463,
    "us_allocation": 69
}