{
    "beta": 0.9710816152426519,
    "cagr": 0.08004462842568594,
    "end_val": 70664.94915651104,
    "max_drawdown": -0.5572318390457831,
    "mwrr": 0.08004462842568594,
    "sharpe": 0.3028095268919757,
    "sortino": 0.42420296178106237,
    "std": 0.1938732791006993,
    "ulcer_index": 16.284667662202544,
    "upi": 0.36052859958203193,
    "us_allocation": 91
}