{
    "beta": 0.9065028200354535,
    "cagr": 0.07091888684388103,
    "end_val": 56967.29869479587,
    "max_drawdown": -0.575404508356565,
    "mwrr": 0.07091888684388103,
    "sharpe": 0.2703747704112464,
    "sortino": 0.37729385997513476,
    "std": 0.18569496144822484,
    "ulcer_index": 17.01587472561393,
    "upi": 0.29507968914267924,
    "us_allocation": 60
}