{
    "beta": 0.900242506931193,
    "cagr": 0.06999471612026475,
    "end_val": 55731.97574023548,
    "max_drawdown": -0.5773735909698462,
    "mwrr": 0.06999471612026475,
    "sharpe": 0.26633945376169393,
    "sortino": 0.3715419951038927,
    "std": 0.18526157771509708,
    "ulcer_index": 17.11982272601905,
    "upi": 0.2882360963506548,
    "us_allocation": 57
}