{
    "beta": 0.8772686638828836,
    "cagr": 0.06654341748101,
    "end_val": 51342.249743809254,
    "max_drawdown": -0.584549426170945,
    "mwrr": 0.06654341748101,
    "sharpe": 0.2502462565276914,
    "sortino": 0.3487013660655549,
    "std": 0.1842441765832,
    "ulcer_index": 17.53719963729891,
    "upi": 0.2629212176107145,
    "us_allocation": 46
}