{
    "beta": 0.9377739259954017,
    "cagr": 0.07543069427893334,
    "end_val": 63385.579238156344,
    "max_drawdown": -0.5654799272129044,
    "mwrr": 0.07543069427893334,
    "sharpe": 0.288183871933386,
    "sortino": 0.40285211594839565,
    "std": 0.18883211395734717,
    "ulcer_index": 16.557738889977472,
    "upi": 0.3286806029809055,
    "us_allocation": 75
}