{
    "beta": 0.9544332893786642,
    "cagr": 0.077763156584157,
    "end_val": 66970.47941128774,
    "max_drawdown": -0.5611025572647359,
    "mwrr": 0.077763156584157,
    "sharpe": 0.29605414408689773,
    "sortino": 0.4142797549613944,
    "std": 0.19114240618350464,
    "ulcer_index": 16.398637073247812,
    "upi": 0.3451047230079367,
    "us_allocation": 83
}