{
    "beta": 0.9752421465146527,
    "cagr": 0.08060706096181236,
    "end_val": 71605.35934610883,
    "max_drawdown": -0.5562663532460597,
    "mwrr": 0.08060706096181236,
    "sharpe": 0.30432806868847073,
    "sortino": 0.42645385095825195,
    "std": 0.19461947338772745,
    "ulcer_index": 16.26018836867215,
    "upi": 0.36427888205228487,
    "us_allocation": 93
}