{
    "beta": 0.7955276406375369,
    "cagr": 0.053501047497961585,
    "end_val": 37564.93576513885,
    "max_drawdown": -0.6094541283660779,
    "mwrr": 0.053501047497961585,
    "sharpe": 0.1796185069208859,
    "sortino": 0.24953492383261433,
    "std": 0.18807744310810537,
    "ulcer_index": 19.58586856711055,
    "upi": 0.1724881458146757,
    "us_allocation": 7
}