{
    "beta": 0.9481874007126142,
    "cagr": 0.07689447361269153,
    "end_val": 65613.16167945458,
    "max_drawdown": -0.5626228478425416,
    "mwrr": 0.07689447361269153,
    "sharpe": 0.2932348482650846,
    "sortino": 0.4101728326239542,
    "std": 0.19022576125194027,
    "ulcer_index": 16.45019230979104,
    "upi": 0.33911272749428023,
    "us_allocation": 80
}