{
    "beta": 0.7808013999285215,
    "cagr": 0.05102460195748204,
    "end_val": 35385.72882327759,
    "max_drawdown": -0.6138392027560151,
    "mwrr": 0.05102460195748204,
    "sharpe": 0.16540038204270818,
    "sortino": 0.22970821822397278,
    "std": 0.18999262593721133,
    "ulcer_index": 20.10839990165542,
    "upi": 0.15628166392359535,
    "us_allocation": 0
}