{
    "beta": 0.8647237726802475,
    "cagr": 0.06461914976439753,
    "end_val": 49041.03041091135,
    "max_drawdown": -0.58843473490013,
    "mwrr": 0.06461914976439753,
    "sharpe": 0.24065097670986105,
    "sortino": 0.33514040762658237,
    "std": 0.18407411039712257,
    "ulcer_index": 17.78836238470686,
    "upi": 0.24903908743516648,
    "us_allocation": 40
}