{
    "beta": 0.9461050793995839,
    "cagr": 0.07660331666583864,
    "end_val": 65164.17113831024,
    "max_drawdown": -0.5631509113623577,
    "mwrr": 0.07660331666583864,
    "sharpe": 0.29225996778799185,
    "sortino": 0.4087564417103943,
    "std": 0.1899335283793183,
    "ulcer_index": 16.46877311528103,
    "upi": 0.33708526636177544,
    "us_allocation": 79
}