{
    "beta": 0.8835373897002855,
    "cagr": 0.06749447731844516,
    "end_val": 52517.576133975796,
    "max_drawdown": -0.5825991996609641,
    "mwrr": 0.06749447731844516,
    "sharpe": 0.2548325987017169,
    "sortino": 0.35519646878219246,
    "std": 0.18443167484665396,
    "ulcer_index": 17.417525894957,
    "upi": 0.2698542107707546,
    "us_allocation": 49
}