{
    "beta": 0.8856264308596804,
    "cagr": 0.06780986133049693,
    "end_val": 52913.00480127835,
    "max_drawdown": -0.5819479937326747,
    "mwrr": 0.06780986133049693,
    "sharpe": 0.2563290809137196,
    "sortino": 0.3573180902732016,
    "std": 0.1845092550154112,
    "ulcer_index": 17.378772442100082,
    "upi": 0.2721587618003074,
    "us_allocation": 50
}