{
    "beta": 0.9106751752856802,
    "cagr": 0.07153094843899899,
    "end_val": 57799.86378937119,
    "max_drawdown": -0.5740888847011096,
    "mwrr": 0.07153094843899899,
    "sharpe": 0.2729783357473045,
    "sortino": 0.3810116603177544,
    "std": 0.18602040792706603,
    "ulcer_index": 16.9488138537928,
    "upi": 0.29962436331196085,
    "us_allocation": 62
}