{
    "beta": 0.7850107582802504,
    "cagr": 0.05173642947174084,
    "end_val": 35999.35708023489,
    "max_drawdown": -0.6125888814651848,
    "mwrr": 0.05173642947174084,
    "sharpe": 0.169491194778763,
    "sortino": 0.235409193710796,
    "std": 0.1894081480326586,
    "ulcer_index": 19.949190393737453,
    "upi": 0.16092865600154818,
    "us_allocation": 2
}