{
    "beta": 0.873088152507223,
    "cagr": 0.06590528080882518,
    "end_val": 50567.84560302016,
    "max_drawdown": -0.5858467641097085,
    "mwrr": 0.06590528080882518,
    "sharpe": 0.24710938564711404,
    "sortino": 0.34426437747607674,
    "std": 0.1841570365119769,
    "ulcer_index": 17.619302571342818,
    "upi": 0.25829316779192657,
    "us_allocation": 44
}