{
    "beta": 0.9814818767794987,
    "cagr": 0.08144477476922263,
    "end_val": 73028.3723362859,
    "max_drawdown": -0.5548198035287285,
    "mwrr": 0.08144477476922263,
    "sharpe": 0.30648093318744357,
    "sortino": 0.4296601278233589,
    "std": 0.19578511342081373,
    "ulcer_index": 16.225332285347747,
    "upi": 0.3698460369161963,
    "us_allocation": 96
}