{
    "beta": 0.847981027616986,
    "cagr": 0.06200729414379902,
    "end_val": 46075.5350268281,
    "max_drawdown": -0.5935841388381241,
    "mwrr": 0.06200729414379902,
    "sharpe": 0.22703584660879453,
    "sortino": 0.3159496348220021,
    "std": 0.18427596306473032,
    "ulcer_index": 18.14911590371649,
    "upi": 0.23053072626932936,
    "us_allocation": 32
}