{
    "beta": 0.9648396923892971,
    "cagr": 0.07919503452458199,
    "end_val": 69266.85559183158,
    "max_drawdown": -0.558681725936311,
    "mwrr": 0.07919503452458199,
    "sharpe": 0.3004049646028045,
    "sortino": 0.4206552504964726,
    "std": 0.19280111637372285,
    "ulcer_index": 16.32377005073815,
    "upi": 0.35483552021794995,
    "us_allocation": 88
}