{
    "beta": 0.8270247736387314,
    "cagr": 0.05866773799228997,
    "end_val": 42534.02989305298,
    "max_drawdown": -0.5999719475064254,
    "mwrr": 0.05866773799228997,
    "sharpe": 0.20884523423053628,
    "sortino": 0.29040048768612975,
    "std": 0.18522116706581848,
    "ulcer_index": 18.660834021120692,
    "upi": 0.20730159890130945,
    "us_allocation": 22
}