{
    "beta": 0.9211020664774263,
    "cagr": 0.07304695643227244,
    "end_val": 59912.66915319406,
    "max_drawdown": -0.570789588180037,
    "mwrr": 0.07304695643227244,
    "sharpe": 0.27918051224289747,
    "sortino": 0.38989151227240587,
    "std": 0.18696034226366415,
    "ulcer_index": 16.78829270720931,
    "upi": 0.3109256341494354,
    "us_allocation": 67
}