{
    "beta": 0.8102360509627146,
    "cagr": 0.05593580874491422,
    "end_val": 39832.803245295865,
    "max_drawdown": -0.6050437808309188,
    "mwrr": 0.05593580874491422,
    "sharpe": 0.19350371507075687,
    "sortino": 0.26892814639521767,
    "std": 0.18653099536828563,
    "ulcer_index": 19.132271061033812,
    "upi": 0.18866445219202663,
    "us_allocation": 14
}