{
    "beta": 0.7976299169727846,
    "cagr": 0.05385141544218852,
    "end_val": 37883.47166103954,
    "max_drawdown": -0.6088256348225486,
    "mwrr": 0.05385141544218852,
    "sharpe": 0.18162468321460173,
    "sortino": 0.2523350272589599,
    "std": 0.18783381702290936,
    "ulcer_index": 19.518842974093605,
    "upi": 0.1747870149378987,
    "us_allocation": 8
}