{
    "beta": 0.9231867812521348,
    "cagr": 0.0733477379515215,
    "end_val": 60340.58687250459,
    "max_drawdown": -0.5701279626951347,
    "mwrr": 0.0733477379515215,
    "sharpe": 0.2803680167672089,
    "sortino": 0.3915957279509318,
    "std": 0.18716976197636917,
    "ulcer_index": 16.757535736366986,
    "upi": 0.31317178065041784,
    "us_allocation": 68
}