{
    "beta": 0.935690656451332,
    "cagr": 0.07513553720806154,
    "end_val": 62945.296342759815,
    "max_drawdown": -0.5661457270691093,
    "mwrr": 0.07513553720806154,
    "sharpe": 0.2871205723944495,
    "sortino": 0.40131611419879093,
    "std": 0.18857381127198733,
    "ulcer_index": 16.584420527236354,
    "upi": 0.3264937253597635,
    "us_allocation": 74
}