{
    "beta": 0.9440225741113062,
    "cagr": 0.07631136081979006,
    "end_val": 64716.91300992723,
    "max_drawdown": -0.5636790205278198,
    "mwrr": 0.07631136081979006,
    "sharpe": 0.2912674613178206,
    "sortino": 0.4073162221006421,
    "std": 0.18964801246119609,
    "ulcer_index": 16.48771382619515,
    "upi": 0.3350501072616247,
    "us_allocation": 78
}