{
    "beta": 0.9565149034138302,
    "cagr": 0.07805112344008625,
    "end_val": 67426.35067459453,
    "max_drawdown": -0.5606179604571224,
    "mwrr": 0.07805112344008625,
    "sharpe": 0.29695895415104273,
    "sortino": 0.4156016085340862,
    "std": 0.19146114962489227,
    "ulcer_index": 16.382869945277772,
    "upi": 0.3470704691481948,
    "us_allocation": 84
}