{
    "beta": 0.9315235202401102,
    "cagr": 0.07454281728568501,
    "end_val": 62069.99861859335,
    "max_drawdown": -0.5674755261909362,
    "mwrr": 0.07454281728568501,
    "sharpe": 0.28494072894277284,
    "sortino": 0.39817215593301025,
    "std": 0.1880779011618234,
    "ulcer_index": 16.639643816702584,
    "upi": 0.3220901639353695,
    "us_allocation": 72
}