{
    "beta": 0.850074922006742,
    "cagr": 0.06233667264885212,
    "end_val": 46439.79004926487,
    "max_drawdown": -0.5929423824109947,
    "mwrr": 0.06233667264885212,
    "sharpe": 0.22878613627489883,
    "sortino": 0.3184136226761633,
    "std": 0.18422382317452812,
    "ulcer_index": 18.101940973738877,
    "upi": 0.23284760502189014,
    "us_allocation": 33
}