{
    "beta": 0.9773221958434563,
    "cagr": 0.08088708973132563,
    "end_val": 72078.05035576354,
    "max_drawdown": -0.5557839450986222,
    "mwrr": 0.08088708973132563,
    "sharpe": 0.3050622548030922,
    "sortino": 0.4275452035420421,
    "std": 0.1950018795497638,
    "ulcer_index": 16.248323326896855,
    "upi": 0.3661424196188534,
    "us_allocation": 94
}