{
    "beta": 0.8249273656966951,
    "cagr": 0.058329187817788286,
    "end_val": 42189.97274132422,
    "max_drawdown": -0.6006077790183912,
    "mwrr": 0.058329187817788286,
    "sharpe": 0.2069626534177216,
    "sortino": 0.2877622509729331,
    "std": 0.18535804473993006,
    "ulcer_index": 18.717005667320755,
    "upi": 0.20496763660911932,
    "us_allocation": 21
}