{
    "beta": 0.8458868256100085,
    "cagr": 0.061677085778275575,
    "end_val": 45713.11804768723,
    "max_drawdown": -0.59422535064266,
    "mwrr": 0.061677085778275575,
    "sharpe": 0.22527236335248674,
    "sortino": 0.3134680185948561,
    "std": 0.18433580543284234,
    "ulcer_index": 18.19678202970858,
    "upi": 0.22821486859303905,
    "us_allocation": 31
}