{
    "beta": 0.8605398641896848,
    "cagr": 0.06397114388358482,
    "end_val": 48288.63324979412,
    "max_drawdown": -0.5897253880754048,
    "mwrr": 0.06397114388358482,
    "sharpe": 0.23733219897271943,
    "sortino": 0.33045740341280183,
    "std": 0.1840785076977653,
    "ulcer_index": 17.87545711197385,
    "upi": 0.24441353796814252,
    "us_allocation": 38
}