{
    "beta": 0.9044162890363159,
    "cagr": 0.07061164101936157,
    "end_val": 56553.718466319406,
    "max_drawdown": -0.5760614482393046,
    "mwrr": 0.07061164101936157,
    "sharpe": 0.2690469225452615,
    "sortino": 0.37539978549424324,
    "std": 0.18554317072159687,
    "ulcer_index": 17.050145636087425,
    "upi": 0.29280065538465067,
    "us_allocation": 59
}