{
    "beta": 0.8228296244335054,
    "cagr": 0.057989799029565914,
    "end_val": 41847.74759132665,
    "max_drawdown": -0.6012430789832639,
    "mwrr": 0.057989799029565914,
    "sharpe": 0.20506952001728176,
    "sortino": 0.2851102463737336,
    "std": 0.18550260880130595,
    "ulcer_index": 18.77360980474968,
    "upi": 0.2026381985066172,
    "us_allocation": 20
}