{
    "beta": 0.927355569245853,
    "cagr": 0.07394688577288266,
    "end_val": 61201.7518791461,
    "max_drawdown": -0.5688029342189881,
    "mwrr": 0.07394688577288266,
    "sharpe": 0.28268986354289244,
    "sortino": 0.3949320285466639,
    "std": 0.18760980069111408,
    "ulcer_index": 16.697161025050345,
    "upi": 0.3176523207800231,
    "us_allocation": 70
}