{
    "beta": 0.8396023500148417,
    "cagr": 0.06068147378997879,
    "end_val": 44636.89383639086,
    "max_drawdown": -0.5961457304363662,
    "mwrr": 0.06068147378997879,
    "sharpe": 0.21990499472822714,
    "sortino": 0.3059214249048377,
    "std": 0.18456157017174288,
    "ulcer_index": 18.342685530889423,
    "upi": 0.2212756265694373,
    "us_allocation": 28
}