{
    "beta": 0.8312185986891089,
    "cagr": 0.05934232578082721,
    "end_val": 43227.64404259201,
    "max_drawdown": -0.5986986851818186,
    "mwrr": 0.05934232578082721,
    "sharpe": 0.2125777183976419,
    "sortino": 0.2956343932467487,
    "std": 0.1849704923459005,
    "ulcer_index": 18.550075785203866,
    "upi": 0.21197935491594513,
    "us_allocation": 24
}