{
    "beta": 0.8186331328849245,
    "cagr": 0.05730850229978035,
    "end_val": 41168.788950944705,
    "max_drawdown": -0.6025120889016814,
    "mwrr": 0.05730850229978035,
    "sharpe": 0.20125262984556164,
    "sortino": 0.27976634936705314,
    "std": 0.18581476981195916,
    "ulcer_index": 18.88809606010533,
    "upi": 0.1979935418087764,
    "us_allocation": 18
}