{
    "beta": 0.8207315475814908,
    "cagr": 0.05764957080089572,
    "end_val": 41507.35337754615,
    "max_drawdown": -0.6018778485597516,
    "mwrr": 0.05764957080089572,
    "sharpe": 0.2031660920564577,
    "sortino": 0.2824448199940743,
    "std": 0.18565485288016018,
    "ulcer_index": 18.830634405064135,
    "upi": 0.20031352370254055,
    "us_allocation": 19
}