{
    "beta": 0.9585963478299726,
    "cagr": 0.07833829412957916,
    "end_val": 67883.9293244225,
    "max_drawdown": -0.5601335779014464,
    "mwrr": 0.07833829412957916,
    "sharpe": 0.29784637785903334,
    "sortino": 0.4168999980046542,
    "std": 0.19178642961326517,
    "ulcer_index": 16.367402200736407,
    "upi": 0.34902866292951273,
    "us_allocation": 85
}