{
    "beta": 0.9085891145582194,
    "cagr": 0.0712253224388173,
    "end_val": 57382.681376777706,
    "max_drawdown": -0.5747469876361851,
    "mwrr": 0.0712253224388173,
    "sharpe": 0.27168526331503207,
    "sortino": 0.379164521781507,
    "std": 0.1858540489666751,
    "ulcer_index": 16.982123479783528,
    "upi": 0.2973538754047267,
    "us_allocation": 61
}