{
    "beta": 0.9731619539709156,
    "cagr": 0.08032624069428507,
    "end_val": 71134.323526966,
    "max_drawdown": -0.5567489849087951,
    "mwrr": 0.08032624069428507,
    "sharpe": 0.3035771900021525,
    "sortino": 0.4253397911022291,
    "std": 0.1942432602000104,
    "ulcer_index": 16.272290985480293,
    "upi": 0.3624078472804277,
    "us_allocation": 92
}