{
    "beta": 0.8814480831941015,
    "cagr": 0.06717827579949787,
    "end_val": 52123.97308456409,
    "max_drawdown": -0.5832498395067023,
    "mwrr": 0.06717827579949787,
    "sharpe": 0.2533198752376969,
    "sortino": 0.3530530204125958,
    "std": 0.18436162406631607,
    "ulcer_index": 17.45682317286711,
    "upi": 0.26754666088584184,
    "us_allocation": 48
}