{
    "beta": 0.9877203988280114,
    "cagr": 0.08227537844579569,
    "end_val": 74466.10612946715,
    "max_drawdown": -0.5533752937366782,
    "mwrr": 0.08227537844579569,
    "sharpe": 0.308486237278712,
    "sortino": 0.4326652228519793,
    "std": 0.19700542369281854,
    "ulcer_index": 16.19402299688983,
    "upi": 0.3753105848300341,
    "us_allocation": 99
}