{
    "beta": 0.9127610049081621,
    "cagr": 0.07183576547487869,
    "end_val": 58218.843104920634,
    "max_drawdown": -0.5734301981681886,
    "mwrr": 0.07183576547487869,
    "sharpe": 0.27425392813755234,
    "sortino": 0.38283517900311287,
    "std": 0.186194012328612,
    "ulcer_index": 16.91587585147237,
    "upi": 0.3018922099581555,
    "us_allocation": 63
}