{
    "beta": 0.806035425181821,
    "cagr": 0.05524439830894656,
    "end_val": 39175.753201093095,
    "max_drawdown": -0.6063064810331514,
    "mwrr": 0.05524439830894656,
    "sharpe": 0.18957595942148367,
    "sortino": 0.26343902936127556,
    "std": 0.18693490182975012,
    "ulcer_index": 19.2586149193672,
    "upi": 0.1840197048667232,
    "us_allocation": 12
}