{
    "beta": 0.7892186196490538,
    "cagr": 0.05244483598355898,
    "end_val": 36620.17748972708,
    "max_drawdown": -0.6113365188013062,
    "mwrr": 0.05244483598355898,
    "sharpe": 0.1735603086252816,
    "sortino": 0.24108284483229264,
    "std": 0.188853421226014,
    "ulcer_index": 19.798415712370662,
    "upi": 0.165561086014785,
    "us_allocation": 4
}