{
    "beta": 0.8291218505391226,
    "cagr": 0.05900545037454963,
    "end_val": 42879.92002790965,
    "max_drawdown": -0.5993355832837511,
    "mwrr": 0.05900545037454963,
    "sharpe": 0.21071700687771894,
    "sortino": 0.29302465140730244,
    "std": 0.18509198134744678,
    "ulcer_index": 18.605095108033268,
    "upi": 0.20963996947506178,
    "us_allocation": 23
}