{
    "beta": 0.9294396479827719,
    "cagr": 0.07424525327139442,
    "end_val": 61634.991913233665,
    "max_drawdown": -0.5681395283679033,
    "mwrr": 0.07424525327139442,
    "sharpe": 0.28382417350514083,
    "sortino": 0.3965641249711637,
    "std": 0.18784035877144212,
    "ulcer_index": 16.667852685139852,
    "upi": 0.3198804423614531,
    "us_allocation": 71
}