{
    "beta": 0.9690011273692444,
    "cagr": 0.07976222364907648,
    "end_val": 70197.24237767636,
    "max_drawdown": -0.557714914618951,
    "mwrr": 0.07976222364907648,
    "sharpe": 0.30202499093381746,
    "sortino": 0.4230433189999759,
    "std": 0.1935095690029385,
    "ulcer_index": 16.297295230481186,
    "upi": 0.3586417557069254,
    "us_allocation": 90
}