{
    "beta": 0.8751785459731231,
    "cagr": 0.06622475928992766,
    "end_val": 50954.13215822035,
    "max_drawdown": -0.5851983755855105,
    "mwrr": 0.06622475928992766,
    "sharpe": 0.24868565152802613,
    "sortino": 0.34649348513146194,
    "std": 0.18419681087044065,
    "ulcer_index": 17.578047844094684,
    "upi": 0.2606072489833237,
    "us_allocation": 45
}