{
    "beta": 0.852168511182651,
    "cagr": 0.06266522205884684,
    "end_val": 46805.88313310093,
    "max_drawdown": -0.5923000801419199,
    "mwrr": 0.06266522205884684,
    "sharpe": 0.23052301422302804,
    "sortino": 0.3208596247968988,
    "std": 0.18417938222572333,
    "ulcer_index": 18.055270630696068,
    "upi": 0.23516515769069352,
    "us_allocation": 34
}