{
    "beta": 0.8375068937229139,
    "cagr": 0.06034793822857343,
    "end_val": 44281.82704981306,
    "max_drawdown": -0.5967847758404201,
    "mwrr": 0.06034793822857343,
    "sharpe": 0.21809099927507017,
    "sortino": 0.30337314948048566,
    "std": 0.18465224102823302,
    "ulcer_index": 18.392336824707908,
    "upi": 0.21896529091240813,
    "us_allocation": 27
}