{
    "beta": 0.8898037274549764,
    "cagr": 0.06843817956618015,
    "end_val": 53709.33248957978,
    "max_drawdown": -0.5806438783738087,
    "mwrr": 0.06843817956618015,
    "sharpe": 0.25927280426665095,
    "sortino": 0.361495099445669,
    "std": 0.1846869329518156,
    "ulcer_index": 17.302549320270963,
    "upi": 0.2767635111104608,
    "us_allocation": 52
}