{
    "beta": 0.989799651732063,
    "cagr": 0.08255066857584903,
    "end_val": 74948.59037810602,
    "max_drawdown": -0.552894248710615,
    "mwrr": 0.08255066857584903,
    "sharpe": 0.30912237450126717,
    "sortino": 0.4336229823921692,
    "std": 0.19742415682265835,
    "ulcer_index": 16.18865217283172,
    "upi": 0.37700896047755184,
    "us_allocation": 100
}