{
    "beta": 0.7997318314715877,
    "cagr": 0.05420093360642375,
    "end_val": 38203.81936282743,
    "max_drawdown": -0.6081966244215838,
    "mwrr": 0.05420093360642375,
    "sharpe": 0.18362379055381353,
    "sortino": 0.255125857337704,
    "std": 0.18759773485374842,
    "ulcer_index": 19.45275919318306,
    "upi": 0.17708843323180795,
    "us_allocation": 9
}