{
    "beta": 0.8437923135932617,
    "cagr": 0.06134604678189359,
    "end_val": 45352.5390033423,
    "max_drawdown": -0.5948660190387538,
    "mwrr": 0.06134604678189359,
    "sharpe": 0.22349590878337722,
    "sortino": 0.31096919313949223,
    "std": 0.18440335297510307,
    "ulcer_index": 18.244930195343393,
    "upi": 0.22590031610272596,
    "us_allocation": 30
}