{
    "beta": 0.8689065288065341,
    "cagr": 0.06526386014204211,
    "end_val": 49800.76992168711,
    "max_drawdown": -0.5871418636175262,
    "mwrr": 0.06526386014204211,
    "sharpe": 0.24391051309778877,
    "sortino": 0.33974343471253926,
    "std": 0.18410031503937668,
    "ulcer_index": 17.703016169023666,
    "upi": 0.2536654975922187,
    "us_allocation": 42
}