{
    "beta": 0.8333150203915582,
    "cagr": 0.059678365022185265,
    "end_val": 43577.20274851131,
    "max_drawdown": -0.598061252027118,
    "mwrr": 0.059678365022185265,
    "sharpe": 0.21442711861052668,
    "sortino": 0.2982293192879599,
    "std": 0.18485670400928042,
    "ulcer_index": 18.495608549977433,
    "upi": 0.21432144074728143,
    "us_allocation": 25
}