{
    "beta": 0.8793585087740616,
    "cagr": 0.06686125608483517,
    "end_val": 51732.19715383598,
    "max_drawdown": -0.583899914576412,
    "mwrr": 0.06686125608483517,
    "sharpe": 0.25179104708336236,
    "sortino": 0.35088792394168633,
    "std": 0.18429911934835452,
    "ulcer_index": 17.496780194753754,
    "upi": 0.2652345824103869,
    "us_allocation": 47
}