{
    "beta": 0.7934250003626385,
    "cagr": 0.053149828876382754,
    "end_val": 37248.20957058729,
    "max_drawdown": -0.6100821061493742,
    "mwrr": 0.053149828876382754,
    "sharpe": 0.17760553608060367,
    "sortino": 0.2467259283154289,
    "std": 0.188328597080078,
    "ulcer_index": 19.656097024208417,
    "upi": 0.1701725441704072,
    "us_allocation": 6
}