{
    "beta": 0.9794021049358873,
    "cagr": 0.08116632750201624,
    "end_val": 72552.39018227639,
    "max_drawdown": -0.5553017615105059,
    "mwrr": 0.08116632750201624,
    "sharpe": 0.30577984351357196,
    "sortino": 0.42861391885392763,
    "std": 0.19539043938529396,
    "ulcer_index": 16.236703367462702,
    "upi": 0.3679981981540117,
    "us_allocation": 95
}