{
    "beta": 0.8981552505096767,
    "cagr": 0.06968503575398177,
    "end_val": 55323.818168508486,
    "max_drawdown": -0.57802879654161,
    "mwrr": 0.06968503575398177,
    "sharpe": 0.2649599936916189,
    "sortino": 0.3695784143458826,
    "std": 0.1851318227709632,
    "ulcer_index": 17.15524237732981,
    "upi": 0.285950659720467,
    "us_allocation": 56
}