{
    "beta": 0.9023295188890443,
    "cagr": 0.07030358432603512,
    "end_val": 56141.94330991033,
    "max_drawdown": -0.576717808655406,
    "mwrr": 0.07030358432603512,
    "sharpe": 0.2677017911835517,
    "sortino": 0.37348245503606203,
    "std": 0.1853987014734328,
    "ulcer_index": 17.084795200571996,
    "upi": 0.290519401484444,
    "us_allocation": 58
}