{
    "beta": 0.791321994058458,
    "cagr": 0.0527977586744639,
    "end_val": 36933.29089719251,
    "max_drawdown": -0.6107095692650822,
    "mwrr": 0.0527977586744639,
    "sharpe": 0.17558604518095589,
    "sortino": 0.24390843058797015,
    "std": 0.1885872622388918,
    "ulcer_index": 19.726949488378136,
    "upi": 0.1678634491250584,
    "us_allocation": 5
}