{
    "beta": 0.8354111179608805,
    "cagr": 0.06001356890451803,
    "end_val": 43928.5968712164,
    "max_drawdown": -0.5974232826411552,
    "mwrr": 0.06001356890451803,
    "sharpe": 0.21626496027987674,
    "sortino": 0.3008090169983066,
    "std": 0.184750619467609,
    "ulcer_index": 18.442441601381923,
    "upi": 0.21665725907434272,
    "us_allocation": 26
}