{
    "beta": 0.8877152092490802,
    "cagr": 0.06812442851986633,
    "end_val": 53310.2574864144,
    "max_drawdown": -0.5812962204096099,
    "mwrr": 0.06812442851986633,
    "sharpe": 0.25780919108894773,
    "sortino": 0.3594176936009485,
    "std": 0.1845943471228773,
    "ulcer_index": 17.340456003969514,
    "upi": 0.2744617755132093,
    "us_allocation": 51
}