{
    "beta": 0.8081359136331989,
    "cagr": 0.05559052621524185,
    "end_val": 39503.36763710579,
    "max_drawdown": -0.6056753921383798,
    "mwrr": 0.05559052621524185,
    "sharpe": 0.19154405424181253,
    "sortino": 0.2661891156688549,
    "std": 0.18672914179829722,
    "ulcer_index": 19.195112969266642,
    "upi": 0.18634000824628696,
    "us_allocation": 13
}