{
    "beta": 0.8584474716217179,
    "cagr": 0.06364590329843156,
    "end_val": 47915.18956651351,
    "max_drawdown": -0.5903698860108445,
    "mwrr": 0.06364590329843156,
    "sharpe": 0.23565106153749937,
    "sortino": 0.3280864827971121,
    "std": 0.18409220505400345,
    "ulcer_index": 17.919736410232048,
    "upi": 0.24210045491402074,
    "us_allocation": 37
}