{
    "beta": 0.8939799937103445,
    "cagr": 0.06906323592533092,
    "end_val": 54512.94214916193,
    "max_drawdown": -0.5793374828633051,
    "mwrr": 0.06906323592533092,
    "sharpe": 0.26215006914089295,
    "sortino": 0.3655823164541302,
    "std": 0.1848945091199133,
    "ulcer_index": 17.227953223768566,
    "upi": 0.2813626847275958,
    "us_allocation": 54
}