{
    "beta": 0.870997480957564,
    "cagr": 0.06558498133025048,
    "end_val": 50183.39118687798,
    "max_drawdown": -0.5864945930275568,
    "mwrr": 0.06558498133025048,
    "sharpe": 0.24551761798371916,
    "sortino": 0.3420142854196598,
    "std": 0.18412486700565245,
    "ulcer_index": 17.660957597381007,
    "upi": 0.25597921682084646,
    "us_allocation": 43
}