{
    "beta": 0.9835615143708402,
    "cagr": 0.08172243202444207,
    "end_val": 73505.9902125011,
    "max_drawdown": -0.5543380722033056,
    "mwrr": 0.08172243202444207,
    "sharpe": 0.30716562527902735,
    "sortino": 0.43068398480350495,
    "std": 0.19618586202403882,
    "ulcer_index": 16.214250784334716,
    "upi": 0.37168490753565236,
    "us_allocation": 97
}