{
    "beta": 0.803934583439631,
    "cagr": 0.05489742415638532,
    "end_val": 38849.95822023141,
    "max_drawdown": -0.6069370486355953,
    "mwrr": 0.05489742415638532,
    "sharpe": 0.18759970212226953,
    "sortino": 0.26067821809532693,
    "std": 0.18714826295680537,
    "ulcer_index": 19.32267564779853,
    "upi": 0.18170468254573907,
    "us_allocation": 11
}