{
    "beta": 0.8626319637202899,
    "cagr": 0.06429555912689588,
    "end_val": 48663.91370984183,
    "max_drawdown": -0.5890803381222212,
    "mwrr": 0.06429555912689588,
    "sharpe": 0.23899890087781572,
    "sortino": 0.33280877565721556,
    "std": 0.18407247900133952,
    "ulcer_index": 17.831653836973672,
    "upi": 0.24672664165974084,
    "us_allocation": 39
}