{
    "beta": 0.8416974891850934,
    "cagr": 0.06101417637926598,
    "end_val": 44993.7976954523,
    "max_drawdown": -0.59550614523538,
    "mwrr": 0.06101417637926598,
    "sharpe": 0.22170670919024849,
    "sortino": 0.3084535552060728,
    "std": 0.1844786075484022,
    "ulcer_index": 18.293563772761864,
    "upi": 0.22358719191956983,
    "us_allocation": 29
}