{
    "beta": 0.9169319816456337,
    "cagr": 0.07244297515377096,
    "end_val": 59062.180607905124,
    "max_drawdown": -0.5721110687455653,
    "mwrr": 0.07244297515377096,
    "sharpe": 0.27675246405426285,
    "sortino": 0.38641106579014783,
    "std": 0.18656285027354358,
    "ulcer_index": 16.85112858039721,
    "upi": 0.30641909581465676,
    "us_allocation": 65
}