{
    "beta": 0.9669204873990309,
    "cagr": 0.07947902585362288,
    "end_val": 69731.20921839082,
    "max_drawdown": -0.5581982105931816,
    "mwrr": 0.07947902585362288,
    "sharpe": 0.3012234972461753,
    "sortino": 0.4218607699031245,
    "std": 0.19315216860458304,
    "ulcer_index": 16.310415641679853,
    "upi": 0.35674212167461633,
    "us_allocation": 89
}