{
    "beta": 0.8563547835600637,
    "cagr": 0.06331983663056229,
    "end_val": 47543.58310208934,
    "max_drawdown": -0.5910138331743316,
    "mwrr": 0.06331983663056229,
    "sharpe": 0.23395568401017458,
    "sortino": 0.32569633259745556,
    "std": 0.18411357880307697,
    "ulcer_index": 17.964412112863616,
    "upi": 0.23978863081261492,
    "us_allocation": 36
}