{
    "beta": 0.9190171341873354,
    "cagr": 0.0727453690359694,
    "end_val": 59486.53261241247,
    "max_drawdown": -0.5714506230588101,
    "mwrr": 0.0727453690359694,
    "sharpe": 0.27797531789347074,
    "sortino": 0.3881632761986672,
    "std": 0.18675802867583774,
    "ulcer_index": 16.819438275780236,
    "upi": 0.30867562905796353,
    "us_allocation": 66
}