{
    "beta": 0.7829062672388456,
    "cagr": 0.05138094380498126,
    "end_val": 35691.645198187056,
    "max_drawdown": -0.6132142967465782,
    "mwrr": 0.05138094380498126,
    "sharpe": 0.16744836444078437,
    "sortino": 0.23256195648804903,
    "std": 0.18969667795495726,
    "ulcer_index": 20.026047997030748,
    "upi": 0.15862000385686792,
    "us_allocation": 1
}