{
    "beta": 0.8123358393520628,
    "cagr": 0.05628024676215082,
    "end_val": 40164.06166335655,
    "max_drawdown": -0.6044116459856971,
    "mwrr": 0.05628024676215082,
    "sharpe": 0.19545467148155962,
    "sortino": 0.27165575346277904,
    "std": 0.18634047430932288,
    "ulcer_index": 19.06995610347078,
    "upi": 0.190994178013422,
    "us_allocation": 15
}