{
    "beta": 0.8918919880734919,
    "cagr": 0.06875111514449705,
    "end_val": 54110.228010740626,
    "max_drawdown": -0.5799909663015482,
    "mwrr": 0.06875111514449705,
    "sharpe": 0.2607198013505979,
    "sortino": 0.3635500387430246,
    "std": 0.18478699352612163,
    "ulcer_index": 17.26504839457072,
    "upi": 0.2790638687363667,
    "us_allocation": 53
}