{
    "beta": 0.8165343781001245,
    "cagr": 0.056966592688923345,
    "end_val": 40832.053079547215,
    "max_drawdown": -0.6031458011580242,
    "mwrr": 0.056966592688923345,
    "sharpe": 0.19932939580700798,
    "sortino": 0.27707518093653394,
    "std": 0.18598235164445018,
    "ulcer_index": 18.947187918768478,
    "upi": 0.19566603976363017,
    "us_allocation": 17
}