{
    "beta": 0.8024833853331378,
    "cagr": 0.041843217847222336,
    "end_val": 27181.62690999474,
    "max_drawdown": -0.6138392027560154,
    "mwrr": 0.041843217847222336,
    "sharpe": 0.12385511821543617,
    "sortino": 0.17174433306423892,
    "std": 0.19205544389573773,
    "ulcer_index": 20.50761618867558,
    "upi": 0.1159977860156716,
    "us_allocation": 0
}