{
    "beta": 0.9129502969133736,
    "cagr": 0.06282994775906103,
    "end_val": 44214.44283509275,
    "max_drawdown": -0.5767178086554067,
    "mwrr": 0.06282994775906103,
    "sharpe": 0.23352889591708353,
    "sortino": 0.3253047221395224,
    "std": 0.18740709785880288,
    "ulcer_index": 17.42137824646144,
    "upi": 0.2512357224329674,
    "us_allocation": 58
}