{
    "beta": 0.8387851939811691,
    "cagr": 0.04902849629327011,
    "end_val": 32143.284746027337,
    "max_drawdown": -0.6018778485597513,
    "mwrr": 0.04902849629327011,
    "sharpe": 0.16323089453971237,
    "sortino": 0.2266153863228478,
    "std": 0.18790472558140614,
    "ulcer_index": 19.204910364771948,
    "upi": 0.1597192121936009,
    "us_allocation": 19
}