{
    "beta": 0.9356928757050057,
    "cagr": 0.06682530961141753,
    "end_val": 48452.39540434552,
    "max_drawdown": -0.5688029342189884,
    "mwrr": 0.06682530961141753,
    "sharpe": 0.2509463766564223,
    "sortino": 0.3499944447967899,
    "std": 0.18937766723896649,
    "ulcer_index": 17.023229040708188,
    "upi": 0.2791942067794866,
    "us_allocation": 70
}