{
    "beta": 0.8196944932026091,
    "cagr": 0.04528503718048715,
    "end_val": 29458.92619324825,
    "max_drawdown": -0.6081966244215835,
    "mwrr": 0.04528503718048715,
    "sharpe": 0.14275412174779806,
    "sortino": 0.19805501841148665,
    "std": 0.1897727814750002,
    "ulcer_index": 19.839169271874464,
    "upi": 0.1365607403358925,
    "us_allocation": 9
}