{
    "beta": 0.8349697175785703,
    "cagr": 0.0482865694013932,
    "end_val": 31593.284559213018,
    "max_drawdown": -0.6031458011580235,
    "mwrr": 0.0482865694013932,
    "sharpe": 0.15919077555609726,
    "sortino": 0.22097526026722428,
    "std": 0.18822159908039748,
    "ulcer_index": 19.32374072524421,
    "upi": 0.1550690145507389,
    "us_allocation": 17
}