{
    "beta": 0.8406924445388833,
    "cagr": 0.049398195773214804,
    "end_val": 32420.76405541188,
    "max_drawdown": -0.6012430789832638,
    "mwrr": 0.049398195773214804,
    "sharpe": 0.1652392430138176,
    "sortino": 0.22942028012327417,
    "std": 0.18775696676766104,
    "ulcer_index": 19.14677117166134,
    "upi": 0.16204787612275912,
    "us_allocation": 20
}