{
    "beta": 0.836877619053077,
    "cagr": 0.04865795443553367,
    "end_val": 31867.459272374886,
    "max_drawdown": -0.6025120889016815,
    "mwrr": 0.04865795443553367,
    "sharpe": 0.16121465735769255,
    "sortino": 0.22380026771276176,
    "std": 0.18805960494199114,
    "ulcer_index": 19.263494234755022,
    "upi": 0.15739614957809583,
    "us_allocation": 18
}