{
    "beta": 0.8977704089331288,
    "cagr": 0.060101225347056086,
    "end_val": 41526.87747200375,
    "max_drawdown": -0.5819479937326751,
    "mwrr": 0.060101225347056086,
    "sharpe": 0.2206955521009999,
    "sortino": 0.3071983594846679,
    "std": 0.18663632572738695,
    "ulcer_index": 17.7226174922177,
    "upi": 0.23243306242305686,
    "us_allocation": 50
}