{
    "beta": 0.9072596400035717,
    "cagr": 0.06181280720925297,
    "end_val": 43193.70377753762,
    "max_drawdown": -0.5786834267237291,
    "mwrr": 0.06181280720925297,
    "sharpe": 0.22882700766758313,
    "sortino": 0.31866397169192373,
    "std": 0.18706638961192057,
    "ulcer_index": 17.53057433723289,
    "upi": 0.24419890169784234,
    "us_allocation": 55
}