{
    "beta": 0.9375867347503799,
    "cagr": 0.06715298996938213,
    "end_val": 48816.74723010344,
    "max_drawdown": -0.5681395283679036,
    "mwrr": 0.06715298996938213,
    "sharpe": 0.25229471835349115,
    "sortino": 0.35191263613782825,
    "std": 0.1895849636774641,
    "ulcer_index": 16.99306990318786,
    "upi": 0.2815003583493171,
    "us_allocation": 71
}