{
    "beta": 0.9678637031178488,
    "cagr": 0.07228640748976378,
    "end_val": 54879.38912870379,
    "max_drawdown": -0.5591654596191128,
    "mwrr": 0.07228640748976378,
    "sharpe": 0.2716586703955888,
    "sortino": 0.3796263021395986,
    "std": 0.19376745491784467,
    "ulcer_index": 16.650942723841627,
    "upi": 0.31615886034124896,
    "us_allocation": 87
}