{
    "beta": 0.8711661618801549,
    "cagr": 0.05519945556249972,
    "end_val": 37087.62855651582,
    "max_drawdown": -0.5910138331743319,
    "mwrr": 0.05519945556249972,
    "sharpe": 0.1961073941953818,
    "sortino": 0.2726361858897884,
    "std": 0.1863633468952898,
    "ulcer_index": 18.321240485186387,
    "upi": 0.1994954279908714,
    "us_allocation": 36
}