{
    "beta": 0.9754264445800307,
    "cagr": 0.07353770964349637,
    "end_val": 56463.14192937862,
    "max_drawdown": -0.5572318390457836,
    "mwrr": 0.07353770964349637,
    "sharpe": 0.27584933836897424,
    "sortino": 0.3856806816380086,
    "std": 0.1950592132799257,
    "ulcer_index": 16.595752360680525,
    "upi": 0.32425103409151856,
    "us_allocation": 91
}