{
    "beta": 0.8920738763241665,
    "cagr": 0.05906443984512033,
    "end_val": 40547.39215918408,
    "max_drawdown": -0.5838999145764122,
    "mwrr": 0.05906443984512033,
    "sharpe": 0.21564552277401217,
    "sortino": 0.3000884787857993,
    "std": 0.1864617088721278,
    "ulcer_index": 17.843319348111145,
    "upi": 0.2253668075643086,
    "us_allocation": 47
}