{
    "beta": 0.8749700404803128,
    "cagr": 0.05590961912942394,
    "end_val": 37701.33826963544,
    "max_drawdown": -0.5897253880754044,
    "mwrr": 0.05590961912942394,
    "sharpe": 0.19977282290289086,
    "sortino": 0.2777806957289034,
    "std": 0.18631750518602067,
    "ulcer_index": 18.23036942455877,
    "upi": 0.20418713088657786,
    "us_allocation": 38
}