{
    "beta": 0.9773167737029432,
    "cagr": 0.07384854054883405,
    "end_val": 56863.29942307824,
    "max_drawdown": -0.556748984908795,
    "mwrr": 0.07384854054883405,
    "sharpe": 0.27685673707655994,
    "sortino": 0.38714027710991245,
    "std": 0.19539697558472494,
    "ulcer_index": 16.582755041139826,
    "upi": 0.3262542449803183,
    "us_allocation": 92
}