{
    "beta": 0.8939729759181788,
    "cagr": 0.059410856212848584,
    "end_val": 40872.171916033374,
    "max_drawdown": -0.5832498395067014,
    "mwrr": 0.059410856212848584,
    "sharpe": 0.21734279221088496,
    "sortino": 0.3024771863063597,
    "std": 0.1865129264963397,
    "ulcer_index": 17.802455522592965,
    "upi": 0.22772459586010285,
    "us_allocation": 48
}