{
    "beta": 0.8330614873942255,
    "cagr": 0.04791434038692666,
    "end_val": 31320.75747287396,
    "max_drawdown": -0.6037789864729172,
    "mwrr": 0.04791434038692666,
    "sharpe": 0.15715949437786425,
    "sortino": 0.2181406158248843,
    "std": 0.1883907015809774,
    "ulcer_index": 19.385974733725227,
    "upi": 0.15273587521771387,
    "us_allocation": 16
}