{
    "beta": 0.9565149988973993,
    "cagr": 0.07038546550932923,
    "end_val": 52554.646505725745,
    "max_drawdown": -0.5620948306372665,
    "mwrr": 0.07038546550932923,
    "sharpe": 0.26488596240152634,
    "sortino": 0.3698917701368439,
    "std": 0.19201129242148576,
    "ulcer_index": 16.749418734997224,
    "upi": 0.30368648875840926,
    "us_allocation": 81
}