{
    "beta": 0.9848767527490042,
    "cagr": 0.07508389969217566,
    "end_val": 58480.72622649338,
    "max_drawdown": -0.5548198035287284,
    "mwrr": 0.07508389969217566,
    "sharpe": 0.2807266249497558,
    "sortino": 0.39276355535746477,
    "std": 0.19680630808525454,
    "ulcer_index": 16.5333171834344,
    "upi": 0.3341970429394648,
    "us_allocation": 96
}