{
    "beta": 0.926220545419644,
    "cagr": 0.06517477448983966,
    "end_val": 46656.444841420824,
    "max_drawdown": -0.572111068745565,
    "mwrr": 0.06517477448983966,
    "sharpe": 0.24396439726953542,
    "sortino": 0.34007884599947097,
    "std": 0.18843974283131415,
    "ulcer_index": 17.181518238767943,
    "upi": 0.26759349069272675,
    "us_allocation": 65
}