{
    "beta": 0.8578434680295068,
    "cagr": 0.05268771326914701,
    "end_val": 34992.97819024073,
    "max_drawdown": -0.5955061452353798,
    "mwrr": 0.05268771326914701,
    "sharpe": 0.18291986328626364,
    "sortino": 0.25414887663448343,
    "std": 0.1867481871202905,
    "ulcer_index": 18.65722835706342,
    "upi": 0.18310573155017176,
    "us_allocation": 29
}