{
    "beta": 0.8177835570086172,
    "cagr": 0.044906026736669435,
    "end_val": 29199.460492065307,
    "max_drawdown": -0.6088256348225483,
    "mwrr": 0.044906026736669435,
    "sharpe": 0.14067256671341777,
    "sortino": 0.19515497144263977,
    "std": 0.18999844446851588,
    "ulcer_index": 19.906540046456346,
    "upi": 0.13427345731501653,
    "us_allocation": 8
}