{
    "beta": 0.8863750152177141,
    "cagr": 0.05802025566442226,
    "end_val": 39583.331193278245,
    "max_drawdown": -0.585846764109709,
    "mwrr": 0.05802025566442226,
    "sharpe": 0.21047203892495595,
    "sortino": 0.29281199623539567,
    "std": 0.1863501489019858,
    "ulcer_index": 17.96859250020258,
    "upi": 0.218295629690018,
    "us_allocation": 44
}