{
    "beta": 0.8692637954444705,
    "cagr": 0.054843129748908925,
    "end_val": 36783.31957876876,
    "max_drawdown": -0.5916572308063133,
    "mwrr": 0.054843129748908925,
    "sharpe": 0.1942569856126012,
    "sortino": 0.2700400830503643,
    "std": 0.18639693789182224,
    "ulcer_index": 18.367271622989684,
    "upi": 0.1971532357610818,
    "us_allocation": 35
}