{
    "beta": 0.8901745180014249,
    "cagr": 0.058717201405068975,
    "end_val": 40224.32626866533,
    "max_drawdown": -0.5845494261709453,
    "mwrr": 0.058717201405068975,
    "sharpe": 0.21393453319198863,
    "sortino": 0.29768128770929314,
    "std": 0.1864174980049676,
    "ulcer_index": 17.884651073927987,
    "upi": 0.22300901178923124,
    "us_allocation": 46
}