{
    "beta": 0.8158722732214154,
    "cagr": 0.044526164834028936,
    "end_val": 28941.61168238987,
    "max_drawdown": -0.6094541283660775,
    "mwrr": 0.044526164834028936,
    "sharpe": 0.13858584843550448,
    "sortino": 0.19224825386623046,
    "std": 0.1902311300940837,
    "ulcer_index": 19.974871133007152,
    "upi": 0.1319905115722907,
    "us_allocation": 7
}