{
    "beta": 0.9167429105106356,
    "cagr": 0.0635039648485578,
    "end_val": 44903.54506120899,
    "max_drawdown": -0.5754045083565651,
    "mwrr": 0.0635039648485578,
    "sharpe": 0.23658779746960593,
    "sortino": 0.329630134619905,
    "std": 0.18766836486912958,
    "ulcer_index": 17.350670752889897,
    "upi": 0.25592025115148226,
    "us_allocation": 60
}