{
    "beta": 0.922430146678864,
    "cagr": 0.06450888762960783,
    "end_val": 45950.11723694885,
    "max_drawdown": -0.5734301981681891,
    "mwrr": 0.06450888762960783,
    "sharpe": 0.24106059727292414,
    "sortino": 0.33596256312216183,
    "std": 0.1881110386810988,
    "ulcer_index": 17.248020673158035,
    "upi": 0.2629293918322299,
    "us_allocation": 63
}