{
    "beta": 0.8043971583277411,
    "cagr": 0.042229064314692755,
    "end_val": 27428.26354580155,
    "max_drawdown": -0.6132142967465787,
    "mwrr": 0.042229064314692755,
    "sharpe": 0.12597103153661193,
    "sortino": 0.17468771742256461,
    "std": 0.19177398054629702,
    "ulcer_index": 20.423648727291663,
    "upi": 0.11829097583662836,
    "us_allocation": 1
}