{
    "beta": 0.9243254534846318,
    "cagr": 0.06484223683536716,
    "end_val": 46302.41982511185,
    "max_drawdown": -0.5727709266481499,
    "mwrr": 0.06484223683536716,
    "sharpe": 0.242520357892814,
    "sortino": 0.3380313066521294,
    "std": 0.1882720473572341,
    "ulcer_index": 17.214578299246835,
    "upi": 0.26526238388722995,
    "us_allocation": 64
}