{
    "beta": 0.8139606398105489,
    "cagr": 0.04414545061409969,
    "end_val": 28685.376078587266,
    "max_drawdown": -0.6100821061493752,
    "mwrr": 0.04414545061409969,
    "sharpe": 0.13649421607092885,
    "sortino": 0.18933520416394245,
    "std": 0.19047082585669178,
    "ulcer_index": 20.046470584437685,
    "upi": 0.1296972434350809,
    "us_allocation": 6
}