{
    "beta": 0.8654581964290992,
    "cagr": 0.054127986500616565,
    "end_val": 36179.783416377075,
    "max_drawdown": -0.592942382410995,
    "mwrr": 0.054127986500616565,
    "sharpe": 0.1905217991878887,
    "sortino": 0.264801601636343,
    "std": 0.18648548912677654,
    "ulcer_index": 18.461698682337314,
    "upi": 0.19246455691720857,
    "us_allocation": 33
}