{
    "beta": 0.8958718192842106,
    "cagr": 0.05975645116333905,
    "end_val": 41198.66666892288,
    "max_drawdown": -0.5825991996609644,
    "mwrr": 0.05975645116333905,
    "sharpe": 0.21902618573293292,
    "sortino": 0.30484720170418417,
    "std": 0.18657113696777403,
    "ulcer_index": 17.762261022721752,
    "upi": 0.23007958930181197,
    "us_allocation": 49
}