{
    "beta": 0.9300100953544085,
    "cagr": 0.06583741745705929,
    "end_val": 47369.66116295445,
    "max_drawdown": -0.5707895881800367,
    "mwrr": 0.06583741745705929,
    "sharpe": 0.24680502329048007,
    "sortino": 0.3441097998909468,
    "std": 0.18879509796350546,
    "ulcer_index": 17.116944877042982,
    "upi": 0.2722430518284402,
    "us_allocation": 67
}