{
    "beta": 0.971645364645685,
    "cagr": 0.07291365522373217,
    "end_val": 55667.88507571243,
    "max_drawdown": -0.5581982105931816,
    "mwrr": 0.07291365522373217,
    "sharpe": 0.2737862976191554,
    "sortino": 0.3826967843618898,
    "std": 0.19440140947000067,
    "ulcer_index": 16.622747524196292,
    "upi": 0.32021978070213075,
    "us_allocation": 89
}