{
    "beta": 0.9867664278523349,
    "cagr": 0.07539075065236278,
    "end_val": 58889.26752882982,
    "max_drawdown": -0.5543380722033069,
    "mwrr": 0.07539075065236278,
    "sharpe": 0.2816544407453576,
    "sortino": 0.39411581914959315,
    "std": 0.1971730417825912,
    "ulcer_index": 16.521594971111615,
    "upi": 0.33616473839674266,
    "us_allocation": 97
}