{
    "beta": 0.9451602382577443,
    "cagr": 0.06845564100018309,
    "end_val": 50291.33620036743,
    "max_drawdown": -0.5654799272129042,
    "mwrr": 0.06845564100018309,
    "sharpe": 0.2575263961010036,
    "sortino": 0.35936745834659245,
    "std": 0.1904789651838918,
    "ulcer_index": 16.879638058276157,
    "upi": 0.2906328712666074,
    "us_allocation": 75
}