{
    "beta": 0.9659726470376789,
    "cagr": 0.07197158492692401,
    "end_val": 54487.68240942875,
    "max_drawdown": -0.559649410615285,
    "mwrr": 0.07197158492692401,
    "sharpe": 0.2705705525680432,
    "sortino": 0.378058505385128,
    "std": 0.19345950333185225,
    "ulcer_index": 16.666463300647383,
    "upi": 0.3140992407623459,
    "us_allocation": 86
}