{
    "beta": 0.8806737586461769,
    "cagr": 0.05696865486587854,
    "end_val": 38634.660051411454,
    "max_drawdown": -0.5877885771525639,
    "mwrr": 0.05696865486587854,
    "sharpe": 0.20517954355037415,
    "sortino": 0.28537377295766875,
    "std": 0.1863019857525402,
    "ulcer_index": 18.097555493072438,
    "upi": 0.21123505842253135,
    "us_allocation": 41
}