{
    "beta": 0.9015668371734001,
    "cagr": 0.06078831399303719,
    "end_val": 42188.45106425997,
    "max_drawdown": -0.5806438783738088,
    "mwrr": 0.06078831399303719,
    "sharpe": 0.22399162142803772,
    "sortino": 0.3118432938678817,
    "std": 0.18678757666479684,
    "ulcer_index": 17.644589523076224,
    "upi": 0.23713985027804985,
    "us_allocation": 52
}