{
    "beta": 0.969754608026998,
    "cagr": 0.0726004307606436,
    "end_val": 55272.79078218696,
    "max_drawdown": -0.5586817259363124,
    "mwrr": 0.0726004307606436,
    "sharpe": 0.2727305751216141,
    "sortino": 0.3811723855725597,
    "std": 0.1940814345337549,
    "ulcer_index": 16.636727861154792,
    "upi": 0.3181923420770198,
    "us_allocation": 88
}