{
    "beta": 0.9432671467981355,
    "cagr": 0.06813118771235716,
    "end_val": 49920.113544190994,
    "max_drawdown": -0.5661457270691093,
    "mwrr": 0.06813118771235716,
    "sharpe": 0.2562427988489417,
    "sortino": 0.35753651688971855,
    "std": 0.19024579779740602,
    "ulcer_index": 16.90714557284175,
    "upi": 0.2883602936951295,
    "us_allocation": 74
}