{
    "beta": 0.8425993729147309,
    "cagr": 0.0497670536687016,
    "end_val": 32699.90021676229,
    "max_drawdown": -0.6006077790183906,
    "mwrr": 0.0497670536687016,
    "sharpe": 0.1672394599861196,
    "sortino": 0.23221462556051994,
    "std": 0.18761633361742394,
    "ulcer_index": 19.08905970503172,
    "upi": 0.1643821846330836,
    "us_allocation": 21
}