{
    "beta": 0.8063105698164782,
    "cagr": 0.04261405319531675,
    "end_val": 27676.49020297216,
    "max_drawdown": -0.6125888814651848,
    "mwrr": 0.04261405319531675,
    "sharpe": 0.12808351382873392,
    "sortino": 0.17762692045070153,
    "std": 0.19149944088357324,
    "ulcer_index": 20.345288691762477,
    "upi": 0.12056513650996196,
    "us_allocation": 2
}