{
    "beta": 0.821605083847755,
    "cagr": 0.04566319701837074,
    "end_val": 29720.01241902153,
    "max_drawdown": -0.607567096061398,
    "mwrr": 0.04566319701837074,
    "sharpe": 0.14483026416097336,
    "sortino": 0.20094806028732418,
    "std": 0.18955415303686535,
    "ulcer_index": 19.772492353500763,
    "upi": 0.13885395197686334,
    "us_allocation": 10
}