{
    "beta": 0.8101363160664394,
    "cagr": 0.043381461760444884,
    "end_val": 28177.729486823227,
    "max_drawdown": -0.611336518801306,
    "mwrr": 0.043381461760444884,
    "sharpe": 0.13229720381705526,
    "sortino": 0.1834915169112074,
    "std": 0.19097119500928092,
    "ulcer_index": 20.191566836236372,
    "upi": 0.12513359341736122,
    "us_allocation": 4
}