{
    "beta": 0.8235153310021882,
    "cagr": 0.04604050709765706,
    "end_val": 29982.722749326167,
    "max_drawdown": -0.6069370486355962,
    "mwrr": 0.04604050709765706,
    "sharpe": 0.14690074448670531,
    "sortino": 0.20383377077894932,
    "std": 0.18934257049694078,
    "ulcer_index": 19.70655180006143,
    "upi": 0.1411526147763302,
    "us_allocation": 11
}