{
    "beta": 0.8254252367376602,
    "cagr": 0.046416968260161395,
    "end_val": 30247.060710375194,
    "max_drawdown": -0.6063064810331512,
    "mwrr": 0.046416968260161395,
    "sharpe": 0.14896531330530433,
    "sortino": 0.2067118163422471,
    "std": 0.1891380446090046,
    "ulcer_index": 19.641242849591446,
    "upi": 0.14345729931479612,
    "us_allocation": 12
}