{
    "beta": 0.8825744477656094,
    "cagr": 0.057320013657016444,
    "end_val": 38949.176161933894,
    "max_drawdown": -0.5871418636175261,
    "mwrr": 0.057320013657016444,
    "sharpe": 0.20695664357647825,
    "sortino": 0.28787076285812807,
    "std": 0.18631097727910842,
    "ulcer_index": 18.05416170274519,
    "upi": 0.21358711825987947,
    "us_allocation": 42
}