{
    "beta": 0.8445059813096024,
    "cagr": 0.050135070767805656,
    "end_val": 32980.69618671575,
    "max_drawdown": -0.5999719475064256,
    "mwrr": 0.050135070767805656,
    "sharpe": 0.16923130409496004,
    "sortino": 0.23499809750843,
    "std": 0.18748283058965518,
    "ulcer_index": 19.031788229165485,
    "upi": 0.16672193308756464,
    "us_allocation": 22
}