{
    "beta": 0.9829869527323153,
    "cagr": 0.07477625365663787,
    "end_val": 58073.855745794215,
    "max_drawdown": -0.5553017615105067,
    "mwrr": 0.07477625365663787,
    "sharpe": 0.2797830040929362,
    "sortino": 0.39138993453521237,
    "std": 0.19644530040009192,
    "ulcer_index": 16.54530784670875,
    "upi": 0.3322217732250698,
    "us_allocation": 95
}