{
    "beta": 0.990545415183682,
    "cagr": 0.07600206913943874,
    "end_val": 59711.34983346851,
    "max_drawdown": -0.5533752937366775,
    "mwrr": 0.07600206913943874,
    "sharpe": 0.28346290888216175,
    "sortino": 0.3967566322676128,
    "std": 0.19792354930414113,
    "ulcer_index": 16.500105715967113,
    "upi": 0.34005328664951956,
    "us_allocation": 99
}