{
    "beta": 0.8673611410819886,
    "cagr": 0.05448597363396912,
    "end_val": 36480.705219153446,
    "max_drawdown": -0.5923000801419201,
    "mwrr": 0.05448597363396912,
    "sharpe": 0.19239505153285705,
    "sortino": 0.26742845758504535,
    "std": 0.18643765026905507,
    "ulcer_index": 18.414038663994972,
    "upi": 0.19481006484107385,
    "us_allocation": 34
}