{
    "beta": 0.9924347333673629,
    "cagr": 0.07630653755315331,
    "end_val": 60124.8842056413,
    "max_drawdown": -0.5528942487106142,
    "mwrr": 0.07630653755315331,
    "sharpe": 0.2843436946331057,
    "sortino": 0.3980454326742941,
    "std": 0.1983072538456922,
    "ulcer_index": 16.494200029928802,
    "upi": 0.3418935731740015,
    "us_allocation": 100
}