{
    "beta": 0.8292440323060304,
    "cagr": 0.047167347174640106,
    "end_val": 30780.63335739114,
    "max_drawdown": -0.6050437808309186,
    "mwrr": 0.047167347174640106,
    "sharpe": 0.15307571979123827,
    "sortino": 0.21244357229972322,
    "std": 0.1887502028096285,
    "ulcer_index": 19.51243612957559,
    "upi": 0.14808474994282,
    "us_allocation": 14
}