{
    "beta": 0.9621900698881605,
    "cagr": 0.07133953996886633,
    "end_val": 53709.36247627851,
    "max_drawdown": -0.5606179604571235,
    "mwrr": 0.07133953996886633,
    "sharpe": 0.2683455736088586,
    "sortino": 0.37485746415652466,
    "std": 0.1928618138192987,
    "ulcer_index": 16.698400290209417,
    "upi": 0.30995986828266936,
    "us_allocation": 84
}