{
    "beta": 0.9034646808366424,
    "cagr": 0.0611306297332983,
    "end_val": 42521.81557901872,
    "max_drawdown": -0.5799909663015482,
    "mwrr": 0.0611306297332983,
    "sharpe": 0.22561804508601793,
    "sortino": 0.3141366198550884,
    "std": 0.1868736065334811,
    "ulcer_index": 17.60616779499876,
    "upi": 0.23949335109073053,
    "us_allocation": 53
}