{
    "beta": 0.9602985431037871,
    "cagr": 0.07102231658544889,
    "end_val": 53322.75337814298,
    "max_drawdown": -0.5611025572647359,
    "mwrr": 0.07102231658544889,
    "sharpe": 0.26720867045124413,
    "sortino": 0.3732241265597405,
    "std": 0.19257214000732067,
    "ulcer_index": 16.714818623932082,
    "upi": 0.3078803262908772,
    "us_allocation": 83
}