{
    "beta": 0.9394803977910493,
    "cagr": 0.06747986274000795,
    "end_val": 49182.818096717594,
    "max_drawdown": -0.567475526190936,
    "mwrr": 0.06747986274000795,
    "sharpe": 0.25362692794467573,
    "sortino": 0.3538090655595769,
    "std": 0.18979876915493596,
    "ulcer_index": 16.964027738384853,
    "upi": 0.283790999339094,
    "us_allocation": 72
}