{
    "beta": 0.8768715574265175,
    "cagr": 0.056263458292487245,
    "end_val": 38010.742783945025,
    "max_drawdown": -0.5890803381222209,
    "mwrr": 0.056263458292487245,
    "sharpe": 0.20158744585327823,
    "sortino": 0.28032845722853145,
    "std": 0.18630524081773173,
    "ulcer_index": 18.18561610483175,
    "upi": 0.2065354041257761,
    "us_allocation": 39
}