{
    "beta": 0.9110536454117887,
    "cagr": 0.06249171684094734,
    "end_val": 43872.47492798082,
    "max_drawdown": -0.5773735909698461,
    "mwrr": 0.06249171684094734,
    "sharpe": 0.23197662970447244,
    "sortino": 0.3231113707414585,
    "std": 0.18728668271359591,
    "ulcer_index": 17.457302712902543,
    "upi": 0.2488920857092204,
    "us_allocation": 57
}