{
    "beta": 0.9640814369151552,
    "cagr": 0.0716559625839932,
    "end_val": 54097.672823663714,
    "max_drawdown": -0.5601335779014462,
    "mwrr": 0.0716559625839932,
    "sharpe": 0.2694661946492587,
    "sortino": 0.37646892377665064,
    "std": 0.19315761223402275,
    "ulcer_index": 16.682282458677353,
    "upi": 0.31203286963622856,
    "us_allocation": 85
}