{
    "beta": 0.8273348031394112,
    "cagr": 0.04679258134220454,
    "end_val": 30513.0297740658,
    "max_drawdown": -0.6056753921383797,
    "mwrr": 0.04679258134220454,
    "sharpe": 0.15102372137971934,
    "sortino": 0.20958185800824572,
    "std": 0.18894058552951534,
    "ulcer_index": 19.5765031748083,
    "upi": 0.1457683159105749,
    "us_allocation": 13
}