{
    "beta": 0.9735359758636923,
    "cagr": 0.07322608135925313,
    "end_val": 56064.66961982942,
    "max_drawdown": -0.5577149146189505,
    "mwrr": 0.07322608135925313,
    "sharpe": 0.2748258725666292,
    "sortino": 0.384199534145926,
    "std": 0.1947273467775781,
    "ulcer_index": 16.609000809085856,
    "upi": 0.32224109952535895,
    "us_allocation": 90
}