{
    "beta": 0.9792069661499259,
    "cagr": 0.07415857454373276,
    "end_val": 57265.13942311102,
    "max_drawdown": -0.5562663532460593,
    "mwrr": 0.07415857454373276,
    "sharpe": 0.27784811430399886,
    "sortino": 0.38857833684295073,
    "std": 0.195740600095633,
    "ulcer_index": 16.570032532060477,
    "upi": 0.32825016297401305,
    "us_allocation": 93
}