{
    "beta": 0.9091567606385604,
    "cagr": 0.06215267019574222,
    "end_val": 43532.22871884161,
    "max_drawdown": -0.5780287965416111,
    "mwrr": 0.06215267019574222,
    "sharpe": 0.23040929589645195,
    "sortino": 0.3208977380459089,
    "std": 0.1871731067941696,
    "ulcer_index": 17.49362197819946,
    "upi": 0.24654753320778539,
    "us_allocation": 56
}