{
    "beta": 0.9413738675596511,
    "cagr": 0.06780592847262024,
    "end_val": 49550.60717411079,
    "max_drawdown": -0.5668109262421442,
    "mwrr": 0.06780592847262024,
    "sharpe": 0.2549429662439133,
    "sortino": 0.35568369958844553,
    "std": 0.19001905642157071,
    "ulcer_index": 16.935389865864757,
    "upi": 0.2860776425185689,
    "us_allocation": 73
}