{
    "beta": 0.8787727960092437,
    "cagr": 0.056616469973706174,
    "end_val": 38321.84947312468,
    "max_drawdown": -0.5884347349001297,
    "mwrr": 0.056616469973706174,
    "sharpe": 0.2033897491711578,
    "sortino": 0.2828595725551667,
    "std": 0.18630007052209935,
    "ulcer_index": 18.141381210908527,
    "upi": 0.20888435110347875,
    "us_allocation": 40
}