{
    "beta": 0.9886559810061702,
    "cagr": 0.07569680698634396,
    "end_val": 59299.47648629469,
    "max_drawdown": -0.5538565685872712,
    "mwrr": 0.07569680698634396,
    "sharpe": 0.28256651364868923,
    "sortino": 0.39544681663826015,
    "std": 0.1975454670485775,
    "ulcer_index": 16.510149129735264,
    "upi": 0.3381245919216255,
    "us_allocation": 98
}