{
    "beta": 0.8844748658063558,
    "cagr": 0.05767054703036423,
    "end_val": 39265.3993761481,
    "max_drawdown": -0.586494593027557,
    "mwrr": 0.05767054703036423,
    "sharpe": 0.2087208678193342,
    "sortino": 0.2903502550241959,
    "std": 0.18632703519142133,
    "ulcer_index": 18.011173172751633,
    "upi": 0.2159406992122689,
    "us_allocation": 43
}