{
    "beta": 0.8464122719366498,
    "cagr": 0.050502247853374094,
    "end_val": 33263.1548617315,
    "max_drawdown": -0.5993355832837511,
    "mwrr": 0.050502247853374094,
    "sharpe": 0.17121453555269134,
    "sortino": 0.23777036664775583,
    "std": 0.18735646148060597,
    "ulcer_index": 18.974956978258312,
    "upi": 0.16906701471138086,
    "us_allocation": 23
}