{
    "beta": 0.8082236217431655,
    "cagr": 0.042998185381637244,
    "end_val": 27926.310870117966,
    "max_drawdown": -0.6119629558416395,
    "mwrr": 0.042998185381637244,
    "sharpe": 0.13019231996042002,
    "sortino": 0.18056163077056012,
    "std": 0.19123184063374601,
    "ulcer_index": 20.26763281831051,
    "upi": 0.12284788235971889,
    "us_allocation": 3
}