{
    "beta": 0.9508384136150239,
    "cagr": 0.0694241704995946,
    "end_val": 51415.29048207056,
    "max_drawdown": -0.5636790205278196,
    "mwrr": 0.0694241704995946,
    "sharpe": 0.2612795493747006,
    "sortino": 0.364728527428017,
    "std": 0.19121673638846096,
    "ulcer_index": 16.807289656181812,
    "upi": 0.2972849635919554,
    "us_allocation": 78
}