{
    "beta": 0.8483182470211789,
    "cagr": 0.050868585703045976,
    "end_val": 33547.27907750407,
    "max_drawdown": -0.5986986851818189,
    "mwrr": 0.050868585703045976,
    "sharpe": 0.1731889162811513,
    "sortino": 0.24053107823620917,
    "std": 0.18723722941918752,
    "ulcer_index": 18.918858751664914,
    "upi": 0.17141466969813896,
    "us_allocation": 24
}