{
    "beta": 0.8502239088005442,
    "cagr": 0.05123408508928273,
    "end_val": 33833.07160838353,
    "max_drawdown": -0.5980612520271178,
    "mwrr": 0.05123408508928273,
    "sharpe": 0.1751542100516698,
    "sortino": 0.243279858417474,
    "std": 0.1871251368627142,
    "ulcer_index": 18.86330604952296,
    "upi": 0.1737663832997654,
    "us_allocation": 25
}