{
    "beta": 0.9546229758156676,
    "cagr": 0.07006583680436007,
    "end_val": 52173.15228713865,
    "max_drawdown": -0.5626228478425415,
    "mwrr": 0.07006583680436007,
    "sharpe": 0.26370014032911765,
    "sortino": 0.3681926746243662,
    "std": 0.1917401810020838,
    "ulcer_index": 16.768386457125796,
    "upi": 0.30155855686814453,
    "us_allocation": 80
}