{
    "beta": 0.9053622809264553,
    "cagr": 0.06147212726282003,
    "end_val": 42856.89959405155,
    "max_drawdown": -0.5793374828633047,
    "mwrr": 0.06147212726282003,
    "sharpe": 0.22722988308636663,
    "sortino": 0.3164102311156748,
    "std": 0.18696655008566815,
    "ulcer_index": 17.56815454002795,
    "upi": 0.24184653521133379,
    "us_allocation": 54
}