{
    "beta": 0.8540343014528381,
    "cagr": 0.05196257153553696,
    "end_val": 34409.67240263417,
    "max_drawdown": -0.5967847758404203,
    "mwrr": 0.05196257153553696,
    "sharpe": 0.17905660186358718,
    "sortino": 0.2487401917364752,
    "std": 0.18692237671299075,
    "ulcer_index": 18.75797442716671,
    "upi": 0.1784419786875972,
    "us_allocation": 27
}