{
    "beta": 0.8120486547596246,
    "cagr": 0.04376388321280822,
    "end_val": 28430.749943057614,
    "max_drawdown": -0.6107095692650828,
    "mwrr": 0.04376388321280822,
    "sharpe": 0.13439791842449753,
    "sortino": 0.18641616903492772,
    "std": 0.19071751869872455,
    "ulcer_index": 20.11870596776359,
    "upi": 0.1274115405620592,
    "us_allocation": 5
}