{
    "beta": 0.9527307816571386,
    "cagr": 0.06974540530653583,
    "end_val": 51793.36643008425,
    "max_drawdown": -0.5631509113623572,
    "mwrr": 0.06974540530653583,
    "sharpe": 0.26249800191398154,
    "sortino": 0.3664715973747847,
    "std": 0.19147531887023508,
    "ulcer_index": 16.78765723234268,
    "upi": 0.2994250181249867,
    "us_allocation": 79
}