{
    "beta": 0.9584068537183575,
    "cagr": 0.07070429193364225,
    "end_val": 52937.84744656366,
    "max_drawdown": -0.5615873673095947,
    "mwrr": 0.07070429193364225,
    "sharpe": 0.26605547028624205,
    "sortino": 0.3715689030991339,
    "std": 0.19228862243040304,
    "ulcer_index": 16.731539045976575,
    "upi": 0.30579433890545055,
    "us_allocation": 82
}