{
    "beta": 0.9186388778349782,
    "cagr": 0.06383975222615579,
    "end_val": 45250.679836335556,
    "max_drawdown": -0.5747469876361857,
    "mwrr": 0.06383975222615579,
    "sharpe": 0.23809423113229353,
    "sortino": 0.3317618551905645,
    "std": 0.18780917482608425,
    "ulcer_index": 17.31603254487943,
    "upi": 0.2582586789241888,
    "us_allocation": 61
}