{
    "beta": 0.8521292595240494,
    "cagr": 0.05159874677938836,
    "end_val": 34120.53516678991,
    "max_drawdown": -0.5974232826411547,
    "mwrr": 0.05159874677938836,
    "sharpe": 0.17711018262019157,
    "sortino": 0.24601633399611003,
    "std": 0.18702018559302536,
    "ulcer_index": 18.809078437164185,
    "upi": 0.17611469600424756,
    "us_allocation": 26
}