{
    "beta": 0.8730682427636167,
    "cagr": 0.055554951786907614,
    "end_val": 37393.63414541318,
    "max_drawdown": -0.5903698860108443,
    "mwrr": 0.055554951786907614,
    "sharpe": 0.19794607341917161,
    "sortino": 0.27521650038742085,
    "std": 0.1863368714876543,
    "ulcer_index": 18.275604636948568,
    "upi": 0.20184012142253335,
    "us_allocation": 37
}