{
    "beta": 0.9281154251507884,
    "cagr": 0.06550650117213563,
    "end_val": 47012.19205813254,
    "max_drawdown": -0.5714506230588099,
    "mwrr": 0.06550650117213563,
    "sharpe": 0.24539264191216278,
    "sortino": 0.3421050613429546,
    "std": 0.1886141011777369,
    "ulcer_index": 17.148956275341053,
    "upi": 0.26992073070043027,
    "us_allocation": 66
}