{
    "beta": 0.9337988179316272,
    "cagr": 0.06649682111258315,
    "end_val": 48089.763361989506,
    "max_drawdown": -0.5694657451836975,
    "mwrr": 0.06649682111258315,
    "sharpe": 0.24958194685984694,
    "sortino": 0.3480545521124758,
    "std": 0.1891769066476513,
    "ulcer_index": 17.054085364621752,
    "upi": 0.2768798877982369,
    "us_allocation": 69
}