{
    "beta": 0.8635549591332377,
    "cagr": 0.053769167626868564,
    "end_val": 35880.55204144414,
    "max_drawdown": -0.5935841388381238,
    "mwrr": 0.053769167626868564,
    "sharpe": 0.18863743906609293,
    "sortino": 0.26215985963741356,
    "std": 0.1865404588722451,
    "ulcer_index": 18.509851803877684,
    "upi": 0.19012116819993163,
    "us_allocation": 32
}