{
    "beta": 0.9470531446990158,
    "cagr": 0.06877928887290707,
    "end_val": 50664.27404707325,
    "max_drawdown": -0.5648135252080552,
    "mwrr": 0.06877928887290707,
    "sharpe": 0.25879373304209025,
    "sortino": 0.3611764602055561,
    "std": 0.19071853007555517,
    "ulcer_index": 16.85259481119612,
    "upi": 0.2928997714258548,
    "us_allocation": 76
}