{
    "beta": 0.8882748984593875,
    "cagr": 0.05836914023296669,
    "end_val": 39902.973039756514,
    "max_drawdown": -0.5851983755855105,
    "mwrr": 0.05836914023296669,
    "sharpe": 0.21220998369925004,
    "sortino": 0.29525575395764275,
    "std": 0.18638030714990406,
    "ulcer_index": 17.92641635551827,
    "upi": 0.22065180781985685,
    "us_allocation": 45
}