{
    "beta": 0.8559390368598094,
    "cagr": 0.05232556011479517,
    "end_val": 34700.485902735134,
    "max_drawdown": -0.5961457304363664,
    "mwrr": 0.05232556011479517,
    "sharpe": 0.1809932379131057,
    "sortino": 0.25145113713690603,
    "std": 0.18683171064340864,
    "ulcer_index": 18.70733186014453,
    "upi": 0.18077262342594488,
    "us_allocation": 28
}