{
    "beta": 0.9205346223449418,
    "cagr": 0.06417472628912857,
    "end_val": 45599.537220633094,
    "max_drawdown": -0.5740888847011092,
    "mwrr": 0.06417472628912857,
    "sharpe": 0.2395851938728286,
    "sortino": 0.33387270996684765,
    "std": 0.18795674021074668,
    "ulcer_index": 17.281839682374056,
    "upi": 0.26059475825969,
    "us_allocation": 62
}