{
    "beta": 0.8616514268529618,
    "cagr": 0.05340951628579882,
    "end_val": 35583.008898228494,
    "max_drawdown": -0.5942253506426604,
    "mwrr": 0.05340951628579882,
    "sharpe": 0.18674218479417742,
    "sortino": 0.2595035728346241,
    "std": 0.1866025632200779,
    "ulcer_index": 18.558496103503476,
    "upi": 0.1877800799813451,
    "us_allocation": 31
}