{
    "beta": 0.8996687473858749,
    "cagr": 0.06044517940986216,
    "end_val": 41856.80530331946,
    "max_drawdown": -0.5812962204096099,
    "mwrr": 0.06044517940986216,
    "sharpe": 0.2223507446663579,
    "sortino": 0.30953045647187966,
    "std": 0.1867084775728456,
    "ulcer_index": 17.683407423460253,
    "upi": 0.23478635328188818,
    "us_allocation": 51
}