{
    "beta": 0.9148467177431546,
    "cagr": 0.06316736355982644,
    "end_val": 44558.13278990491,
    "max_drawdown": -0.5760614482393048,
    "mwrr": 0.06316736355982644,
    "sharpe": 0.23506598627749356,
    "sortino": 0.32747769303884544,
    "std": 0.18753433213427886,
    "ulcer_index": 17.385833988955323,
    "upi": 0.2535784987241331,
    "us_allocation": 59
}