{
    "beta": 0.8311529263493352,
    "cagr": 0.04754126658288049,
    "end_val": 31049.874821852733,
    "max_drawdown": -0.6044116459856974,
    "mwrr": 0.04754126658288049,
    "sharpe": 0.15512106007938847,
    "sortino": 0.21529661127151953,
    "std": 0.1885669053875143,
    "ulcer_index": 19.448905843030495,
    "upi": 0.1504074743460658,
    "us_allocation": 15
}