{
    "beta": 0.9319045587162881,
    "cagr": 0.06616752391512715,
    "end_val": 47728.851758540884,
    "max_drawdown": -0.5701279626951348,
    "mwrr": 0.06616752391512715,
    "sharpe": 0.24820147782370752,
    "sortino": 0.3460929849945509,
    "std": 0.18898270825878744,
    "ulcer_index": 17.085324620242503,
    "upi": 0.2745627714789421,
    "us_allocation": 68
}