{
    "beta": 0.9489458688917521,
    "cagr": 0.06910213186319636,
    "end_val": 51038.92589928849,
    "max_drawdown": -0.564207174672187,
    "mwrr": 0.06910213186319636,
    "sharpe": 0.2600447893671594,
    "sortino": 0.3629634852988114,
    "std": 0.19096446357174535,
    "ulcer_index": 16.82826427931918,
    "upi": 0.2951213496671578,
    "us_allocation": 77
}