{
    "beta": 0.8597475972580334,
    "cagr": 0.053049031745518116,
    "end_val": 35287.15172404871,
    "max_drawdown": -0.5948660190387538,
    "mwrr": 0.053049031745518116,
    "sharpe": 0.18483625301940726,
    "sortino": 0.2568331201368423,
    "std": 0.18667180519254817,
    "ulcer_index": 18.60762167862333,
    "upi": 0.18544154979041721,
    "us_allocation": 30
}