{
    "beta": 0.9810970248477162,
    "cagr": 0.0744678120927682,
    "end_val": 57668.6591547179,
    "max_drawdown": -0.5557839450986225,
    "mwrr": 0.0744678120927682,
    "sharpe": 0.27882351914554765,
    "sortino": 0.38999487741617084,
    "std": 0.19609005302393093,
    "ulcer_index": 16.557547577075177,
    "upi": 0.33023942173394394,
    "us_allocation": 94
}