{
    "beta": 0.8791253173009344,
    "cagr": 0.06149861552466396,
    "end_val": 40380.39261353387,
    "max_drawdown": -0.5967847758404204,
    "mwrr": 0.06149861552466396,
    "sharpe": 0.23543215197580217,
    "sortino": 0.3272519569794233,
    "std": 0.1880337751585894,
    "ulcer_index": 16.701485662602142,
    "upi": 0.26506796683163736,
    "us_allocation": 27
}