{
    "beta": 0.961028235750357,
    "cagr": 0.07923697978127553,
    "end_val": 59496.82558970557,
    "max_drawdown": -0.5636790205278196,
    "mwrr": 0.07923697978127553,
    "sharpe": 0.31961485234728554,
    "sortino": 0.44650912200819637,
    "std": 0.19044859474833614,
    "ulcer_index": 14.561038274088396,
    "upi": 0.41805455155329446,
    "us_allocation": 78
}