{
    "beta": 0.9867009044128986,
    "cagr": 0.08433346097265959,
    "end_val": 66426.90283888404,
    "max_drawdown": -0.5557839450986221,
    "mwrr": 0.08433346097265959,
    "sharpe": 0.3374131010647096,
    "sortino": 0.47230259745160574,
    "std": 0.19438946231840226,
    "ulcer_index": 14.322287935093748,
    "upi": 0.4579784165460394,
    "us_allocation": 94
}