{
    "beta": 0.9802824688728486,
    "cagr": 0.08307998861144217,
    "end_val": 64654.11923020089,
    "max_drawdown": -0.5577149146189505,
    "mwrr": 0.08307998861144217,
    "sharpe": 0.33336967587541705,
    "sortino": 0.4664024898307132,
    "std": 0.19327158845523856,
    "ulcer_index": 14.369314089366002,
    "upi": 0.44841520391305234,
    "us_allocation": 90
}