{
    "beta": 0.8646447177638713,
    "cagr": 0.05812725192566215,
    "end_val": 37485.30296336963,
    "max_drawdown": -0.6025120889016815,
    "mwrr": 0.05812725192566215,
    "sharpe": 0.21703195820086962,
    "sortino": 0.30148708549992637,
    "std": 0.1892931388865125,
    "ulcer_index": 17.226717048817815,
    "upi": 0.2384870361227223,
    "us_allocation": 18
}