{
    "beta": 0.9337470839504087,
    "cagr": 0.07357898076576785,
    "end_val": 52614.58733567345,
    "max_drawdown": -0.5747469876361854,
    "mwrr": 0.07357898076576785,
    "sharpe": 0.2959689756724326,
    "sortino": 0.41269158324053534,
    "std": 0.18787365335072131,
    "ulcer_index": 15.121885703705429,
    "upi": 0.3677255614906815,
    "us_allocation": 61
}