{
    "beta": 0.9850962585475801,
    "cagr": 0.08402137903895679,
    "end_val": 65981.2254241041,
    "max_drawdown": -0.5562663532460593,
    "mwrr": 0.08402137903895679,
    "sharpe": 0.3364274234464547,
    "sortino": 0.47086162190628367,
    "std": 0.19410189040679968,
    "ulcer_index": 14.333720420335712,
    "upi": 0.4556011976432716,
    "us_allocation": 93
}