{
    "beta": 0.9321419256633922,
    "cagr": 0.07323829478567045,
    "end_val": 52225.49392014895,
    "max_drawdown": -0.575404508356565,
    "mwrr": 0.07323829478567045,
    "sharpe": 0.29442977269632026,
    "sortino": 0.41050183323394157,
    "std": 0.18777598709387067,
    "ulcer_index": 15.16000385941325,
    "upi": 0.36470354205076855,
    "us_allocation": 60
}