{
    "beta": 0.8356462007866589,
    "cagr": 0.051162107887158914,
    "end_val": 32120.564561937044,
    "max_drawdown": -0.6138392027560154,
    "mwrr": 0.051162107887158914,
    "sharpe": 0.17827824675796006,
    "sortino": 0.24740950728717256,
    "std": 0.19333305331817263,
    "ulcer_index": 18.527946212117325,
    "upi": 0.18602958140630105,
    "us_allocation": 0
}