{
    "beta": 0.9658417988460954,
    "cagr": 0.08020938106688691,
    "end_val": 60763.245933870814,
    "max_drawdown": -0.5620948306372666,
    "mwrr": 0.08020938106688691,
    "sharpe": 0.3232829518221632,
    "sortino": 0.4517927488397012,
    "std": 0.19107830317025434,
    "ulcer_index": 14.501302329907798,
    "upi": 0.42599862312810494,
    "us_allocation": 81
}