{
    "beta": 0.8710819392913347,
    "cagr": 0.059634719600844655,
    "end_val": 38754.3599675417,
    "max_drawdown": -0.5999719475064258,
    "mwrr": 0.059634719600844655,
    "sharpe": 0.22530691240010414,
    "sortino": 0.3130644609568561,
    "std": 0.18867036713539817,
    "ulcer_index": 16.988249128071573,
    "upi": 0.2502299015987907,
    "us_allocation": 22
}