{
    "beta": 0.9481912891493258,
    "cagr": 0.07660576094293714,
    "end_val": 56195.44294490447,
    "max_drawdown": -0.5688029342189883,
    "mwrr": 0.07660576094293714,
    "sharpe": 0.309087902964572,
    "sortino": 0.43140820503905486,
    "std": 0.18902383046197557,
    "ulcer_index": 14.798881712320073,
    "upi": 0.3948107399108928,
    "us_allocation": 70
}