{
    "beta": 0.9465865454151655,
    "cagr": 0.07627294545438579,
    "end_val": 55790.57330053411,
    "max_drawdown": -0.5694657451836975,
    "mwrr": 0.07627294545438579,
    "sharpe": 0.3076963451314224,
    "sortino": 0.4294180982084472,
    "std": 0.18887213490306284,
    "ulcer_index": 14.832995392478237,
    "upi": 0.3918144830189433,
    "us_allocation": 69
}