{
    "beta": 0.9497959991386609,
    "cagr": 0.07693770532119037,
    "end_val": 56602.05345604673,
    "max_drawdown": -0.5681395283679029,
    "mwrr": 0.07693770532119037,
    "sharpe": 0.31046273637532174,
    "sortino": 0.4333757084727732,
    "std": 0.18918143933669537,
    "ulcer_index": 14.765546602801711,
    "upi": 0.3977937308176185,
    "us_allocation": 71
}