{
    "beta": 0.9225096710839217,
    "cagr": 0.07117571630765207,
    "end_val": 49928.01585514547,
    "max_drawdown": -0.5793374828633048,
    "mwrr": 0.07117571630765207,
    "sharpe": 0.28486202485462175,
    "sortino": 0.39691726484712353,
    "std": 0.1873182904514797,
    "ulcer_index": 15.39884759056013,
    "upi": 0.3465316403961778,
    "us_allocation": 54
}