{
    "beta": 0.8565948420173344,
    "cagr": 0.05622238174577987,
    "end_val": 35938.51514302337,
    "max_drawdown": -0.6056753921383801,
    "mwrr": 0.05622238174577987,
    "sharpe": 0.20649341475526156,
    "sortino": 0.28676174799102583,
    "std": 0.19021298085300706,
    "ulcer_index": 17.551419219835946,
    "upi": 0.2237905554950459,
    "us_allocation": 13
}