{
    "beta": 0.9674463051304223,
    "cagr": 0.08053178581333365,
    "end_val": 61188.80059949873,
    "max_drawdown": -0.5615873673095948,
    "mwrr": 0.08053178581333365,
    "sharpe": 0.32447164348208846,
    "sortino": 0.4535078619334713,
    "std": 0.19129959645197395,
    "ulcer_index": 14.484094511332932,
    "upi": 0.42856886960834933,
    "us_allocation": 82
}