{
    "beta": 0.9642372869247956,
    "cagr": 0.07988611222340003,
    "end_val": 60339.39603010347,
    "max_drawdown": -0.5626228478425421,
    "mwrr": 0.07988611222340003,
    "sharpe": 0.32207725236907764,
    "sortino": 0.45005459663112113,
    "std": 0.1908626899426078,
    "ulcer_index": 14.519769421783323,
    "upi": 0.4233916113984258,
    "us_allocation": 80
}