{
    "beta": 0.9562145518560973,
    "cagr": 0.07825678487203103,
    "end_val": 58245.84718267204,
    "max_drawdown": -0.5654799272129044,
    "mwrr": 0.07825678487203103,
    "sharpe": 0.3157939423050123,
    "sortino": 0.44101813165979126,
    "std": 0.18987061355216503,
    "ulcer_index": 14.640277392112509,
    "upi": 0.40957397260597617,
    "us_allocation": 75
}