{
    "beta": 0.8694728496318267,
    "cagr": 0.05925921799417577,
    "end_val": 38434.45292312417,
    "max_drawdown": -0.6006077790183909,
    "mwrr": 0.05925921799417577,
    "sharpe": 0.22325207151466261,
    "sortino": 0.31018813346508767,
    "std": 0.18881661319502746,
    "ulcer_index": 17.047140050847222,
    "upi": 0.2472826050139521,
    "us_allocation": 21
}