{
    "beta": 0.8485410310525251,
    "cagr": 0.054294583298501786,
    "end_val": 34435.414739057574,
    "max_drawdown": -0.6088256348225486,
    "mwrr": 0.054294583298501786,
    "sharpe": 0.195765213343765,
    "sortino": 0.27178753142816375,
    "std": 0.19128910164730697,
    "ulcer_index": 17.895147254817616,
    "upi": 0.2092652023773523,
    "us_allocation": 8
}