{
    "beta": 0.9016301996987585,
    "cagr": 0.06659760928553715,
    "end_val": 45169.19700324274,
    "max_drawdown": -0.587788577152564,
    "mwrr": 0.06659760928553715,
    "sharpe": 0.2622755851858921,
    "sortino": 0.36499528625516403,
    "std": 0.18709126017664182,
    "ulcer_index": 15.978179428113906,
    "upi": 0.3071127178970289,
    "us_allocation": 41
}