{
    "beta": 0.8582051247532779,
    "cagr": 0.056605186191407864,
    "end_val": 36244.36895417352,
    "max_drawdown": -0.6050437808309187,
    "mwrr": 0.056605186191407864,
    "sharpe": 0.20861722294278592,
    "sortino": 0.2897279761847352,
    "std": 0.19001647888512507,
    "ulcer_index": 17.48483395169434,
    "upi": 0.2267189226620311,
    "us_allocation": 14
}