{
    "beta": 0.9915150283470717,
    "cagr": 0.08526456996072396,
    "end_val": 67773.78866023233,
    "max_drawdown": -0.5543380722033061,
    "mwrr": 0.08526456996072396,
    "sharpe": 0.340270037142378,
    "sortino": 0.476489647556818,
    "std": 0.19528422715665583,
    "ulcer_index": 14.289295872059451,
    "upi": 0.4650537455747098,
    "us_allocation": 97
}