{
    "beta": 0.8437067633223728,
    "cagr": 0.053126847878825156,
    "end_val": 33554.4023579175,
    "max_drawdown": -0.6107095692650825,
    "mwrr": 0.053126847878825156,
    "sharpe": 0.18924935625382278,
    "sortino": 0.2626995618217569,
    "std": 0.19200933114950924,
    "ulcer_index": 18.117407490420078,
    "upi": 0.20057028358037207,
    "us_allocation": 5
}