{
    "beta": 0.9449817654443503,
    "cagr": 0.0759392581903564,
    "end_val": 55387.447196527326,
    "max_drawdown": -0.5701279626951343,
    "mwrr": 0.0759392581903564,
    "sharpe": 0.30628811481420737,
    "sortino": 0.42740540646811115,
    "std": 0.18872637171982135,
    "ulcer_index": 14.86750736968836,
    "upi": 0.3888154572332807,
    "us_allocation": 68
}