{
    "beta": 0.8630350465198317,
    "cagr": 0.05774810640045969,
    "end_val": 37172.43758922817,
    "max_drawdown": -0.6031458011580239,
    "mwrr": 0.05774810640045969,
    "sharpe": 0.21494080927912337,
    "sortino": 0.2985637011769223,
    "std": 0.18946456007090415,
    "ulcer_index": 17.288973544171238,
    "upi": 0.23555166078926087,
    "us_allocation": 17
}