{
    "beta": 0.9947246272624813,
    "cagr": 0.08588103409391645,
    "end_val": 68679.86965002447,
    "max_drawdown": -0.5533752937366777,
    "mwrr": 0.08588103409391645,
    "sharpe": 0.34209176196888014,
    "sortino": 0.47916850656756677,
    "std": 0.19590718005509564,
    "ulcer_index": 14.268508456825625,
    "upi": 0.46971855129722206,
    "us_allocation": 99
}