{
    "beta": 0.8919880277199462,
    "cagr": 0.06443387564259706,
    "end_val": 43074.197078767575,
    "max_drawdown": -0.5916572308063135,
    "mwrr": 0.06443387564259706,
    "sharpe": 0.25106422954725927,
    "sortino": 0.3492082064554352,
    "std": 0.18734371433398836,
    "ulcer_index": 16.273077330809794,
    "upi": 0.28904584582343895,
    "us_allocation": 35
}