{
    "beta": 0.9514006778856405,
    "cagr": 0.07726877924966402,
    "end_val": 57010.40206021172,
    "max_drawdown": -0.5674755261909364,
    "mwrr": 0.07726877924966402,
    "sharpe": 0.3118207978744451,
    "sortino": 0.4353205130339468,
    "std": 0.1893449420845502,
    "ulcer_index": 14.733494546699369,
    "upi": 0.4007491800762318,
    "us_allocation": 72
}