{
    "beta": 0.854984401843077,
    "cagr": 0.05583866018151329,
    "end_val": 35634.40897075602,
    "max_drawdown": -0.6063064810331514,
    "mwrr": 0.05583866018151329,
    "sharpe": 0.20436201907243015,
    "sortino": 0.2837855720677661,
    "std": 0.1904157348513454,
    "ulcer_index": 17.618755585352883,
    "upi": 0.22086922338455073,
    "us_allocation": 12
}