{
    "beta": 0.9818870435058695,
    "cagr": 0.08339464342285674,
    "end_val": 65094.8286050189,
    "max_drawdown": -0.5572318390457829,
    "mwrr": 0.08339464342285674,
    "sharpe": 0.33440574993179883,
    "sortino": 0.4679115631670666,
    "std": 0.19354292771986698,
    "ulcer_index": 14.357235207899683,
    "upi": 0.4508194161893079,
    "us_allocation": 91
}