{
    "beta": 0.8871654262327728,
    "cagr": 0.06333990630935005,
    "end_val": 42050.70433433018,
    "max_drawdown": -0.5935841388381243,
    "mwrr": 0.06333990630935005,
    "sharpe": 0.24528936153281858,
    "sortino": 0.3410893571971043,
    "std": 0.18755510179734872,
    "ulcer_index": 16.429079198823267,
    "upi": 0.28003104203193246,
    "us_allocation": 32
}