{
    "beta": 0.935352186451598,
    "cagr": 0.07391878947881447,
    "end_val": 53005.44212397403,
    "max_drawdown": -0.57408888470111,
    "mwrr": 0.07391878947881447,
    "sharpe": 0.2974920829986444,
    "sortino": 0.4148596531951507,
    "std": 0.1879773898522113,
    "ulcer_index": 15.08424197629396,
    "upi": 0.3707451012005368,
    "us_allocation": 62
}