{
    "beta": 0.9963294899665853,
    "cagr": 0.0861879852263081,
    "end_val": 69135.34044430486,
    "max_drawdown": -0.5528942487106142,
    "mwrr": 0.0861879852263081,
    "sharpe": 0.34297792541573796,
    "sortino": 0.4804744496503764,
    "std": 0.19622650916496848,
    "ulcer_index": 14.25850060931355,
    "upi": 0.4720341465661264,
    "us_allocation": 100
}