{
    "beta": 0.9209040558494478,
    "cagr": 0.07082886936065491,
    "end_val": 49551.296853729415,
    "max_drawdown": -0.5799909663015481,
    "mwrr": 0.07082886936065491,
    "sharpe": 0.28321298431505665,
    "sortino": 0.39458023475929643,
    "std": 0.1872635191717551,
    "ulcer_index": 15.440484362300763,
    "upi": 0.3434959317812419,
    "us_allocation": 53
}