{
    "beta": 0.9931198076549002,
    "cagr": 0.08557322918436983,
    "end_val": 68226.01714858697,
    "max_drawdown": -0.5538565685872712,
    "mwrr": 0.08557322918436983,
    "sharpe": 0.34118915253793786,
    "sortino": 0.47784027603702095,
    "std": 0.1955930770843505,
    "ulcer_index": 14.278788789644931,
    "upi": 0.4673912047871454,
    "us_allocation": 98
}