{
    "beta": 0.9401671833534518,
    "cagr": 0.07493295902326413,
    "end_val": 54188.555368742695,
    "max_drawdown": -0.5721110687455654,
    "mwrr": 0.07493295902326413,
    "sharpe": 0.30196397536360525,
    "sortino": 0.4212324330441759,
    "std": 0.1883248611311066,
    "ulcer_index": 14.9736638315278,
    "upi": 0.3797984044157928,
    "us_allocation": 65
}