{
    "beta": 0.9305367091955301,
    "cagr": 0.0728967308305184,
    "end_val": 51838.163668272755,
    "max_drawdown": -0.5760614482393042,
    "mwrr": 0.0728967308305184,
    "sharpe": 0.2928745663544504,
    "sortino": 0.40829054345085425,
    "std": 0.1876844063919827,
    "ulcer_index": 15.198691262013812,
    "upi": 0.3616770782867301,
    "us_allocation": 59
}