{
    "beta": 0.8775169112072843,
    "cagr": 0.06112764828822481,
    "end_val": 40051.64845895473,
    "max_drawdown": -0.5974232826411554,
    "mwrr": 0.06112764828822481,
    "sharpe": 0.23342769451841647,
    "sortino": 0.32444138903571357,
    "std": 0.18814846579374966,
    "ulcer_index": 16.757773955548522,
    "upi": 0.26208805567677657,
    "us_allocation": 26
}