{
    "beta": 0.8823417391256508,
    "cagr": 0.06223783829467178,
    "end_val": 41043.19600295458,
    "max_drawdown": -0.5955061452353798,
    "mwrr": 0.06223783829467178,
    "sharpe": 0.23940867877095998,
    "sortino": 0.3328308255719162,
    "std": 0.1878233481809031,
    "ulcer_index": 16.59052858805135,
    "upi": 0.27104437354232935,
    "us_allocation": 29
}