{
    "beta": 0.898416571601165,
    "cagr": 0.0658799429277146,
    "end_val": 44463.74710850221,
    "max_drawdown": -0.5890803381222213,
    "mwrr": 0.0658799429277146,
    "sharpe": 0.258590336102978,
    "sortino": 0.3598021234102648,
    "std": 0.18715021294859666,
    "ulcer_index": 16.074472020321608,
    "upi": 0.3010781279209183,
    "us_allocation": 39
}