{
    "beta": 0.9000234375146876,
    "cagr": 0.066239222698256,
    "end_val": 44815.582325983065,
    "max_drawdown": -0.5884347349001299,
    "mwrr": 0.066239222698256,
    "sharpe": 0.2604395942406815,
    "sortino": 0.36240756094506354,
    "std": 0.18711759063611497,
    "ulcer_index": 16.02610574917564,
    "upi": 0.30409350349093744,
    "us_allocation": 40
}