{
    "beta": 0.9690508083961067,
    "cagr": 0.08085332707315951,
    "end_val": 61616.05612637096,
    "max_drawdown": -0.5611025572647355,
    "mwrr": 0.08085332707315951,
    "sharpe": 0.32564332689711334,
    "sortino": 0.4551999677768081,
    "std": 0.19152654664003854,
    "ulcer_index": 14.468231909640519,
    "upi": 0.4310989969366896,
    "us_allocation": 83
}