{
    "beta": 0.845318355027698,
    "cagr": 0.053517016702893105,
    "end_val": 33846.341794039654,
    "max_drawdown": -0.6100821061493745,
    "mwrr": 0.053517016702893105,
    "sharpe": 0.19142734194700967,
    "sortino": 0.26573677262444373,
    "std": 0.19176306500158394,
    "ulcer_index": 18.041593534071836,
    "upi": 0.2034698891638792,
    "us_allocation": 6
}