{
    "beta": 0.8903806110660789,
    "cagr": 0.06407011763116022,
    "end_val": 42731.255597940166,
    "max_drawdown": -0.59230008014192,
    "mwrr": 0.06407011763116022,
    "sharpe": 0.2491513623316763,
    "sortino": 0.34651799678745865,
    "std": 0.18740786161996106,
    "ulcer_index": 16.32422242856605,
    "upi": 0.2860426581798385,
    "us_allocation": 34
}