{
    "beta": 0.8726908883330502,
    "cagr": 0.060009312527983694,
    "end_val": 39076.03157532279,
    "max_drawdown": -0.5993355832837515,
    "mwrr": 0.060009312527983694,
    "sharpe": 0.2273521155079266,
    "sortino": 0.3159282723383091,
    "std": 0.1885304260803357,
    "ulcer_index": 16.9298460627664,
    "upi": 0.2531845936588248,
    "us_allocation": 23
}