{
    "beta": 0.9176925991593862,
    "cagr": 0.07013252551452243,
    "end_val": 48803.17900568069,
    "max_drawdown": -0.5812962204096103,
    "mwrr": 0.07013252551452243,
    "sharpe": 0.2798693287871621,
    "sortino": 0.3898448557718658,
    "std": 0.1871725279288081,
    "ulcer_index": 15.525037200012099,
    "upi": 0.3374275540136165,
    "us_allocation": 51
}