{
    "beta": 0.9722598163972445,
    "cagr": 0.08149382155239304,
    "end_val": 62475.65363809123,
    "max_drawdown": -0.5601335779014462,
    "mwrr": 0.08149382155239304,
    "sharpe": 0.32793568730720035,
    "sortino": 0.45851524695372775,
    "std": 0.19199732371024247,
    "ulcer_index": 14.437445414953386,
    "upi": 0.4361291290025514,
    "us_allocation": 85
}