{
    "beta": 0.927326092191792,
    "cagr": 0.07221096613872735,
    "end_val": 51068.79933981368,
    "max_drawdown": -0.5773735909698468,
    "mwrr": 0.07221096613872735,
    "sharpe": 0.28971653496671945,
    "sortino": 0.40380414336837617,
    "std": 0.1875195606520498,
    "ulcer_index": 15.277304394751265,
    "upi": 0.35562319403600395,
    "us_allocation": 57
}