{
    "beta": 0.8517630420075014,
    "cagr": 0.05506846182130576,
    "end_val": 35031.430496922745,
    "max_drawdown": -0.607567096061398,
    "mwrr": 0.05506846182130576,
    "sharpe": 0.20007739479711809,
    "sortino": 0.2778046040839901,
    "std": 0.19083996589725796,
    "ulcer_index": 17.75539094793485,
    "upi": 0.21505230154672197,
    "us_allocation": 10
}