{
    "beta": 0.8839497588806465,
    "cagr": 0.06260609558273389,
    "end_val": 41377.25739082956,
    "max_drawdown": -0.5948660190387534,
    "mwrr": 0.06260609558273389,
    "sharpe": 0.24138032745574353,
    "sortino": 0.3355985941228549,
    "std": 0.18772761345624417,
    "ulcer_index": 16.5360490234888,
    "upi": 0.27403728104154423,
    "us_allocation": 30
}