{
    "beta": 0.8742996986957977,
    "cagr": 0.06038299768406019,
    "end_val": 39399.469252984956,
    "max_drawdown": -0.5986986851818189,
    "mwrr": 0.06038299768406019,
    "sharpe": 0.2293874595962912,
    "sortino": 0.31877925884265623,
    "std": 0.18839679355886668,
    "ulcer_index": 16.871946895108053,
    "upi": 0.256146269152222,
    "us_allocation": 24
}