{
    "beta": 0.8935953299872669,
    "cagr": 0.06479673634471039,
    "end_val": 43418.9165490461,
    "max_drawdown": -0.5910138331743315,
    "mwrr": 0.06479673634471039,
    "sharpe": 0.2529647492789763,
    "sortino": 0.3518820046588349,
    "std": 0.18728587909116604,
    "ulcer_index": 16.22276084667887,
    "upi": 0.29204712953599277,
    "us_allocation": 36
}