{
    "beta": 0.8968095998024891,
    "cagr": 0.06551976915939473,
    "end_val": 44113.69122701224,
    "max_drawdown": -0.5897253880754051,
    "mwrr": 0.06551976915939473,
    "sharpe": 0.2567279881778355,
    "sortino": 0.3571792324109265,
    "std": 0.18718913217959596,
    "ulcer_index": 16.123406749258734,
    "upi": 0.2980644173437099,
    "us_allocation": 38
}