{
    "beta": 0.9241152139979897,
    "cagr": 0.07152168092885325,
    "end_val": 50306.50676702495,
    "max_drawdown": -0.5786834267237287,
    "mwrr": 0.07152168092885325,
    "sharpe": 0.28649570853754797,
    "sortino": 0.39923366708174896,
    "std": 0.18737922956897834,
    "ulcer_index": 15.357682980429207,
    "upi": 0.34956700871521723,
    "us_allocation": 55
}