{
    "beta": 0.8887730779310679,
    "cagr": 0.06370546146901934,
    "end_val": 42390.091559736975,
    "max_drawdown": -0.5929423824109952,
    "mwrr": 0.06370546146901934,
    "sharpe": 0.2472263409284021,
    "sortino": 0.3438116189608836,
    "std": 0.18747832344621662,
    "ulcer_index": 16.376383649420273,
    "upi": 0.28303478893975287,
    "us_allocation": 33
}