{
    "beta": 0.866254240772548,
    "cagr": 0.05850548507952347,
    "end_val": 37799.92611723545,
    "max_drawdown": -0.601877848559752,
    "mwrr": 0.05850548507952347,
    "sharpe": 0.21911436935520712,
    "sortino": 0.30439915181171784,
    "std": 0.18912800379956687,
    "ulcer_index": 17.166371834635946,
    "upi": 0.24141104593162066,
    "us_allocation": 19
}