{
    "beta": 0.9786779125447821,
    "cagr": 0.08276447503794282,
    "end_val": 64215.07571900938,
    "max_drawdown": -0.5581982105931816,
    "mwrr": 0.08276447503794282,
    "sharpe": 0.3323167306466639,
    "sortino": 0.46487067918219654,
    "std": 0.19300571123525495,
    "ulcer_index": 14.381941657473696,
    "upi": 0.4459919027965234,
    "us_allocation": 89
}