{
    "beta": 0.8759083723319444,
    "cagr": 0.06075577597180137,
    "end_val": 39724.67443014503,
    "max_drawdown": -0.598061252027119,
    "mwrr": 0.06075577597180137,
    "sharpe": 0.2314127251549761,
    "sortino": 0.32161707272619794,
    "std": 0.18826947261292093,
    "ulcer_index": 16.814571731999038,
    "upi": 0.25911443506521004,
    "us_allocation": 25
}