{
    "beta": 0.9144808255204114,
    "cagr": 0.06943264339079303,
    "end_val": 48062.16114565418,
    "max_drawdown": -0.5825991996609637,
    "mwrr": 0.06943264339079303,
    "sharpe": 0.27646577647835535,
    "sortino": 0.38502930785879214,
    "std": 0.1871063466108611,
    "ulcer_index": 15.611331346264164,
    "upi": 0.3313640087215429,
    "us_allocation": 49
}