{
    "beta": 0.9754688440056097,
    "cagr": 0.08213086929923974,
    "end_val": 63342.00516628873,
    "max_drawdown": -0.5591654596191119,
    "mwrr": 0.08213086929923974,
    "sharpe": 0.33016010918561806,
    "sortino": 0.4617386565049645,
    "std": 0.1924904435799546,
    "ulcer_index": 14.40789924878787,
    "upi": 0.441118199001989,
    "us_allocation": 87
}