{
    "beta": 0.9257206869205957,
    "cagr": 0.07186676396171365,
    "end_val": 50686.76836718558,
    "max_drawdown": -0.5780287965416112,
    "mwrr": 0.07186676396171365,
    "sharpe": 0.2881139166895756,
    "sortino": 0.40152934640279314,
    "std": 0.18744632397610134,
    "ulcer_index": 15.317223635466132,
    "upi": 0.3525963973922996,
    "us_allocation": 56
}