{
    "beta": 0.973864326421724,
    "cagr": 0.08181277597045566,
    "end_val": 62907.98729741705,
    "max_drawdown": -0.5596494106152844,
    "mwrr": 0.08181277597045566,
    "sharpe": 0.3290563833620987,
    "sortino": 0.46013840259585875,
    "std": 0.19224110288795213,
    "ulcer_index": 14.422518010452045,
    "upi": 0.43862886706727305,
    "us_allocation": 86
}