{
    "beta": 0.970655311271955,
    "cagr": 0.08117400545233444,
    "end_val": 62045.008509280124,
    "max_drawdown": -0.560617960457123,
    "mwrr": 0.08117400545233444,
    "sharpe": 0.32679800565041184,
    "sortino": 0.4568690965937862,
    "std": 0.19175913029824168,
    "ulcer_index": 14.45268195221452,
    "upi": 0.43361915348439095,
    "us_allocation": 84
}