{
    "beta": 0.9112687167061184,
    "cagr": 0.06872921690905454,
    "end_val": 47328.249728792514,
    "max_drawdown": -0.5838999145764124,
    "mwrr": 0.06872921690905454,
    "sharpe": 0.2730034285220894,
    "sortino": 0.3801351439034631,
    "std": 0.18706505816872024,
    "ulcer_index": 15.700068863546042,
    "upi": 0.32529260591407955,
    "us_allocation": 47
}