{
    "beta": 0.9289314321627162,
    "cagr": 0.07255428818745036,
    "end_val": 51452.598274999444,
    "max_drawdown": -0.5767178086554062,
    "mwrr": 0.07255428818745036,
    "sharpe": 0.29130345338560637,
    "sortino": 0.4060579162226766,
    "std": 0.18759892610800769,
    "ulcer_index": 15.237793195681379,
    "upi": 0.3586501748130739,
    "us_allocation": 58
}