{
    "beta": 0.8372586659906689,
    "cagr": 0.051556912089208984,
    "end_val": 32403.893835081577,
    "max_drawdown": -0.6132142967465787,
    "mwrr": 0.051556912089208984,
    "sharpe": 0.18048251854337252,
    "sortino": 0.2504801918267129,
    "std": 0.19305603001082305,
    "ulcer_index": 18.438780893166296,
    "upi": 0.1889693409712901,
    "us_allocation": 1
}