{
    "beta": 0.9770733718195774,
    "cagr": 0.08244810212707998,
    "end_val": 63777.70281784333,
    "max_drawdown": -0.5586817259363115,
    "mwrr": 0.08244810212707998,
    "sharpe": 0.3312468839649453,
    "sortino": 0.4633160766410839,
    "std": 0.19274532127995486,
    "ulcer_index": 14.3948043027473,
    "upi": 0.4435594946376978,
    "us_allocation": 88
}