{
    "beta": 0.8420950002310105,
    "cagr": 0.05273575402534769,
    "end_val": 33264.19066824567,
    "max_drawdown": -0.6113365188013064,
    "mwrr": 0.05273575402534769,
    "sharpe": 0.18706564830961933,
    "sortino": 0.2596549077856629,
    "std": 0.19226177234641756,
    "ulcer_index": 18.193908775482896,
    "upi": 0.19768178416849141,
    "us_allocation": 4
}