{
    "beta": 0.9048434215612436,
    "cagr": 0.0673117061419164,
    "end_val": 45881.76480076775,
    "max_drawdown": -0.5864945930275567,
    "mwrr": 0.0673117061419164,
    "sharpe": 0.26590707315803963,
    "sortino": 0.37011645536512067,
    "std": 0.18705745199093013,
    "ulcer_index": 15.883702585991713,
    "upi": 0.31316073714976556,
    "us_allocation": 43
}