{
    "beta": 0.95942369131298,
    "cagr": 0.07891111493939618,
    "end_val": 59078.112334440084,
    "max_drawdown": -0.5642071746721871,
    "mwrr": 0.07891111493939618,
    "sharpe": 0.3183581732763849,
    "sortino": 0.4447018194280342,
    "std": 0.1902501575604014,
    "ulcer_index": 14.583726812617403,
    "upi": 0.4153296437759517,
    "us_allocation": 77
}