{
    "beta": 0.8614252251710613,
    "cagr": 0.0573680475663334,
    "end_val": 36861.32811238078,
    "max_drawdown": -0.6037789864729174,
    "mwrr": 0.0573680475663334,
    "sharpe": 0.21284115078181912,
    "sortino": 0.2956292654147662,
    "std": 0.18964226145021706,
    "ulcer_index": 17.353517437007515,
    "upi": 0.23260095973638126,
    "us_allocation": 16
}