{
    "beta": 0.8404830640805037,
    "cagr": 0.05234373412569382,
    "end_val": 32975.70393356144,
    "max_drawdown": -0.6119629558416392,
    "mwrr": 0.05234373412569382,
    "sharpe": 0.18487645108163456,
    "sortino": 0.256603198081084,
    "std": 0.19252037715904552,
    "ulcer_index": 18.274078963506966,
    "upi": 0.1947727821500554,
    "us_allocation": 3
}