{
    "beta": 0.8501521187976054,
    "cagr": 0.05468198307230976,
    "end_val": 34732.55349665749,
    "max_drawdown": -0.6081966244215835,
    "mwrr": 0.05468198307230976,
    "sharpe": 0.1979246320678344,
    "sortino": 0.2748004385760566,
    "std": 0.1910614253478235,
    "ulcer_index": 17.824882708382834,
    "upi": 0.21215483849205993,
    "us_allocation": 9
}