{
    "beta": 0.9096625309623788,
    "cagr": 0.06837617261155016,
    "end_val": 46963.96055630724,
    "max_drawdown": -0.5845494261709447,
    "mwrr": 0.06837617261155016,
    "sharpe": 0.2712505680930321,
    "sortino": 0.3776589847002735,
    "std": 0.18705377253334932,
    "ulcer_index": 15.74528997568595,
    "upi": 0.3222561649690349,
    "us_allocation": 46
}