{
    "beta": 0.9369572355728728,
    "cagr": 0.0742577216279785,
    "end_val": 53398.05639781666,
    "max_drawdown": -0.5734301981681884,
    "mwrr": 0.0742577216279785,
    "sharpe": 0.29899900686228625,
    "sortino": 0.41700590098039575,
    "std": 0.1880871808463171,
    "ulcer_index": 15.04698751943234,
    "upi": 0.37376398216573886,
    "us_allocation": 63
}