{
    "beta": 0.8952025199750214,
    "cagr": 0.06515870057345574,
    "end_val": 43765.41447205849,
    "max_drawdown": -0.590369886010845,
    "mwrr": 0.06515870057345574,
    "sharpe": 0.2548527312264264,
    "sortino": 0.354539110086465,
    "std": 0.18723435288108628,
    "ulcer_index": 16.17286841948735,
    "upi": 0.2950534213531155,
    "us_allocation": 37
}