{
    "beta": 0.8598152518624522,
    "cagr": 0.0569870744797929,
    "end_val": 36551.97257694659,
    "max_drawdown": -0.6044116459856979,
    "mwrr": 0.0569870744797929,
    "sharpe": 0.210733211946626,
    "sortino": 0.2926839287652177,
    "std": 0.18982623666121612,
    "ulcer_index": 17.418842482924628,
    "upi": 0.22965611178674938,
    "us_allocation": 15
}