{
    "beta": 0.8807335926052381,
    "cagr": 0.06186867856679723,
    "end_val": 40710.90808940997,
    "max_drawdown": -0.5961457304363663,
    "mwrr": 0.06186867856679723,
    "sharpe": 0.23742588388284763,
    "sortino": 0.3300485281655962,
    "std": 0.18792540226757573,
    "ulcer_index": 16.64571875265261,
    "upi": 0.2680537779907566,
    "us_allocation": 28
}