{
    "beta": 0.9417720868786581,
    "cagr": 0.0752692656517171,
    "end_val": 54586.43580560859,
    "max_drawdown": -0.5714506230588102,
    "mwrr": 0.0752692656517171,
    "sharpe": 0.30342186680967187,
    "sortino": 0.42331248463406235,
    "std": 0.1884527167628962,
    "ulcer_index": 14.937740169280682,
    "upi": 0.3828097396856359,
    "us_allocation": 66
}