{
    "beta": 0.943376946755688,
    "cagr": 0.0756046984809875,
    "end_val": 54986.06720672212,
    "max_drawdown": -0.5707895881800366,
    "mwrr": 0.0756046984809875,
    "sharpe": 0.3048632684142271,
    "sortino": 0.42537017658618037,
    "std": 0.1885865595821374,
    "ulcer_index": 14.902418190695355,
    "upi": 0.38581389846902275,
    "us_allocation": 67
}