{
    "beta": 0.9192983659767945,
    "cagr": 0.07048113934542544,
    "end_val": 49176.3508917974,
    "max_drawdown": -0.5806438783738092,
    "mwrr": 0.07048113934542544,
    "sharpe": 0.2815487098853482,
    "sortino": 0.3922226935840443,
    "std": 0.18721492780090604,
    "ulcer_index": 15.482549139244016,
    "upi": 0.3404611242612665,
    "us_allocation": 52
}