{
    "beta": 0.9128748141422135,
    "cagr": 0.0690813735778737,
    "end_val": 47694.316785285686,
    "max_drawdown": -0.5832498395067016,
    "mwrr": 0.0690813735778737,
    "sharpe": 0.2747418805768607,
    "sortino": 0.3825919832001292,
    "std": 0.1870825859043818,
    "ulcer_index": 15.655324993955722,
    "upi": 0.32833057033260565,
    "us_allocation": 48
}