{
    "beta": 0.846929777036099,
    "cagr": 0.05390626150803812,
    "end_val": 34140.01170170869,
    "max_drawdown": -0.6094541283660777,
    "mwrr": 0.05390626150803812,
    "sharpe": 0.19359937212702033,
    "sortino": 0.2687662018911281,
    "std": 0.19152298494964431,
    "ulcer_index": 17.966492658718366,
    "upi": 0.2063801242452762,
    "us_allocation": 7
}