{
    "beta": 0.8388709532139211,
    "cagr": 0.051950787156787914,
    "end_val": 32688.939296637753,
    "max_drawdown": -0.6125888814651848,
    "mwrr": 0.051950787156787914,
    "sharpe": 0.18268199713776467,
    "sortino": 0.25354485349326034,
    "std": 0.1927851337751341,
    "ulcer_index": 18.356045060304673,
    "upi": 0.19186485434916198,
    "us_allocation": 2
}