{
    "beta": 0.9530053279033381,
    "cagr": 0.07759898338423099,
    "end_val": 57420.48588309493,
    "max_drawdown": -0.5668109262421439,
    "mwrr": 0.07759898338423099,
    "sharpe": 0.3131620444009708,
    "sortino": 0.43724255800098966,
    "std": 0.1895143188873545,
    "ulcer_index": 14.701868337625719,
    "upi": 0.40369968014860996,
    "us_allocation": 73
}