{
    "beta": 0.9064498856107316,
    "cagr": 0.06766741801365073,
    "end_val": 46240.71773557206,
    "max_drawdown": -0.585846764109708,
    "mwrr": 0.06766741801365073,
    "sharpe": 0.26770223289544415,
    "sortino": 0.3726494089568213,
    "std": 0.18704996157281736,
    "ulcer_index": 15.83712442828485,
    "upi": 0.3161896465903207,
    "us_allocation": 44
}