{
    "beta": 0.9032368603210712,
    "cagr": 0.06695510349877631,
    "end_val": 45524.591177876486,
    "max_drawdown": -0.5871418636175261,
    "mwrr": 0.06695510349877631,
    "sharpe": 0.264098134972916,
    "sortino": 0.36756500286958804,
    "std": 0.18707121599174154,
    "ulcer_index": 15.930722159379027,
    "upi": 0.3101349996226987,
    "us_allocation": 42
}