{
    "beta": 0.9578191308701792,
    "cagr": 0.07858438351395658,
    "end_val": 58661.11840447156,
    "max_drawdown": -0.5648135252080559,
    "mwrr": 0.07858438351395658,
    "sharpe": 0.31708452949447397,
    "sortino": 0.44287148069997706,
    "std": 0.190057489967637,
    "ulcer_index": 14.61039907106333,
    "upi": 0.4124945636550353,
    "us_allocation": 76
}