{
    "beta": 0.9626327667586727,
    "cagr": 0.07956197866798664,
    "end_val": 59917.25468456213,
    "max_drawdown": -0.5631509113623571,
    "mwrr": 0.07956197866798664,
    "sharpe": 0.3208545496566308,
    "sortino": 0.448293393909421,
    "std": 0.19065277961998844,
    "ulcer_index": 14.53990151023926,
    "upi": 0.42073690204677533,
    "us_allocation": 79
}