{
    "beta": 0.9546099517154141,
    "cagr": 0.0779283183761399,
    "end_val": 57832.301949444416,
    "max_drawdown": -0.5661457270691089,
    "mwrr": 0.0779283183761399,
    "sharpe": 0.3144864373014968,
    "sortino": 0.43914179189208213,
    "std": 0.1896895495588333,
    "ulcer_index": 14.670655690909921,
    "upi": 0.40664529216875533,
    "us_allocation": 74
}