{
    "beta": 0.9834916391564245,
    "cagr": 0.08370844004314382,
    "end_val": 65537.19898995469,
    "max_drawdown": -0.5567489849087949,
    "mwrr": 0.08370844004314382,
    "sharpe": 0.33542498666898246,
    "sortino": 0.4693979419937394,
    "std": 0.19381970358818162,
    "ulcer_index": 14.34537273514076,
    "upi": 0.45321472181349237,
    "us_allocation": 92
}