{
    "beta": 0.9883055794964452,
    "cagr": 0.08464468640234157,
    "end_val": 66874.2260577554,
    "max_drawdown": -0.5553017615105067,
    "mwrr": 0.08464468640234157,
    "sharpe": 0.3383820636969449,
    "sortino": 0.47372089388267197,
    "std": 0.19468239327020612,
    "ulcer_index": 14.311067402242003,
    "upi": 0.4603465088696998,
    "us_allocation": 95
}