{
    "beta": 0.9160867531019264,
    "cagr": 0.06978302711548245,
    "end_val": 48431.78213950237,
    "max_drawdown": -0.5819479937326749,
    "mwrr": 0.06978302711548245,
    "sharpe": 0.2781749724522926,
    "sortino": 0.38744698096220104,
    "std": 0.18713633066017757,
    "ulcer_index": 15.56794838964913,
    "upi": 0.3343954515384482,
    "us_allocation": 50
}