{
    "beta": 0.8855576539016148,
    "cagr": 0.06297345129985343,
    "end_val": 41713.0932094297,
    "max_drawdown": -0.5942253506426598,
    "mwrr": 0.06297345129985343,
    "sharpe": 0.24334062314233718,
    "sortino": 0.3383515636067279,
    "std": 0.18763819814642235,
    "ulcer_index": 16.482304226409273,
    "upi": 0.27703174092992905,
    "us_allocation": 31
}