{
    "beta": 0.9385622337309687,
    "cagr": 0.07459577791161043,
    "end_val": 53792.42817316446,
    "max_drawdown": -0.5727709266481504,
    "mwrr": 0.07459577791161043,
    "sharpe": 0.3004896639316219,
    "sortino": 0.41913019747691055,
    "std": 0.18820301014516927,
    "ulcer_index": 15.01012586131698,
    "upi": 0.37678188593399065,
    "us_allocation": 64
}