{
    "beta": 0.8533738024337418,
    "cagr": 0.05545402053118287,
    "end_val": 35332.04819351642,
    "max_drawdown": -0.6069370486355965,
    "mwrr": 0.05545402053118287,
    "sharpe": 0.2022232681694914,
    "sortino": 0.2807997514542249,
    "std": 0.19062473272781597,
    "ulcer_index": 17.68672222525746,
    "upi": 0.21795669599561354,
    "us_allocation": 11
}