{
    "beta": 0.8678636174293661,
    "cagr": 0.05888280679374458,
    "end_val": 38116.30885922376,
    "max_drawdown": -0.6012430789832636,
    "mwrr": 0.05888280679374458,
    "sharpe": 0.22118781571158413,
    "sortino": 0.30729959777347005,
    "std": 0.1889691602469238,
    "ulcer_index": 17.106518443245097,
    "upi": 0.24434287433061025,
    "us_allocation": 20
}