{
    "beta": 0.9080562546727904,
    "cagr": 0.06802223990744172,
    "end_val": 46601.44975819922,
    "max_drawdown": -0.5851983755855109,
    "mwrr": 0.06802223990744172,
    "sharpe": 0.2694834510153218,
    "sortino": 0.37516366129265055,
    "std": 0.1870487376265235,
    "ulcer_index": 15.79098430896857,
    "upi": 0.3192215807313988,
    "us_allocation": 45
}