{
    "beta": 0.9899102865528032,
    "cagr": 0.08495505588183416,
    "end_val": 67323.18979595597,
    "max_drawdown": -0.5548198035287277,
    "mwrr": 0.08495505588183416,
    "sharpe": 0.3393343588195942,
    "sortino": 0.4751165497377999,
    "std": 0.19498065702241768,
    "ulcer_index": 14.300058551973464,
    "upi": 0.4627053652131421,
    "us_allocation": 96
}