{
    "beta": 0.9447764694614831,
    "cagr": 0.08392908013246592,
    "end_val": 60781.34276052787,
    "max_drawdown": -0.5734301981681881,
    "mwrr": 0.08392908013246592,
    "sharpe": 0.3511286812185147,
    "sortino": 0.49023306255054455,
    "std": 0.18790743214555947,
    "ulcer_index": 13.631422280708003,
    "upi": 0.4840335701266881,
    "us_allocation": 63
}