{
    "beta": 0.9112889852105637,
    "cagr": 0.07700592752210644,
    "end_val": 52656.98070141337,
    "max_drawdown": -0.5884347349001299,
    "mwrr": 0.07700592752210644,
    "sharpe": 0.3180629019958914,
    "sortino": 0.4432723590059436,
    "std": 0.1872736444844757,
    "ulcer_index": 14.631283931626244,
    "upi": 0.4071058210712043,
    "us_allocation": 40
}