{
    "beta": 0.9462351714469429,
    "cagr": 0.08421960745483514,
    "end_val": 61147.20028089391,
    "max_drawdown": -0.5727709266481503,
    "mwrr": 0.08421960745483514,
    "sharpe": 0.35237597469261084,
    "sortino": 0.49201587152730636,
    "std": 0.1880037028161771,
    "ulcer_index": 13.59413399157781,
    "upi": 0.48733522808873697,
    "us_allocation": 64
}