{
    "beta": 0.8909591227902166,
    "cagr": 0.07256313995154806,
    "end_val": 48001.59581666975,
    "max_drawdown": -0.597423282641155,
    "mwrr": 0.07256313995154806,
    "sharpe": 0.2942120146230155,
    "sortino": 0.40963971666925253,
    "std": 0.18838912346964226,
    "ulcer_index": 15.396938897234877,
    "upi": 0.3599797562760333,
    "us_allocation": 26
}