{
    "beta": 0.9287461596208935,
    "cagr": 0.08067583708615356,
    "end_val": 56824.8141216708,
    "max_drawdown": -0.5806438783738088,
    "mwrr": 0.08067583708615356,
    "sharpe": 0.33633695544675557,
    "sortino": 0.46916346687531724,
    "std": 0.18722419837752627,
    "ulcer_index": 14.074021073111473,
    "upi": 0.4474265656000697,
    "us_allocation": 52
}