{
    "beta": 0.9696084091569522,
    "cagr": 0.08875054786192349,
    "end_val": 67132.52578577696,
    "max_drawdown": -0.5626228478425416,
    "mwrr": 0.08875054786192349,
    "sharpe": 0.37005755912381616,
    "sortino": 0.5174219999292998,
    "std": 0.19030275654325296,
    "ulcer_index": 13.107911450817108,
    "upi": 0.5372688219507562,
    "us_allocation": 80
}