{
    "beta": 0.8561910526552071,
    "cagr": 0.06479541553940704,
    "end_val": 40798.37125386059,
    "max_drawdown": -0.6125888814651841,
    "mwrr": 0.06479541553940704,
    "sharpe": 0.24952705932892633,
    "sortino": 0.3470064399910564,
    "std": 0.1929214697740469,
    "ulcer_index": 17.109718227672467,
    "upi": 0.2813488051392912,
    "us_allocation": 2
}