{
    "beta": 0.9404017917441572,
    "cagr": 0.08305228746432136,
    "end_val": 59689.844504314744,
    "max_drawdown": -0.5754045083565654,
    "mwrr": 0.08305228746432136,
    "sharpe": 0.3472882197921982,
    "sortino": 0.48475003612852724,
    "std": 0.18765261330831748,
    "ulcer_index": 13.745889467845812,
    "upi": 0.47410813238944854,
    "us_allocation": 60
}