{
    "beta": 0.9901166754927674,
    "cagr": 0.09253507247758708,
    "end_val": 72556.96066571567,
    "max_drawdown": -0.5557839450986211,
    "mwrr": 0.09253507247758708,
    "sharpe": 0.3819917479417856,
    "sortino": 0.5348169538436714,
    "std": 0.19345150315065468,
    "ulcer_index": 12.912318586004302,
    "upi": 0.5723160243242137,
    "us_allocation": 94
}