{
    "beta": 0.905476549688687,
    "cagr": 0.07575436404554603,
    "end_val": 51303.62638746405,
    "max_drawdown": -0.5910138331743321,
    "mwrr": 0.07575436404554603,
    "sharpe": 0.3115103538652511,
    "sortino": 0.4340158669379572,
    "std": 0.18747596472351294,
    "ulcer_index": 14.833778914940792,
    "upi": 0.3936998473888788,
    "us_allocation": 36
}