{
    "beta": 0.9930510949092143,
    "cagr": 0.09306210313922159,
    "end_val": 73344.78979608312,
    "max_drawdown": -0.5548198035287277,
    "mwrr": 0.09306210313922159,
    "sharpe": 0.3834304908482146,
    "sortino": 0.5369403280371821,
    "std": 0.1939848267031116,
    "ulcer_index": 12.89072702814582,
    "upi": 0.5770208157764798,
    "us_allocation": 96
}