{
    "beta": 0.8619788807094562,
    "cagr": 0.06591062995384278,
    "end_val": 41758.84151390843,
    "max_drawdown": -0.6100821061493751,
    "mwrr": 0.06591062995384278,
    "sharpe": 0.256302926180441,
    "sortino": 0.3564813748795901,
    "std": 0.19194961639394903,
    "ulcer_index": 16.773972390901363,
    "upi": 0.29328913729727996,
    "us_allocation": 6
}