{
    "beta": 0.9345721567697409,
    "cagr": 0.08187104598301165,
    "end_val": 58248.92022425775,
    "max_drawdown": -0.5780287965416108,
    "mwrr": 0.08187104598301165,
    "sharpe": 0.34194016618910705,
    "sortino": 0.47713002128056303,
    "std": 0.1873925730048666,
    "ulcer_index": 13.905555510322477,
    "upi": 0.4608065501363996,
    "us_allocation": 56
}