{
    "beta": 0.9593745472306141,
    "cagr": 0.08679540643014283,
    "end_val": 64484.19360648693,
    "max_drawdown": -0.5668109262421441,
    "mwrr": 0.08679540643014283,
    "sharpe": 0.36285214172007296,
    "sortino": 0.5070343847074964,
    "std": 0.18912267587329631,
    "ulcer_index": 13.28440148047791,
    "upi": 0.5165832514279152,
    "us_allocation": 73
}