{
    "beta": 0.9506127301825681,
    "cagr": 0.08508598839327486,
    "end_val": 62250.75672167747,
    "max_drawdown": -0.5707895881800363,
    "mwrr": 0.08508598839327486,
    "sharpe": 0.3560184621047505,
    "sortino": 0.49722836796556197,
    "std": 0.1883263427262212,
    "ulcer_index": 13.485438006675434,
    "upi": 0.497194129321783,
    "us_allocation": 67
}