{
    "beta": 0.975462248918981,
    "cagr": 0.08984890640954246,
    "end_val": 68665.56040814254,
    "max_drawdown": -0.5606179604571225,
    "mwrr": 0.08984890640954246,
    "sharpe": 0.3738030055124592,
    "sortino": 0.5228481856629752,
    "std": 0.19109644338063897,
    "ulcer_index": 13.040383322060604,
    "upi": 0.5477933866449577,
    "us_allocation": 84
}