{
    "beta": 0.8837074367654487,
    "cagr": 0.07093394045318546,
    "end_val": 46395.11200473764,
    "max_drawdown": -0.6006077790183907,
    "mwrr": 0.07093394045318546,
    "sharpe": 0.28511287463526946,
    "sortino": 0.39685036043314514,
    "std": 0.18906347615720104,
    "ulcer_index": 15.707686986177322,
    "upi": 0.3431682741494884,
    "us_allocation": 21
}