{
    "beta": 0.9666831231968531,
    "cagr": 0.08819622975393604,
    "end_val": 66371.30564484243,
    "max_drawdown": -0.5636790205278197,
    "mwrr": 0.08819622975393604,
    "sharpe": 0.36808342723406845,
    "sortino": 0.5145702393819438,
    "std": 0.18993829374970606,
    "ulcer_index": 13.146553737930066,
    "upi": 0.5318108076135077,
    "us_allocation": 78
}