{
    "beta": 0.9974550145421833,
    "cagr": 0.09384629340711315,
    "end_val": 74532.17615692444,
    "max_drawdown": -0.5533752937366778,
    "mwrr": 0.09384629340711315,
    "sharpe": 0.3854662052138558,
    "sortino": 0.5399586015188361,
    "std": 0.19482297739219406,
    "ulcer_index": 12.860140165427113,
    "upi": 0.5839772216343414,
    "us_allocation": 99
}