{
    "beta": 0.9171046708182001,
    "cagr": 0.07824332699179193,
    "end_val": 54028.50614760052,
    "max_drawdown": -0.5858467641097082,
    "mwrr": 0.07824332699179193,
    "sharpe": 0.32439069825586514,
    "sortino": 0.45222393533039973,
    "std": 0.1871643847420457,
    "ulcer_index": 14.43709934999575,
    "upi": 0.4205453532216332,
    "us_allocation": 44
}