{
    "beta": 0.9579136118334453,
    "cagr": 0.0865126604583808,
    "end_val": 64109.56255289053,
    "max_drawdown": -0.567475526190936,
    "mwrr": 0.0865126604583808,
    "sharpe": 0.3617552190316222,
    "sortino": 0.5054576470136213,
    "std": 0.18897605955250127,
    "ulcer_index": 13.31590415515235,
    "upi": 0.5134045291523415,
    "us_allocation": 72
}