{
    "beta": 0.9857172928152511,
    "cagr": 0.09173815977920707,
    "end_val": 71381.03579104281,
    "max_drawdown": -0.5572318390457833,
    "mwrr": 0.09173815977920707,
    "sharpe": 0.3797100705927991,
    "sortino": 0.5314635528264475,
    "std": 0.19269010624701705,
    "ulcer_index": 12.946272933651787,
    "upi": 0.5651713684753187,
    "us_allocation": 91
}