{
    "beta": 0.8634262556848932,
    "cagr": 0.06625189269637044,
    "end_val": 42059.25157599788,
    "max_drawdown": -0.609454128366077,
    "mwrr": 0.06625189269637044,
    "sharpe": 0.2582852033125718,
    "sortino": 0.35925390227800325,
    "std": 0.19171728834791155,
    "ulcer_index": 16.693408045722844,
    "upi": 0.29662457423776667,
    "us_allocation": 7
}