{
    "beta": 0.9886499172560206,
    "cagr": 0.09227028436101858,
    "end_val": 72164.20116577286,
    "max_drawdown": -0.5562663532460602,
    "mwrr": 0.09227028436101858,
    "sharpe": 0.3812477175854555,
    "sortino": 0.5337216446227406,
    "std": 0.19319253820451454,
    "ulcer_index": 12.92342471181156,
    "upi": 0.5699461331094868,
    "us_allocation": 93
}