{
    "beta": 0.9813205539257492,
    "cagr": 0.09093359357493913,
    "end_val": 70212.30008711445,
    "max_drawdown": -0.5586817259363109,
    "mwrr": 0.09093359357493913,
    "sharpe": 0.37727892216913084,
    "sortino": 0.5279074463229176,
    "std": 0.1919755095539149,
    "ulcer_index": 12.982945817073286,
    "upi": 0.5578890263711181,
    "us_allocation": 88
}