{
    "beta": 0.9069293586802166,
    "cagr": 0.07606858563730001,
    "end_val": 51640.24523256388,
    "max_drawdown": -0.5903698860108443,
    "mwrr": 0.07606858563730001,
    "sharpe": 0.3131690376485935,
    "sortino": 0.43635782886750674,
    "std": 0.18741665429992824,
    "ulcer_index": 14.782376572092092,
    "upi": 0.3970470541274423,
    "us_allocation": 37
}