{
    "beta": 0.8924100116626588,
    "cagr": 0.0728862849540517,
    "end_val": 48326.48887167698,
    "max_drawdown": -0.59678477584042,
    "mwrr": 0.0728862849540517,
    "sharpe": 0.2959974810492037,
    "sortino": 0.4121517454498324,
    "std": 0.1882716453995527,
    "ulcer_index": 15.336392229529524,
    "upi": 0.3633676259673221,
    "us_allocation": 27
}