{
    "beta": 0.853298017388652,
    "cagr": 0.06410114169623093,
    "end_val": 40206.74956036826,
    "max_drawdown": -0.6138392027560154,
    "mwrr": 0.06410114169623093,
    "sharpe": 0.24547253269024244,
    "sortino": 0.34134305453854147,
    "std": 0.19344788821134956,
    "ulcer_index": 17.294327482195605,
    "upi": 0.2745696167784401,
    "us_allocation": 0
}