{
    "beta": 0.8996672777056773,
    "cagr": 0.07448858407373837,
    "end_val": 49968.733261921494,
    "max_drawdown": -0.593584138838124,
    "mwrr": 0.07448858407373837,
    "sharpe": 0.3047428785262955,
    "sortino": 0.42446900537208077,
    "std": 0.18777141974247466,
    "ulcer_index": 15.04669432271398,
    "upi": 0.3802943059047117,
    "us_allocation": 32
}