{
    "beta": 0.9681456316796737,
    "cagr": 0.088473817555202,
    "end_val": 66751.46785022003,
    "max_drawdown": -0.5631509113623581,
    "mwrr": 0.088473817555202,
    "sharpe": 0.3690789509862464,
    "sortino": 0.5160077200566594,
    "std": 0.19011781215348084,
    "ulcer_index": 13.127030683681594,
    "upi": 0.5345472713900609,
    "us_allocation": 79
}