{
    "beta": 0.9331153205268431,
    "cagr": 0.08157355502560071,
    "end_val": 57891.30231633701,
    "max_drawdown": -0.5786834267237292,
    "mwrr": 0.08157355502560071,
    "sharpe": 0.3405630610421294,
    "sortino": 0.4751706300804711,
    "std": 0.18734186389336732,
    "ulcer_index": 13.94672015201919,
    "upi": 0.45747199273450895,
    "us_allocation": 55
}