{
    "beta": 0.9127425984420758,
    "cagr": 0.07731660324493239,
    "end_val": 52998.17027086578,
    "max_drawdown": -0.5877885771525639,
    "mwrr": 0.07731660324493239,
    "sharpe": 0.3196662875868725,
    "sortino": 0.44553938718250974,
    "std": 0.1872376104491916,
    "ulcer_index": 14.582007623479694,
    "upi": 0.4104619978603747,
    "us_allocation": 41
}