{
    "beta": 0.8895084193000786,
    "cagr": 0.0722390978412395,
    "end_val": 47677.896791703446,
    "max_drawdown": -0.5980612520271186,
    "mwrr": 0.0722390978412395,
    "sharpe": 0.29241484383740435,
    "sortino": 0.40711205587204563,
    "std": 0.18851240488314644,
    "ulcer_index": 15.457980857301912,
    "upi": 0.35660099474526996,
    "us_allocation": 25
}