{
    "beta": 0.9316587099965455,
    "cagr": 0.08127519038103936,
    "end_val": 57534.741491582754,
    "max_drawdown": -0.5793374828633044,
    "mwrr": 0.08127519038103936,
    "sharpe": 0.3391700939755426,
    "sortino": 0.4731897069692015,
    "std": 0.18729689301767455,
    "ulcer_index": 13.988661942845425,
    "upi": 0.4541255067653753,
    "us_allocation": 54
}