{
    "beta": 0.9549925056727446,
    "cagr": 0.08594458204706612,
    "end_val": 63363.1493672839,
    "max_drawdown": -0.5688029342189888,
    "mwrr": 0.08594458204706612,
    "sharpe": 0.35951085637592145,
    "sortino": 0.5022349014639629,
    "std": 0.1886994567294405,
    "ulcer_index": 13.381285873648803,
    "upi": 0.5069825994707907,
    "us_allocation": 70
}