{
    "beta": 0.8866075639504067,
    "cagr": 0.07158831873490046,
    "end_val": 47034.09518062738,
    "max_drawdown": -0.5993355832837508,
    "mwrr": 0.07158831873490046,
    "sharpe": 0.2887861367343852,
    "sortino": 0.4020108032551334,
    "std": 0.18877636097906833,
    "ulcer_index": 15.581801540703898,
    "upi": 0.3498659794887993,
    "us_allocation": 23
}