{
    "beta": 0.8851574098787567,
    "cagr": 0.07126157994342197,
    "end_val": 46713.99958601179,
    "max_drawdown": -0.5999719475064247,
    "mwrr": 0.07126157994342197,
    "sharpe": 0.2869549791867473,
    "sortino": 0.3994378370770146,
    "std": 0.1889170262771862,
    "ulcer_index": 15.644496034927412,
    "upi": 0.346512139724759,
    "us_allocation": 22
}