{
    "beta": 0.9302023235617802,
    "cagr": 0.0809759513144972,
    "end_val": 57179.24352646806,
    "max_drawdown": -0.5799909663015478,
    "mwrr": 0.0809759513144972,
    "sharpe": 0.33776135934575413,
    "sortino": 0.47118729686472294,
    "std": 0.18725766858269974,
    "ulcer_index": 14.031112546826169,
    "upi": 0.4507763659888583,
    "us_allocation": 53
}