{
    "beta": 0.9243789869776261,
    "cagr": 0.07977023595678889,
    "end_val": 55767.99313957663,
    "max_drawdown": -0.5825991996609637,
    "mwrr": 0.07977023595678889,
    "sharpe": 0.331970769478978,
    "sortino": 0.4629653388868086,
    "std": 0.18715838474478558,
    "ulcer_index": 14.205544807836878,
    "upi": 0.43737484880594735,
    "us_allocation": 49
}