{
    "beta": 0.8692174347686197,
    "cagr": 0.06760780354260243,
    "end_val": 43273.37013143382,
    "max_drawdown": -0.6069370486355954,
    "mwrr": 0.06760780354260243,
    "sharpe": 0.2661331632808751,
    "sortino": 0.3702369945579568,
    "std": 0.1908446888589758,
    "ulcer_index": 16.393691889940953,
    "upi": 0.30980942709681814,
    "us_allocation": 11
}