{
    "beta": 0.888057900058577,
    "cagr": 0.07191415773397569,
    "end_val": 47355.39540226394,
    "max_drawdown": -0.5986986851818183,
    "mwrr": 0.07191415773397569,
    "sharpe": 0.2906061550701351,
    "sortino": 0.4045689853574799,
    "std": 0.18864148555044127,
    "ulcer_index": 15.519622032426923,
    "upi": 0.3532291815005199,
    "us_allocation": 24
}