{
    "beta": 0.8953123501800737,
    "cagr": 0.07352988716387432,
    "end_val": 48979.84228291314,
    "max_drawdown": -0.59550614523538,
    "mwrr": 0.07352988716387432,
    "sharpe": 0.29953256604260076,
    "sortino": 0.41712791309791836,
    "std": 0.18805411361450292,
    "ulcer_index": 15.216880163787097,
    "upi": 0.37016752198442965,
    "us_allocation": 29
}