{
    "beta": 0.9258344928916202,
    "cagr": 0.08007298015969422,
    "end_val": 56119.18341691209,
    "max_drawdown": -0.5819479937326754,
    "mwrr": 0.08007298015969422,
    "sharpe": 0.33344155252015195,
    "sortino": 0.4650522675942298,
    "std": 0.18717454971945396,
    "ulcer_index": 14.161195104992656,
    "upi": 0.44072679264619785,
    "us_allocation": 50
}