{
    "beta": 0.87646024916121,
    "cagr": 0.06928220039118305,
    "end_val": 44818.90773763877,
    "max_drawdown": -0.6037789864729171,
    "mwrr": 0.06928220039118305,
    "sharpe": 0.27574499175273054,
    "sortino": 0.3837047836766424,
    "std": 0.18988228201165,
    "ulcer_index": 16.03628127100357,
    "upi": 0.32649911321215924,
    "us_allocation": 16
}