{
    "beta": 0.9989236074936526,
    "cagr": 0.09410599746146198,
    "end_val": 74929.44043948893,
    "max_drawdown": -0.5528942487106144,
    "mwrr": 0.09410599746146198,
    "sharpe": 0.38611239519818547,
    "sortino": 0.5409206287681046,
    "std": 0.19511245206822972,
    "ulcer_index": 12.85045952439363,
    "upi": 0.5862669426971331,
    "us_allocation": 100
}