{
    "beta": 0.9769264014238748,
    "cagr": 0.09012135840413116,
    "end_val": 69050.9805258731,
    "max_drawdown": -0.5601335779014466,
    "mwrr": 0.09012135840413116,
    "sharpe": 0.3746971953975422,
    "sortino": 0.5241472835609189,
    "std": 0.19130825224312403,
    "ulcer_index": 13.025186510182824,
    "upi": 0.5503540711568414,
    "us_allocation": 85
}