{
    "beta": 0.979855551850528,
    "cagr": 0.09066370139899371,
    "end_val": 69824.3585138928,
    "max_drawdown": -0.5591654596191121,
    "mwrr": 0.09066370139899371,
    "sharpe": 0.37643512447524985,
    "sortino": 0.5266767996909982,
    "std": 0.1917478044461544,
    "ulcer_index": 12.995763899848946,
    "upi": 0.5554323695708562,
    "us_allocation": 87
}