{
    "beta": 0.9564529319375084,
    "cagr": 0.08622905254841173,
    "end_val": 63735.87878512885,
    "max_drawdown": -0.5681395283679036,
    "mwrr": 0.08622905254841173,
    "sharpe": 0.36064144874991844,
    "sortino": 0.5038578035757458,
    "std": 0.18883498159491002,
    "ulcer_index": 13.34786913336433,
    "upi": 0.5102166799579354,
    "us_allocation": 71
}