{
    "beta": 0.8967638021829477,
    "cagr": 0.07385034612120855,
    "end_val": 49308.295060781835,
    "max_drawdown": -0.5948660190387536,
    "mwrr": 0.07385034612120855,
    "sharpe": 0.3012818228517294,
    "sortino": 0.4195915986082305,
    "std": 0.18795406603612347,
    "ulcer_index": 15.157963588488192,
    "upi": 0.3735778474920034,
    "us_allocation": 30
}