{
    "beta": 0.9637589053467068,
    "cagr": 0.08763847917859047,
    "end_val": 65613.69871082189,
    "max_drawdown": -0.5648135252080555,
    "mwrr": 0.08763847917859047,
    "sharpe": 0.36604162904451676,
    "sortino": 0.5116256083665999,
    "std": 0.18959560262153932,
    "ulcer_index": 13.193715638709172,
    "upi": 0.5260189649426507,
    "us_allocation": 76
}