{
    "beta": 0.9360292203576402,
    "cagr": 0.08216766398313458,
    "end_val": 58607.589363056686,
    "max_drawdown": -0.5773735909698461,
    "mwrr": 0.08216766398313458,
    "sharpe": 0.34330131902732036,
    "sortino": 0.47906775486803344,
    "std": 0.18744901173404374,
    "ulcer_index": 13.864981217235398,
    "upi": 0.4641347751029335,
    "us_allocation": 57
}