{
    "beta": 0.8779093329927462,
    "cagr": 0.06961435717425046,
    "end_val": 45131.706997236586,
    "max_drawdown": -0.6031458011580236,
    "mwrr": 0.06961435717425046,
    "sharpe": 0.27763889004099623,
    "sortino": 0.38636077795130763,
    "std": 0.18970700211117314,
    "ulcer_index": 15.96698296174162,
    "upi": 0.32986379622446826,
    "us_allocation": 17
}