{
    "beta": 0.8822576435510978,
    "cagr": 0.07060539935204435,
    "end_val": 46077.435750389064,
    "max_drawdown": -0.6012430789832637,
    "mwrr": 0.07060539935204435,
    "sharpe": 0.2832600170443821,
    "sortino": 0.3942486492585421,
    "std": 0.18921570493957868,
    "ulcer_index": 15.771373636724745,
    "upi": 0.3398345843280009,
    "us_allocation": 20
}