{
    "beta": 0.9842514222891845,
    "cagr": 0.09147082219027913,
    "end_val": 70990.64709545599,
    "max_drawdown": -0.5577149146189506,
    "mwrr": 0.09147082219027913,
    "sharpe": 0.37891635581369704,
    "sortino": 0.5303007634851855,
    "std": 0.19244668031192147,
    "ulcer_index": 12.958017434437462,
    "upi": 0.5627666694904663,
    "us_allocation": 90
}