{
    "beta": 0.9535323311835954,
    "cagr": 0.08565924829652882,
    "end_val": 62991.381287967946,
    "max_drawdown": -0.569465745183697,
    "mwrr": 0.08565924829652882,
    "sharpe": 0.35836347143030894,
    "sortino": 0.5005890246598729,
    "std": 0.18856949933717945,
    "ulcer_index": 13.41557408505825,
    "upi": 0.5037254613127049,
    "us_allocation": 69
}