{
    "beta": 0.8663215077997551,
    "cagr": 0.06693167416084744,
    "end_val": 42663.819926557524,
    "max_drawdown": -0.6081966244215835,
    "mwrr": 0.06693167416084744,
    "sharpe": 0.26222582940149647,
    "sortino": 0.3647674162378086,
    "std": 0.19126962519464855,
    "ulcer_index": 16.541734698046792,
    "upi": 0.30320212994377643,
    "us_allocation": 9
}