{
    "beta": 0.9827858433679987,
    "cagr": 0.09120263364639003,
    "end_val": 70601.06572530454,
    "max_drawdown": -0.5581982105931815,
    "mwrr": 0.09120263364639003,
    "sharpe": 0.37810598669474715,
    "sortino": 0.5291154194070894,
    "std": 0.192208474755527,
    "ulcer_index": 12.970362697390485,
    "upi": 0.5603338877666256,
    "us_allocation": 89
}