{
    "beta": 0.9652208817379557,
    "cagr": 0.08791778383696003,
    "end_val": 65992.04675992113,
    "max_drawdown": -0.5642071746721866,
    "mwrr": 0.08791778383696003,
    "sharpe": 0.36707098595104426,
    "sortino": 0.5131095501288022,
    "std": 0.18976421833926813,
    "ulcer_index": 13.167845059944334,
    "upi": 0.5290049186458573,
    "us_allocation": 77
}