{
    "beta": 0.9418597813406675,
    "cagr": 0.08334542083529461,
    "end_val": 60052.658526994586,
    "max_drawdown": -0.5747469876361859,
    "mwrr": 0.08334542083529461,
    "sharpe": 0.348584739641922,
    "sortino": 0.4866000362275625,
    "std": 0.18773187616466072,
    "ulcer_index": 13.707253384021186,
    "upi": 0.4774213140423227,
    "us_allocation": 61
}