{
    "beta": 0.973998375474229,
    "cagr": 0.0895755999590826,
    "end_val": 68280.99694923514,
    "max_drawdown": -0.561102557264736,
    "mwrr": 0.0895755999590826,
    "sharpe": 0.37289196555982357,
    "sortino": 0.5215261508717826,
    "std": 0.19088997106434605,
    "ulcer_index": 13.05590378494362,
    "upi": 0.5452186543046441,
    "us_allocation": 83
}