{
    "beta": 0.8793585926765045,
    "cagr": 0.06994560863933263,
    "end_val": 45445.73011413365,
    "max_drawdown": -0.6025120889016812,
    "mwrr": 0.06994560863933263,
    "sharpe": 0.2795228268174956,
    "sortino": 0.38900360265113654,
    "std": 0.1895374745576212,
    "ulcer_index": 15.900210409943515,
    "upi": 0.3331989406395031,
    "us_allocation": 18
}