{
    "beta": 0.9871834570861923,
    "cagr": 0.09200464698145883,
    "end_val": 71772.22333217703,
    "max_drawdown": -0.556748984908795,
    "mwrr": 0.09200464698145883,
    "sharpe": 0.38048717534779736,
    "sortino": 0.532603845027934,
    "std": 0.19293873235448192,
    "ulcer_index": 12.934744484930855,
    "upi": 0.5675644620613418,
    "us_allocation": 92
}