{
    "beta": 0.9915837339784794,
    "cagr": 0.09279901188659534,
    "end_val": 72950.49313303451,
    "max_drawdown": -0.555301761510506,
    "mwrr": 0.09279901188659534,
    "sharpe": 0.3827193201246331,
    "sortino": 0.5358898225176173,
    "std": 0.1937156063366128,
    "ulcer_index": 12.901418881150828,
    "upi": 0.574674317970676,
    "us_allocation": 95
}