{
    "beta": 0.9433180066720694,
    "cagr": 0.08363768482451062,
    "end_val": 60416.493381509936,
    "max_drawdown": -0.5740888847011095,
    "mwrr": 0.08363768482451062,
    "sharpe": 0.34986491550624926,
    "sortino": 0.48842775102421876,
    "std": 0.18781681945443737,
    "ulcer_index": 13.669130290463,
    "upi": 0.48072877166915867,
    "us_allocation": 62
}