{
    "beta": 0.9214686223545607,
    "cagr": 0.07916211227159442,
    "end_val": 55068.889723998276,
    "max_drawdown": -0.5838999145764118,
    "mwrr": 0.07916211227159442,
    "sharpe": 0.32898360873694393,
    "sortino": 0.45872971519184597,
    "std": 0.1871434040202794,
    "ulcer_index": 14.296459297032149,
    "upi": 0.4306478715600043,
    "us_allocation": 47
}