{
    "beta": 0.927290216587712,
    "cagr": 0.08037484695117447,
    "end_val": 56471.458902096536,
    "max_drawdown": -0.58129622040961,
    "mwrr": 0.08037484695117447,
    "sharpe": 0.334896984479891,
    "sortino": 0.4671183818096007,
    "std": 0.18719648977298958,
    "ulcer_index": 14.11738197225319,
    "upi": 0.4440766021900977,
    "us_allocation": 51
}