{
    "beta": 0.8576377510786575,
    "cagr": 0.06488134163475867,
    "end_val": 40865.13450900773,
    "max_drawdown": -0.6119629558416393,
    "mwrr": 0.06488134163475867,
    "sharpe": 0.2503107451022932,
    "sortino": 0.34810415036528825,
    "std": 0.19268045356951616,
    "ulcer_index": 17.023263576232488,
    "upi": 0.2833118227950673,
    "us_allocation": 3
}