{
    "beta": 0.9011193036900317,
    "cagr": 0.07480636478544556,
    "end_val": 50300.7106637141,
    "max_drawdown": -0.5929423824109954,
    "mwrr": 0.07480636478544556,
    "sharpe": 0.3064543302583449,
    "sortino": 0.4268820959555888,
    "std": 0.18768882466795261,
    "ulcer_index": 14.99225193601758,
    "upi": 0.3836502143266819,
    "us_allocation": 33
}