{
    "beta": 0.9710714576134558,
    "cagr": 0.08902642129076699,
    "end_val": 67514.4717864267,
    "max_drawdown": -0.562094830637266,
    "mwrr": 0.08902642129076699,
    "sharpe": 0.3710192573490622,
    "sortino": 0.5188131355366054,
    "std": 0.19049310960981522,
    "ulcer_index": 13.08912041153593,
    "upi": 0.5399782711416667,
    "us_allocation": 81
}