{
    "beta": 0.8677693865192689,
    "cagr": 0.06727019486931063,
    "end_val": 42967.97351586018,
    "max_drawdown": -0.607567096061398,
    "mwrr": 0.06727019486931063,
    "sharpe": 0.26418376172692487,
    "sortino": 0.3675078227789439,
    "std": 0.19105431112011148,
    "ulcer_index": 16.46728028247169,
    "upi": 0.30650189019182145,
    "us_allocation": 10
}