{
    "beta": 0.8735626052217436,
    "cagr": 0.06861516709895832,
    "end_val": 44196.99252860167,
    "max_drawdown": -0.6050437808309186,
    "mwrr": 0.06861516709895832,
    "sharpe": 0.271928117108306,
    "sortino": 0.37835439395678566,
    "std": 0.1902500681829235,
    "ulcer_index": 16.177212093329494,
    "upi": 0.3197925479740899,
    "us_allocation": 14
}