{
    "beta": 0.8590846291320721,
    "cagr": 0.06522535543509456,
    "end_val": 41161.78083998019,
    "max_drawdown": -0.6113365188013062,
    "mwrr": 0.06522535543509456,
    "sharpe": 0.25231548791510655,
    "sortino": 0.3509061925327685,
    "std": 0.19243121046115985,
    "ulcer_index": 16.93723665845212,
    "upi": 0.2866602482906854,
    "us_allocation": 4
}