{
    "beta": 0.860531672104048,
    "cagr": 0.06556845120305055,
    "end_val": 41459.6838768616,
    "max_drawdown": -0.6107095692650822,
    "mwrr": 0.06556845120305055,
    "sharpe": 0.25431295135199555,
    "sortino": 0.35369870921145047,
    "std": 0.1921875941998003,
    "ulcer_index": 16.855253731165444,
    "upi": 0.2899675378038443,
    "us_allocation": 5
}