{
    "beta": 0.9098355750886746,
    "cagr": 0.07669436655549333,
    "end_val": 52316.926921497376,
    "max_drawdown": -0.589080338122221,
    "mwrr": 0.07669436655549333,
    "sharpe": 0.31644546534903456,
    "sortino": 0.4409862866963395,
    "std": 0.18731549533972935,
    "ulcer_index": 14.681050178230093,
    "upi": 0.4037525264065529,
    "us_allocation": 39
}