{
    "beta": 0.9200137606143503,
    "cagr": 0.07885673125397452,
    "end_val": 54720.98715451859,
    "max_drawdown": -0.5845494261709449,
    "mwrr": 0.07885673125397452,
    "sharpe": 0.32746746967031864,
    "sortino": 0.45658129767143474,
    "std": 0.18714459919827545,
    "ulcer_index": 14.342842218161412,
    "upi": 0.4272794210558069,
    "us_allocation": 46
}