{
    "beta": 0.8547444536206353,
    "cagr": 0.0644487392751305,
    "end_val": 40501.92094379835,
    "max_drawdown": -0.6132142967465786,
    "mwrr": 0.0644487392751305,
    "sharpe": 0.2475031337797157,
    "sortino": 0.3441790353792935,
    "std": 0.1931818841063466,
    "ulcer_index": 17.1984650381753,
    "upi": 0.27800134782883645,
    "us_allocation": 1
}