{
    "beta": 0.952072406629018,
    "cagr": 0.0853730506343191,
    "end_val": 62620.581460264766,
    "max_drawdown": -0.5701279626951344,
    "mwrr": 0.0853730506343191,
    "sharpe": 0.35719932747006106,
    "sortino": 0.4989201728577095,
    "std": 0.18844512344614978,
    "ulcer_index": 13.45029142234576,
    "upi": 0.5004625238210232,
    "us_allocation": 68
}