{
    "beta": 0.9783908350444944,
    "cagr": 0.09039295653727275,
    "end_val": 69437.24926497429,
    "max_drawdown": -0.5596494106152844,
    "mwrr": 0.09039295653727275,
    "sharpe": 0.37557455921278216,
    "sortino": 0.5254234448854243,
    "std": 0.1915253789275839,
    "ulcer_index": 13.010311019368405,
    "upi": 0.5529005754680022,
    "us_allocation": 86
}