{
    "beta": 0.9959867329600011,
    "cagr": 0.09358574335886694,
    "end_val": 74135.64026051969,
    "max_drawdown": -0.5538565685872705,
    "mwrr": 0.09358574335886694,
    "sharpe": 0.38480386944248307,
    "sortino": 0.5389746239790597,
    "std": 0.19453853376680386,
    "ulcer_index": 12.870098918490939,
    "upi": 0.581671918686766,
    "us_allocation": 98
}