{
    "beta": 0.9025715234952195,
    "cagr": 0.07512325445590973,
    "end_val": 50633.854795128296,
    "max_drawdown": -0.5923000801419193,
    "mwrr": 0.07512325445590973,
    "sharpe": 0.3081528375250171,
    "sortino": 0.4292777580175167,
    "std": 0.18761205003401554,
    "ulcer_index": 14.938384126914245,
    "upi": 0.3870095587421026,
    "us_allocation": 34
}