{
    "beta": 0.9608357400135286,
    "cagr": 0.08707729111224038,
    "end_val": 64859.76480643207,
    "max_drawdown": -0.5661457270691093,
    "mwrr": 0.08707729111224038,
    "sharpe": 0.3639321953118373,
    "sortino": 0.5085879927895117,
    "std": 0.1892748154858994,
    "ulcer_index": 13.25336486230272,
    "upi": 0.5197523113133927,
    "us_allocation": 74
}