{
    "beta": 0.9476941143813474,
    "cagr": 0.0845092674824921,
    "end_val": 61514.059483653706,
    "max_drawdown": -0.5721110687455652,
    "mwrr": 0.0845092674824921,
    "sharpe": 0.35360673792732,
    "sortino": 0.49377610002100936,
    "std": 0.18810561965872727,
    "ulcer_index": 13.55728173645639,
    "upi": 0.49063283234051025,
    "us_allocation": 65
}