{
    "beta": 0.89386108706929,
    "cagr": 0.07320853373222058,
    "end_val": 48652.57227787667,
    "max_drawdown": -0.5961457304363663,
    "mwrr": 0.07320853373222058,
    "sharpe": 0.29777105886674665,
    "sortino": 0.414647891900944,
    "std": 0.18815997435639645,
    "ulcer_index": 15.276337895105815,
    "upi": 0.3667644643216456,
    "us_allocation": 28
}