{
    "beta": 0.9622971920811196,
    "cagr": 0.08735831514860837,
    "end_val": 65236.26893790464,
    "max_drawdown": -0.5654799272129045,
    "mwrr": 0.08735831514860837,
    "sharpe": 0.364995362279233,
    "sortino": 0.5101184167357099,
    "std": 0.18943246298191477,
    "ulcer_index": 13.223265004217465,
    "upi": 0.5228927011952031,
    "us_allocation": 75
}