{
    "beta": 0.9083823666988506,
    "cagr": 0.07638191953302642,
    "end_val": 51978.01357542233,
    "max_drawdown": -0.5897253880754046,
    "mwrr": 0.07638191953302642,
    "sharpe": 0.31481412654051133,
    "sortino": 0.4386813837900415,
    "std": 0.18736316482009074,
    "ulcer_index": 14.731430300054193,
    "upi": 0.40039904032629203,
    "us_allocation": 38
}