{
    "beta": 0.9040239383970828,
    "cagr": 0.07543925392960626,
    "end_val": 50968.16145992784,
    "max_drawdown": -0.5916572308063132,
    "mwrr": 0.07543925392960626,
    "sharpe": 0.3098382334242329,
    "sortino": 0.4316557587325597,
    "std": 0.1875410966059002,
    "ulcer_index": 14.885629623697257,
    "upi": 0.39035786995240557,
    "us_allocation": 35
}