{
    "beta": 0.9389440361743849,
    "cagr": 0.08275828400625196,
    "end_val": 59328.05754496941,
    "max_drawdown": -0.5760614482393046,
    "mwrr": 0.08275828400625196,
    "sharpe": 0.34597542619674587,
    "sortino": 0.4828778707015091,
    "std": 0.18757904152385269,
    "ulcer_index": 13.785147377370567,
    "upi": 0.47078591805122066,
    "us_allocation": 59
}