{
    "beta": 0.9491533000324017,
    "cagr": 0.08479806090152864,
    "end_val": 61881.913834075334,
    "max_drawdown": -0.5714506230588099,
    "mwrr": 0.08479806090152864,
    "sharpe": 0.35482091700774393,
    "sortino": 0.49551365264316416,
    "std": 0.1882131704841427,
    "ulcer_index": 13.521028253395283,
    "upi": 0.4939200955389242,
    "us_allocation": 66
}