{
    "beta": 0.9374865129382262,
    "cagr": 0.08246340975088473,
    "end_val": 58967.3038046142,
    "max_drawdown": -0.5767178086554058,
    "mwrr": 0.08246340975088473,
    "sharpe": 0.34464643315773946,
    "sortino": 0.48098372588292165,
    "std": 0.1875111710523597,
    "ulcer_index": 13.824845872770005,
    "upi": 0.4674613147026846,
    "us_allocation": 58
}