{
    "beta": 0.9229236973064401,
    "cagr": 0.07946661358245688,
    "end_val": 55417.8934678825,
    "max_drawdown": -0.5832498395067012,
    "mwrr": 0.07946661358245688,
    "sharpe": 0.33048474906361625,
    "sortino": 0.46085778589277193,
    "std": 0.1871480009525277,
    "ulcer_index": 14.250589050427877,
    "upi": 0.4340163480083089,
    "us_allocation": 48
}