{
    "beta": 0.8648737977885016,
    "cagr": 0.06659224043325018,
    "end_val": 42360.91181840066,
    "max_drawdown": -0.6088256348225478,
    "mwrr": 0.06659224043325018,
    "sharpe": 0.2602595738948913,
    "sortino": 0.36201601212209455,
    "std": 0.19149062105563516,
    "ulcer_index": 16.61699551528237,
    "upi": 0.29991162298466006,
    "us_allocation": 8
}