{
    "beta": 0.8706656533901377,
    "cagr": 0.06794450115853179,
    "end_val": 43580.00724792495,
    "max_drawdown": -0.6063064810331508,
    "mwrr": 0.06794450115853179,
    "sharpe": 0.2680738270812041,
    "sortino": 0.37295466206308164,
    "std": 0.1906407681042551,
    "ulcer_index": 16.320837233548243,
    "upi": 0.3131268682904568,
    "us_allocation": 12
}