{
    "beta": 0.8808080291952427,
    "cagr": 0.07027595572203227,
    "end_val": 45760.974063982154,
    "max_drawdown": -0.6018778485597516,
    "mwrr": 0.07027595572203227,
    "sharpe": 0.28139660204037165,
    "sortino": 0.39163297911324535,
    "std": 0.18937370655682162,
    "ulcer_index": 15.835541882232231,
    "upi": 0.33651154960450597,
    "us_allocation": 19
}