{
    "beta": 0.9185591105941147,
    "cagr": 0.07855046975422209,
    "end_val": 54374.190930516146,
    "max_drawdown": -0.5851983755855108,
    "mwrr": 0.07855046975422209,
    "sharpe": 0.32593645669548466,
    "sortino": 0.45441263720729935,
    "std": 0.1871515913081726,
    "ulcer_index": 14.3897327757106,
    "upi": 0.4239114945806548,
    "us_allocation": 45
}