{
    "beta": 0.8750113402187008,
    "cagr": 0.06894913734858887,
    "end_val": 44507.3352878246,
    "max_drawdown": -0.6044116459856976,
    "mwrr": 0.06894913734858887,
    "sharpe": 0.2738413332733234,
    "sortino": 0.38103590959271066,
    "std": 0.19006330668283827,
    "ulcer_index": 16.106401108312184,
    "upi": 0.32314103301411073,
    "us_allocation": 15
}