{
    "beta": 0.8982154442836631,
    "cagr": 0.07416991147082053,
    "end_val": 49637.92671168898,
    "max_drawdown": -0.5942253506426599,
    "mwrr": 0.07416991147082053,
    "sharpe": 0.3030186519629293,
    "sortino": 0.4220387344786801,
    "std": 0.18785983406872261,
    "ulcer_index": 15.101705443399995,
    "upi": 0.37694231477710854,
    "us_allocation": 31
}