{
    "beta": 0.9141964161773619,
    "cagr": 0.07762639453072406,
    "end_val": 53340.49091053085,
    "max_drawdown": -0.5871418636175256,
    "mwrr": 0.07762639453072406,
    "sharpe": 0.3212554764799838,
    "sortino": 0.44778713473649673,
    "std": 0.18720739099751066,
    "ulcer_index": 14.53323710777927,
    "upi": 0.41382030560254535,
    "us_allocation": 42
}