{
    "beta": 0.8721140432467367,
    "cagr": 0.06828028868878522,
    "end_val": 43887.88226929251,
    "max_drawdown": -0.6056753921383796,
    "mwrr": 0.06828028868878522,
    "sharpe": 0.2700055468497984,
    "sortino": 0.37566054766942575,
    "std": 0.19044255820942063,
    "ulcer_index": 16.248631802675696,
    "upi": 0.3164555544327714,
    "us_allocation": 13
}