{
    "beta": 0.9725347790481639,
    "cagr": 0.08930143845391347,
    "end_val": 67897.2981123744,
    "max_drawdown": -0.5615873673095947,
    "mwrr": 0.08930143845391347,
    "sharpe": 0.3719640551100688,
    "sortino": 0.5201811594806626,
    "std": 0.19068885374828062,
    "ulcer_index": 13.071751252485601,
    "upi": 0.542629967253725,
    "us_allocation": 82
}