{
    "beta": 0.9945187604950321,
    "cagr": 0.09332434678240675,
    "end_val": 73739.84181072496,
    "max_drawdown": -0.5543380722033061,
    "mwrr": 0.09332434678240675,
    "sharpe": 0.3841253197735994,
    "sortino": 0.5379685604087222,
    "std": 0.1942591429947387,
    "ulcer_index": 12.880282985193539,
    "upi": 0.5793535858924058,
    "us_allocation": 97
}