{
    "beta": 0.915650439827056,
    "cagr": 0.07793530218094435,
    "end_val": 53683.93782597987,
    "max_drawdown": -0.5864945930275571,
    "mwrr": 0.07793530218094435,
    "sharpe": 0.32283032635042,
    "sortino": 0.4500153823703721,
    "std": 0.18718298346158418,
    "ulcer_index": 14.4849328957945,
    "upi": 0.41718156167685116,
    "us_allocation": 43
}