{
    "beta": 0.8975942185539332,
    "cagr": 0.07904936170238552,
    "end_val": 50928.625657481745,
    "max_drawdown": -0.6075670960613982,
    "mwrr": 0.07904936170238552,
    "sharpe": 0.3239322451044524,
    "sortino": 0.44968342128283606,
    "std": 0.18992224234923308,
    "ulcer_index": 16.379360743896257,
    "upi": 0.37559806418671887,
    "us_allocation": 10
}