{
    "beta": 0.9260359702489237,
    "cagr": 0.08792604840850093,
    "end_val": 60686.39728605998,
    "max_drawdown": -0.5929423824109951,
    "mwrr": 0.08792604840850093,
    "sharpe": 0.3738009815136035,
    "sortino": 0.5194488497281189,
    "std": 0.18652946231515222,
    "ulcer_index": 14.807404352841214,
    "upi": 0.4708748406279593,
    "us_allocation": 33
}