{
    "beta": 0.9358922993128903,
    "cagr": 0.0909033648257982,
    "end_val": 64340.84469801528,
    "max_drawdown": -0.5877885771525642,
    "mwrr": 0.0909033648257982,
    "sharpe": 0.3895606789481585,
    "sortino": 0.541624760005157,
    "std": 0.18600751966493048,
    "ulcer_index": 14.343612921976481,
    "upi": 0.5051797103603615,
    "us_allocation": 41
}