{
    "beta": 0.9934169735144232,
    "cagr": 0.10727237016545432,
    "end_val": 88487.5031763406,
    "max_drawdown": -0.5586817259363117,
    "mwrr": 0.10727237016545432,
    "sharpe": 0.46084793777571265,
    "sortino": 0.643676592070274,
    "std": 0.1895915227868822,
    "ulcer_index": 12.405505782476524,
    "upi": 0.7043265102117635,
    "us_allocation": 88
}