{
    "beta": 0.890149367245303,
    "cagr": 0.0766554080049775,
    "end_val": 48564.998724131765,
    "max_drawdown": -0.6113365188013065,
    "mwrr": 0.0766554080049775,
    "sharpe": 0.31002623596882595,
    "sortino": 0.43030096815104685,
    "std": 0.19126800017326928,
    "ulcer_index": 16.874793917615836,
    "upi": 0.3513913466855549,
    "us_allocation": 4
}