{
    "beta": 0.9112160970216308,
    "cagr": 0.08335378540747551,
    "end_val": 55456.954487657844,
    "max_drawdown": -0.6006077790183909,
    "mwrr": 0.08335378540747551,
    "sharpe": 0.3485415517475464,
    "sortino": 0.4840504151804103,
    "std": 0.1879491200509819,
    "ulcer_index": 15.575953471598433,
    "upi": 0.42056527718362197,
    "us_allocation": 21
}