{
    "beta": 0.9481860847198442,
    "cagr": 0.09454602569432558,
    "end_val": 69097.63683415076,
    "max_drawdown": -0.58129622040961,
    "mwrr": 0.09454602569432558,
    "sharpe": 0.40789565450370885,
    "sortino": 0.5675401947409521,
    "std": 0.18582904233744546,
    "ulcer_index": 13.80930066922866,
    "upi": 0.5488993496505112,
    "us_allocation": 51
}