{
    "beta": 1.0067872902923807,
    "cagr": 0.11083100556806769,
    "end_val": 94775.99161948086,
    "max_drawdown": -0.5533752937366779,
    "mwrr": 0.11083100556806769,
    "sharpe": 0.4718553084461187,
    "sortino": 0.6600103818698944,
    "std": 0.19197723342529097,
    "ulcer_index": 12.205690515990106,
    "upi": 0.7421827397111739,
    "us_allocation": 99
}