{
    "beta": 0.9136890130137026,
    "cagr": 0.08412473768183948,
    "end_val": 56307.518211050934,
    "max_drawdown": -0.5993355832837508,
    "mwrr": 0.08412473768183948,
    "sharpe": 0.3528752700349073,
    "sortino": 0.49011363806651165,
    "std": 0.1876593568531434,
    "ulcer_index": 15.442449942558088,
    "upi": 0.4288140338281451,
    "us_allocation": 23
}