{
    "beta": 0.9025516943943497,
    "cagr": 0.08062721338757273,
    "end_val": 52546.016029668084,
    "max_drawdown": -0.6050437808309194,
    "mwrr": 0.08062721338757273,
    "sharpe": 0.33302373011250713,
    "sortino": 0.4623685373699544,
    "std": 0.18913056429688774,
    "ulcer_index": 16.072971190821168,
    "upi": 0.3918610113518158,
    "us_allocation": 14
}