{
    "beta": 0.943272122214418,
    "cagr": 0.09309944906047929,
    "end_val": 67169.81680473001,
    "max_drawdown": -0.5838999145764121,
    "mwrr": 0.09309944906047929,
    "sharpe": 0.40075177596989364,
    "sortino": 0.5574264369674681,
    "std": 0.18583759383731885,
    "ulcer_index": 14.016565991923432,
    "upi": 0.5313344553739822,
    "us_allocation": 47
}