{
    "beta": 0.9149250315301257,
    "cagr": 0.08450887361468995,
    "end_val": 56735.949225853605,
    "max_drawdown": -0.5986986851818187,
    "mwrr": 0.08450887361468995,
    "sharpe": 0.35502444191452004,
    "sortino": 0.49312192324975895,
    "std": 0.18752244847966357,
    "ulcer_index": 15.376468777350292,
    "upi": 0.43296115005948455,
    "us_allocation": 24
}