{
    "beta": 0.9223349740389202,
    "cagr": 0.08679498175433387,
    "end_val": 59350.66059041023,
    "max_drawdown": -0.594866019038753,
    "mwrr": 0.08679498175433387,
    "sharpe": 0.3676593589937935,
    "sortino": 0.5108277247307105,
    "std": 0.18681263709560017,
    "ulcer_index": 14.99217120146358,
    "upi": 0.4581239962109165,
    "us_allocation": 30
}