{
    "beta": 1.0019293624709833,
    "cagr": 0.10954876134545288,
    "end_val": 92462.56631090038,
    "max_drawdown": -0.5553017615105063,
    "mwrr": 0.10954876134545288,
    "sharpe": 0.4681017774668224,
    "sortino": 0.6544040304836549,
    "std": 0.19104626552552986,
    "ulcer_index": 12.275383481271456,
    "upi": 0.7285467989562123,
    "us_allocation": 95
}