{
    "beta": 0.9763497216646512,
    "cagr": 0.10259495053287782,
    "end_val": 80824.98079681363,
    "max_drawdown": -0.5661457270691094,
    "mwrr": 0.10259495053287782,
    "sharpe": 0.4436866290703218,
    "sortino": 0.6186942616258237,
    "std": 0.18737215144514666,
    "ulcer_index": 12.774914834430616,
    "upi": 0.6507761413821426,
    "us_allocation": 74
}