{
    "beta": 0.9800117877429144,
    "cagr": 0.10361130235362004,
    "end_val": 82434.14419940335,
    "max_drawdown": -0.564207174672187,
    "mwrr": 0.10361130235362004,
    "sharpe": 0.4476630483921699,
    "sortino": 0.6244461195671458,
    "std": 0.18776843660208645,
    "ulcer_index": 12.666685300284028,
    "upi": 0.6636206989543437,
    "us_allocation": 77
}