{
    "beta": 0.8851804237072266,
    "cagr": 0.07504122956952908,
    "end_val": 47030.69836008062,
    "max_drawdown": -0.6138392027560158,
    "mwrr": 0.07504122956952908,
    "sharpe": 0.3005969981822095,
    "sortino": 0.41717179393809234,
    "std": 0.19227012857037817,
    "ulcer_index": 17.252118693004633,
    "upi": 0.3349977006297082,
    "us_allocation": 0
}