{
    "beta": 0.8876654633222443,
    "cagr": 0.07585014506722998,
    "end_val": 47793.715421668945,
    "max_drawdown": -0.6125888814651841,
    "mwrr": 0.07585014506722998,
    "sharpe": 0.305326288639367,
    "sortino": 0.42375521504804525,
    "std": 0.19175860390934182,
    "ulcer_index": 17.057937293189234,
    "upi": 0.3432265160317321,
    "us_allocation": 2
}