{
    "beta": 0.8963541277731206,
    "cagr": 0.0786526381425503,
    "end_val": 50529.49062755439,
    "max_drawdown": -0.6081966244215832,
    "mwrr": 0.0786526381425503,
    "sharpe": 0.3216360597289451,
    "sortino": 0.44648142246457156,
    "std": 0.19013336989282215,
    "ulcer_index": 16.457927428263634,
    "upi": 0.371567707683135,
    "us_allocation": 9
}