{
    "beta": 0.9062667575363297,
    "cagr": 0.08180113407551759,
    "end_val": 53780.995987076996,
    "max_drawdown": -0.6031458011580237,
    "mwrr": 0.08180113407551759,
    "sharpe": 0.33973834841882544,
    "sortino": 0.4717451534721068,
    "std": 0.1885923952875471,
    "ulcer_index": 15.850617902654612,
    "upi": 0.4042170871630054,
    "us_allocation": 17
}