{
    "beta": 0.9321983930571925,
    "cagr": 0.08979347889752298,
    "end_val": 62954.67059201513,
    "max_drawdown": -0.589725388075405,
    "mwrr": 0.08979347889752298,
    "sharpe": 0.38375952903411586,
    "sortino": 0.5334523347583138,
    "std": 0.18616357280048534,
    "ulcer_index": 14.513312348027748,
    "upi": 0.4922495323933148,
    "us_allocation": 38
}