{
    "beta": 0.951868450133733,
    "cagr": 0.09562181558229299,
    "end_val": 70565.39439754361,
    "max_drawdown": -0.5793374828633049,
    "mwrr": 0.09562181558229299,
    "sharpe": 0.4130814401770106,
    "sortino": 0.5748974971841475,
    "std": 0.18587724126553143,
    "ulcer_index": 13.659149496965393,
    "upi": 0.5621352814544914,
    "us_allocation": 54
}