{
    "beta": 0.9836712300347005,
    "cagr": 0.10461997744761486,
    "end_val": 84061.3186011389,
    "max_drawdown": -0.5626228478425418,
    "mwrr": 0.10461997744761486,
    "sharpe": 0.451476431725485,
    "sortino": 0.629980150236948,
    "std": 0.1882083976687281,
    "ulcer_index": 12.585741500182102,
    "upi": 0.6751575729111569,
    "us_allocation": 80
}