{
    "beta": 0.9653477148591891,
    "cagr": 0.09949966573493185,
    "end_val": 76106.70406576607,
    "max_drawdown": -0.5721110687455654,
    "mwrr": 0.09949966573493185,
    "sharpe": 0.4307857576005239,
    "sortino": 0.6001424761379136,
    "std": 0.18644973654422567,
    "ulcer_index": 13.147145231538513,
    "upi": 0.6109383641500874,
    "us_allocation": 65
}