{
    "beta": 0.9371230097006638,
    "cagr": 0.09127156955231897,
    "end_val": 64807.10041682804,
    "max_drawdown": -0.5871418636175264,
    "mwrr": 0.09127156955231897,
    "sharpe": 0.3914644338908947,
    "sortino": 0.5443093928799855,
    "std": 0.18596605373329353,
    "ulcer_index": 14.288007687217352,
    "upi": 0.5095108541531963,
    "us_allocation": 42
}