{
    "beta": 0.9873280559616142,
    "cagr": 0.10562099215728638,
    "end_val": 85706.3760906449,
    "max_drawdown": -0.5611025572647365,
    "mwrr": 0.10562099215728638,
    "sharpe": 0.45512659297162533,
    "sortino": 0.6352966185020315,
    "std": 0.18869156505290113,
    "ulcer_index": 12.512939446594316,
    "upi": 0.6863347935353677,
    "us_allocation": 83
}