{
    "beta": 0.9665713342723715,
    "cagr": 0.09984702007987822,
    "end_val": 76622.81031972908,
    "max_drawdown": -0.5714506230588097,
    "mwrr": 0.09984702007987822,
    "sharpe": 0.43229059596512415,
    "sortino": 0.6022989149651139,
    "std": 0.1865322664938588,
    "ulcer_index": 13.10337647020882,
    "upi": 0.6153930201262261,
    "us_allocation": 66
}