{
    "beta": 0.9013127594228423,
    "cagr": 0.08023410493682359,
    "end_val": 52138.537566584804,
    "max_drawdown": -0.6056753921383802,
    "mwrr": 0.08023410493682359,
    "sharpe": 0.3307652833722335,
    "sortino": 0.459216270249344,
    "std": 0.1893205501050924,
    "ulcer_index": 16.14845295706702,
    "upi": 0.3877732220957224,
    "us_allocation": 13
}