{
    "beta": 1.0055732356376954,
    "cagr": 0.11051170667057986,
    "end_val": 94194.80722822934,
    "max_drawdown": -0.5538565685872707,
    "mwrr": 0.11051170667057986,
    "sharpe": 0.4709433688138758,
    "sortino": 0.658644206380788,
    "std": 0.19173779807239005,
    "ulcer_index": 12.222796386906058,
    "upi": 0.7387886925973902,
    "us_allocation": 98
}