{
    "beta": 0.9616750907326782,
    "cagr": 0.09845243615052701,
    "end_val": 74570.688835432,
    "max_drawdown": -0.5740888847011093,
    "mwrr": 0.09845243615052701,
    "sharpe": 0.4261654154684023,
    "sortino": 0.5935327321960552,
    "std": 0.18623242867978818,
    "ulcer_index": 13.281334310217254,
    "upi": 0.5975808859256033,
    "us_allocation": 62
}