{
    "beta": 0.912452701417628,
    "cagr": 0.08373970857639979,
    "end_val": 55881.186885429684,
    "max_drawdown": -0.5999719475064256,
    "mwrr": 0.08373970857639979,
    "sharpe": 0.3507142391762046,
    "sortino": 0.48708971132798795,
    "std": 0.1878015810105032,
    "ulcer_index": 15.508951333451728,
    "upi": 0.4246818303760269,
    "us_allocation": 22
}