{
    "beta": 0.9000735348351188,
    "cagr": 0.07984009414018112,
    "end_val": 51733.147421238056,
    "max_drawdown": -0.6063064810331512,
    "mwrr": 0.07984009414018112,
    "sharpe": 0.32849707540540063,
    "sortino": 0.45605112871169634,
    "std": 0.1895158278601936,
    "ulcer_index": 16.224736436613007,
    "upi": 0.38369853682401545,
    "us_allocation": 12
}