{
    "beta": 0.888907557550794,
    "cagr": 0.07625323259900862,
    "end_val": 48178.32260475893,
    "max_drawdown": -0.611962955841639,
    "mwrr": 0.07625323259900862,
    "sharpe": 0.3076800414644309,
    "sortino": 0.42703295014928055,
    "std": 0.19151068339006458,
    "ulcer_index": 16.965362192292567,
    "upi": 0.3473103504855657,
    "us_allocation": 3
}