{
    "beta": 0.9445010567552794,
    "cagr": 0.09346240152837404,
    "end_val": 67648.63899760736,
    "max_drawdown": -0.583249839506702,
    "mwrr": 0.09346240152837404,
    "sharpe": 0.40256197336827915,
    "sortino": 0.5599870253411198,
    "std": 0.1858276278110353,
    "ulcer_index": 13.963669965505309,
    "upi": 0.5357279703513562,
    "us_allocation": 48
}