{
    "beta": 0.8864230851659918,
    "cagr": 0.07544614439706776,
    "end_val": 47411.17481730272,
    "max_drawdown": -0.6132142967465787,
    "mwrr": 0.07544614439706776,
    "sharpe": 0.30296520002058913,
    "sortino": 0.4204680715464148,
    "std": 0.19201175472536974,
    "ulcer_index": 17.151309607557828,
    "upi": 0.3391652293165108,
    "us_allocation": 1
}