{
    "beta": 0.8951137492018557,
    "cagr": 0.07825500839939203,
    "end_val": 50132.4370934222,
    "max_drawdown": -0.6088256348225477,
    "mwrr": 0.07825500839939203,
    "sharpe": 0.31933098685803574,
    "sortino": 0.4432676526945632,
    "std": 0.19034977101044065,
    "ulcer_index": 16.53731700566485,
    "upi": 0.3675514528938088,
    "us_allocation": 8
}