{
    "beta": 0.9173961882752225,
    "cagr": 0.08527446949739526,
    "end_val": 57599.11294057807,
    "max_drawdown": -0.5974232826411552,
    "mwrr": 0.08527446949739526,
    "sharpe": 0.3592864090381991,
    "sortino": 0.4990903965864238,
    "std": 0.18726458098779622,
    "ulcer_index": 15.24620610754383,
    "upi": 0.441295217922741,
    "us_allocation": 26
}