{
    "beta": 0.9848904623356627,
    "cagr": 0.10495449937481327,
    "end_val": 84607.69065968235,
    "max_drawdown": -0.5620948306372666,
    "mwrr": 0.10495449937481327,
    "sharpe": 0.45271128823321255,
    "sortino": 0.6317764368407081,
    "std": 0.18836467651188601,
    "ulcer_index": 12.55994142963441,
    "upi": 0.6789586225616391,
    "us_allocation": 81
}