{
    "beta": 0.8913908918180413,
    "cagr": 0.07705667229132285,
    "end_val": 48953.746062762126,
    "max_drawdown": -0.6107095692650825,
    "mwrr": 0.07705667229132285,
    "sharpe": 0.3123646497609819,
    "sortino": 0.43355878025293926,
    "std": 0.19103056099789748,
    "ulcer_index": 16.78844505369839,
    "upi": 0.3554211589753235,
    "us_allocation": 5
}