{
    "beta": 0.9037903393341693,
    "cagr": 0.08101942043654753,
    "end_val": 52955.584317045614,
    "max_drawdown": -0.6044116459856976,
    "mwrr": 0.08101942043654753,
    "sharpe": 0.335272199589374,
    "sortino": 0.4655076177938623,
    "std": 0.18894587426565887,
    "ulcer_index": 15.998104951233978,
    "upi": 0.39596609549015654,
    "us_allocation": 15
}