{
    "beta": 0.9641238012453612,
    "cagr": 0.09915145074607734,
    "end_val": 75592.64625715447,
    "max_drawdown": -0.5727709266481504,
    "mwrr": 0.09915145074607734,
    "sharpe": 0.42926323891860985,
    "sortino": 0.5979625675848824,
    "std": 0.18637224461426943,
    "ulcer_index": 13.191482832559219,
    "upi": 0.6064804168013503,
    "us_allocation": 64
}