{
    "beta": 0.949413835621194,
    "cagr": 0.09490549181832408,
    "end_val": 69584.80746494696,
    "max_drawdown": -0.5806438783738094,
    "mwrr": 0.09490549181832408,
    "sharpe": 0.40964083676750096,
    "sortino": 0.5700146117590392,
    "std": 0.18583992267066446,
    "ulcer_index": 13.758828722763461,
    "upi": 0.5533027388903161,
    "us_allocation": 52
}