{
    "beta": 0.9211007191005797,
    "cagr": 0.08641618646926341,
    "end_val": 58909.620273857654,
    "max_drawdown": -0.59550614523538,
    "mwrr": 0.08641618646926341,
    "sharpe": 0.3655854751275424,
    "sortino": 0.5079189404207424,
    "std": 0.18691765101111557,
    "ulcer_index": 15.054827501492076,
    "upi": 0.4538986368807154,
    "us_allocation": 29
}