{
    "beta": 0.898834021062811,
    "cagr": 0.07944518004746115,
    "end_val": 51329.84400695249,
    "max_drawdown": -0.6069370486355956,
    "mwrr": 0.07944518004746115,
    "sharpe": 0.32621932330048004,
    "sortino": 0.45287341411318294,
    "std": 0.1897163934230565,
    "ulcer_index": 16.30167767222176,
    "upi": 0.3796407136659442,
    "us_allocation": 11
}