{
    "beta": 0.9579998144032352,
    "cagr": 0.09739744251349025,
    "end_val": 73053.19368757925,
    "max_drawdown": -0.5760614482393049,
    "mwrr": 0.09739744251349025,
    "sharpe": 0.42138777767665203,
    "sortino": 0.5867145410537864,
    "std": 0.18606081846097108,
    "ulcer_index": 13.419412972039106,
    "upi": 0.5842616537088422,
    "us_allocation": 59
}