{
    "beta": 0.9775707023250255,
    "cagr": 0.10293458846666503,
    "end_val": 81359.35984308452,
    "max_drawdown": -0.5654799272129045,
    "mwrr": 0.10293458846666503,
    "sharpe": 0.44503019297459895,
    "sortino": 0.6206357315806742,
    "std": 0.18749936545222343,
    "ulcer_index": 12.737173474611524,
    "upi": 0.655125855080365,
    "us_allocation": 75
}