{
    "beta": 0.9309664994915821,
    "cagr": 0.08942175701680832,
    "end_val": 62496.8127745639,
    "max_drawdown": -0.5903698860108443,
    "mwrr": 0.08942175701680832,
    "sharpe": 0.3817963763828237,
    "sortino": 0.5306892855542442,
    "std": 0.18622615921485508,
    "ulcer_index": 14.570959699148801,
    "upi": 0.4879575262864268,
    "us_allocation": 37
}