{
    "beta": 0.9982829175517294,
    "cagr": 0.10857823196849381,
    "end_val": 90747.43429946834,
    "max_drawdown": -0.5567489849087952,
    "mwrr": 0.10857823196849381,
    "sharpe": 0.4651004067014126,
    "sortino": 0.649949685588056,
    "std": 0.19039533093164157,
    "ulcer_index": 12.329697775569661,
    "upi": 0.7182299806469167,
    "us_allocation": 92
}