{
    "beta": 0.9075045300465194,
    "cagr": 0.082190642523708,
    "end_val": 54196.84197738767,
    "max_drawdown": -0.6025120889016822,
    "mwrr": 0.082190642523708,
    "sharpe": 0.3419556017913608,
    "sortino": 0.4748431084332563,
    "std": 0.18842361242354164,
    "ulcer_index": 15.7799323901134,
    "upi": 0.4083121428459575,
    "us_allocation": 18
}