{
    "beta": 0.9050286938427705,
    "cagr": 0.08141072702183472,
    "end_val": 53367.24385461609,
    "max_drawdown": -0.6037789864729172,
    "mwrr": 0.08141072702183472,
    "sharpe": 0.3375104769098564,
    "sortino": 0.4686332316787725,
    "std": 0.1887664835288061,
    "ulcer_index": 15.923941285209658,
    "upi": 0.4000860670985009,
    "us_allocation": 16
}