{
    "beta": 0.9383534241589423,
    "cagr": 0.09163889696829086,
    "end_val": 65275.45347516355,
    "max_drawdown": -0.5864945930275575,
    "mwrr": 0.09163889696829086,
    "sharpe": 0.39335295339878784,
    "sortino": 0.5469739173401555,
    "std": 0.18592985433762757,
    "ulcer_index": 14.232835622407814,
    "upi": 0.5138537486368431,
    "us_allocation": 43
}