{
    "beta": 0.9506412907362966,
    "cagr": 0.09526408820458698,
    "end_val": 70074.06065833289,
    "max_drawdown": -0.579990966301548,
    "mwrr": 0.09526408820458698,
    "sharpe": 0.411369468937911,
    "sortino": 0.5724670963974965,
    "std": 0.18585599219572113,
    "ulcer_index": 13.708776300527015,
    "upi": 0.5577148994392336,
    "us_allocation": 53
}