{
    "beta": 0.9677946596656556,
    "cagr": 0.10019351444647384,
    "end_val": 77140.96167356204,
    "max_drawdown": -0.5707895881800363,
    "mwrr": 0.10019351444647384,
    "sharpe": 0.4337776953867997,
    "sortino": 0.6044317091018131,
    "std": 0.1866198206168393,
    "ulcer_index": 13.060255638071784,
    "upi": 0.6198400267378402,
    "us_allocation": 67
}