{
    "beta": 0.9628995932581014,
    "cagr": 0.0988023744429829,
    "end_val": 75080.64013480316,
    "max_drawdown": -0.5734301981681886,
    "mwrr": 0.0988023744429829,
    "sharpe": 0.4277231026173177,
    "sortino": 0.5957592923997441,
    "std": 0.18629980424729137,
    "ulcer_index": 13.236215444958107,
    "upi": 0.6020276813955622,
    "us_allocation": 63
}