{
    "beta": 0.9420428916890113,
    "cagr": 0.0927356231328813,
    "end_val": 66693.08577701042,
    "max_drawdown": -0.5845494261709452,
    "mwrr": 0.0927356231328813,
    "sharpe": 0.3989256399812851,
    "sortino": 0.5548446599496123,
    "std": 0.18585279211520658,
    "ulcer_index": 14.069944885053328,
    "upi": 0.5269494199281358,
    "us_allocation": 46
}