{
    "beta": 0.9272690455841556,
    "cagr": 0.08830130035948835,
    "end_val": 61135.84801210338,
    "max_drawdown": -0.5923000801419195,
    "mwrr": 0.08830130035948835,
    "sharpe": 0.37582090746140956,
    "sortino": 0.5222866877987165,
    "std": 0.18644568562945846,
    "ulcer_index": 14.746900731865004,
    "upi": 0.4751484857399334,
    "us_allocation": 34
}