{
    "beta": 0.9897644902810524,
    "cagr": 0.10628408743340745,
    "end_val": 86812.94894738281,
    "max_drawdown": -0.5601335779014464,
    "mwrr": 0.10628408743340745,
    "sharpe": 0.4574694015177599,
    "sortino": 0.6387206135219745,
    "std": 0.18903743959307456,
    "ulcer_index": 12.468454402333014,
    "upi": 0.6935989639326546,
    "us_allocation": 85
}