{
    "beta": 0.9248025997792699,
    "cagr": 0.0875499118812022,
    "end_val": 60239.04907794588,
    "max_drawdown": -0.5935841388381234,
    "mwrr": 0.0875499118812022,
    "sharpe": 0.37176729509370154,
    "sortino": 0.5165929157247734,
    "std": 0.1866185447948241,
    "ulcer_index": 14.8684558323245,
    "upi": 0.46661250717382163,
    "us_allocation": 32
}