{
    "beta": 0.9334299909316464,
    "cagr": 0.09016432029224819,
    "end_val": 63414.628978474,
    "max_drawdown": -0.5890803381222209,
    "mwrr": 0.09016432029224819,
    "sharpe": 0.3857080704409651,
    "sortino": 0.5361960436684524,
    "std": 0.18610627394311927,
    "ulcer_index": 14.456205454062008,
    "upi": 0.49655080751164665,
    "us_allocation": 39
}