{
    "beta": 0.9714628736505062,
    "cagr": 0.10122784426060116,
    "end_val": 78707.65130316283,
    "max_drawdown": -0.5688029342189881,
    "mwrr": 0.10122784426060116,
    "sharpe": 0.43813203474675777,
    "sortino": 0.6106876068499341,
    "std": 0.18691248509937747,
    "ulcer_index": 12.933311787734882,
    "upi": 0.6331997309057985,
    "us_allocation": 70
}