{
    "beta": 0.9690176912276148,
    "cagr": 0.10053914949552811,
    "end_val": 77661.15467684573,
    "max_drawdown": -0.5701279626951343,
    "mwrr": 0.10053914949552811,
    "sharpe": 0.43524700130964067,
    "sortino": 0.6065407871928847,
    "std": 0.18671238476768684,
    "ulcer_index": 13.017545762527561,
    "upi": 0.6242900191363823,
    "us_allocation": 68
}