{
    "beta": 0.9408133651692578,
    "cagr": 0.09237092298581384,
    "end_val": 66218.44734178291,
    "max_drawdown": -0.5851983755855106,
    "mwrr": 0.09237092298581384,
    "sharpe": 0.3970836988881886,
    "sortino": 0.5522417978618508,
    "std": 0.18587323020905427,
    "ulcer_index": 14.123801284180468,
    "upi": 0.5225734048771707,
    "us_allocation": 45
}