{
    "beta": 0.9970668626947804,
    "cagr": 0.1082530343243413,
    "end_val": 90179.55577452162,
    "max_drawdown": -0.5572318390457836,
    "mwrr": 0.1082530343243413,
    "sharpe": 0.46406422260062313,
    "sortino": 0.6484171823446444,
    "std": 0.19018747031431216,
    "ulcer_index": 12.34815766651619,
    "upi": 0.7147769244560278,
    "us_allocation": 91
}