{
    "beta": 0.9787913909328992,
    "cagr": 0.10327337220061295,
    "end_val": 81895.74911425819,
    "max_drawdown": -0.5648135252080554,
    "mwrr": 0.10327337220061295,
    "sharpe": 0.4463556722416681,
    "sortino": 0.6225530186024864,
    "std": 0.18763146605344003,
    "ulcer_index": 12.699962534614931,
    "upi": 0.6594670275597703,
    "us_allocation": 76
}