{
    "beta": 0.8938730833387176,
    "cagr": 0.07785647149815911,
    "end_val": 49737.463153412595,
    "max_drawdown": -0.6094541283660776,
    "mwrr": 0.07785647149815911,
    "sharpe": 0.31701724685606786,
    "sortino": 0.44004242118043774,
    "std": 0.19057144036530727,
    "ulcer_index": 16.6178922003596,
    "upi": 0.36354174740941547,
    "us_allocation": 7
}