{
    "beta": 1.0043588963726047,
    "cagr": 0.11019156668325758,
    "end_val": 93615.50365714809,
    "max_drawdown": -0.5543380722033064,
    "mwrr": 0.11019156668325758,
    "sharpe": 0.47001383849745204,
    "sortino": 0.657254472937428,
    "std": 0.19150281095267369,
    "ulcer_index": 12.240097083084693,
    "upi": 0.7353855537696639,
    "us_allocation": 97
}