{
    "beta": 0.9909822734723136,
    "cagr": 0.10661436246100342,
    "end_val": 87369.1798735452,
    "max_drawdown": -0.5596494106152852,
    "mwrr": 0.10661436246100342,
    "sharpe": 0.45861365149317823,
    "sortino": 0.6403965846166859,
    "std": 0.1892174501107583,
    "ulcer_index": 12.44666043442026,
    "upi": 0.6972150603797826,
    "us_allocation": 86
}