{
    "beta": 1.0031442721107546,
    "cagr": 0.10987058508374203,
    "end_val": 93038.08776860367,
    "max_drawdown": -0.5548198035287285,
    "mwrr": 0.10987058508374203,
    "sharpe": 0.4690666596789778,
    "sortino": 0.6558411143922712,
    "std": 0.19127229313044206,
    "ulcer_index": 12.257630671047963,
    "upi": 0.7319712412589852,
    "us_allocation": 96
}