{
    "beta": 0.9994986855593547,
    "cagr": 0.10890258532503116,
    "end_val": 91317.23311220825,
    "max_drawdown": -0.5562663532460599,
    "mwrr": 0.10890258532503116,
    "sharpe": 0.46611869828703084,
    "sortino": 0.6514583476107817,
    "std": 0.19060776389198103,
    "ulcer_index": 12.311413863915496,
    "upi": 0.7216761850345194,
    "us_allocation": 93
}