{
    "beta": 0.9087420110203034,
    "cagr": 0.08257925328657478,
    "end_val": 54614.783006230406,
    "max_drawdown": -0.6018778485597516,
    "mwrr": 0.08257925328657478,
    "sharpe": 0.3441620261263488,
    "sortino": 0.47792682257872166,
    "std": 0.18826013749564421,
    "ulcer_index": 15.711441755230185,
    "upi": 0.41238032484823844,
    "us_allocation": 19
}