{
    "beta": 0.9861094042131413,
    "cagr": 0.10528817074744579,
    "end_val": 85156.04484490545,
    "max_drawdown": -0.5615873673095944,
    "mwrr": 0.10528817074744579,
    "sharpe": 0.4539280071619607,
    "sortino": 0.6335485853650635,
    "std": 0.18852573834096395,
    "ulcer_index": 12.53563690478738,
    "upi": 0.6826869851393846,
    "us_allocation": 82
}