{
    "beta": 0.9567741322427943,
    "cagr": 0.09704404941585154,
    "end_val": 72551.49097696165,
    "max_drawdown": -0.576717808655406,
    "mwrr": 0.09704404941585154,
    "sharpe": 0.4197606361752741,
    "sortino": 0.5843961337357508,
    "std": 0.1860138281945838,
    "ulcer_index": 13.466412191253808,
    "upi": 0.5798274739803332,
    "us_allocation": 58
}