{
    "beta": 1.008001060728134,
    "cagr": 0.11114946389387259,
    "end_val": 95359.04985426606,
    "max_drawdown": -0.5528942487106151,
    "mwrr": 0.11114946389387259,
    "sharpe": 0.4727497180777959,
    "sortino": 0.6613531354816108,
    "std": 0.1922210958080492,
    "ulcer_index": 12.188837849400844,
    "upi": 0.7455639327111683,
    "us_allocation": 100
}