{
    "beta": 0.9824517070221931,
    "cagr": 0.10428460436959885,
    "end_val": 83516.93362546252,
    "max_drawdown": -0.5631509113623576,
    "mwrr": 0.10428460436959885,
    "sharpe": 0.4502234369145035,
    "sortino": 0.628159699969739,
    "std": 0.18805691968436397,
    "ulcer_index": 12.61184318450655,
    "upi": 0.6713491730108158,
    "us_allocation": 79
}