{
    "beta": 0.9726850249268904,
    "cagr": 0.10157090527465185,
    "end_val": 79233.94749735006,
    "max_drawdown": -0.5681395283679036,
    "mwrr": 0.10157090527465185,
    "sharpe": 0.4395476734344414,
    "sortino": 0.6127252498728868,
    "std": 0.1870199915299422,
    "ulcer_index": 12.892263009825871,
    "upi": 0.6376352060795321,
    "us_allocation": 71
}