{
    "beta": 0.9235689343226414,
    "cagr": 0.08717288994313832,
    "end_val": 59793.80350399529,
    "max_drawdown": -0.59422535064266,
    "mwrr": 0.08717288994313832,
    "sharpe": 0.36972002705922996,
    "sortino": 0.5137191256574969,
    "std": 0.18671293564698815,
    "ulcer_index": 14.930048847693536,
    "upi": 0.46236200029753405,
    "us_allocation": 31
}