{
    "beta": 0.973906883202658,
    "cagr": 0.1019131095672623,
    "end_val": 79762.27048258077,
    "max_drawdown": -0.5674755261909359,
    "mwrr": 0.1019131095672623,
    "sharpe": 0.44094534094591764,
    "sortino": 0.6147389508457946,
    "std": 0.18713244849629704,
    "ulcer_index": 12.852718631949593,
    "upi": 0.6420170480927588,
    "us_allocation": 72
}