{
    "beta": 0.9812318930165865,
    "cagr": 0.10394837954001979,
    "end_val": 82974.54057916845,
    "max_drawdown": -0.5636790205278202,
    "mwrr": 0.10394837954001979,
    "sharpe": 0.44895230685039655,
    "sortino": 0.6263150204925693,
    "std": 0.18791026019639,
    "ulcer_index": 12.63832889033363,
    "upi": 0.6675293781453079,
    "us_allocation": 78
}