{
    "beta": 0.9186313260139737,
    "cagr": 0.0856559312003129,
    "end_val": 58033.84673384905,
    "max_drawdown": -0.5967847758404201,
    "mwrr": 0.0856559312003129,
    "sharpe": 0.36139880966651416,
    "sortino": 0.5020500567742818,
    "std": 0.18714362196463918,
    "ulcer_index": 15.181879489968285,
    "upi": 0.4454829253118469,
    "us_allocation": 27
}