{
    "beta": 0.9751284487040789,
    "cagr": 0.10225445777577069,
    "end_val": 80292.61627828616,
    "max_drawdown": -0.5668109262421438,
    "mwrr": 0.10225445777577069,
    "sharpe": 0.4423250029391996,
    "sortino": 0.6167286442534663,
    "std": 0.1872498404190702,
    "ulcer_index": 12.813607559081698,
    "upi": 0.6463972559263003,
    "us_allocation": 73
}