{
    "beta": 0.9958505206343318,
    "cagr": 0.10792699184465859,
    "end_val": 89613.60371868155,
    "max_drawdown": -0.5577149146189508,
    "mwrr": 0.10792699184465859,
    "sharpe": 0.46301010660190023,
    "sortino": 0.6468608651532974,
    "std": 0.18998420215575662,
    "ulcer_index": 12.366801326661351,
    "upi": 0.7113167366761027,
    "us_allocation": 90
}