{
    "beta": 0.95922520144934,
    "cagr": 0.0977499708729701,
    "end_val": 73556.9627338488,
    "max_drawdown": -0.5754045083565642,
    "mwrr": 0.0977499708729701,
    "sharpe": 0.422997676060644,
    "sortino": 0.5890102223091237,
    "std": 0.18611292333332274,
    "ulcer_index": 13.37282206755361,
    "upi": 0.5887023537788986,
    "us_allocation": 60
}