{
    "beta": 0.9543218820965228,
    "cagr": 0.09633466620366571,
    "end_val": 71554.294947168,
    "max_drawdown": -0.5780287965416108,
    "mwrr": 0.09633466620366571,
    "sharpe": 0.4164549760405932,
    "sortino": 0.5796916323181329,
    "std": 0.1859352377524806,
    "ulcer_index": 13.5616250336132,
    "upi": 0.5709804057756434,
    "us_allocation": 56
}