{
    "beta": 0.916160756701232,
    "cagr": 0.08489211726007917,
    "end_val": 57166.48060572339,
    "max_drawdown": -0.5980612520271188,
    "mwrr": 0.08489211726007917,
    "sharpe": 0.3571615543759007,
    "sortino": 0.4961142751102641,
    "std": 0.18739085645136297,
    "ulcer_index": 15.311032657681437,
    "upi": 0.43712225216430395,
    "us_allocation": 25
}