{
    "beta": 0.9555481548452435,
    "cagr": 0.09668979088067409,
    "end_val": 72051.85722357602,
    "max_drawdown": -0.5773735909698461,
    "mwrr": 0.09668979088067409,
    "sharpe": 0.41811633860690706,
    "sortino": 0.5820551390361639,
    "std": 0.18597196418409764,
    "ulcer_index": 13.513815519189922,
    "upi": 0.5754003167423495,
    "us_allocation": 57
}