{
    "beta": 1.0007141670773787,
    "cagr": 0.1092260949375723,
    "end_val": 91888.94591849302,
    "max_drawdown": -0.5557839450986221,
    "mwrr": 0.1092260949375723,
    "sharpe": 0.46711913995618404,
    "sortino": 0.6529431293650972,
    "std": 0.19082474890785742,
    "ulcer_index": 12.293311767258167,
    "upi": 0.7251150246532329,
    "us_allocation": 94
}