{
    "beta": 0.92850182564976,
    "cagr": 0.08867566856311981,
    "end_val": 61587.40104931123,
    "max_drawdown": -0.5916572308063126,
    "mwrr": 0.08867566856311981,
    "sharpe": 0.37782689688207455,
    "sortino": 0.5251061968658444,
    "std": 0.18636721180376398,
    "ulcer_index": 14.687516552561286,
    "upi": 0.4794144577722202,
    "us_allocation": 35
}