{
    "beta": 0.9099792001197101,
    "cagr": 0.08296696727837283,
    "end_val": 55034.82017147698,
    "max_drawdown": -0.6012430789832636,
    "mwrr": 0.08296696727837283,
    "sharpe": 0.34635741203770437,
    "sortino": 0.4809960221849707,
    "std": 0.18810197273678422,
    "ulcer_index": 15.643455319185751,
    "upi": 0.4164645846019064,
    "us_allocation": 20
}