{
    "beta": 0.9885464178818969,
    "cagr": 0.10595296419165035,
    "end_val": 86258.67922046938,
    "max_drawdown": -0.5606179604571225,
    "mwrr": 0.10595296419165035,
    "sharpe": 0.45630705381913667,
    "sortino": 0.6370206139942847,
    "std": 0.18886213831959228,
    "ulcer_index": 12.490546377969949,
    "upi": 0.689972162819264,
    "us_allocation": 84
}