{
    "beta": 0.9346612930385706,
    "cagr": 0.09053428200283697,
    "end_val": 63876.68726719988,
    "max_drawdown": -0.5884347349001298,
    "mwrr": 0.09053428200283697,
    "sharpe": 0.3876418396536345,
    "sortino": 0.538920242166768,
    "std": 0.18605425792351965,
    "ulcer_index": 14.399689975770999,
    "upi": 0.5008592164961168,
    "us_allocation": 40
}