{
    "beta": 0.9530953138914289,
    "cagr": 0.0959786746755995,
    "end_val": 71058.80656605617,
    "max_drawdown": -0.578683426723729,
    "mwrr": 0.0959786746755995,
    "sharpe": 0.4147766435471207,
    "sortino": 0.5773057120285522,
    "std": 0.18590365989281887,
    "ulcer_index": 13.610003046674997,
    "upi": 0.566561292709853,
    "us_allocation": 55
}