{
    "beta": 0.9946338910218354,
    "cagr": 0.10760010397721564,
    "end_val": 89049.58420056425,
    "max_drawdown": -0.5581982105931814,
    "mwrr": 0.10760010397721564,
    "sharpe": 0.461938022590719,
    "sortino": 0.6452806905648484,
    "std": 0.18978554639459597,
    "ulcer_index": 12.386050182085901,
    "upi": 0.7078255096177752,
    "us_allocation": 89
}