{
    "beta": 0.9297343103226281,
    "cagr": 0.08904915384288037,
    "end_val": 62041.05609989754,
    "max_drawdown": -0.5910138331743315,
    "mwrr": 0.08904915384288037,
    "sharpe": 0.3798187765977506,
    "sortino": 0.5279071489536012,
    "std": 0.18629403754788632,
    "ulcer_index": 14.629030493100313,
    "upi": 0.48367901286107295,
    "us_allocation": 36
}