{
    "beta": 0.9921997677749964,
    "cagr": 0.10694378984847175,
    "end_val": 87927.3664899877,
    "max_drawdown": -0.5591654596191119,
    "mwrr": 0.10694378984847175,
    "sharpe": 0.45973982274023456,
    "sortino": 0.6420485511681518,
    "std": 0.18940215090069495,
    "ulcer_index": 12.425164507715722,
    "upi": 0.7008201438731619,
    "us_allocation": 87
}