{
    "beta": 0.9702404291545809,
    "cagr": 0.10088392588311623,
    "end_val": 78183.38577384778,
    "max_drawdown": -0.5694657451836979,
    "mwrr": 0.10088392588311623,
    "sharpe": 0.43669846324136313,
    "sortino": 0.6086261071689754,
    "std": 0.18680994450576718,
    "ulcer_index": 12.975231532071767,
    "upi": 0.6287433566643728,
    "us_allocation": 69
}