{
    "beta": 0.9457296953315402,
    "cagr": 0.09382448129117837,
    "end_val": 68129.55083117474,
    "max_drawdown": -0.5825991996609641,
    "mwrr": 0.09382448129117837,
    "sharpe": 0.4043561023627469,
    "sortino": 0.5625262488151124,
    "std": 0.18582288612067943,
    "ulcer_index": 13.911591791042538,
    "upi": 0.5401166091874754,
    "us_allocation": 49
}