{
    "beta": 0.8926321306996204,
    "cagr": 0.07745702645787866,
    "end_val": 49344.566828480565,
    "max_drawdown": -0.6100821061493747,
    "mwrr": 0.07745702645787866,
    "sharpe": 0.31469506067435155,
    "sortino": 0.4368060325740392,
    "std": 0.19079837233143074,
    "ulcer_index": 16.702805685908814,
    "upi": 0.35947147536010543,
    "us_allocation": 6
}