{
    "beta": 0.9198661696928666,
    "cagr": 0.08603650323682466,
    "end_val": 58470.682401969665,
    "max_drawdown": -0.5961457304363659,
    "mwrr": 0.08603650323682466,
    "sharpe": 0.3634985622576158,
    "sortino": 0.5049929868611559,
    "std": 0.18702797891170722,
    "ulcer_index": 15.118049807335195,
    "upi": 0.44968524779694313,
    "us_allocation": 28
}