{
    "beta": 0.946958037973132,
    "cagr": 0.09418568909837188,
    "end_val": 68612.55068338083,
    "max_drawdown": -0.5819479937326751,
    "mwrr": 0.09418568909837188,
    "sharpe": 0.4061340368546731,
    "sortino": 0.5650440138653131,
    "std": 0.1858233605007283,
    "ulcer_index": 13.860191677175012,
    "upi": 0.5445050429377065,
    "us_allocation": 50
}