{
    "beta": 0.9395835426556118,
    "cagr": 0.09200534785433256,
    "end_val": 65745.90282969557,
    "max_drawdown": -0.5858467641097077,
    "mwrr": 0.09200534785433256,
    "sharpe": 0.39522608979952517,
    "sortino": 0.549618126803079,
    "std": 0.18589891533056577,
    "ulcer_index": 14.178101440844733,
    "upi": 0.5182079719598263,
    "us_allocation": 44
}