{
    "beta": 0.9604502935125224,
    "cagr": 0.09810163518877713,
    "end_val": 74062.7953919511,
    "max_drawdown": -0.5747469876361857,
    "mwrr": 0.09810163518877713,
    "sharpe": 0.42459024831331693,
    "sortino": 0.5912829962964654,
    "std": 0.18617013083779133,
    "ulcer_index": 13.326834777382986,
    "upi": 0.5931405529600814,
    "us_allocation": 61
}