{
    "beta": 0.9171637182179783,
    "cagr": 0.06800354014768595,
    "end_val": 38264.573029731255,
    "max_drawdown": -0.6031458011580236,
    "mwrr": 0.06800354014768595,
    "sharpe": 0.267676284509396,
    "sortino": 0.3706200170934038,
    "std": 0.19052695860501884,
    "ulcer_index": 16.209740708085043,
    "upi": 0.3146148194747839,
    "us_allocation": 17
}