{
    "beta": 0.9194126565925501,
    "cagr": 0.06888550291827245,
    "end_val": 38914.287375058724,
    "max_drawdown": -0.6018778485597513,
    "mwrr": 0.06888550291827245,
    "sharpe": 0.27248182398853166,
    "sortino": 0.3773024122550693,
    "std": 0.1902002322531571,
    "ulcer_index": 16.066985953650185,
    "upi": 0.32255490579487395,
    "us_allocation": 19
}