{
    "beta": 0.900259478379974,
    "cagr": 0.06127792965378753,
    "end_val": 33638.492113092405,
    "max_drawdown": -0.6125888814651838,
    "mwrr": 0.06127792965378753,
    "sharpe": 0.23072892602648465,
    "sortino": 0.319312740182586,
    "std": 0.19362060219483548,
    "ulcer_index": 17.44791933153458,
    "upi": 0.25603233376073714,
    "us_allocation": 2
}