{
    "beta": 0.9852186998172412,
    "cagr": 0.09337554142287718,
    "end_val": 61770.06729064344,
    "max_drawdown": -0.5636790205278202,
    "mwrr": 0.09337554142287718,
    "sharpe": 0.39312217029754765,
    "sortino": 0.5466828016122656,
    "std": 0.1895313392140274,
    "ulcer_index": 12.911516830771957,
    "upi": 0.5770836605610027,
    "us_allocation": 78
}