{
    "beta": 0.9182883345898362,
    "cagr": 0.06844495399674178,
    "end_val": 38588.4484258531,
    "max_drawdown": -0.6025120889016813,
    "mwrr": 0.06844495399674178,
    "sharpe": 0.27008315616435763,
    "sortino": 0.3739665905330222,
    "std": 0.19036106775420536,
    "ulcer_index": 16.13723817727999,
    "upi": 0.31859255402426795,
    "us_allocation": 18
}