{
    "beta": 0.9092831992433565,
    "cagr": 0.06488935069399848,
    "end_val": 36051.989947517446,
    "max_drawdown": -0.6075670960613979,
    "mwrr": 0.06488935069399848,
    "sharpe": 0.2506157030296851,
    "sortino": 0.3469150851841823,
    "std": 0.19182962141413493,
    "ulcer_index": 16.752036454497738,
    "upi": 0.2869744975545625,
    "us_allocation": 10
}