{
    "beta": 0.9362419173143909,
    "cagr": 0.07539052549381675,
    "end_val": 44040.833975951755,
    "max_drawdown": -0.5923000801419199,
    "mwrr": 0.07539052549381675,
    "sharpe": 0.30734214738883747,
    "sortino": 0.425867908934264,
    "std": 0.18839417219881213,
    "ulcer_index": 15.077367107002427,
    "upi": 0.3840236897999534,
    "us_allocation": 34
}