{
    "beta": 0.9081562446797471,
    "cagr": 0.06444098530312847,
    "end_val": 35743.6353646884,
    "max_drawdown": -0.6081966244215838,
    "mwrr": 0.06444098530312847,
    "sharpe": 0.24815060301501932,
    "sortino": 0.3434920480560427,
    "std": 0.19203589417630715,
    "ulcer_index": 16.832610824188315,
    "upi": 0.283095494449636,
    "us_allocation": 9
}