{
    "beta": 0.9239069928956513,
    "cagr": 0.07063906670047837,
    "end_val": 40237.37937504783,
    "max_drawdown": -0.5993355832837515,
    "mwrr": 0.07063906670047837,
    "sharpe": 0.2819904112011756,
    "sortino": 0.3905324088320603,
    "std": 0.18960745477333973,
    "ulcer_index": 15.79106086590533,
    "upi": 0.3385860707858183,
    "us_allocation": 23
}