{
    "beta": 0.9328814247411815,
    "cagr": 0.0741049376611922,
    "end_val": 42979.310562454295,
    "max_drawdown": -0.59422535064266,
    "mwrr": 0.0741049376611922,
    "sharpe": 0.30055317588133207,
    "sortino": 0.41639474311940816,
    "std": 0.18866451303283877,
    "ulcer_index": 15.265350656052991,
    "upi": 0.37144779485833274,
    "us_allocation": 31
}