{
    "beta": 0.9104098633166096,
    "cagr": 0.06533684396426209,
    "end_val": 36362.26599979605,
    "max_drawdown": -0.606937048635596,
    "mwrr": 0.06533684396426209,
    "sharpe": 0.25307424967132175,
    "sortino": 0.3503295115980233,
    "std": 0.19162838793681566,
    "ulcer_index": 16.672367041977132,
    "upi": 0.2908692284509573,
    "us_allocation": 11
}