{
    "beta": 0.9485406496355553,
    "cagr": 0.08003892995855022,
    "end_val": 48090.93873087286,
    "max_drawdown": -0.5851983755855105,
    "mwrr": 0.08003892995855022,
    "sharpe": 0.3313303464994708,
    "sortino": 0.45941841111035725,
    "std": 0.18778943930091926,
    "ulcer_index": 14.437687949861271,
    "upi": 0.43095513842022826,
    "us_allocation": 45
}