{
    "beta": 0.9429548185837293,
    "cagr": 0.07793872794369405,
    "end_val": 46219.046049752294,
    "max_drawdown": -0.58843473490013,
    "mwrr": 0.07793872794369405,
    "sharpe": 0.3206105522747457,
    "sortino": 0.44440940738315693,
    "std": 0.18798924343784873,
    "ulcer_index": 14.720943269622394,
    "upi": 0.40942179334282625,
    "us_allocation": 40
}