{
    "beta": 0.9373614833130145,
    "cagr": 0.0758173504462778,
    "end_val": 44398.74723030283,
    "max_drawdown": -0.5916572308063134,
    "mwrr": 0.0758173504462778,
    "sharpe": 0.30958279839332564,
    "sortino": 0.42899645244878565,
    "std": 0.18831412817898602,
    "ulcer_index": 15.01641151932434,
    "upi": 0.3882288535024664,
    "us_allocation": 35
}