{
    "beta": 0.9719190399528072,
    "cagr": 0.08863057989413581,
    "end_val": 56526.45277569312,
    "max_drawdown": -0.57145062305881,
    "mwrr": 0.08863057989413581,
    "sharpe": 0.37257649663612247,
    "sortino": 0.5174826106811495,
    "std": 0.18829459984138958,
    "ulcer_index": 13.389566463164225,
    "upi": 0.5239509877231612,
    "us_allocation": 66
}