{
    "beta": 0.9585762007346587,
    "cagr": 0.08376622558880142,
    "end_val": 51591.871591179486,
    "max_drawdown": -0.5793374828633046,
    "mwrr": 0.08376622558880142,
    "sharpe": 0.34978783836789873,
    "sortino": 0.48532964766023967,
    "std": 0.1877423048332015,
    "ulcer_index": 13.960522517971137,
    "upi": 0.470397839588959,
    "us_allocation": 54
}