{
    "beta": 0.9830050776484189,
    "cagr": 0.09259296047338039,
    "end_val": 60874.51266865291,
    "max_drawdown": -0.5648135252080555,
    "mwrr": 0.09259296047338039,
    "sharpe": 0.3898591881140372,
    "sortino": 0.5420287216915548,
    "std": 0.1892786940349148,
    "ulcer_index": 12.9749146698156,
    "upi": 0.5687375169137688,
    "us_allocation": 76
}