{
    "beta": 0.9641409770434459,
    "cagr": 0.08580761990812724,
    "end_val": 53610.66337964097,
    "max_drawdown": -0.5760614482393049,
    "mwrr": 0.08580761990812724,
    "sharpe": 0.35954570389940244,
    "sortino": 0.49907147606889046,
    "std": 0.1878878434669876,
    "ulcer_index": 13.714268631246362,
    "upi": 0.4925857354461056,
    "us_allocation": 59
}