{
    "beta": 0.9730289910779177,
    "cagr": 0.08903053856092447,
    "end_val": 56951.562036618016,
    "max_drawdown": -0.5707895881800366,
    "mwrr": 0.08903053856092447,
    "sharpe": 0.3743762904334441,
    "sortino": 0.5200315628404204,
    "std": 0.18837183405594063,
    "ulcer_index": 13.345254960794378,
    "upi": 0.5284471901246734,
    "us_allocation": 67
}