{
    "beta": 1.0017830218892523,
    "cagr": 0.09914041908306692,
    "end_val": 68764.01189286087,
    "max_drawdown": -0.5562663532460598,
    "mwrr": 0.09914041908306692,
    "sharpe": 0.41549006096735036,
    "sortino": 0.5788140818668513,
    "std": 0.19200098490750184,
    "ulcer_index": 12.574822456405478,
    "upi": 0.6344157842999056,
    "us_allocation": 93
}