{
    "beta": 0.9115362363560763,
    "cagr": 0.06578346603376395,
    "end_val": 36674.46892718299,
    "max_drawdown": -0.606306481033151,
    "mwrr": 0.06578346603376395,
    "sharpe": 0.255526034846907,
    "sortino": 0.3537350591938326,
    "std": 0.1914321966927096,
    "ulcer_index": 16.59345678418969,
    "upi": 0.2947818789130152,
    "us_allocation": 12
}