{
    "beta": 0.9059014663426481,
    "cagr": 0.0635416344501274,
    "end_val": 35132.6687858721,
    "max_drawdown": -0.609454128366077,
    "mwrr": 0.0635416344501274,
    "sharpe": 0.24320157652716895,
    "sortino": 0.3366211530156406,
    "std": 0.19246354446784772,
    "ulcer_index": 16.99665957856358,
    "upi": 0.27538320213722706,
    "us_allocation": 7
}