{
    "beta": 0.9047736437442584,
    "cagr": 0.06309064711814716,
    "end_val": 34830.04578129023,
    "max_drawdown": -0.6100821061493746,
    "mwrr": 0.06309064711814716,
    "sharpe": 0.24071806729247083,
    "sortino": 0.33317387409994986,
    "std": 0.1926849148166016,
    "ulcer_index": 17.083739612073323,
    "upi": 0.2714934463131384,
    "us_allocation": 6
}