{
    "beta": 0.9596897576028609,
    "cagr": 0.08417617560389945,
    "end_val": 51991.3898646711,
    "max_drawdown": -0.5786834267237294,
    "mwrr": 0.08417617560389945,
    "sharpe": 0.3517686169476087,
    "sortino": 0.4881164039465732,
    "std": 0.18776166406418973,
    "ulcer_index": 13.91004376144477,
    "upi": 0.47482762023290026,
    "us_allocation": 55
}