{
    "beta": 0.9451900523416074,
    "cagr": 0.07878134453823837,
    "end_val": 46961.58415951342,
    "max_drawdown": -0.5871418636175263,
    "mwrr": 0.07878134453823837,
    "sharpe": 0.324936570973136,
    "sortino": 0.4504629971251345,
    "std": 0.18789435292330897,
    "ulcer_index": 14.606283974936678,
    "upi": 0.4179929753237354,
    "us_allocation": 42
}