{
    "beta": 0.9261523848336275,
    "cagr": 0.07151068144951611,
    "end_val": 40910.83629427731,
    "max_drawdown": -0.5980612520271184,
    "mwrr": 0.07151068144951611,
    "sharpe": 0.2866902531253872,
    "sortino": 0.3970756653327853,
    "std": 0.18934140440992864,
    "ulcer_index": 15.656248301487057,
    "upi": 0.3467065577757123,
    "us_allocation": 25
}