{
    "beta": 0.9283965890279837,
    "cagr": 0.07237886044473951,
    "end_val": 41592.28543067047,
    "max_drawdown": -0.5967847758404199,
    "mwrr": 0.07237886044473951,
    "sharpe": 0.29135168986193166,
    "sortino": 0.40356843678192933,
    "std": 0.18909557237020858,
    "ulcer_index": 15.523753400438139,
    "upi": 0.3548901897444486,
    "us_allocation": 27
}