{
    "beta": 0.9036455330062152,
    "cagr": 0.06263878392580158,
    "end_val": 34529.32223003224,
    "max_drawdown": -0.6107095692650821,
    "mwrr": 0.06263878392580158,
    "sharpe": 0.23822883900756536,
    "sortino": 0.3297190817329215,
    "std": 0.19291131009587384,
    "ulcer_index": 17.171562663770697,
    "upi": 0.26762571009985986,
    "us_allocation": 5
}