{
    "beta": 0.9907475465324451,
    "cagr": 0.09531762118964338,
    "end_val": 64046.94815573942,
    "max_drawdown": -0.5611025572647358,
    "mwrr": 0.09531762118964338,
    "sharpe": 0.4009923694319047,
    "sortino": 0.5579391309998364,
    "std": 0.1902428310382073,
    "ulcer_index": 12.782451176928486,
    "upi": 0.5968142732454559,
    "us_allocation": 83
}