{
    "beta": 0.9863250639928788,
    "cagr": 0.09376559882226476,
    "end_val": 62221.09849736889,
    "max_drawdown": -0.5631509113623572,
    "mwrr": 0.09376559882226476,
    "sharpe": 0.3947291175670109,
    "sortino": 0.5489775006869013,
    "std": 0.18966454092870333,
    "ulcer_index": 12.884260545025992,
    "upi": 0.5810768578666747,
    "us_allocation": 79
}