{
    "beta": 0.9160388079048674,
    "cagr": 0.06756126049247091,
    "end_val": 37942.65607520091,
    "max_drawdown": -0.6037789864729174,
    "mwrr": 0.06756126049247091,
    "sharpe": 0.26526141298739675,
    "sortino": 0.3672629620797019,
    "std": 0.19069790375776244,
    "ulcer_index": 16.284947901121654,
    "upi": 0.3106148780608549,
    "us_allocation": 16
}