{
    "beta": 1.0083901824752948,
    "cagr": 0.10139500403736257,
    "end_val": 71698.97829420278,
    "max_drawdown": -0.5533752937366782,
    "mwrr": 0.10139500403736257,
    "sharpe": 0.4233904570366818,
    "sortino": 0.5902798349757964,
    "std": 0.1932643761604364,
    "ulcer_index": 12.46579846036698,
    "upi": 0.6564265308118561,
    "us_allocation": 99
}