{
    "beta": 0.9995782873625081,
    "cagr": 0.09838238612002037,
    "end_val": 67803.15238643718,
    "max_drawdown": -0.5572318390457827,
    "mwrr": 0.09838238612002037,
    "sharpe": 0.41272359556513133,
    "sortino": 0.5748148939784365,
    "std": 0.19161421133348971,
    "ulcer_index": 12.612698676055546,
    "upi": 0.6270327004370018,
    "us_allocation": 91
}