{
    "beta": 0.9885368996302109,
    "cagr": 0.09454325032538624,
    "end_val": 63129.675794572744,
    "max_drawdown": -0.5620948306372667,
    "mwrr": 0.09454325032538624,
    "sharpe": 0.397893720562321,
    "sortino": 0.5535018423520865,
    "std": 0.1899446222114429,
    "ulcer_index": 12.830842204405634,
    "upi": 0.5890433788654824,
    "us_allocation": 81
}