{
    "beta": 0.9619159688426029,
    "cagr": 0.08499356755948906,
    "end_val": 52796.78053736946,
    "max_drawdown": -0.5773735909698459,
    "mwrr": 0.08499356755948906,
    "sharpe": 0.3556866004064344,
    "sortino": 0.4936326203743916,
    "std": 0.18781502630121716,
    "ulcer_index": 13.811242957777377,
    "upi": 0.4836889330208917,
    "us_allocation": 57
}