{
    "beta": 0.9563481843657728,
    "cagr": 0.08294381407212525,
    "end_val": 50799.17360297701,
    "max_drawdown": -0.5806438783738087,
    "mwrr": 0.08294381407212525,
    "sharpe": 0.3457833222062872,
    "sortino": 0.4796995690026708,
    "std": 0.18771828022324588,
    "ulcer_index": 14.06289859932435,
    "upi": 0.46156756342462985,
    "us_allocation": 52
}