{
    "beta": 1.0072897208054836,
    "cagr": 0.10102126966785052,
    "end_val": 71204.35983207476,
    "max_drawdown": -0.5538565685872711,
    "mwrr": 0.10102126966785052,
    "sharpe": 0.4221152105924575,
    "sortino": 0.5884241960402258,
    "std": 0.1930431850901066,
    "ulcer_index": 12.483442924120164,
    "upi": 0.6527760105080224,
    "us_allocation": 98
}