{
    "beta": 0.9295182449575539,
    "cagr": 0.07281166361436653,
    "end_val": 41936.01890705555,
    "max_drawdown": -0.596145730436366,
    "mwrr": 0.07281166361436653,
    "sharpe": 0.29366752110499234,
    "sortino": 0.40679527136655297,
    "std": 0.1889802348583901,
    "ulcer_index": 15.458270295997933,
    "upi": 0.3590075082140291,
    "us_allocation": 28
}