{
    "beta": 0.9507728779446843,
    "cagr": 0.08087310252621083,
    "end_val": 48854.250880664986,
    "max_drawdown": -0.583899914576412,
    "mwrr": 0.08087310252621083,
    "sharpe": 0.3355275439706386,
    "sortino": 0.46530252832352964,
    "std": 0.18774436628573102,
    "ulcer_index": 14.327577543603294,
    "upi": 0.439663366880035,
    "us_allocation": 47
}