{
    "beta": 0.9317606630751109,
    "cagr": 0.07367470140863097,
    "end_val": 42629.52690230476,
    "max_drawdown": -0.5948660190387536,
    "mwrr": 0.07367470140863097,
    "sharpe": 0.2982684528525961,
    "sortino": 0.4132086356454769,
    "std": 0.1887647075093826,
    "ulcer_index": 15.32910972786344,
    "upi": 0.3672856114909552,
    "us_allocation": 30
}