{
    "beta": 0.9973723748631075,
    "cagr": 0.09762109405312414,
    "end_val": 66851.0209039074,
    "max_drawdown": -0.5581982105931813,
    "mwrr": 0.09762109405312414,
    "sharpe": 0.4098905454166187,
    "sortino": 0.5707275802061484,
    "std": 0.19124486487999787,
    "ulcer_index": 12.651750658955049,
    "upi": 0.6196089747903575,
    "us_allocation": 89
}