{
    "beta": 0.9205366838138297,
    "cagr": 0.06932518778514174,
    "end_val": 39242.094944664284,
    "max_drawdown": -0.6012430789832636,
    "mwrr": 0.06932518778514174,
    "sharpe": 0.27487208492748844,
    "sortino": 0.3806271872734734,
    "std": 0.1900444528673966,
    "ulcer_index": 15.997249390851493,
    "upi": 0.3265354161318174,
    "us_allocation": 20
}