{
    "beta": 0.9696982377197708,
    "cagr": 0.0878281747471652,
    "end_val": 55682.672588873174,
    "max_drawdown": -0.5727709266481508,
    "mwrr": 0.0878281747471652,
    "sharpe": 0.3689301424445057,
    "sortino": 0.5123231040379302,
    "std": 0.1881544128507301,
    "ulcer_index": 13.480098213917467,
    "upi": 0.5149543557546672,
    "us_allocation": 64
}