{
    "beta": 0.9418367513578633,
    "cagr": 0.07751614950942076,
    "end_val": 45850.87477397692,
    "max_drawdown": -0.5890803381222216,
    "mwrr": 0.07751614950942076,
    "sharpe": 0.3184289759069811,
    "sortino": 0.4413582773577238,
    "std": 0.18804419153393231,
    "ulcer_index": 14.778962651664706,
    "upi": 0.4051576335232647,
    "us_allocation": 39
}