{
    "beta": 1.0028849481716968,
    "cagr": 0.09951821468524846,
    "end_val": 69247.71553611945,
    "max_drawdown": -0.5557839450986222,
    "mwrr": 0.09951821468524846,
    "sharpe": 0.41684833084038625,
    "sortino": 0.5807804704364303,
    "std": 0.19220086068477066,
    "ulcer_index": 12.556159651530022,
    "upi": 0.6380997637437112,
    "us_allocation": 94
}