{
    "beta": 0.9216604158567698,
    "cagr": 0.06976400946447336,
    "end_val": 39571.87615726954,
    "max_drawdown": -0.6006077790183911,
    "mwrr": 0.06976400946447336,
    "sharpe": 0.27725373691535754,
    "sortino": 0.38394062763473996,
    "std": 0.18989373007776092,
    "ulcer_index": 15.928008326536853,
    "upi": 0.3305343675552655,
    "us_allocation": 21
}