{
    "beta": 0.9807902623320087,
    "cagr": 0.09180708746438904,
    "end_val": 59987.624752463744,
    "max_drawdown": -0.5661457270691089,
    "mwrr": 0.09180708746438904,
    "sharpe": 0.3865310677298187,
    "sortino": 0.5372888209017456,
    "std": 0.18904449789993907,
    "ulcer_index": 13.051980608509018,
    "upi": 0.5598585492095507,
    "us_allocation": 74
}