{
    "beta": 0.9796824067483657,
    "cagr": 0.09141291497389004,
    "end_val": 59547.4266440854,
    "max_drawdown": -0.5668109262421444,
    "mwrr": 0.09141291497389004,
    "sharpe": 0.38484271068286896,
    "sortino": 0.5348867964425338,
    "std": 0.18893435666717082,
    "ulcer_index": 13.091755501075967,
    "upi": 0.5553954328799925,
    "us_allocation": 73
}