{
    "beta": 0.9070290001866543,
    "cagr": 0.06399174686580134,
    "end_val": 35437.196805769505,
    "max_drawdown": -0.6088256348225479,
    "mwrr": 0.06399174686580134,
    "sharpe": 0.2456791579941426,
    "sortino": 0.3400606401896729,
    "std": 0.1922472030155254,
    "ulcer_index": 16.91402785478792,
    "upi": 0.27923363329526013,
    "us_allocation": 8
}