{
    "beta": 0.9137881072457614,
    "cagr": 0.06667410022000198,
    "end_val": 37304.676827301126,
    "max_drawdown": -0.6050437808309184,
    "mwrr": 0.06667410022000198,
    "sharpe": 0.2604084902631144,
    "sortino": 0.36051843327376126,
    "std": 0.19105495138116416,
    "ulcer_index": 16.43780245150777,
    "upi": 0.30266189575970864,
    "us_allocation": 14
}