{
    "beta": 0.9541189644173838,
    "cagr": 0.08211804930056554,
    "end_val": 50014.905528076735,
    "max_drawdown": -0.581947993732675,
    "mwrr": 0.08211804930056554,
    "sharpe": 0.34172238415669054,
    "sortino": 0.4739952206267382,
    "std": 0.1877139108051365,
    "ulcer_index": 14.166996994530761,
    "upi": 0.4527839009312848,
    "us_allocation": 50
}