{
    "beta": 0.9752479940042439,
    "cagr": 0.08982797120781627,
    "end_val": 57808.23041661132,
    "max_drawdown": -0.5694657451836975,
    "mwrr": 0.08982797120781627,
    "sharpe": 0.3779286990705684,
    "sortino": 0.525067178421429,
    "std": 0.18854051749661066,
    "ulcer_index": 13.257877690976741,
    "upi": 0.5374589939973361,
    "us_allocation": 69
}