{
    "beta": 0.9340018878196296,
    "cagr": 0.07453431989356507,
    "end_val": 43331.12000767031,
    "max_drawdown": -0.5935841388381243,
    "mwrr": 0.07453431989356507,
    "sharpe": 0.30282715504872737,
    "sortino": 0.41956681798002526,
    "std": 0.18856936109121117,
    "ulcer_index": 15.202133209507576,
    "upi": 0.3756252202648458,
    "us_allocation": 32
}