{
    "beta": 0.9763570460928911,
    "cagr": 0.09022544642473562,
    "end_val": 58239.79393186712,
    "max_drawdown": -0.5688029342189881,
    "mwrr": 0.09022544642473562,
    "sharpe": 0.3796811594048219,
    "sortino": 0.5275536307219558,
    "std": 0.18863193939493497,
    "ulcer_index": 13.214795028827595,
    "upi": 0.5419745897839924,
    "us_allocation": 70
}