{
    "beta": 0.8991302216038437,
    "cagr": 0.060822553456243655,
    "end_val": 33345.31000798801,
    "max_drawdown": -0.6132142967465792,
    "mwrr": 0.060822553456243655,
    "sharpe": 0.2282189068536553,
    "sortino": 0.31583115188058236,
    "std": 0.1938670526793088,
    "ulcer_index": 17.54366739411571,
    "upi": 0.25218534002538434,
    "us_allocation": 1
}