{
    "beta": 1.005087920341723,
    "cagr": 0.10027136666339387,
    "end_val": 70221.67162761939,
    "max_drawdown": -0.5548198035287284,
    "mwrr": 0.10027136666339387,
    "sharpe": 0.41951498445084856,
    "sortino": 0.5846466372700959,
    "std": 0.19261349657293275,
    "ulcer_index": 12.519368360315584,
    "upi": 0.6454525667737573,
    "us_allocation": 96
}