{
    "beta": 0.9674762347258928,
    "cagr": 0.08702244829243821,
    "end_val": 54847.4606660837,
    "max_drawdown": -0.5740888847011096,
    "mwrr": 0.08702244829243821,
    "sharpe": 0.3652220230299822,
    "sortino": 0.5070824312407096,
    "std": 0.18803335334106383,
    "ulcer_index": 13.572415017105914,
    "upi": 0.5059846538638839,
    "us_allocation": 62
}