{
    "beta": 0.9818978192344671,
    "cagr": 0.09220043576794024,
    "end_val": 60429.98618650345,
    "max_drawdown": -0.5654799272129045,
    "mwrr": 0.09220043576794024,
    "sharpe": 0.38820324506980725,
    "sortino": 0.5396694794864695,
    "std": 0.18915928209258973,
    "ulcer_index": 13.013176887953108,
    "upi": 0.5643000262019768,
    "us_allocation": 75
}