{
    "beta": 0.9962689761364575,
    "cagr": 0.09723922455529399,
    "end_val": 66378.22697755157,
    "max_drawdown": -0.5586817259363119,
    "mwrr": 0.09723922455529399,
    "sharpe": 0.4084490562359226,
    "sortino": 0.5686509210253874,
    "std": 0.1910667724244209,
    "ulcer_index": 12.671798283326774,
    "upi": 0.615878684142466,
    "us_allocation": 88
}