{
    "beta": 0.9496569141578988,
    "cagr": 0.08045643752720766,
    "end_val": 48471.55143024815,
    "max_drawdown": -0.5845494261709446,
    "mwrr": 0.08045643752720766,
    "sharpe": 0.3334355783171067,
    "sortino": 0.4623692668143706,
    "std": 0.18776442065413862,
    "ulcer_index": 14.382388459978008,
    "upi": 0.43530321105119146,
    "us_allocation": 46
}