{
    "beta": 0.9774657988031564,
    "cagr": 0.09062209505418473,
    "end_val": 58673.51314179924,
    "max_drawdown": -0.5681395283679033,
    "mwrr": 0.09062209505418473,
    "sharpe": 0.3814176932242234,
    "sortino": 0.5300190989288175,
    "std": 0.1887280627808571,
    "ulcer_index": 13.172605182346633,
    "upi": 0.5464759137745685,
    "us_allocation": 71
}