{
    "beta": 0.8980006800439911,
    "cagr": 0.06036629658540105,
    "end_val": 33053.99899044603,
    "max_drawdown": -0.6138392027560157,
    "mwrr": 0.06036629658540105,
    "sharpe": 0.2257042101658359,
    "sortino": 0.3123436352418811,
    "std": 0.19411850465434646,
    "ulcer_index": 17.647040988711872,
    "upi": 0.24826702656134064,
    "us_allocation": 0
}