{
    "beta": 0.9984754785082856,
    "cagr": 0.0980021477335824,
    "end_val": 67325.99586023236,
    "max_drawdown": -0.5577149146189505,
    "mwrr": 0.0980021477335824,
    "sharpe": 0.41131539333162304,
    "sortino": 0.5727822425938761,
    "std": 0.19142735055697643,
    "ulcer_index": 12.631914376254983,
    "upi": 0.6233338296070188,
    "us_allocation": 90
}