{
    "beta": 0.9663647826808793,
    "cagr": 0.08661833797339069,
    "end_val": 54433.06147533661,
    "max_drawdown": -0.5747469876361854,
    "mwrr": 0.08661833797339069,
    "sharpe": 0.3633450356279033,
    "sortino": 0.5044319529125995,
    "std": 0.18798002749236456,
    "ulcer_index": 13.619161277746382,
    "upi": 0.5015138077988167,
    "us_allocation": 61
}