{
    "beta": 0.9474240844409074,
    "cagr": 0.07962057909313969,
    "end_val": 47712.409114001246,
    "max_drawdown": -0.5858467641097087,
    "mwrr": 0.07962057909313969,
    "sharpe": 0.32921199881168517,
    "sortino": 0.456450239293256,
    "std": 0.18781942957873826,
    "ulcer_index": 14.493441370519232,
    "upi": 0.42662045844715035,
    "us_allocation": 44
}