{
    "beta": 0.9652530301472716,
    "cagr": 0.08621339539645301,
    "end_val": 54020.796619482324,
    "max_drawdown": -0.5754045083565644,
    "mwrr": 0.08621339539645301,
    "sharpe": 0.3614528948868502,
    "sortino": 0.5017615862826849,
    "std": 0.18793152030073595,
    "ulcer_index": 13.666405857023689,
    "upi": 0.497048798560421,
    "us_allocation": 60
}