{
    "beta": 0.9708087888746646,
    "cagr": 0.08822979216621052,
    "end_val": 56103.49041814666,
    "max_drawdown": -0.5721110687455654,
    "mwrr": 0.08822979216621052,
    "sharpe": 0.3707610853253974,
    "sortino": 0.514913060926845,
    "std": 0.18822212176309902,
    "ulcer_index": 13.434541451560387,
    "upi": 0.5194521091711659,
    "us_allocation": 65
}