{
    "beta": 0.9574623429948587,
    "cagr": 0.08335543864062811,
    "end_val": 51194.46722973382,
    "max_drawdown": -0.5799909663015478,
    "mwrr": 0.08335543864062811,
    "sharpe": 0.3477926980712481,
    "sortino": 0.48252398510606354,
    "std": 0.18772784031059467,
    "ulcer_index": 14.011492860738283,
    "upi": 0.46597708793435205,
    "us_allocation": 53
}