{
    "beta": 0.9685873863725872,
    "cagr": 0.08742572700235196,
    "end_val": 55263.99684293185,
    "max_drawdown": -0.5734301981681884,
    "mwrr": 0.08742572700235196,
    "sharpe": 0.36708375739589433,
    "sortino": 0.5097128590102564,
    "std": 0.18809148587430763,
    "ulcer_index": 13.526059068573417,
    "upi": 0.5104649906779686,
    "us_allocation": 63
}