{
    "beta": 0.9250298371728028,
    "cagr": 0.07107530396294526,
    "end_val": 40573.11119696316,
    "max_drawdown": -0.5986986851818187,
    "mwrr": 0.07107530396294526,
    "sharpe": 0.2843450350292793,
    "sortino": 0.3938102246736514,
    "std": 0.1894719017770459,
    "ulcer_index": 15.723375643454936,
    "upi": 0.3426380682965627,
    "us_allocation": 24
}