{
    "beta": 1.0094903522224459,
    "cagr": 0.10176792763409326,
    "end_val": 72195.77939233166,
    "max_drawdown": -0.5528942487106139,
    "mwrr": 0.10176792763409326,
    "sharpe": 0.42464915472326226,
    "sortino": 0.5921134698040164,
    "std": 0.1934897726288446,
    "ulcer_index": 12.448413100026215,
    "upi": 0.6600668168934457,
    "us_allocation": 100
}