{
    "beta": 0.9841120377737109,
    "cagr": 0.09298466216506251,
    "end_val": 61321.20584617925,
    "max_drawdown": -0.5642071746721868,
    "mwrr": 0.09298466216506251,
    "sharpe": 0.3914988457427944,
    "sortino": 0.5443665161470391,
    "std": 0.18940271829316263,
    "ulcer_index": 12.940689855459825,
    "upi": 0.5730155990415923,
    "us_allocation": 77
}