{
    "beta": 0.955233724839371,
    "cagr": 0.08253135119113297,
    "end_val": 50405.98747023761,
    "max_drawdown": -0.5812962204096097,
    "mwrr": 0.08253135119113297,
    "sharpe": 0.34375984008733096,
    "sortino": 0.4768565850385003,
    "std": 0.18771363400707472,
    "ulcer_index": 14.114733471172563,
    "upi": 0.4571697427526461,
    "us_allocation": 51
}