{
    "beta": 1.006188966872663,
    "cagr": 0.10064672403981567,
    "end_val": 70711.92423063242,
    "max_drawdown": -0.5543380722033061,
    "mwrr": 0.10064672403981567,
    "sharpe": 0.42082339293916626,
    "sortino": 0.5865464695426358,
    "std": 0.19282621880575715,
    "ulcer_index": 12.501286525685824,
    "upi": 0.6491186298061956,
    "us_allocation": 97
}