{
    "beta": 0.9407183840702357,
    "cagr": 0.0770927233083123,
    "end_val": 45484.76335115438,
    "max_drawdown": -0.5897253880754045,
    "mwrr": 0.0770927233083123,
    "sharpe": 0.3162352424006376,
    "sortino": 0.43829118913859516,
    "std": 0.18810414899093392,
    "ulcer_index": 14.837587350394573,
    "upi": 0.40090412028167216,
    "us_allocation": 38
}