{
    "beta": 0.9025171347617058,
    "cagr": 0.062186043922897394,
    "end_val": 34230.49253234842,
    "max_drawdown": -0.6113365188013065,
    "mwrr": 0.062186043922897394,
    "sharpe": 0.23573410035383946,
    "sortino": 0.32625706198795207,
    "std": 0.19314272609409022,
    "ulcer_index": 17.26011192022795,
    "upi": 0.2637804016783606,
    "us_allocation": 4
}