{
    "beta": 0.9785742522981067,
    "cagr": 0.0910179177031063,
    "end_val": 59109.39006426981,
    "max_drawdown": -0.5674755261909362,
    "mwrr": 0.0910179177031063,
    "sharpe": 0.38313823199691355,
    "sortino": 0.532463516615414,
    "std": 0.18882887337701523,
    "ulcer_index": 13.131958577238258,
    "upi": 0.5509346323731814,
    "us_allocation": 72
}