{
    "beta": 0.9227838523396331,
    "cagr": 0.07020196881767715,
    "end_val": 39903.63599021667,
    "max_drawdown": -0.5999719475064255,
    "mwrr": 0.07020196881767715,
    "sharpe": 0.2796265789562758,
    "sortino": 0.38724245449218664,
    "std": 0.18974806407814068,
    "ulcer_index": 15.859278499780372,
    "upi": 0.3345513069637341,
    "us_allocation": 22
}