{
    "beta": 0.9126623178355444,
    "cagr": 0.06622921781636992,
    "end_val": 36988.60409492003,
    "max_drawdown": -0.6056753921383802,
    "mwrr": 0.06622921781636992,
    "sharpe": 0.257970850814379,
    "sortino": 0.35713145645881494,
    "std": 0.1912410503675182,
    "ulcer_index": 16.515219228196607,
    "upi": 0.298713742219866,
    "us_allocation": 13
}