{
    "beta": 0.9874311305213599,
    "cagr": 0.0941548349342356,
    "end_val": 62674.300884919285,
    "max_drawdown": -0.5626228478425419,
    "mwrr": 0.0941548349342356,
    "sharpe": 0.3963196467748515,
    "sortino": 0.5512505389925084,
    "std": 0.18980230735698767,
    "ulcer_index": 12.857397073904533,
    "upi": 0.5850622765905257,
    "us_allocation": 80
}