{
    "beta": 0.9306396030624812,
    "cagr": 0.07324361033009819,
    "end_val": 42281.764532360074,
    "max_drawdown": -0.59550614523538,
    "mwrr": 0.07324361033009819,
    "sharpe": 0.2959731719756605,
    "sortino": 0.4100087382019105,
    "std": 0.18886994729436207,
    "ulcer_index": 15.393409050582306,
    "upi": 0.36313894062434215,
    "us_allocation": 29
}