{
    "beta": 0.9149136040942092,
    "cagr": 0.0671181141466628,
    "end_val": 37622.692407132745,
    "max_drawdown": -0.6044116459856984,
    "mwrr": 0.0671181141466628,
    "sharpe": 0.26283874639120475,
    "sortino": 0.3638956918546642,
    "std": 0.1908739018847741,
    "ulcer_index": 16.361015559736323,
    "upi": 0.3066295664603869,
    "us_allocation": 15
}