{
    "beta": 0.9518885409432672,
    "cagr": 0.08128892567760304,
    "end_val": 49239.040691184,
    "max_drawdown": -0.5832498395067018,
    "mwrr": 0.08128892567760304,
    "sharpe": 0.3376060960228319,
    "sortino": 0.4682180607146066,
    "std": 0.1877292685412907,
    "ulcer_index": 14.273260614588418,
    "upi": 0.444035140729338,
    "us_allocation": 48
}