{
    "beta": 0.9351220520824255,
    "cagr": 0.07496284890611493,
    "end_val": 43684.95968156437,
    "max_drawdown": -0.5929423824109954,
    "mwrr": 0.07496284890611493,
    "sharpe": 0.3050902062555799,
    "sortino": 0.4227246190254145,
    "std": 0.1884792486071729,
    "ulcer_index": 15.139469847228456,
    "upi": 0.37981732977063665,
    "us_allocation": 33
}