{
    "beta": 0.9608030136266485,
    "cagr": 0.08458528936829302,
    "end_val": 52393.02516370488,
    "max_drawdown": -0.5780287965416105,
    "mwrr": 0.08458528936829302,
    "sharpe": 0.3537349108639284,
    "sortino": 0.490884110302573,
    "std": 0.18778590798773764,
    "ulcer_index": 13.860352310260433,
    "upi": 0.47925584336598404,
    "us_allocation": 56
}