{
    "beta": 0.946307218647955,
    "cagr": 0.07920138419879641,
    "end_val": 47335.95885216464,
    "max_drawdown": -0.5864945930275571,
    "mwrr": 0.07920138419879641,
    "sharpe": 0.32708068835288234,
    "sortino": 0.45346502395936034,
    "std": 0.18785439853747554,
    "ulcer_index": 14.549638727607286,
    "upi": 0.4222997012773765,
    "us_allocation": 43
}