{
    "beta": 0.9272746355550069,
    "cagr": 0.07194519999902727,
    "end_val": 41250.55945787575,
    "max_drawdown": -0.5974232826411546,
    "mwrr": 0.07194519999902727,
    "sharpe": 0.28902586955908216,
    "sortino": 0.4003284801805294,
    "std": 0.18921596169785088,
    "ulcer_index": 15.58974504544365,
    "upi": 0.3507898379135105,
    "us_allocation": 26
}