{
    "beta": 0.9741386423818007,
    "cagr": 0.08942966879191405,
    "end_val": 57378.82050565144,
    "max_drawdown": -0.5701279626951343,
    "mwrr": 0.08942966879191405,
    "sharpe": 0.376160384243031,
    "sortino": 0.5225597901817401,
    "std": 0.18845381112070947,
    "ulcer_index": 13.301363940518275,
    "upi": 0.5329497645056307,
    "us_allocation": 68
}