{
    "beta": 0.9918524248139586,
    "cagr": 0.09570357777402227,
    "end_val": 64508.84789868267,
    "max_drawdown": -0.5606179604571225,
    "mwrr": 0.09570357777402227,
    "sharpe": 0.40251688672354613,
    "sortino": 0.5601251217837191,
    "std": 0.19039869143753974,
    "ulcer_index": 12.75939186466247,
    "upi": 0.6006580634407938,
    "us_allocation": 84
}