{
    "beta": 0.9013884496626546,
    "cagr": 0.06173242615307695,
    "end_val": 33933.55105126106,
    "max_drawdown": -0.6119629558416394,
    "mwrr": 0.06173242615307695,
    "sharpe": 0.23323405989964827,
    "sortino": 0.3227881390588212,
    "std": 0.19337915835768305,
    "ulcer_index": 17.352987289157763,
    "upi": 0.25990371968470266,
    "us_allocation": 3
}