{
    "beta": 0.9630286232965454,
    "cagr": 0.08540101085015284,
    "end_val": 53202.65896980201,
    "max_drawdown": -0.5767178086554064,
    "mwrr": 0.08540101085015284,
    "sharpe": 0.35762356913305604,
    "sortino": 0.49636178051938107,
    "std": 0.18784900841743343,
    "ulcer_index": 13.762549106565611,
    "upi": 0.4881322992133081,
    "us_allocation": 58
}