{
    "beta": 0.9896423715536361,
    "cagr": 0.09493084555791631,
    "end_val": 63587.22448979967,
    "max_drawdown": -0.5615873673095945,
    "mwrr": 0.09493084555791631,
    "sharpe": 0.39945130497318965,
    "sortino": 0.5557313809035151,
    "std": 0.19009146900159854,
    "ulcer_index": 12.805822042103209,
    "upi": 0.592963081676911,
    "us_allocation": 82
}