{
    "beta": 1.0039865808828705,
    "cagr": 0.09989519704458738,
    "end_val": 69733.6020743343,
    "max_drawdown": -0.5553017615105059,
    "mwrr": 0.09989519704458738,
    "sharpe": 0.41818996836798356,
    "sortino": 0.5827246509561204,
    "std": 0.19240503753024166,
    "ulcer_index": 12.537674381606859,
    "upi": 0.64177877673916,
    "us_allocation": 95
}