{
    "beta": 0.995165282043753,
    "cagr": 0.09685653871248623,
    "end_val": 65907.61345880711,
    "max_drawdown": -0.5591654596191122,
    "mwrr": 0.09685653871248623,
    "sharpe": 0.40699093337335907,
    "sortino": 0.5665522985583222,
    "std": 0.19089309114864664,
    "ulcer_index": 12.6920535316472,
    "upi": 0.6121433385180566,
    "us_allocation": 87
}