{
    "beta": 1.0006808017221227,
    "cagr": 0.09876180973155124,
    "end_val": 68282.49093947923,
    "max_drawdown": -0.556748984908795,
    "mwrr": 0.09876180973155124,
    "sharpe": 0.41411515083700673,
    "sortino": 0.5768255298051197,
    "std": 0.19180542892873076,
    "ulcer_index": 12.593670738105795,
    "upi": 0.6307266081882408,
    "us_allocation": 92
}