{
    "beta": 0.9929570066519191,
    "cagr": 0.09608871586015844,
    "end_val": 64972.92474555048,
    "max_drawdown": -0.5601335779014467,
    "mwrr": 0.09608871586015844,
    "sharpe": 0.404024832971798,
    "sortino": 0.5622893616855276,
    "std": 0.19055903312571948,
    "ulcer_index": 12.736640728518317,
    "upi": 0.6044943010700741,
    "us_allocation": 85
}