{
    "beta": 0.9940612923064084,
    "cagr": 0.0964730359928272,
    "end_val": 65439.17964338019,
    "max_drawdown": -0.5596494106152845,
    "mwrr": 0.0964730359928272,
    "sharpe": 0.4055161876134998,
    "sortino": 0.5644317710733594,
    "std": 0.1907238388430956,
    "ulcer_index": 12.714194603875182,
    "upi": 0.6083228288175971,
    "us_allocation": 86
}