{
    "beta": 0.9384807498882909,
    "cagr": 0.07624332454776295,
    "end_val": 44758.70373119418,
    "max_drawdown": -0.5910138331743321,
    "mwrr": 0.07624332454776295,
    "sharpe": 0.31181198134056565,
    "sortino": 0.4321100189162978,
    "std": 0.18823911255480694,
    "ulcer_index": 14.9563760207715,
    "upi": 0.39243780844363146,
    "us_allocation": 36
}