{
    "beta": 0.9395997168625373,
    "cagr": 0.07666844857722266,
    "end_val": 45120.70771176278,
    "max_drawdown": -0.5903698860108442,
    "mwrr": 0.07666844857722266,
    "sharpe": 0.3140295204990582,
    "sortino": 0.43520835423512755,
    "std": 0.1881691210272566,
    "ulcer_index": 14.896765166315712,
    "upi": 0.3966630245797964,
    "us_allocation": 37
}