{
    "beta": 0.9440725856178124,
    "cagr": 0.07836045936905633,
    "end_val": 46589.281192364215,
    "max_drawdown": -0.5877885771525643,
    "mwrr": 0.07836045936905633,
    "sharpe": 0.32277980521866306,
    "sortino": 0.44744438247241475,
    "std": 0.1879392991779228,
    "ulcer_index": 14.663372270061961,
    "upi": 0.4137006375193323,
    "us_allocation": 41
}