{
    "beta": 0.9530039031114548,
    "cagr": 0.08170390769838987,
    "end_val": 49625.92441083594,
    "max_drawdown": -0.5825991996609636,
    "mwrr": 0.08170390769838987,
    "sharpe": 0.3396710899434884,
    "sortino": 0.47111566579742425,
    "std": 0.18771911946584183,
    "ulcer_index": 14.219781578852794,
    "upi": 0.4484073768665735,
    "us_allocation": 49
}