{
    "beta": 0.904444672686946,
    "cagr": 0.053669806044120305,
    "end_val": 27564.681689673842,
    "max_drawdown": -0.6132142967465791,
    "mwrr": 0.053669806044120305,
    "sharpe": 0.19028991946909016,
    "sortino": 0.2631677775002199,
    "std": 0.1965941950224559,
    "ulcer_index": 17.97249617011629,
    "upi": 0.2081439908204934,
    "us_allocation": 1
}