{
    "beta": 0.9474185953407849,
    "cagr": 0.07341407514726184,
    "end_val": 39512.044756454285,
    "max_drawdown": -0.587788577152564,
    "mwrr": 0.07341407514726184,
    "sharpe": 0.292987352651034,
    "sortino": 0.40592000700256525,
    "std": 0.19113004815631435,
    "ulcer_index": 15.020141188215021,
    "upi": 0.37282190644143376,
    "us_allocation": 41
}