{
    "beta": 0.9163143210263647,
    "cagr": 0.05923358317795868,
    "end_val": 30529.044017862834,
    "max_drawdown": -0.6063064810331515,
    "mwrr": 0.05923358317795868,
    "sharpe": 0.21965959642565266,
    "sortino": 0.3038967852908871,
    "std": 0.1943147176739862,
    "ulcer_index": 16.998339357454775,
    "upi": 0.25109508612791936,
    "us_allocation": 12
}