{
    "beta": 0.9676462960654162,
    "cagr": 0.08232825702562008,
    "end_val": 46386.383323341855,
    "max_drawdown": -0.5754045083565649,
    "mwrr": 0.08232825702562008,
    "sharpe": 0.3361412845550154,
    "sortino": 0.4663573047013462,
    "std": 0.1912272987917001,
    "ulcer_index": 13.997786865742288,
    "upi": 0.45921485633759934,
    "us_allocation": 60
}