{
    "beta": 0.9919717692715333,
    "cagr": 0.09272792658970608,
    "end_val": 55839.11901992898,
    "max_drawdown": -0.5611025572647357,
    "mwrr": 0.09272792658970608,
    "sharpe": 0.38157582479107754,
    "sortino": 0.530615352785616,
    "std": 0.1935506548632605,
    "ulcer_index": 13.090578978201782,
    "upi": 0.5641922871117719,
    "us_allocation": 83
}