{
    "beta": 0.9120025561920474,
    "cagr": 0.05722229195868489,
    "end_val": 29424.15817739961,
    "max_drawdown": -0.608825634822548,
    "mwrr": 0.05722229195868489,
    "sharpe": 0.2090477180190115,
    "sortino": 0.2891745798116209,
    "std": 0.19507530887868813,
    "ulcer_index": 17.3269597285709,
    "upi": 0.23534938864869787,
    "us_allocation": 8
}