{
    "beta": 0.9623348744877248,
    "cagr": 0.08001096601308677,
    "end_val": 44497.65144115582,
    "max_drawdown": -0.5786834267237287,
    "mwrr": 0.08001096601308677,
    "sharpe": 0.32524091835383645,
    "sortino": 0.45105026564060835,
    "std": 0.1910379415770343,
    "ulcer_index": 14.24779640611974,
    "upi": 0.43609298899648963,
    "us_allocation": 55
}