{
    "beta": 0.9506204321721408,
    "cagr": 0.07484121009144817,
    "end_val": 40543.46280533378,
    "max_drawdown": -0.5858467641097085,
    "mwrr": 0.07484121009144817,
    "sharpe": 0.300101255883209,
    "sortino": 0.4158570360619378,
    "std": 0.19103224998068333,
    "ulcer_index": 14.845991948680624,
    "upi": 0.3861569183917447,
    "us_allocation": 44
}