{
    "beta": 0.9130809789770397,
    "cagr": 0.05772638626016424,
    "end_val": 29697.46062070754,
    "max_drawdown": -0.6081966244215841,
    "mwrr": 0.05772638626016424,
    "sharpe": 0.2117087947569663,
    "sortino": 0.29286570749264296,
    "std": 0.1948778375625555,
    "ulcer_index": 17.243496933646874,
    "upi": 0.2392566361987584,
    "us_allocation": 9
}