{
    "beta": 1.0066930184001153,
    "cagr": 0.09885112023225018,
    "end_val": 62230.950706478674,
    "max_drawdown": -0.554338072203307,
    "mwrr": 0.09885112023225018,
    "sharpe": 0.4051906151986958,
    "sortino": 0.5644181367873843,
    "std": 0.1960788431665303,
    "ulcer_index": 12.801965606263389,
    "upi": 0.6206229781766399,
    "us_allocation": 97
}