{
    "beta": 0.9972367465389143,
    "cagr": 0.09493266024513103,
    "end_val": 58065.24492595397,
    "max_drawdown": -0.5586817259363117,
    "mwrr": 0.09493266024513103,
    "sharpe": 0.39037005626217064,
    "sortino": 0.5431629149189401,
    "std": 0.19436024945179758,
    "ulcer_index": 12.977004296537714,
    "upi": 0.584684290379429,
    "us_allocation": 88
}