{
    "beta": 0.9909177849856075,
    "cagr": 0.09228458871238421,
    "end_val": 55401.36527340519,
    "max_drawdown": -0.5615873673095946,
    "mwrr": 0.09228458871238421,
    "sharpe": 0.3797693388986632,
    "sortino": 0.52804334341124,
    "std": 0.1934014388328011,
    "ulcer_index": 13.1145654980583,
    "upi": 0.5600617418160628,
    "us_allocation": 82
}