{
    "beta": 1.0077420802333013,
    "cagr": 0.09928254337201525,
    "end_val": 62706.53591465229,
    "max_drawdown": -0.5538565685872705,
    "mwrr": 0.09928254337201525,
    "sharpe": 0.40675687043093467,
    "sortino": 0.5666733828934135,
    "std": 0.19629009369058592,
    "ulcer_index": 12.783643413081718,
    "upi": 0.6245875024305453,
    "us_allocation": 98
}