{
    "beta": 1.0056436303337897,
    "cagr": 0.09841890605004977,
    "end_val": 61757.92523080134,
    "max_drawdown": -0.5548198035287284,
    "mwrr": 0.09841890605004977,
    "sharpe": 0.40360824861733907,
    "sortino": 0.5621415962254976,
    "std": 0.19587160337346035,
    "ulcer_index": 12.820530046489512,
    "upi": 0.6166513082102443,
    "us_allocation": 96
}