{
    "beta": 0.927071094321244,
    "cagr": 0.06420273476549498,
    "end_val": 33429.964172657674,
    "max_drawdown": -0.5999719475064257,
    "mwrr": 0.06420273476549498,
    "sharpe": 0.2457490576801842,
    "sortino": 0.34012805051059125,
    "std": 0.19275497623046034,
    "ulcer_index": 16.245798181293033,
    "upi": 0.29157357286575764,
    "us_allocation": 22
}