{
    "beta": 0.9961844095296845,
    "cagr": 0.09449330595206251,
    "end_val": 57615.01949390858,
    "max_drawdown": -0.5591654596191118,
    "mwrr": 0.09449330595206251,
    "sharpe": 0.3886430860280983,
    "sortino": 0.5406952799086915,
    "std": 0.1941899183432235,
    "ulcer_index": 12.997794857914915,
    "upi": 0.5806569028497818,
    "us_allocation": 87
}