{
    "beta": 0.9718894378526546,
    "cagr": 0.08416749635039023,
    "end_val": 47939.341432926434,
    "max_drawdown": -0.5727709266481504,
    "mwrr": 0.08416749635039023,
    "sharpe": 0.3446094208488218,
    "sortino": 0.47827432132402586,
    "std": 0.1914614922105424,
    "ulcer_index": 13.806590624874413,
    "upi": 0.4778888961155649,
    "us_allocation": 64
}