{
    "beta": 0.9367242399619583,
    "cagr": 0.06860335481874857,
    "end_val": 36215.52533963641,
    "max_drawdown": -0.5942253506426602,
    "mwrr": 0.06860335481874857,
    "sharpe": 0.26856045677259144,
    "sortino": 0.3718614717132369,
    "std": 0.19176765595002462,
    "ulcer_index": 15.637065730753642,
    "upi": 0.3293492277299932,
    "us_allocation": 31
}