{
    "beta": 0.9141590811085534,
    "cagr": 0.058229632313961055,
    "end_val": 29972.703587591583,
    "max_drawdown": -0.6075670960613975,
    "mwrr": 0.058229632313961055,
    "sharpe": 0.21436460349030143,
    "sortino": 0.2965499494669074,
    "std": 0.19468524816663454,
    "ulcer_index": 17.16089890699466,
    "upi": 0.24318363887969424,
    "us_allocation": 10
}