{
    "beta": 0.9655227269134015,
    "cagr": 0.0814037765493969,
    "end_val": 45623.93708567193,
    "max_drawdown": -0.5767178086554062,
    "mwrr": 0.0814037765493969,
    "sharpe": 0.33182247000756476,
    "sortino": 0.4602883628540288,
    "std": 0.19113769934210253,
    "ulcer_index": 14.096449899336147,
    "upi": 0.4499303921710109,
    "us_allocation": 58
}