{
    "beta": 0.9292185371459496,
    "cagr": 0.06518649117248398,
    "end_val": 34034.44703444355,
    "max_drawdown": -0.5986986851818186,
    "mwrr": 0.06518649117248398,
    "sharpe": 0.2508785538537883,
    "sortino": 0.3472587759233362,
    "std": 0.19250154618200854,
    "ulcer_index": 16.106503920627194,
    "upi": 0.2998394891805587,
    "us_allocation": 24
}