{
    "beta": 1.0098392264277816,
    "cagr": 0.10014301830208283,
    "end_val": 63665.40568475863,
    "max_drawdown": -0.5528942487106141,
    "mwrr": 0.10014301830208283,
    "sharpe": 0.4098410551473566,
    "sortino": 0.571120037586375,
    "std": 0.19672455308788528,
    "ulcer_index": 12.747672078858665,
    "upi": 0.6324967941428232,
    "us_allocation": 100
}