{
    "beta": 0.9495534856579108,
    "cagr": 0.0743663202796705,
    "end_val": 40197.44868427839,
    "max_drawdown": -0.5864945930275577,
    "mwrr": 0.0743663202796705,
    "sharpe": 0.2977416089257858,
    "sortino": 0.41255997650841375,
    "std": 0.1910600837258154,
    "ulcer_index": 14.90358394832795,
    "upi": 0.38169546423714706,
    "us_allocation": 43
}