{
    "beta": 0.9761272545390828,
    "cagr": 0.08599380541422419,
    "end_val": 49530.0863451129,
    "max_drawdown": -0.5701279626951351,
    "mwrr": 0.08599380541422419,
    "sharpe": 0.35284592740707954,
    "sortino": 0.48988901068902796,
    "std": 0.19176833273807525,
    "ulcer_index": 13.623158357220348,
    "upi": 0.4966955046465601,
    "us_allocation": 68
}