{
    "beta": 0.9940787483207292,
    "cagr": 0.09361220969816575,
    "end_val": 56722.080500615484,
    "max_drawdown": -0.5601335779014456,
    "mwrr": 0.09361220969816575,
    "sharpe": 0.3851412662619634,
    "sortino": 0.5356970449646229,
    "std": 0.19386184035360207,
    "ulcer_index": 13.043560210954345,
    "upi": 0.5724364973814092,
    "us_allocation": 85
}