{
    "beta": 0.9420755588762013,
    "cagr": 0.071019047368309,
    "end_val": 37836.82188837752,
    "max_drawdown": -0.5910138331743319,
    "mwrr": 0.071019047368309,
    "sharpe": 0.28090546918123105,
    "sortino": 0.3890628826635306,
    "std": 0.19138870494829988,
    "ulcer_index": 15.320411789891693,
    "upi": 0.35091512924448587,
    "us_allocation": 36
}