{
    "beta": 0.9708291518289633,
    "cagr": 0.08370890021234811,
    "end_val": 47547.57641918595,
    "max_drawdown": -0.5734301981681883,
    "mwrr": 0.08370890021234811,
    "sharpe": 0.34251384739719726,
    "sortino": 0.47532307580665967,
    "std": 0.19139610066999863,
    "ulcer_index": 13.853758270259817,
    "upi": 0.47320367310430694,
    "us_allocation": 63
}