{
    "beta": 0.9591440233493012,
    "cagr": 0.07861083262330992,
    "end_val": 43392.05571492338,
    "max_drawdown": -0.5806438783738093,
    "mwrr": 0.07861083262330992,
    "sharpe": 0.31853836276710806,
    "sortino": 0.4416539501316281,
    "std": 0.19098002440571185,
    "ulcer_index": 14.40462326550532,
    "upi": 0.4223269907853552,
    "us_allocation": 52
}