{
    "beta": 0.9740090114965062,
    "cagr": 0.08508226480891357,
    "end_val": 48729.9634220599,
    "max_drawdown": -0.5714506230588098,
    "mwrr": 0.08508226480891357,
    "sharpe": 0.34875702593856545,
    "sortino": 0.48412004355478233,
    "std": 0.19160588427039832,
    "ulcer_index": 13.713680224819324,
    "upi": 0.48728518594265163,
    "us_allocation": 66
}