{
    "beta": 0.9227722862161863,
    "cagr": 0.06222516775385145,
    "end_val": 32245.491621482117,
    "max_drawdown": -0.6025120889016813,
    "mwrr": 0.06222516775385145,
    "sharpe": 0.23539686270612872,
    "sortino": 0.32574459793999666,
    "std": 0.19332031507895367,
    "ulcer_index": 16.530692970858457,
    "upi": 0.2752819097156159,
    "us_allocation": 18
}