{
    "beta": 0.9410059568520037,
    "cagr": 0.07053756496110952,
    "end_val": 37508.27945636555,
    "max_drawdown": -0.5916572308063135,
    "mwrr": 0.07053756496110952,
    "sharpe": 0.27845681169256703,
    "sortino": 0.38564916307080316,
    "std": 0.19145484743454932,
    "ulcer_index": 15.381937067334785,
    "upi": 0.34658431498121184,
    "us_allocation": 35
}