{
    "beta": 0.9814170465766011,
    "cagr": 0.0882585652086112,
    "end_val": 51572.30879421765,
    "max_drawdown": -0.5668109262421438,
    "mwrr": 0.0882585652086112,
    "sharpe": 0.36280666502753434,
    "sortino": 0.5039685991856825,
    "std": 0.1922527230602149,
    "ulcer_index": 13.408030316908519,
    "upi": 0.5202239285867823,
    "us_allocation": 73
}