{
    "beta": 0.9302917668769063,
    "cagr": 0.06567711541207699,
    "end_val": 34339.77825674939,
    "max_drawdown": -0.5980612520271184,
    "mwrr": 0.06567711541207699,
    "sharpe": 0.25343096126684794,
    "sortino": 0.35080797835250654,
    "std": 0.19238213232666185,
    "ulcer_index": 16.037702084136903,
    "upi": 0.3040009333685826,
    "us_allocation": 25
}