{
    "beta": 0.9548848913001665,
    "cagr": 0.07673256702698805,
    "end_val": 41949.77573634873,
    "max_drawdown": -0.5832498395067015,
    "mwrr": 0.07673256702698805,
    "sharpe": 0.30941961614457414,
    "sortino": 0.42888694404822963,
    "std": 0.19096837970341332,
    "ulcer_index": 14.620351097690744,
    "upi": 0.4041581117247604,
    "us_allocation": 48
}