{
    "beta": 0.9888088258049343,
    "cagr": 0.09139551776863031,
    "end_val": 54533.28215112959,
    "max_drawdown": -0.5626228478425416,
    "mwrr": 0.09139551776863031,
    "sharpe": 0.3761090497912517,
    "sortino": 0.522837041827102,
    "std": 0.19311584292861206,
    "ulcer_index": 13.167498342191733,
    "upi": 0.5516175132172428,
    "us_allocation": 80
}