{
    "beta": 0.9803597522997373,
    "cagr": 0.08780722147199493,
    "end_val": 51159.0478021926,
    "max_drawdown": -0.5674755261909366,
    "mwrr": 0.08780722147199493,
    "sharpe": 0.36084473683516494,
    "sortino": 0.5011922540181989,
    "std": 0.19214695702315032,
    "ulcer_index": 13.44929276032838,
    "upi": 0.5155391941809574,
    "us_allocation": 72
}