{
    "beta": 0.9259968819904553,
    "cagr": 0.06370960100028733,
    "end_val": 33130.79647769984,
    "max_drawdown": -0.6006077790183909,
    "mwrr": 0.06370960100028733,
    "sharpe": 0.24317236180857987,
    "sortino": 0.3365470324457978,
    "std": 0.19288899776913362,
    "ulcer_index": 16.316243882526276,
    "upi": 0.2874702690852061,
    "us_allocation": 21
}