{
    "beta": 0.9729493910470598,
    "cagr": 0.08462528435291605,
    "end_val": 48333.46817401433,
    "max_drawdown": -0.572111068745565,
    "mwrr": 0.08462528435291605,
    "sharpe": 0.3466905135408408,
    "sortino": 0.48120668644968956,
    "std": 0.19153142446846524,
    "ulcer_index": 13.759837136977225,
    "upi": 0.48258499513869146,
    "us_allocation": 65
}