{
    "beta": 0.9377951650286037,
    "cagr": 0.0690881509155119,
    "end_val": 36535.51713161381,
    "max_drawdown": -0.5935841388381242,
    "mwrr": 0.0690881509155119,
    "sharpe": 0.27104944284455507,
    "sortino": 0.3753278372495419,
    "std": 0.19168220714344056,
    "ulcer_index": 15.572275310830367,
    "upi": 0.33363610302052343,
    "us_allocation": 32
}