{
    "beta": 0.9687075809984713,
    "cagr": 0.08278928115057216,
    "end_val": 46771.10424716873,
    "max_drawdown": -0.5747469876361857,
    "mwrr": 0.08278928115057216,
    "sharpe": 0.33827967194464376,
    "sortino": 0.46936441284744396,
    "std": 0.19127899133916598,
    "ulcer_index": 13.949303389783875,
    "upi": 0.4638681194678345,
    "us_allocation": 61
}