{
    "beta": 0.9055253216882533,
    "cagr": 0.05417986312027834,
    "end_val": 27824.631960690083,
    "max_drawdown": -0.6125888814651843,
    "mwrr": 0.05417986312027834,
    "sharpe": 0.19298212590406633,
    "sortino": 0.26689897030937404,
    "std": 0.19636258904554274,
    "ulcer_index": 17.87432424144814,
    "upi": 0.21199824943927006,
    "us_allocation": 2
}