{
    "beta": 0.9249223429141374,
    "cagr": 0.06321562911945544,
    "end_val": 32833.667205704245,
    "max_drawdown": -0.6012430789832637,
    "mwrr": 0.06321562911945544,
    "sharpe": 0.24058796449234837,
    "sortino": 0.3329559322625057,
    "std": 0.19302789344876062,
    "ulcer_index": 16.387213755460333,
    "upi": 0.28338705475654924,
    "us_allocation": 20
}