{
    "beta": 1.0087908161389167,
    "cagr": 0.09971317591482909,
    "end_val": 63184.685910146756,
    "max_drawdown": -0.5533752937366779,
    "mwrr": 0.09971317591482909,
    "sharpe": 0.4083070157141148,
    "sortino": 0.5689073300556969,
    "std": 0.19650533650836483,
    "ulcer_index": 12.765525023595064,
    "upi": 0.6285465281086134,
    "us_allocation": 99
}