{
    "beta": 0.9324372411780284,
    "cagr": 0.06665585991653145,
    "end_val": 34956.660279420306,
    "max_drawdown": -0.59678477584042,
    "mwrr": 0.06665585991653145,
    "sharpe": 0.2585101214562341,
    "sortino": 0.35787284103448613,
    "std": 0.19215789163231647,
    "ulcer_index": 15.901903963657945,
    "upi": 0.31237761925225094,
    "us_allocation": 27
}