{
    "beta": 0.909844751154124,
    "cagr": 0.05621155507755082,
    "end_val": 28883.341865260074,
    "max_drawdown": -0.6100821061493745,
    "mwrr": 0.05621155507755082,
    "sharpe": 0.20371058177776252,
    "sortino": 0.28177277092799785,
    "std": 0.19548489332703423,
    "ulcer_index": 17.500944746386743,
    "upi": 0.2275372215911739,
    "us_allocation": 6
}