{
    "beta": 0.9152368619859693,
    "cagr": 0.05873203099641722,
    "end_val": 30249.895312551977,
    "max_drawdown": -0.6069370486355964,
    "mwrr": 0.05873203099641722,
    "sharpe": 0.21701493904107275,
    "sortino": 0.300227065316241,
    "std": 0.1944975413847677,
    "ulcer_index": 17.079229605032957,
    "upi": 0.24712917416548982,
    "us_allocation": 11
}