{
    "beta": 0.9538192757503904,
    "cagr": 0.07626095677909106,
    "end_val": 41594.84409357654,
    "max_drawdown": -0.5838999145764123,
    "mwrr": 0.07626095677909106,
    "sharpe": 0.3071083687440713,
    "sortino": 0.4256536775453853,
    "std": 0.1909772447822116,
    "ulcer_index": 14.676014305290499,
    "upi": 0.3996360235890065,
    "us_allocation": 47
}