{
    "beta": 0.9452823762255674,
    "cagr": 0.07245853800772517,
    "end_val": 38835.42269107468,
    "max_drawdown": -0.589080338122221,
    "mwrr": 0.07245853800772517,
    "sharpe": 0.28818756915274385,
    "sortino": 0.39922039899762735,
    "std": 0.19121912604699978,
    "ulcer_index": 15.138598476795242,
    "upi": 0.3640138191527192,
    "us_allocation": 39
}