{
    "beta": 0.963397825150388,
    "cagr": 0.0804760489988039,
    "end_val": 44870.77158582177,
    "max_drawdown": -0.5780287965416108,
    "mwrr": 0.0804760489988039,
    "sharpe": 0.3274483839270822,
    "sortino": 0.4541474093478241,
    "std": 0.1910665599421789,
    "ulcer_index": 14.196810974450583,
    "upi": 0.4406959365596961,
    "us_allocation": 56
}