{
    "beta": 0.9866985444412011,
    "cagr": 0.09050324979828206,
    "end_val": 53675.058087204525,
    "max_drawdown": -0.5636790205278194,
    "mwrr": 0.09050324979828206,
    "sharpe": 0.37238599128815486,
    "sortino": 0.5175480562942621,
    "std": 0.1928474703532058,
    "ulcer_index": 13.22304108643018,
    "upi": 0.5431064703345962,
    "us_allocation": 78
}