{
    "beta": 0.9356529847604504,
    "cagr": 0.06811772843117292,
    "end_val": 35897.65164233865,
    "max_drawdown": -0.5948660190387539,
    "mwrr": 0.06811772843117292,
    "sharpe": 0.26606184481790385,
    "sortino": 0.3683825480903149,
    "std": 0.19185794428671382,
    "ulcer_index": 15.702411828194077,
    "upi": 0.32507996068991935,
    "us_allocation": 30
}