{
    "beta": 0.933509485071899,
    "cagr": 0.06714398174614744,
    "end_val": 35268.227018312544,
    "max_drawdown": -0.5961457304363668,
    "mwrr": 0.06714398174614744,
    "sharpe": 0.26103648878667307,
    "sortino": 0.36138800155205836,
    "std": 0.1920530578776579,
    "ulcer_index": 15.834789057908848,
    "upi": 0.3165947641132616,
    "us_allocation": 28
}