{
    "beta": 0.9559501738944615,
    "cagr": 0.07720335907237308,
    "end_val": 42306.95536001789,
    "max_drawdown": -0.582599199660964,
    "mwrr": 0.07720335907237308,
    "sharpe": 0.3117183843920863,
    "sortino": 0.43210374287706393,
    "std": 0.190964234629203,
    "ulcer_index": 14.565547663217506,
    "upi": 0.40868410300194025,
    "us_allocation": 49
}