{
    "beta": 0.9612715906284343,
    "cagr": 0.07954506938018868,
    "end_val": 44126.83020056295,
    "max_drawdown": -0.5793374828633049,
    "mwrr": 0.07954506938018868,
    "sharpe": 0.3230200059608282,
    "sortino": 0.4479355438599774,
    "std": 0.19101397232781245,
    "ulcer_index": 14.299587191204699,
    "upi": 0.43149199154640255,
    "us_allocation": 54
}