{
    "beta": 0.9580797399683036,
    "cagr": 0.07814249121247108,
    "end_val": 43028.08802259703,
    "max_drawdown": -0.5812962204096099,
    "mwrr": 0.07814249121247108,
    "sharpe": 0.31627790014687807,
    "sortino": 0.43848741294866433,
    "std": 0.19097006673565908,
    "ulcer_index": 14.457804434236971,
    "upi": 0.4177654694988335,
    "us_allocation": 51
}