{
    "beta": 1.0045939157341024,
    "cagr": 0.09798590037582389,
    "end_val": 61287.4543704113,
    "max_drawdown": -0.555301761510506,
    "mwrr": 0.09798590037582389,
    "sharpe": 0.4020097720195986,
    "sortino": 0.5598437362393203,
    "std": 0.19566839265000605,
    "ulcer_index": 12.83932397345017,
    "upi": 0.6126733464963807,
    "us_allocation": 95
}