{
    "beta": 1.0014428098142554,
    "cagr": 0.09668212984319746,
    "end_val": 59891.31738659418,
    "max_drawdown": -0.556748984908795,
    "mwrr": 0.09668212984319746,
    "sharpe": 0.3971177371536781,
    "sortino": 0.5528222256089315,
    "std": 0.19508311672166204,
    "ulcer_index": 12.896807854536005,
    "upi": 0.6007168054835328,
    "us_allocation": 92
}