{
    "beta": 0.9993404346104436,
    "cagr": 0.09580898359943624,
    "end_val": 58973.23590944044,
    "max_drawdown": -0.5577149146189504,
    "mwrr": 0.09580898359943624,
    "sharpe": 0.39377598088932775,
    "sortino": 0.548034924052219,
    "std": 0.19471340952971894,
    "ulcer_index": 12.936064599156143,
    "upi": 0.592727934898696,
    "us_allocation": 90
}