{
    "beta": 0.9570151234686228,
    "cagr": 0.07767333358069495,
    "end_val": 42666.39034094994,
    "max_drawdown": -0.581947993732675,
    "mwrr": 0.07767333358069495,
    "sharpe": 0.3140045269949478,
    "sortino": 0.435303945634609,
    "std": 0.19096480018314424,
    "ulcer_index": 14.51142505261686,
    "upi": 0.41321834502302685,
    "us_allocation": 50
}