{
    "beta": 0.9216967694788558,
    "cagr": 0.061728676626444434,
    "end_val": 31954.429112257283,
    "max_drawdown": -0.6031458011580234,
    "mwrr": 0.061728676626444434,
    "sharpe": 0.23279055905018248,
    "sortino": 0.32212491477481087,
    "std": 0.1934738443143925,
    "ulcer_index": 16.605007020144658,
    "upi": 0.27123069413378476,
    "us_allocation": 17
}