{
    "beta": 0.919544761556541,
    "cagr": 0.06073316933323336,
    "end_val": 31378.314045066203,
    "max_drawdown": -0.6044116459856977,
    "mwrr": 0.06073316933323336,
    "sharpe": 0.2275574541582418,
    "sortino": 0.31485884677880754,
    "std": 0.19379554593711357,
    "ulcer_index": 16.760070540229293,
    "upi": 0.26311687862835625,
    "us_allocation": 15
}