{
    "beta": 0.9516870460953404,
    "cagr": 0.0753152789891911,
    "end_val": 40891.69508413983,
    "max_drawdown": -0.5851983755855108,
    "mwrr": 0.0753152789891911,
    "sharpe": 0.3024490356093823,
    "sortino": 0.4191385162064886,
    "std": 0.1910091711841699,
    "ulcer_index": 14.788855288029023,
    "upi": 0.39063460770091724,
    "us_allocation": 45
}