{
    "beta": 0.9527533273202233,
    "cagr": 0.07578852765828326,
    "end_val": 41242.15302299766,
    "max_drawdown": -0.5845494261709445,
    "mwrr": 0.07578852765828326,
    "sharpe": 0.30478479132259634,
    "sortino": 0.4224041514195692,
    "std": 0.1909908389873027,
    "ulcer_index": 14.732184220343141,
    "upi": 0.39512804318354805,
    "us_allocation": 46
}