{
    "beta": 1.0003917861882434,
    "cagr": 0.09624595362234789,
    "end_val": 59431.012590047234,
    "max_drawdown": -0.5572318390457832,
    "mwrr": 0.09624595362234789,
    "sharpe": 0.39545488963268793,
    "sortino": 0.5504391827148297,
    "std": 0.1948962035528178,
    "ulcer_index": 12.916339976070821,
    "upi": 0.5967241665872487,
    "us_allocation": 91
}