{
    "beta": 0.9463506518082124,
    "cagr": 0.07293671843058225,
    "end_val": 39172.63979700723,
    "max_drawdown": -0.58843473490013,
    "mwrr": 0.07293671843058225,
    "sharpe": 0.29059306895254605,
    "sortino": 0.40257755026273184,
    "std": 0.19117219423497647,
    "ulcer_index": 15.079141455477586,
    "upi": 0.36840934926200064,
    "us_allocation": 40
}