{
    "beta": 0.9665846780507995,
    "cagr": 0.08186642236267594,
    "end_val": 46003.99659695819,
    "max_drawdown": -0.5760614482393053,
    "mwrr": 0.08186642236267594,
    "sharpe": 0.3339888455887832,
    "sortino": 0.46333189944454967,
    "std": 0.19118019744172593,
    "ulcer_index": 14.04690432514886,
    "upi": 0.4545665692203506,
    "us_allocation": 59
}