{
    "beta": 0.9345813997004963,
    "cagr": 0.06763127099476818,
    "end_val": 35581.88816694947,
    "max_drawdown": -0.5955061452353793,
    "mwrr": 0.06763127099476818,
    "sharpe": 0.2635537929570096,
    "sortino": 0.36489131033058,
    "std": 0.19195307680168608,
    "ulcer_index": 15.768312193904563,
    "upi": 0.3208285506108592,
    "us_allocation": 29
}