{
    "beta": 1.003543874306243,
    "cagr": 0.09755210275586124,
    "end_val": 60819.53294635713,
    "max_drawdown": -0.5557839450986217,
    "mwrr": 0.09755210275586124,
    "sharpe": 0.4003951895061217,
    "sortino": 0.5575245435301929,
    "std": 0.1954692292322379,
    "ulcer_index": 12.85830109388512,
    "upi": 0.6086915142719376,
    "us_allocation": 94
}