{
    "beta": 0.9399360237174187,
    "cagr": 0.07005525524198375,
    "end_val": 37181.886375573864,
    "max_drawdown": -0.5923000801419195,
    "mwrr": 0.07005525524198375,
    "sharpe": 0.2759978019333305,
    "sortino": 0.3822219253781497,
    "std": 0.19152580819872328,
    "ulcer_index": 15.444406550159439,
    "upi": 0.34226076213064116,
    "us_allocation": 34
}