{
    "beta": 0.9856429074517272,
    "cagr": 0.09005591562137494,
    "end_val": 53249.627970177695,
    "max_drawdown": -0.5642071746721866,
    "mwrr": 0.09005591562137494,
    "sharpe": 0.3705010554256167,
    "sortino": 0.5148727790939154,
    "std": 0.19271978286660063,
    "ulcer_index": 13.252981214170067,
    "upi": 0.5387793122335044,
    "us_allocation": 77
}