{
    "beta": 0.9951317435378266,
    "cagr": 0.09405315593355112,
    "end_val": 57167.299920742946,
    "max_drawdown": -0.5596494106152844,
    "mwrr": 0.09405315593355112,
    "sharpe": 0.38690014592093147,
    "sortino": 0.5382066340645832,
    "std": 0.1940237762650686,
    "ulcer_index": 13.020521247267673,
    "upi": 0.5765498172254034,
    "us_allocation": 86
}