{
    "beta": 0.9431448295777816,
    "cagr": 0.07149970319512766,
    "end_val": 38167.52142440898,
    "max_drawdown": -0.590369886010845,
    "mwrr": 0.07149970319512766,
    "sharpe": 0.28334359750416743,
    "sortino": 0.392462834600732,
    "std": 0.19132737476181325,
    "ulcer_index": 15.259322073867358,
    "upi": 0.3552643430681532,
    "us_allocation": 37
}