{
    "beta": 0.987753850495445,
    "cagr": 0.09094978367203965,
    "end_val": 54102.9407704913,
    "max_drawdown": -0.5631509113623577,
    "mwrr": 0.09094978367203965,
    "sharpe": 0.37425534111916764,
    "sortino": 0.5202028437821931,
    "std": 0.1929794956723643,
    "ulcer_index": 13.195068402955593,
    "upi": 0.5473648004523886,
    "us_allocation": 79
}