{
    "beta": 0.9782441678184499,
    "cagr": 0.08690212278626164,
    "end_val": 50339.76358107122,
    "max_drawdown": -0.5688029342189884,
    "mwrr": 0.08690212278626164,
    "sharpe": 0.3568753919208484,
    "sortino": 0.495580017322865,
    "std": 0.1919487279702882,
    "ulcer_index": 13.534310837605862,
    "upi": 0.5061419540420217,
    "us_allocation": 70
}