{
    "beta": 0.9982887548142425,
    "cagr": 0.09537121929993986,
    "end_val": 58517.98186672598,
    "max_drawdown": -0.5581982105931814,
    "mwrr": 0.09537121929993986,
    "sharpe": 0.39208102931909455,
    "sortino": 0.5456094833232419,
    "std": 0.19453475231666081,
    "ulcer_index": 12.956426271563778,
    "upi": 0.5887080941164247,
    "us_allocation": 89
}