{
    "beta": 0.9313646683360071,
    "cagr": 0.06616690473172193,
    "end_val": 34647.1800119417,
    "max_drawdown": -0.5974232826411552,
    "mwrr": 0.06616690473172193,
    "sharpe": 0.25597488159975,
    "sortino": 0.35434607811355207,
    "std": 0.1922675819188624,
    "ulcer_index": 15.96954058761415,
    "upi": 0.30817964403308856,
    "us_allocation": 26
}