{
    "beta": 0.9442137687568268,
    "cagr": 0.07197953316789119,
    "end_val": 38500.38579163863,
    "max_drawdown": -0.5897253880754042,
    "mwrr": 0.07197953316789119,
    "sharpe": 0.28577102176970504,
    "sortino": 0.39584875523103585,
    "std": 0.19127085063116459,
    "ulcer_index": 15.19867654524565,
    "upi": 0.35963161275462785,
    "us_allocation": 38
}