{
    "beta": 0.9824740090717156,
    "cagr": 0.08870910594598591,
    "end_val": 51987.99095446772,
    "max_drawdown": -0.5661457270691089,
    "mwrr": 0.08870910594598591,
    "sharpe": 0.3647533303941756,
    "sortino": 0.5067249432499276,
    "std": 0.19236290375554085,
    "ulcer_index": 13.367206794832265,
    "upi": 0.5249135395688158,
    "us_allocation": 74
}