{
    "beta": 0.969768532900048,
    "cagr": 0.08324949534516657,
    "end_val": 47158.16631143405,
    "max_drawdown": -0.5740888847011096,
    "mwrr": 0.08324949534516657,
    "sharpe": 0.34040389584174513,
    "sortino": 0.4723530616573325,
    "std": 0.19133526280170665,
    "ulcer_index": 13.901330822060725,
    "upi": 0.4685299341272866,
    "us_allocation": 62
}