{
    "beta": 0.948486206670962,
    "cagr": 0.07389060886343568,
    "end_val": 39853.64518860795,
    "max_drawdown": -0.587141863617526,
    "mwrr": 0.07389060886343568,
    "sharpe": 0.2953702539700952,
    "sortino": 0.40924755917365635,
    "std": 0.1910926805084527,
    "ulcer_index": 14.961635350877563,
    "upi": 0.3772503504181281,
    "us_allocation": 42
}