{
    "beta": 0.9281449795026907,
    "cagr": 0.06469503122233355,
    "end_val": 33731.17834587344,
    "max_drawdown": -0.5993355832837514,
    "mwrr": 0.06469503122233355,
    "sharpe": 0.24831785403249113,
    "sortino": 0.34369872079259717,
    "std": 0.19262582654898824,
    "ulcer_index": 16.17587794342725,
    "upi": 0.29569681872962983,
    "us_allocation": 23
}