{
    "beta": 0.9087653701932189,
    "cagr": 0.05570491071535999,
    "end_val": 28615.811470608936,
    "max_drawdown": -0.6107095692650819,
    "mwrr": 0.05570491071535999,
    "sharpe": 0.20103493295677582,
    "sortino": 0.2780626450843837,
    "std": 0.1956970039101155,
    "ulcer_index": 17.590982736354015,
    "upi": 0.22364154499243658,
    "us_allocation": 5
}