{
    "beta": 0.906605654757673,
    "cagr": 0.054689065646152724,
    "end_val": 28086.46481148907,
    "max_drawdown": -0.6119629558416387,
    "mwrr": 0.054689065646152724,
    "sharpe": 0.19567050005164915,
    "sortino": 0.2706253865459698,
    "std": 0.19613585371896874,
    "ulcer_index": 17.77698962639923,
    "upi": 0.21587903327714553,
    "us_allocation": 3
}