{
    "beta": 0.9109238133721498,
    "cagr": 0.056717348527235645,
    "end_val": 29152.78801142187,
    "max_drawdown": -0.6094541283660778,
    "mwrr": 0.056717348527235645,
    "sharpe": 0.2063815785755346,
    "sortino": 0.2854768409648416,
    "std": 0.19527766118684328,
    "ulcer_index": 17.41166919157852,
    "upi": 0.23145710491923624,
    "us_allocation": 7
}