{
    "beta": 0.9930254236420012,
    "cagr": 0.09317046675020957,
    "end_val": 56279.35547232205,
    "max_drawdown": -0.5606179604571226,
    "mwrr": 0.09317046675020957,
    "sharpe": 0.3833664804119888,
    "sortino": 0.5331665932312998,
    "std": 0.19370412760335634,
    "ulcer_index": 13.066911705097866,
    "upi": 0.5683172621938183,
    "us_allocation": 84
}