{
    "beta": 0.9033637085053686,
    "cagr": 0.05315889349290348,
    "end_val": 27306.60568321234,
    "max_drawdown": -0.6138392027560163,
    "mwrr": 0.05315889349290348,
    "sharpe": 0.1875940849404197,
    "sortino": 0.25943206823148496,
    "std": 0.19683066915718553,
    "ulcer_index": 18.078495444205274,
    "upi": 0.20423734955632528,
    "us_allocation": 0
}