{
    "beta": 0.9602079735774426,
    "cagr": 0.07907835846393163,
    "end_val": 43758.30069382753,
    "max_drawdown": -0.5799909663015479,
    "mwrr": 0.07907835846393163,
    "sharpe": 0.3207857765420447,
    "sortino": 0.4448033825663273,
    "std": 0.19099466306259671,
    "ulcer_index": 14.351882041090297,
    "upi": 0.4269026473934213,
    "us_allocation": 53
}