{
    "beta": 0.9184682713514277,
    "cagr": 0.06023415149059841,
    "end_val": 31093.245194594943,
    "max_drawdown": -0.6050437808309188,
    "mwrr": 0.06023415149059841,
    "sharpe": 0.2249310581598262,
    "sortino": 0.31121295591656667,
    "std": 0.19396372009560547,
    "ulcer_index": 16.83878179978447,
    "upi": 0.2590888160252228,
    "us_allocation": 14
}