{
    "beta": 0.9845869393434852,
    "cagr": 0.08960778061094588,
    "end_val": 52826.64423798545,
    "max_drawdown": -0.5648135252080558,
    "mwrr": 0.08960778061094588,
    "sharpe": 0.3686005918203333,
    "sortino": 0.5121771173245073,
    "std": 0.1925964489360537,
    "ulcer_index": 13.288107987766047,
    "upi": 0.5342562412556053,
    "us_allocation": 76
}