{
    "beta": 0.9644604426209759,
    "cagr": 0.08094031896871212,
    "end_val": 45246.197768381506,
    "max_drawdown": -0.5773735909698465,
    "mwrr": 0.08094031896871212,
    "sharpe": 0.3296422757939658,
    "sortino": 0.45722682506573614,
    "std": 0.19109981631355408,
    "ulcer_index": 14.146419152075882,
    "upi": 0.44530674658204517,
    "us_allocation": 57
}