{
    "beta": 0.9173914576642709,
    "cagr": 0.059734289723124556,
    "end_val": 30810.157913087787,
    "max_drawdown": -0.6056753921383801,
    "mwrr": 0.059734289723124556,
    "sharpe": 0.22229837092538382,
    "sortino": 0.3075588380618048,
    "std": 0.19413677725213818,
    "ulcer_index": 16.91813941790649,
    "upi": 0.25508247001107076,
    "us_allocation": 13
}