{
    "beta": 0.9793021260936607,
    "cagr": 0.0873550741835658,
    "end_val": 50748.20155461075,
    "max_drawdown": -0.568139528367903,
    "mwrr": 0.0873550741835658,
    "sharpe": 0.358867620006967,
    "sortino": 0.49839602348609324,
    "std": 0.19204562045425896,
    "ulcer_index": 13.491009879618014,
    "upi": 0.5108591406624768,
    "us_allocation": 71
}