{
    "beta": 0.9750682992935927,
    "cagr": 0.08553843830275709,
    "end_val": 49128.83391432403,
    "max_drawdown": -0.5707895881800367,
    "mwrr": 0.08553843830275709,
    "sharpe": 0.35080886164357883,
    "sortino": 0.48701419879757635,
    "std": 0.19168485822742098,
    "ulcer_index": 13.668203805909021,
    "upi": 0.4919858858045805,
    "us_allocation": 67
}