{
    "beta": 0.9388657596971602,
    "cagr": 0.06957211747413838,
    "end_val": 36857.634868126064,
    "max_drawdown": -0.5929423824109954,
    "mwrr": 0.06957211747413838,
    "sharpe": 0.2735286187440771,
    "sortino": 0.3787814022870779,
    "std": 0.19160159295299573,
    "ulcer_index": 15.508053350996626,
    "upi": 0.3379400804309069,
    "us_allocation": 33
}