{
    "beta": 0.9771858773417831,
    "cagr": 0.08644836671851297,
    "end_val": 49933.72736517033,
    "max_drawdown": -0.5694657451836972,
    "mwrr": 0.08644836671851297,
    "sharpe": 0.35486813313963056,
    "sortino": 0.4927443255761743,
    "std": 0.19185629399144277,
    "ulcer_index": 13.578527773209533,
    "upi": 0.5014142893740499,
    "us_allocation": 69
}