{
    "beta": 0.9206209277650391,
    "cagr": 0.061231344098086726,
    "end_val": 31665.37263300841,
    "max_drawdown": -0.6037789864729168,
    "mwrr": 0.061231344098086726,
    "sharpe": 0.23017735543270554,
    "sortino": 0.3184962428220466,
    "std": 0.19363225426363495,
    "ulcer_index": 16.682097349771414,
    "upi": 0.26716504099858157,
    "us_allocation": 16
}