{
    "beta": 0.9238474775112646,
    "cagr": 0.06272081831013998,
    "end_val": 32538.568283686145,
    "max_drawdown": -0.6018778485597518,
    "mwrr": 0.06272081831013998,
    "sharpe": 0.23799606479694008,
    "sortino": 0.3293550267068223,
    "std": 0.1931716652954277,
    "ulcer_index": 16.458688797475954,
    "upi": 0.27932437010276406,
    "us_allocation": 19
}