{
    "beta": 0.9835306399399495,
    "cagr": 0.0891588442322171,
    "end_val": 52406.10065949132,
    "max_drawdown": -0.5654799272129044,
    "mwrr": 0.0891588442322171,
    "sharpe": 0.3666846619310256,
    "sortino": 0.5094611492557956,
    "std": 0.19247748410946697,
    "ulcer_index": 13.32737974568582,
    "upi": 0.5295854641176124,
    "us_allocation": 75
}