{
    "beta": 1.0024935057608804,
    "cagr": 0.09711751273231695,
    "end_val": 60354.155718588154,
    "max_drawdown": -0.55626635324606,
    "mwrr": 0.09711751273231695,
    "sharpe": 0.3987645079744664,
    "sortino": 0.5551840228076174,
    "std": 0.1952741312497365,
    "ulcer_index": 12.877459586180919,
    "upi": 0.6047060732989027,
    "us_allocation": 93
}