{
    "beta": 0.9898634705669738,
    "cagr": 0.09184045260966167,
    "end_val": 54966.08830925133,
    "max_drawdown": -0.5620948306372667,
    "mwrr": 0.09184045260966167,
    "sharpe": 0.37794706532934585,
    "sortino": 0.5254505585100053,
    "std": 0.1932564960581993,
    "ulcer_index": 13.140244489901777,
    "upi": 0.5558678493826976,
    "us_allocation": 81
}