{
    "beta": 0.9076856711634075,
    "cagr": 0.05519741454035332,
    "end_val": 28350.188548843293,
    "max_drawdown": -0.6113365188013058,
    "mwrr": 0.05519741454035332,
    "sharpe": 0.19835483735403964,
    "sortino": 0.2743467454541358,
    "std": 0.1959139913205005,
    "ulcer_index": 17.681765898240425,
    "upi": 0.21977041122437863,
    "us_allocation": 4
}