{
    "beta": 0.943612811016929,
    "cagr": 0.06632904980463938,
    "end_val": 32572.23539798186,
    "max_drawdown": -0.5916572308063134,
    "mwrr": 0.06632904980463938,
    "sharpe": 0.25741203099923143,
    "sortino": 0.35598720547372387,
    "std": 0.1952797256760282,
    "ulcer_index": 15.782766511572683,
    "upi": 0.3184950581828798,
    "us_allocation": 35
}