{
    "beta": 0.9569904271570917,
    "cagr": 0.07358689706876342,
    "end_val": 36899.1325364125,
    "max_drawdown": -0.5832498395067025,
    "mwrr": 0.07358689706876342,
    "sharpe": 0.29289786213905,
    "sortino": 0.4054767177660593,
    "std": 0.19480709116300457,
    "ulcer_index": 15.001138942666403,
    "upi": 0.3803643351307481,
    "us_allocation": 48
}