{
    "beta": 0.9703057379663864,
    "cagr": 0.08072042072058716,
    "end_val": 41677.455131310766,
    "max_drawdown": -0.5747469876361857,
    "mwrr": 0.08072042072058716,
    "sharpe": 0.32641075112942036,
    "sortino": 0.4524225883967401,
    "std": 0.19511902559737132,
    "ulcer_index": 14.312248069814904,
    "upi": 0.44500252398703793,
    "us_allocation": 61
}