{
    "beta": 0.9651918519140975,
    "cagr": 0.07799137406567236,
    "end_val": 39784.18779950427,
    "max_drawdown": -0.5780287965416107,
    "mwrr": 0.07799137406567236,
    "sharpe": 0.3137770876795075,
    "sortino": 0.4346957791296777,
    "std": 0.19490769121396637,
    "ulcer_index": 14.566438389606871,
    "upi": 0.4198574494440635,
    "us_allocation": 56
}