{
    "beta": 0.9977612884324816,
    "cagr": 0.09514520035474083,
    "end_val": 53184.15273659473,
    "max_drawdown": -0.5586817259363115,
    "mwrr": 0.09514520035474083,
    "sharpe": 0.38840014898664926,
    "sortino": 0.540089318013513,
    "std": 0.19815598553542946,
    "ulcer_index": 13.312765575775646,
    "upi": 0.5781370365079372,
    "us_allocation": 88
}