{
    "beta": 0.9497948180415894,
    "cagr": 0.06969437292006408,
    "end_val": 34515.18347799486,
    "max_drawdown": -0.5877885771525645,
    "mwrr": 0.06969437292006408,
    "sharpe": 0.2740115198875435,
    "sortino": 0.3791133111505849,
    "std": 0.19496273039964734,
    "ulcer_index": 15.411456112509256,
    "upi": 0.3466395133308502,
    "us_allocation": 41
}