{
    "beta": 0.9692836997876398,
    "cagr": 0.08017606772434926,
    "end_val": 41293.139346980635,
    "max_drawdown": -0.5754045083565651,
    "mwrr": 0.08017606772434926,
    "sharpe": 0.3239107566560965,
    "sortino": 0.4489115499882421,
    "std": 0.19506771923262925,
    "ulcer_index": 14.362063744608491,
    "upi": 0.43994657354533684,
    "us_allocation": 60
}