{
    "beta": 0.9218724226362455,
    "cagr": 0.054338077938552054,
    "end_val": 26456.999757488455,
    "max_drawdown": -0.6050437808309183,
    "mwrr": 0.054338077938552054,
    "sharpe": 0.19694724102521655,
    "sortino": 0.27202395768011295,
    "std": 0.19774587627086818,
    "ulcer_index": 17.27796664589654,
    "upi": 0.2254028804709389,
    "us_allocation": 14
}