{
    "beta": 0.991683255682882,
    "cagr": 0.09198487876354178,
    "end_val": 50431.81365784803,
    "max_drawdown": -0.5615873673095946,
    "mwrr": 0.09198487876354178,
    "sharpe": 0.375586110496728,
    "sortino": 0.5218579010641601,
    "std": 0.19721287697545953,
    "ulcer_index": 13.45429135203392,
    "upi": 0.5505479357361996,
    "us_allocation": 82
}