{
    "beta": 0.9467054663506498,
    "cagr": 0.0680150539625215,
    "end_val": 33532.33368360884,
    "max_drawdown": -0.5897253880754046,
    "mwrr": 0.0680150539625215,
    "sharpe": 0.2657564754089753,
    "sortino": 0.36760767846495107,
    "std": 0.19509991898604415,
    "ulcer_index": 15.594687478574961,
    "upi": 0.3324794779387677,
    "us_allocation": 38
}