{
    "beta": 0.9353496335529514,
    "cagr": 0.06180019973748485,
    "end_val": 30120.320150036074,
    "max_drawdown": -0.5967847758404194,
    "mwrr": 0.06180019973748485,
    "sharpe": 0.23476280308024275,
    "sortino": 0.3244917131697835,
    "std": 0.19596901726537327,
    "ulcer_index": 16.316413425069037,
    "upi": 0.2819615349218609,
    "us_allocation": 27
}