{
    "beta": 0.9784687424234148,
    "cagr": 0.08504913034315287,
    "end_val": 44856.20886113951,
    "max_drawdown": -0.5694657451836976,
    "mwrr": 0.08504913034315287,
    "sharpe": 0.34590944596477735,
    "sortino": 0.4798652494983121,
    "std": 0.19569013171557334,
    "ulcer_index": 13.931251230530398,
    "upi": 0.48590279789115537,
    "us_allocation": 69
}