{
    "beta": 0.9733696353982979,
    "cagr": 0.08234912101406167,
    "end_val": 42847.62546446045,
    "max_drawdown": -0.5727709266481504,
    "mwrr": 0.08234912101406167,
    "sharpe": 0.3338284110049138,
    "sortino": 0.4628497246291129,
    "std": 0.19529985642011322,
    "ulcer_index": 14.165608489663313,
    "upi": 0.4602533586684642,
    "us_allocation": 64
}