{
    "beta": 0.9600687302254391,
    "cagr": 0.07524407384282394,
    "end_val": 37960.59902869201,
    "max_drawdown": -0.5812962204096102,
    "mwrr": 0.07524407384282394,
    "sharpe": 0.3008197940462392,
    "sortino": 0.41655270593596794,
    "std": 0.19481026732359755,
    "ulcer_index": 14.834310919041032,
    "upi": 0.39505237451737674,
    "us_allocation": 51
}