{
    "beta": 0.9947239240374862,
    "cagr": 0.09356824665323638,
    "end_val": 51793.48947242646,
    "max_drawdown": -0.5601335779014459,
    "mwrr": 0.09356824665323638,
    "sharpe": 0.38206443753928515,
    "sortino": 0.5310664470081886,
    "std": 0.19766585840957607,
    "ulcer_index": 13.381248741411936,
    "upi": 0.5643954115298351,
    "us_allocation": 85
}