{
    "beta": 0.9825413821336837,
    "cagr": 0.08719614016461352,
    "end_val": 46516.61765307632,
    "max_drawdown": -0.5668109262421438,
    "mwrr": 0.08719614016461352,
    "sharpe": 0.35531265469833995,
    "sortino": 0.4931392330966555,
    "std": 0.19608132964839955,
    "ulcer_index": 13.75603110836752,
    "upi": 0.506480683766376,
    "us_allocation": 73
}