{
    "beta": 0.9723487057568925,
    "cagr": 0.08180694672866129,
    "end_val": 42454.68339735249,
    "max_drawdown": -0.5734301981681883,
    "mwrr": 0.08180694672866129,
    "sharpe": 0.3313697048761375,
    "sortino": 0.4593918531000658,
    "std": 0.19523510747604164,
    "ulcer_index": 14.21407490894488,
    "upi": 0.45515451740556057,
    "us_allocation": 63
}