{
    "beta": 0.9528808603192205,
    "cagr": 0.07136702660926275,
    "end_val": 35521.16754606953,
    "max_drawdown": -0.5858467641097083,
    "mwrr": 0.07136702660926275,
    "sharpe": 0.2821721639788777,
    "sortino": 0.39049769191912514,
    "std": 0.1948679405121931,
    "ulcer_index": 15.232722940695572,
    "upi": 0.3609766303625203,
    "us_allocation": 44
}