{
    "beta": 0.9322449304886171,
    "cagr": 0.060089506323488306,
    "end_val": 29240.411936654193,
    "max_drawdown": -0.5986986851818188,
    "mwrr": 0.060089506323488306,
    "sharpe": 0.2261357491596137,
    "sortino": 0.31251065376446674,
    "std": 0.19630664196815073,
    "ulcer_index": 16.52639634266813,
    "upi": 0.2686106273713331,
    "us_allocation": 24
}