{
    "beta": 0.9672385148546814,
    "cagr": 0.07908517853134689,
    "end_val": 40533.03068692236,
    "max_drawdown": -0.5767178086554061,
    "mwrr": 0.07908517853134689,
    "sharpe": 0.3188703878812406,
    "sortino": 0.44183763544018023,
    "std": 0.19497864052507038,
    "ulcer_index": 14.46341525826884,
    "upi": 0.42986877264658846,
    "us_allocation": 58
}