{
    "beta": 0.941549208728326,
    "cagr": 0.06520132301429404,
    "end_val": 31944.621750382998,
    "max_drawdown": -0.5929423824109956,
    "mwrr": 0.06520132301429404,
    "sharpe": 0.2518019433985511,
    "sortino": 0.34817992295840533,
    "std": 0.1954233727961276,
    "ulcer_index": 15.912200174914567,
    "upi": 0.3092464243280644,
    "us_allocation": 33
}