{
    "beta": 0.9580168971456465,
    "cagr": 0.07414002397862052,
    "end_val": 37250.264671791694,
    "max_drawdown": -0.5825991996609637,
    "mwrr": 0.07414002397862052,
    "sharpe": 0.2955504338858998,
    "sortino": 0.4091841014823369,
    "std": 0.1948035179795134,
    "ulcer_index": 14.94489205793096,
    "upi": 0.38524669440580234,
    "us_allocation": 49
}