{
    "beta": 0.9518525475897931,
    "cagr": 0.0708102147503118,
    "end_val": 35183.2453170098,
    "max_drawdown": -0.5864945930275572,
    "mwrr": 0.0708102147503118,
    "sharpe": 0.2794627398825688,
    "sortino": 0.3867167724875388,
    "std": 0.19489484053821352,
    "ulcer_index": 15.291831231048482,
    "upi": 0.35617757732111816,
    "us_allocation": 43
}