{
    "beta": 1.0007953541176435,
    "cagr": 0.09671575437393187,
    "end_val": 54604.21432277396,
    "max_drawdown": -0.5572318390457837,
    "mwrr": 0.09671575437393187,
    "sharpe": 0.3945919022717729,
    "sortino": 0.548923968435756,
    "std": 0.19868278984734858,
    "ulcer_index": 13.250310140813513,
    "upi": 0.591691744346535,
    "us_allocation": 91
}