{
    "beta": 0.9281002525025157,
    "cagr": 0.05779802593550354,
    "end_val": 28099.805219138245,
    "max_drawdown": -0.6012430789832635,
    "mwrr": 0.05779802593550354,
    "sharpe": 0.21453410772015352,
    "sortino": 0.2964096581963403,
    "std": 0.19682429957010172,
    "ulcer_index": 16.814492647421137,
    "upi": 0.25112356608820435,
    "us_allocation": 20
}