{
    "beta": 0.9987730099106734,
    "cagr": 0.09566942872960071,
    "end_val": 53654.21980260408,
    "max_drawdown": -0.5581982105931823,
    "mwrr": 0.09566942872960071,
    "sharpe": 0.39048012122005193,
    "sortino": 0.5430552267166106,
    "std": 0.19832753515038412,
    "ulcer_index": 13.291586614628697,
    "upi": 0.5826635183506962,
    "us_allocation": 89
}