{
    "beta": 0.999784365068191,
    "cagr": 0.09619294656075561,
    "end_val": 54127.56858144819,
    "max_drawdown": -0.5577149146189506,
    "mwrr": 0.09619294656075561,
    "sharpe": 0.3925440524917992,
    "sortino": 0.546000135304131,
    "std": 0.1985031424911792,
    "ulcer_index": 13.270621929186696,
    "upi": 0.5871883550759909,
    "us_allocation": 90
}