{
    "beta": 0.9866081203235648,
    "cagr": 0.08933163813204881,
    "end_val": 48225.657734152584,
    "max_drawdown": -0.5642071746721867,
    "mwrr": 0.08933163813204881,
    "sharpe": 0.3644764207107064,
    "sortino": 0.5061027765206204,
    "std": 0.19654169285167783,
    "ulcer_index": 13.596636789358104,
    "upi": 0.5268690363375234,
    "us_allocation": 77
}