{
    "beta": 0.9166727255806428,
    "cagr": 0.05143383723280759,
    "end_val": 25148.584408118855,
    "max_drawdown": -0.608196624421584,
    "mwrr": 0.05143383723280759,
    "sharpe": 0.1821519964894021,
    "sortino": 0.25152666565287585,
    "std": 0.19864719899894487,
    "ulcer_index": 17.6933736317891,
    "upi": 0.2045028354685039,
    "us_allocation": 9
}