{
    "beta": 0.9114641661401149,
    "cagr": 0.04851043313782566,
    "end_val": 23893.491633119407,
    "max_drawdown": -0.6113365188013067,
    "mwrr": 0.04851043313782566,
    "sharpe": 0.1672587367833174,
    "sortino": 0.23090743420549456,
    "std": 0.19966991676891485,
    "ulcer_index": 18.143251778995733,
    "upi": 0.1840682133729781,
    "us_allocation": 4
}