{
    "beta": 0.913548647985263,
    "cagr": 0.04968210157404118,
    "end_val": 24389.23444032206,
    "max_drawdown": -0.6100821061493751,
    "mwrr": 0.04968210157404118,
    "sharpe": 0.17322607193044876,
    "sortino": 0.23916746322448215,
    "std": 0.19924625819428293,
    "ulcer_index": 17.957635518726995,
    "upi": 0.19219726391790615,
    "us_allocation": 6
}