{
    "beta": 0.9187536724699947,
    "cagr": 0.05259782687784664,
    "end_val": 25665.460134739067,
    "max_drawdown": -0.6069370486355959,
    "mwrr": 0.05259782687784664,
    "sharpe": 0.18808337113629484,
    "sortino": 0.25974218707516994,
    "std": 0.1982721080360032,
    "ulcer_index": 17.524765158146874,
    "upi": 0.21279130467822907,
    "us_allocation": 11
}