{
    "beta": 1.0038261268310613,
    "cagr": 0.09827992290584464,
    "end_val": 56054.08595689861,
    "max_drawdown": -0.5557839450986217,
    "mwrr": 0.09827992290584464,
    "sharpe": 0.40063860251821337,
    "sortino": 0.557568531106134,
    "std": 0.19924579326206526,
    "ulcer_index": 13.190532478440545,
    "upi": 0.6051922949433911,
    "us_allocation": 94
}