{
    "beta": 0.995736745693468,
    "cagr": 0.09409460985187224,
    "end_val": 52253.802795066134,
    "max_drawdown": -0.5596494106152847,
    "mwrr": 0.09409460985187224,
    "sharpe": 0.38419225897708953,
    "sortino": 0.5340948372558245,
    "std": 0.19782512974834807,
    "ulcer_index": 13.357544937135499,
    "upi": 0.5690042161348807,
    "us_allocation": 86
}