{
    "beta": 0.9260257469775699,
    "cagr": 0.05664774698426944,
    "end_val": 27543.23052269523,
    "max_drawdown": -0.6025120889016813,
    "mwrr": 0.05664774698426944,
    "sharpe": 0.20869469800615056,
    "sortino": 0.2883100384742941,
    "std": 0.19711212216163607,
    "ulcer_index": 16.961747421352204,
    "upi": 0.2425212822859674,
    "us_allocation": 18
}