{
    "beta": 0.9363838075594272,
    "cagr": 0.062368927223641846,
    "end_val": 30418.353587862508,
    "max_drawdown": -0.5961457304363663,
    "mwrr": 0.062368927223641846,
    "sharpe": 0.2376232464531648,
    "sortino": 0.3284659667653891,
    "std": 0.1958660935918172,
    "ulcer_index": 16.247532551724323,
    "upi": 0.28645663174301034,
    "us_allocation": 28
}