{
    "beta": 0.9805058003657744,
    "cagr": 0.08612407660711052,
    "end_val": 45680.39438332505,
    "max_drawdown": -0.5681395283679034,
    "mwrr": 0.08612407660711052,
    "sharpe": 0.3506406051541278,
    "sortino": 0.4865404579949054,
    "std": 0.1958770239403155,
    "ulcer_index": 13.841310905856243,
    "upi": 0.49622327311759085,
    "us_allocation": 71
}