{
    "beta": 0.9456749479980939,
    "cagr": 0.06745379637200477,
    "end_val": 33209.791804519955,
    "max_drawdown": -0.5903698860108444,
    "mwrr": 0.06745379637200477,
    "sharpe": 0.2629846755938796,
    "sortino": 0.3637466036872036,
    "std": 0.19515510894613572,
    "ulcer_index": 15.656927942887924,
    "upi": 0.32779637167314873,
    "us_allocation": 37
}