{
    "beta": 0.9394841433816923,
    "cagr": 0.06407060988348512,
    "end_val": 31326.838871404354,
    "max_drawdown": -0.5942253506426605,
    "mwrr": 0.06407060988348512,
    "sharpe": 0.24615597786718116,
    "sortino": 0.3403268458811116,
    "std": 0.1955861043847051,
    "ulcer_index": 16.04460699133252,
    "upi": 0.30006693737081797,
    "us_allocation": 31
}