{
    "beta": 0.9815237757265681,
    "cagr": 0.08666046842517727,
    "end_val": 46096.99380654186,
    "max_drawdown": -0.567475526190936,
    "mwrr": 0.08666046842517727,
    "sharpe": 0.3529840675539002,
    "sortino": 0.4898494685683213,
    "std": 0.1959770076360373,
    "ulcer_index": 13.798437948041451,
    "upi": 0.5013478815994578,
    "us_allocation": 72
}