{
    "beta": 0.9896543055507483,
    "cagr": 0.0909257294268424,
    "end_val": 49539.93146061069,
    "max_drawdown": -0.5626228478425414,
    "mwrr": 0.0909257294268424,
    "sharpe": 0.37118877177264054,
    "sortino": 0.5156166078088202,
    "std": 0.19693175249809822,
    "ulcer_index": 13.508732324647879,
    "upi": 0.5411363467359687,
    "us_allocation": 80
}