{
    "beta": 0.9249879542706408,
    "cagr": 0.056071469890671466,
    "end_val": 27268.32810547321,
    "max_drawdown": -0.6031458011580232,
    "mwrr": 0.056071469890671466,
    "sharpe": 0.20576609154384404,
    "sortino": 0.2842489551222658,
    "std": 0.19726329315997024,
    "ulcer_index": 17.03801980794822,
    "upi": 0.2382299885731716,
    "us_allocation": 17
}