{
    "beta": 0.9384510628209998,
    "cagr": 0.0635041315072622,
    "end_val": 31021.599119593695,
    "max_drawdown": -0.5948660190387539,
    "mwrr": 0.0635041315072622,
    "sharpe": 0.24332003723667944,
    "sortino": 0.3363837898418897,
    "std": 0.19567464265990597,
    "ulcer_index": 16.111672380030882,
    "upi": 0.29550878847229384,
    "us_allocation": 30
}