{
    "beta": 0.9239498022859679,
    "cagr": 0.05549443325536507,
    "end_val": 26995.66441468476,
    "max_drawdown": -0.6037789864729173,
    "mwrr": 0.05549443325536507,
    "sharpe": 0.20283183648175493,
    "sortino": 0.2801807306424016,
    "std": 0.19741930759890192,
    "ulcer_index": 17.117145012086947,
    "upi": 0.23393200471870032,
    "us_allocation": 16
}