{
    "beta": 0.9713274066193023,
    "cagr": 0.08126404684238375,
    "end_val": 42064.63155436161,
    "max_drawdown": -0.5740888847011097,
    "mwrr": 0.08126404684238375,
    "sharpe": 0.3288971098971404,
    "sortino": 0.45591608924566157,
    "std": 0.19517482607268996,
    "ulcer_index": 14.262956441416286,
    "upi": 0.45007076222311376,
    "us_allocation": 62
}