{
    "beta": 0.9425811929002539,
    "cagr": 0.06576555931785211,
    "end_val": 32257.192741167702,
    "max_drawdown": -0.5923000801419198,
    "mwrr": 0.06576555931785211,
    "sharpe": 0.25461157040070587,
    "sortino": 0.3520894209153058,
    "std": 0.19534916696369406,
    "ulcer_index": 15.846878746361277,
    "upi": 0.3138669226530947,
    "us_allocation": 34
}