{
    "beta": 0.9590429982028359,
    "cagr": 0.07469241600603582,
    "end_val": 37604.08201120394,
    "max_drawdown": -0.5819479937326748,
    "mwrr": 0.07469241600603582,
    "sharpe": 0.29819113182439866,
    "sortino": 0.4128761520354072,
    "std": 0.19480458021129526,
    "ulcer_index": 14.889343985771166,
    "upi": 0.3901412563563203,
    "us_allocation": 50
}