{
    "beta": 0.9549363808507046,
    "cagr": 0.07247843581174318,
    "end_val": 36204.866122521635,
    "max_drawdown": -0.5845494261709453,
    "mwrr": 0.07247843581174318,
    "sharpe": 0.2875577576263816,
    "sortino": 0.3980166668777336,
    "std": 0.1948281847420504,
    "ulcer_index": 15.115917814166181,
    "upi": 0.37063370655878203,
    "us_allocation": 46
}