{
    "beta": 0.9374176174334581,
    "cagr": 0.06293690421627418,
    "end_val": 30718.77530718568,
    "max_drawdown": -0.5955061452353798,
    "mwrr": 0.06293690421627418,
    "sharpe": 0.24047572586480573,
    "sortino": 0.33243007334988806,
    "std": 0.19576797051776187,
    "ulcer_index": 16.179306612401913,
    "upi": 0.2909720891980743,
    "us_allocation": 29
}