{
    "beta": 0.9906689645169994,
    "cagr": 0.0914556615393971,
    "end_val": 49984.292499068084,
    "max_drawdown": -0.5620948306372661,
    "mwrr": 0.0914556615393971,
    "sharpe": 0.3733952440393434,
    "sortino": 0.5187474448655794,
    "std": 0.19707021724810117,
    "ulcer_index": 13.480703081995935,
    "upi": 0.5458686898989203,
    "us_allocation": 81
}