{
    "beta": 0.9312093037732537,
    "cagr": 0.05951776884349269,
    "end_val": 28951.7942135874,
    "max_drawdown": -0.5993355832837506,
    "mwrr": 0.05951776884349269,
    "sharpe": 0.22324551580464833,
    "sortino": 0.3084983969553533,
    "std": 0.19642881687837413,
    "ulcer_index": 16.597595789918415,
    "upi": 0.26420416310577327,
    "us_allocation": 23
}