{
    "beta": 1.002816234771984,
    "cagr": 0.09775924203023778,
    "end_val": 55567.457738266465,
    "max_drawdown": -0.5562663532460594,
    "mwrr": 0.09775924203023778,
    "sharpe": 0.3986392103106841,
    "sortino": 0.5547082119522112,
    "std": 0.19905413321313467,
    "ulcer_index": 13.210266599306348,
    "upi": 0.6006938528157697,
    "us_allocation": 93
}