{
    "beta": 0.9208331960889206,
    "cagr": 0.05375875753311132,
    "end_val": 26190.972159385125,
    "max_drawdown": -0.6056753921383796,
    "mwrr": 0.05375875753311132,
    "sharpe": 0.19399733187793142,
    "sortino": 0.26793595377471274,
    "std": 0.19791643464330688,
    "ulcer_index": 17.35941999546522,
    "upi": 0.22117545431844723,
    "us_allocation": 13
}