{
    "beta": 0.933280194628421,
    "cagr": 0.06066049009190788,
    "end_val": 29531.3630479013,
    "max_drawdown": -0.5980612520271184,
    "mwrr": 0.06066049009190788,
    "sharpe": 0.2290188472289971,
    "sortino": 0.3165138022660753,
    "std": 0.1961892866945143,
    "ulcer_index": 16.455784196976936,
    "upi": 0.273039392166911,
    "us_allocation": 25
}