{
    "beta": 0.9539088047916854,
    "cagr": 0.07192310005816238,
    "end_val": 35861.70303796315,
    "max_drawdown": -0.5851983755855106,
    "mwrr": 0.07192310005816238,
    "sharpe": 0.2848705613084179,
    "sortino": 0.39426441687214714,
    "std": 0.19484572502932881,
    "ulcer_index": 15.174081545215277,
    "upi": 0.36579549566880154,
    "us_allocation": 45
}