{
    "beta": 0.9835586196864885,
    "cagr": 0.08773109241827393,
    "end_val": 46939.2809326183,
    "max_drawdown": -0.5661457270691088,
    "mwrr": 0.08773109241827393,
    "sharpe": 0.35762627270441166,
    "sortino": 0.496409594831907,
    "std": 0.19618997470421112,
    "ulcer_index": 13.714073797741804,
    "upi": 0.511621863980693,
    "us_allocation": 74
}