{
    "beta": 0.9291369643323778,
    "cagr": 0.058372029474520915,
    "end_val": 28381.504433741662,
    "max_drawdown": -0.6006077790183912,
    "mwrr": 0.058372029474520915,
    "sharpe": 0.2174444837956867,
    "sortino": 0.3004476171196987,
    "std": 0.19668764191214563,
    "ulcer_index": 16.74165526429414,
    "upi": 0.2554603410231021,
    "us_allocation": 21
}