{
    "beta": 0.9743901955711995,
    "cagr": 0.08289057032896596,
    "end_val": 43243.47258239642,
    "max_drawdown": -0.5721110687455655,
    "mwrr": 0.08289057032896596,
    "sharpe": 0.33627310626570883,
    "sortino": 0.4662895735163698,
    "std": 0.19536905931559428,
    "ulcer_index": 14.117566682110446,
    "upi": 0.4653666915222231,
    "us_allocation": 65
}