{
    "beta": 0.9177133766182087,
    "cagr": 0.05201621487158259,
    "end_val": 25405.949309333962,
    "max_drawdown": -0.6075670960613981,
    "mwrr": 0.05201621487158259,
    "sharpe": 0.1851197523001674,
    "sortino": 0.2556370022912637,
    "std": 0.1984572257839671,
    "ulcer_index": 17.60859244777848,
    "upi": 0.20863581599244496,
    "us_allocation": 10
}