{
    "beta": 1.008870114032158,
    "cagr": 0.10087271806980658,
    "end_val": 58537.903732441024,
    "max_drawdown": -0.553375293736677,
    "mwrr": 0.10087271806980658,
    "sharpe": 0.41039188894617756,
    "sortino": 0.5715502591412356,
    "std": 0.20026324909978094,
    "ulcer_index": 13.094923268721823,
    "upi": 0.6276417915462256,
    "us_allocation": 99
}