{
    "beta": 0.9682612920813516,
    "cagr": 0.07963098721044903,
    "end_val": 40911.66944353214,
    "max_drawdown": -0.5760614482393047,
    "mwrr": 0.07963098721044903,
    "sharpe": 0.3213972575565919,
    "sortino": 0.4453831681451553,
    "std": 0.19502091995354065,
    "ulcer_index": 14.41252991157167,
    "upi": 0.4348995065075914,
    "us_allocation": 59
}