{
    "beta": 0.9477356176237391,
    "cagr": 0.0685755687561902,
    "end_val": 33857.40348681867,
    "max_drawdown": -0.5890803381222208,
    "mwrr": 0.0685755687561902,
    "sharpe": 0.26851834058565005,
    "sortino": 0.3714559777626013,
    "std": 0.1950494645360244,
    "ulcer_index": 15.533029287424782,
    "upi": 0.3371812213236594,
    "us_allocation": 39
}