{
    "beta": 0.9967492004269569,
    "cagr": 0.09462026090662667,
    "end_val": 52717.35214378074,
    "max_drawdown": -0.5591654596191126,
    "mwrr": 0.09462026090662667,
    "sharpe": 0.38630417936241795,
    "sortino": 0.5371024935552479,
    "std": 0.19798851124220493,
    "ulcer_index": 13.334160972175443,
    "upi": 0.573609030470019,
    "us_allocation": 87
}