{
    "beta": 0.9446440628035994,
    "cagr": 0.06689179523689504,
    "end_val": 32889.763736303605,
    "max_drawdown": -0.5910138331743315,
    "mwrr": 0.06689179523689504,
    "sharpe": 0.2602031304012627,
    "sortino": 0.35987302230590085,
    "std": 0.19521504204830406,
    "ulcer_index": 15.719623853590113,
    "upi": 0.3231347953364681,
    "us_allocation": 36
}