{
    "beta": 0.9876238835998767,
    "cagr": 0.08986371828980433,
    "end_val": 48660.62919658952,
    "max_drawdown": -0.5636790205278208,
    "mwrr": 0.08986371828980433,
    "sharpe": 0.36672928688120005,
    "sortino": 0.5092941477052284,
    "std": 0.1966674739745477,
    "ulcer_index": 13.56585048543147,
    "upi": 0.5316690489709447,
    "us_allocation": 78
}