{
    "beta": 1.0098778186167543,
    "cagr": 0.10138915875555532,
    "end_val": 59044.90975148603,
    "max_drawdown": -0.5528942487106142,
    "mwrr": 0.10138915875555532,
    "sharpe": 0.41229367188288907,
    "sortino": 0.5742825742788944,
    "std": 0.200478442540605,
    "ulcer_index": 13.07643807211237,
    "upi": 0.6321204951805264,
    "us_allocation": 100
}