{
    "beta": 0.9926971792110453,
    "cagr": 0.09251338165601197,
    "end_val": 50882.51009180086,
    "max_drawdown": -0.5611025572647356,
    "mwrr": 0.09251338165601197,
    "sharpe": 0.3777613058246359,
    "sortino": 0.5249479047104096,
    "std": 0.19735971498863678,
    "ulcer_index": 13.429619009305242,
    "upi": 0.5551670545389419,
    "us_allocation": 83
}