{
    "beta": 0.9156317200113989,
    "cagr": 0.05085069306956114,
    "end_val": 24893.352330229314,
    "max_drawdown": -0.6088256348225478,
    "mwrr": 0.05085069306956114,
    "sharpe": 0.17918032022083122,
    "sortino": 0.24741143730192394,
    "std": 0.19884202846891105,
    "ulcer_index": 17.779042974486355,
    "upi": 0.2003934338074709,
    "us_allocation": 8
}