{
    "beta": 0.9125065829283173,
    "cagr": 0.0490966524299834,
    "end_val": 24140.32262657541,
    "max_drawdown": -0.6107095692650826,
    "mwrr": 0.0490966524299834,
    "sharpe": 0.1702439322827604,
    "sortino": 0.23503930567709344,
    "std": 0.19945565890075687,
    "ulcer_index": 18.050061020391805,
    "upi": 0.1881187255510479,
    "us_allocation": 5
}