{
    "beta": 0.9754103863116894,
    "cagr": 0.0834312952995131,
    "end_val": 43642.239599975,
    "max_drawdown": -0.5714506230588099,
    "mwrr": 0.0834312952995131,
    "sharpe": 0.3387036717068031,
    "sortino": 0.4697112480274706,
    "std": 0.19544270237400455,
    "ulcer_index": 14.070136817272603,
    "upi": 0.4704879502766558,
    "us_allocation": 66
}