{
    "beta": 0.9508238667709676,
    "cagr": 0.07025266376192962,
    "end_val": 34847.92205086902,
    "max_drawdown": -0.5871418636175258,
    "mwrr": 0.07025266376192962,
    "sharpe": 0.27674246557900206,
    "sortino": 0.38292189749418043,
    "std": 0.19492643421313652,
    "ulcer_index": 15.351410793624723,
    "upi": 0.35139843217577144,
    "us_allocation": 42
}