{
    "beta": 1.005844815590755,
    "cagr": 0.0993191613049127,
    "end_val": 57037.43183662217,
    "max_drawdown": -0.5548198035287283,
    "mwrr": 0.0993191613049127,
    "sharpe": 0.40458872034165955,
    "sortino": 0.5632252447788592,
    "std": 0.19964099943592334,
    "ulcer_index": 13.151620972999849,
    "upi": 0.6141838593825244,
    "us_allocation": 96
}