{
    "beta": 0.9845754884917834,
    "cagr": 0.08826532577493307,
    "end_val": 47364.99867291065,
    "max_drawdown": -0.565479927212905,
    "mwrr": 0.08826532577493307,
    "sharpe": 0.3599248308641981,
    "sortino": 0.49966039230738357,
    "std": 0.1963029273590283,
    "ulcer_index": 13.673129061091549,
    "upi": 0.5167497250106464,
    "us_allocation": 75
}