{
    "beta": 0.9197936124997625,
    "cagr": 0.05317867413803956,
    "end_val": 25927.13002480503,
    "max_drawdown": -0.6063064810331513,
    "mwrr": 0.05317867413803956,
    "sharpe": 0.19104263647891143,
    "sortino": 0.26384193424219937,
    "std": 0.19809184473829097,
    "ulcer_index": 17.441737917894738,
    "upi": 0.21697087169823237,
    "us_allocation": 12
}