{
    "beta": 0.9764302076641603,
    "cagr": 0.08397129654761804,
    "end_val": 44043.94138768132,
    "max_drawdown": -0.5707895881800367,
    "mwrr": 0.08397129654761804,
    "sharpe": 0.3411199914607692,
    "sortino": 0.47311453350178867,
    "std": 0.19552077161058562,
    "ulcer_index": 14.0234052760182,
    "upi": 0.47561362821546815,
    "us_allocation": 67
}