{
    "beta": 0.993710735270691,
    "cagr": 0.09304117076961371,
    "end_val": 51336.39696943927,
    "max_drawdown": -0.5606179604571229,
    "mwrr": 0.09304117076961371,
    "sharpe": 0.37992076785089857,
    "sortino": 0.5280174356127973,
    "std": 0.19751071445603183,
    "ulcer_index": 13.405272329558036,
    "upi": 0.5597829576787762,
    "us_allocation": 84
}