{
    "beta": 0.9083348129599399,
    "cagr": 0.04674714514415257,
    "end_val": 23165.354783126677,
    "max_drawdown": -0.6132142967465788,
    "mwrr": 0.04674714514415257,
    "sharpe": 0.1582869673126198,
    "sortino": 0.21849294405113343,
    "std": 0.2003418290381565,
    "ulcer_index": 18.441712282355066,
    "upi": 0.17195205292818608,
    "us_allocation": 1
}