{
    "beta": 1.004835653690286,
    "cagr": 0.09879989582845639,
    "end_val": 56544.07222584322,
    "max_drawdown": -0.5553017615105058,
    "mwrr": 0.09879989582845639,
    "sharpe": 0.40262178108328706,
    "sortino": 0.5604075519749435,
    "std": 0.19944142141236626,
    "ulcer_index": 13.170983268943829,
    "upi": 0.6096890566704194,
    "us_allocation": 95
}