{
    "beta": 0.9631437112058853,
    "cagr": 0.07689464905990606,
    "end_val": 39046.493303903386,
    "max_drawdown": -0.5793374828633047,
    "mwrr": 0.07689464905990606,
    "sharpe": 0.30863198673283687,
    "sortino": 0.42748727000486464,
    "std": 0.19485496912102357,
    "ulcer_index": 14.67192404768705,
    "upi": 0.40989242512203383,
    "us_allocation": 54
}