{
    "beta": 0.961094093120447,
    "cagr": 0.07579499817628066,
    "end_val": 38319.83022604053,
    "max_drawdown": -0.5806438783738088,
    "mwrr": 0.07579499817628066,
    "sharpe": 0.30343626125321776,
    "sortino": 0.4202135439210238,
    "std": 0.19482056854924,
    "ulcer_index": 14.77972855852752,
    "upi": 0.39998147380080773,
    "us_allocation": 52
}