{
    "beta": 0.9093782803791399,
    "cagr": 0.04733568042348413,
    "end_val": 23406.020549575813,
    "max_drawdown": -0.6125888814651842,
    "mwrr": 0.04733568042348413,
    "sharpe": 0.1612800395379682,
    "sortino": 0.22263391011062422,
    "std": 0.20011300248224068,
    "ulcer_index": 18.34092915419451,
    "upi": 0.17596513598049196,
    "us_allocation": 2
}