{
    "beta": 0.9886392786281297,
    "cagr": 0.09039508186519396,
    "end_val": 49098.71540179072,
    "max_drawdown": -0.5631509113623572,
    "mwrr": 0.09039508186519396,
    "sharpe": 0.36896676217277424,
    "sortino": 0.5124654681879827,
    "std": 0.19679749927334705,
    "ulcer_index": 13.537085196102282,
    "upi": 0.5364041847042642,
    "us_allocation": 79
}