{
    "beta": 0.9487654015919049,
    "cagr": 0.06913534149597145,
    "end_val": 34185.015359343575,
    "max_drawdown": -0.5884347349001297,
    "mwrr": 0.06913534149597145,
    "sharpe": 0.2712700838323432,
    "sortino": 0.3752912630634913,
    "std": 0.19500373771621218,
    "ulcer_index": 15.472008453277342,
    "upi": 0.3419000899697778,
    "us_allocation": 40
}