{
    "beta": 0.9104213983680854,
    "cagr": 0.047923442777561887,
    "end_val": 23648.72856035915,
    "max_drawdown": -0.6119629558416392,
    "mwrr": 0.047923442777561887,
    "sharpe": 0.1642707008660221,
    "sortino": 0.22677217058833982,
    "std": 0.1998890314755253,
    "ulcer_index": 18.241005988276573,
    "upi": 0.18000830454150793,
    "us_allocation": 3
}