{
    "beta": 0.9621190868049283,
    "cagr": 0.07634518968920156,
    "end_val": 38681.790132399066,
    "max_drawdown": -0.579990966301548,
    "mwrr": 0.07634518968920156,
    "sharpe": 0.306040376798929,
    "sortino": 0.42385846200668553,
    "std": 0.1948354728904912,
    "ulcer_index": 14.725597403990392,
    "upi": 0.4049283010448933,
    "us_allocation": 53
}