{
    "beta": 0.9343150957819552,
    "cagr": 0.06123072096089355,
    "end_val": 29824.661217136738,
    "max_drawdown": -0.597423282641155,
    "mwrr": 0.06123072096089355,
    "sharpe": 0.23189460113148083,
    "sortino": 0.32050757282973347,
    "std": 0.19607674667172786,
    "ulcer_index": 16.38582959475285,
    "upi": 0.27748909361542123,
    "us_allocation": 26
}