{
    "beta": 0.9641679662601217,
    "cagr": 0.0774433769622549,
    "end_val": 39413.95432328888,
    "max_drawdown": -0.578683426723729,
    "mwrr": 0.0774433769622549,
    "sharpe": 0.31121093984011156,
    "sortino": 0.43109976853349624,
    "std": 0.19487904578795484,
    "ulcer_index": 14.618767772837087,
    "upi": 0.41487190095080073,
    "us_allocation": 55
}