{
    "beta": 0.97948745595946,
    "cagr": 0.08558696411345879,
    "end_val": 45266.80439225397,
    "max_drawdown": -0.5688029342189884,
    "mwrr": 0.08558696411345879,
    "sharpe": 0.34828236455220796,
    "sortino": 0.4832123439980643,
    "std": 0.19578139365987862,
    "ulcer_index": 13.885810886734545,
    "upi": 0.49106622740957795,
    "us_allocation": 70
}