{
    "beta": 0.9855919886636918,
    "cagr": 0.08879884081930323,
    "end_val": 47793.785919278555,
    "max_drawdown": -0.5648135252080556,
    "mwrr": 0.08879884081930323,
    "sharpe": 0.3622082416490194,
    "sortino": 0.5028914876550499,
    "std": 0.19642017200048736,
    "ulcer_index": 13.63275319047976,
    "upi": 0.5218800022447486,
    "us_allocation": 76
}