{
    "beta": 0.9145903605827262,
    "cagr": 0.05026678148433472,
    "end_val": 24640.24001462807,
    "max_drawdown": -0.6094541283660774,
    "mwrr": 0.05026678148433472,
    "sharpe": 0.17620493993601233,
    "sortino": 0.2432916062274976,
    "std": 0.19904171475512528,
    "ulcer_index": 17.865993006983345,
    "upi": 0.1963035581714373,
    "us_allocation": 7
}