{
    "beta": 1.0018059772774945,
    "cagr": 0.09723785269105067,
    "end_val": 55084.17228569935,
    "max_drawdown": -0.5567489849087953,
    "mwrr": 0.09723785269105067,
    "sharpe": 0.3966236330491217,
    "sortino": 0.5518266727408931,
    "std": 0.19886645939752703,
    "ulcer_index": 13.230194553064331,
    "upi": 0.5961935123513996,
    "us_allocation": 92
}