{
    "beta": 0.9405168587886542,
    "cagr": 0.06463634012684616,
    "end_val": 31634.508443370865,
    "max_drawdown": -0.5935841388381241,
    "mwrr": 0.06463634012684616,
    "sharpe": 0.24898334650141374,
    "sortino": 0.34425897729345994,
    "std": 0.19550234980822848,
    "ulcer_index": 15.978111881300316,
    "upi": 0.304646305300175,
    "us_allocation": 32
}