{
    "beta": 0.9072909969171916,
    "cagr": 0.046157836002363783,
    "end_val": 22926.718484641104,
    "max_drawdown": -0.6138392027560151,
    "mwrr": 0.046157836002363783,
    "sharpe": 0.1552916981404155,
    "sortino": 0.21434954829071493,
    "std": 0.20057551018245137,
    "ulcer_index": 18.55053307119731,
    "upi": 0.16790411798159308,
    "us_allocation": 0
}