{
    "beta": 0.955963588350749,
    "cagr": 0.07303303458011046,
    "end_val": 36550.67115913816,
    "max_drawdown": -0.5838999145764121,
    "mwrr": 0.07303303458011046,
    "sharpe": 0.29023358105610464,
    "sortino": 0.4017541597420065,
    "std": 0.1948153100623083,
    "ulcer_index": 15.058268272405945,
    "upi": 0.3754901293223419,
    "us_allocation": 47
}