{
    "beta": 1.0078620455070848,
    "cagr": 0.100355571928056,
    "end_val": 58034.3322827542,
    "max_drawdown": -0.5538565685872713,
    "mwrr": 0.100355571928056,
    "sharpe": 0.4084737927473013,
    "sortino": 0.5687966109114497,
    "std": 0.2000519317316113,
    "ulcer_index": 13.113614212003998,
    "upi": 0.6231593674699123,
    "us_allocation": 98
}