{
    "beta": 0.9229112915576607,
    "cagr": 0.054916636224418225,
    "end_val": 26725.22607704751,
    "max_drawdown": -0.6044116459856977,
    "mwrr": 0.054916636224418225,
    "sharpe": 0.19989214782805578,
    "sortino": 0.27610564521369635,
    "std": 0.19758016790633665,
    "ulcer_index": 17.197176921534197,
    "upi": 0.22965553427975585,
    "us_allocation": 15
}