{
    "beta": 0.977449659681185,
    "cagr": 0.08451057469099066,
    "end_val": 44448.59283723333,
    "max_drawdown": -0.5701279626951345,
    "mwrr": 0.08451057469099066,
    "sharpe": 0.34352195276262293,
    "sortino": 0.4764992634414113,
    "std": 0.1956032528472471,
    "ulcer_index": 13.977115604508802,
    "upi": 0.48075183510931996,
    "us_allocation": 68
}