{
    "beta": 1.006853612779037,
    "cagr": 0.09983771983831802,
    "end_val": 57534.18008746664,
    "max_drawdown": -0.5543380722033057,
    "mwrr": 0.09983771983831802,
    "sharpe": 0.4065393975281821,
    "sortino": 0.5660215971917864,
    "std": 0.19984450901214074,
    "ulcer_index": 13.132495080623368,
    "upi": 0.6186741830158713,
    "us_allocation": 97
}