{
    "beta": 0.9662153681238207,
    "cagr": 0.07853864103516583,
    "end_val": 40157.208367317886,
    "max_drawdown": -0.5773735909698459,
    "mwrr": 0.07853864103516583,
    "sharpe": 0.3163302846209697,
    "sortino": 0.43827512561887244,
    "std": 0.19494089349950827,
    "ulcer_index": 14.514717953177835,
    "upi": 0.4248546766721704,
    "us_allocation": 57
}