{
    "beta": 0.9270631798888455,
    "cagr": 0.057223265384772626,
    "end_val": 27820.38507759674,
    "max_drawdown": -0.6018778485597513,
    "mwrr": 0.057223265384772626,
    "sharpe": 0.21161744137035254,
    "sortino": 0.2923637006803002,
    "std": 0.1969657919352538,
    "ulcer_index": 16.887848479155785,
    "upi": 0.24681063983730944,
    "us_allocation": 19
}