{
    "beta": 0.930173314907751,
    "cagr": 0.05894527683464612,
    "end_val": 28665.496245033984,
    "max_drawdown": -0.5999719475064254,
    "mwrr": 0.05894527683464612,
    "sharpe": 0.22034835706640202,
    "sortino": 0.3044772907456375,
    "std": 0.19655581556289833,
    "ulcer_index": 16.66935587343005,
    "upi": 0.25982058159340243,
    "us_allocation": 22
}