{
    "beta": 0.9091760681497467,
    "cagr": 0.037835576692785144,
    "end_val": 19074.13077397778,
    "max_drawdown": -0.6119613309281259,
    "mwrr": 0.037835576692785144,
    "sharpe": 0.12347056947833876,
    "sortino": 0.17021648311892132,
    "std": 0.20291819041269255,
    "ulcer_index": 18.707879577987512,
    "upi": 0.1339257014259009,
    "us_allocation": 3
}