{
    "beta": 0.9801720543241013,
    "cagr": 0.08158586331503193,
    "end_val": 39107.1155619619,
    "max_drawdown": -0.5681249772329083,
    "mwrr": 0.08158586331503193,
    "sharpe": 0.3323537023324413,
    "sortino": 0.46063986141018665,
    "std": 0.19975170067689693,
    "ulcer_index": 14.20305401560747,
    "upi": 0.4674357404408827,
    "us_allocation": 71
}