{
    "beta": 0.9480179682302797,
    "cagr": 0.06201563705089863,
    "end_val": 28468.63516866728,
    "max_drawdown": -0.5884195067603425,
    "mwrr": 0.06201563705089863,
    "sharpe": 0.24234342636738654,
    "sortino": 0.33486000094085816,
    "std": 0.1985156554229951,
    "ulcer_index": 15.869734164651875,
    "upi": 0.3031553861808799,
    "us_allocation": 40
}