{
    "beta": 0.9770760080836831,
    "cagr": 0.07971875004833828,
    "end_val": 37949.71113827413,
    "max_drawdown": -0.5701127448001769,
    "mwrr": 0.07971875004833828,
    "sharpe": 0.3241904509350124,
    "sortino": 0.449166788620222,
    "std": 0.19944621417199535,
    "ulcer_index": 14.34165624551913,
    "upi": 0.4508572155641177,
    "us_allocation": 68
}