{
    "beta": 0.9375695222341366,
    "cagr": 0.05557012692610197,
    "end_val": 25609.179280015334,
    "max_drawdown": -0.5948531477381922,
    "mwrr": 0.05557012692610197,
    "sharpe": 0.2110697538151829,
    "sortino": 0.29143022178554123,
    "std": 0.19905764393903103,
    "ulcer_index": 16.524595581340655,
    "upi": 0.25426211598893983,
    "us_allocation": 30
}