{
    "beta": 0.9646583088347294,
    "cagr": 0.07219323662066435,
    "end_val": 33603.98336919208,
    "max_drawdown": -0.5780122696355964,
    "mwrr": 0.07219323662066435,
    "sharpe": 0.29029273124604416,
    "sortino": 0.40168446789357926,
    "std": 0.1986157300536442,
    "ulcer_index": 14.943591839322321,
    "upi": 0.3858386537492862,
    "us_allocation": 56
}