{
    "beta": 0.9729427350645898,
    "cagr": 0.07722041399535429,
    "end_val": 36451.454989835416,
    "max_drawdown": -0.5727550366486406,
    "mwrr": 0.07722041399535429,
    "sharpe": 0.3131075869173816,
    "sortino": 0.4336152165363838,
    "std": 0.19909921976007403,
    "ulcer_index": 14.534105695831501,
    "upi": 0.428930275416794,
    "us_allocation": 64
}