{
    "beta": 0.9584293424781863,
    "cagr": 0.06839599191528833,
    "end_val": 31593.58874596712,
    "max_drawdown": -0.5819315712869293,
    "mwrr": 0.06839599191528833,
    "sharpe": 0.27265074803613853,
    "sortino": 0.37705924141224045,
    "std": 0.1984409275063547,
    "ulcer_index": 15.273687524952972,
    "upi": 0.3542454144627454,
    "us_allocation": 50
}