{
    "beta": 0.9873831498207031,
    "cagr": 0.08592043486456724,
    "end_val": 41923.6376362229,
    "max_drawdown": -0.563687549592456,
    "mwrr": 0.08592043486456724,
    "sharpe": 0.35088633278891423,
    "sortino": 0.4867514647653775,
    "std": 0.20061264925275338,
    "ulcer_index": 13.923691773408166,
    "upi": 0.5055728615725553,
    "us_allocation": 78
}