{
    "beta": 0.9123438629325937,
    "cagr": 0.039830332058251816,
    "end_val": 19721.73709399787,
    "max_drawdown": -0.6100789241126463,
    "mwrr": 0.039830332058251816,
    "sharpe": 0.13333957603467742,
    "sortino": 0.1838490244847413,
    "std": 0.20231424602060902,
    "ulcer_index": 18.417032108761813,
    "upi": 0.1464773067354797,
    "us_allocation": 6
}