{
    "beta": 0.9344277952612187,
    "cagr": 0.053623653844001584,
    "end_val": 24800.345536376415,
    "max_drawdown": -0.5967728198569351,
    "mwrr": 0.053623653844001584,
    "sharpe": 0.2015297607430915,
    "sortino": 0.27820210958940006,
    "std": 0.19931277756919238,
    "ulcer_index": 16.734312625647156,
    "upi": 0.240034512927958,
    "us_allocation": 27
}