{
    "beta": 0.9667316509050976,
    "cagr": 0.07345385742294241,
    "end_val": 34297.637776168274,
    "max_drawdown": -0.5767013555229323,
    "mwrr": 0.07345385742294241,
    "sharpe": 0.2960747571283294,
    "sortino": 0.4097668424927363,
    "std": 0.1987099945739101,
    "ulcer_index": 14.83831591987777,
    "upi": 0.3965040673632506,
    "us_allocation": 58
}