{
    "beta": 0.9884118210527769,
    "cagr": 0.08653715116691552,
    "end_val": 42339.56785197115,
    "max_drawdown": -0.5631591807226108,
    "mwrr": 0.08653715116691552,
    "sharpe": 0.3534735022691974,
    "sortino": 0.49040435517297737,
    "std": 0.2007523262582088,
    "ulcer_index": 13.894442635594567,
    "upi": 0.5107281672425436,
    "us_allocation": 79
}