{
    "beta": 0.9997027673893654,
    "cagr": 0.09327989503937872,
    "end_val": 47148.12391811576,
    "max_drawdown": -0.5577229959055386,
    "mwrr": 0.09327989503937872,
    "sharpe": 0.3809013257678813,
    "sortino": 0.5292622529159443,
    "std": 0.20255673044584244,
    "ulcer_index": 13.624155231844055,
    "upi": 0.5663229149539933,
    "us_allocation": 90
}