{
    "beta": 0.9812033257166894,
    "cagr": 0.08220697327437843,
    "end_val": 39499.453176668045,
    "max_drawdown": -0.5674612291290054,
    "mwrr": 0.08220697327437843,
    "sharpe": 0.335045790850115,
    "sortino": 0.4644271349484483,
    "std": 0.1998620613105401,
    "ulcer_index": 14.159321127214858,
    "upi": 0.47293870009967043,
    "us_allocation": 72
}