{
    "beta": 0.9605071542541402,
    "cagr": 0.06966430942453483,
    "end_val": 32252.11984117871,
    "max_drawdown": -0.5806273679310201,
    "mwrr": 0.06966430942453483,
    "sharpe": 0.2785794189377342,
    "sortino": 0.38532903816828973,
    "std": 0.19848108989215443,
    "ulcer_index": 15.161612077886476,
    "upi": 0.3646978697726649,
    "us_allocation": 52
}