{
    "beta": 0.9822342252725215,
    "cagr": 0.08282745371698841,
    "end_val": 39895.09507558186,
    "max_drawdown": -0.5667968994277671,
    "mwrr": 0.08282745371698841,
    "sharpe": 0.3377231955465781,
    "sortino": 0.46819562626382943,
    "std": 0.1999766605400525,
    "ulcer_index": 14.116067932959567,
    "upi": 0.4784530481485194,
    "us_allocation": 73
}