{
    "beta": 0.989440121415871,
    "cagr": 0.08715324223859522,
    "end_val": 42758.95744250238,
    "max_drawdown": -0.5626308459426306,
    "mwrr": 0.08715324223859522,
    "sharpe": 0.3560453072133517,
    "sortino": 0.4940374981701462,
    "std": 0.20089612263831916,
    "ulcer_index": 13.865615863732627,
    "upi": 0.5158830383668365,
    "us_allocation": 80
}