{
    "beta": 0.9070624353529732,
    "cagr": 0.036502328508036586,
    "end_val": 18652.51816029135,
    "max_drawdown": -0.61321374773593,
    "mwrr": 0.036502328508036586,
    "sharpe": 0.11688347024315826,
    "sortino": 0.1611203998902914,
    "std": 0.20334527764485547,
    "ulcer_index": 18.913941263403988,
    "upi": 0.125663443108472,
    "us_allocation": 1
}