{
    "beta": 0.9060050904371665,
    "cagr": 0.03583467823272035,
    "end_val": 18444.702922551296,
    "max_drawdown": -0.613839202756015,
    "mwrr": 0.03583467823272035,
    "sharpe": 0.11358827661465727,
    "sortino": 0.15657100054560188,
    "std": 0.20356616295075686,
    "ulcer_index": 19.025703276230818,
    "upi": 0.12153519287739177,
    "us_allocation": 0
}