{
    "beta": 0.9698388695534961,
    "cagr": 0.07534000051448597,
    "end_val": 35360.73127826578,
    "max_drawdown": -0.5747307508848558,
    "mwrr": 0.07534000051448597,
    "sharpe": 0.3046510067542297,
    "sortino": 0.4217672420424299,
    "std": 0.19888475965006736,
    "ulcer_index": 14.683875775734064,
    "upi": 0.4126434354378401,
    "us_allocation": 61
}