{
    "beta": 0.9427983658027138,
    "cagr": 0.05880107382381694,
    "end_val": 27006.889106767427,
    "max_drawdown": -0.5916430435873217,
    "mwrr": 0.05880107382381694,
    "sharpe": 0.22681484882869832,
    "sortino": 0.31328216833652733,
    "std": 0.19872761858765234,
    "ulcer_index": 16.18780806170566,
    "upi": 0.2784517508025608,
    "us_allocation": 35
}