{
    "beta": 0.941753335325051,
    "cagr": 0.0581561982435046,
    "end_val": 26722.29759285129,
    "max_drawdown": -0.5922861345924608,
    "mwrr": 0.0581561982435046,
    "sharpe": 0.22368231739850872,
    "sortino": 0.3089325882321531,
    "std": 0.19878414251126572,
    "ulcer_index": 16.253434915514276,
    "upi": 0.2735749895266486,
    "us_allocation": 34
}