{
    "beta": 0.9688035025987586,
    "cagr": 0.07471192366456791,
    "end_val": 35003.32443218728,
    "max_drawdown": -0.5753881851887593,
    "mwrr": 0.07471192366456791,
    "sharpe": 0.3018053617929104,
    "sortino": 0.41778376908907017,
    "std": 0.1988220745413651,
    "ulcer_index": 14.7347644879903,
    "upi": 0.4072487464288757,
    "us_allocation": 60
}