{
    "beta": 0.9448873174900888,
    "cagr": 0.0600888597437097,
    "end_val": 27583.774339292075,
    "max_drawdown": -0.5903552485691935,
    "mwrr": 0.0600888597437097,
    "sharpe": 0.2330537116290932,
    "sortino": 0.3219481682399085,
    "std": 0.1986287304010041,
    "ulcer_index": 16.058993405176622,
    "upi": 0.288262612724751,
    "us_allocation": 37
}