{
    "beta": 1.008907625206512,
    "cagr": 0.09874095287295948,
    "end_val": 51415.18245144368,
    "max_drawdown": -0.5533762041911483,
    "mwrr": 0.09874095287295948,
    "sharpe": 0.40189709514000554,
    "sortino": 0.559198157920564,
    "std": 0.20438691624130045,
    "ulcer_index": 13.445803286215742,
    "upi": 0.6109371642270279,
    "us_allocation": 99
}