{
    "beta": 1.006864672443436,
    "cagr": 0.0975316958287733,
    "end_val": 50440.070525406445,
    "max_drawdown": -0.554340734211753,
    "mwrr": 0.0975316958287733,
    "sharpe": 0.39734576895361023,
    "sortino": 0.5526930322931712,
    "std": 0.20395347394261246,
    "ulcer_index": 13.48402212249519,
    "upi": 0.6010289838962987,
    "us_allocation": 97
}