{
    "beta": 0.9553098333635099,
    "cagr": 0.06648868237976235,
    "end_val": 30627.09595921961,
    "max_drawdown": -0.5838837207468377,
    "mwrr": 0.06648868237976235,
    "sharpe": 0.26367157143181047,
    "sortino": 0.3645442917813054,
    "std": 0.19841491814444073,
    "ulcer_index": 15.446443223967895,
    "upi": 0.3387029355101733,
    "us_allocation": 47
}