{
    "beta": 0.9615455016081298,
    "cagr": 0.07029750365171394,
    "end_val": 32585.70554675832,
    "max_drawdown": -0.5799744315935605,
    "mwrr": 0.07029750365171394,
    "sharpe": 0.28152600115287707,
    "sortino": 0.38944123479696446,
    "std": 0.19850798011921267,
    "ulcer_index": 15.106272606942172,
    "upi": 0.3699557054472806,
    "us_allocation": 53
}