{
    "beta": 0.9791404109866126,
    "cagr": 0.08096412321198643,
    "end_val": 38718.060455544386,
    "max_drawdown": -0.5687881450260586,
    "mwrr": 0.08096412321198643,
    "sharpe": 0.3296470401021414,
    "sortino": 0.4568339587516653,
    "std": 0.1996455950981701,
    "ulcer_index": 14.248463182362135,
    "upi": 0.461905812354867,
    "us_allocation": 70
}