{
    "beta": 0.9863541075595177,
    "cagr": 0.0853030927301377,
    "end_val": 41511.14435440004,
    "max_drawdown": -0.5642159519773652,
    "mwrr": 0.0853030927301377,
    "sharpe": 0.3482838863590955,
    "sortino": 0.48307896806267936,
    "std": 0.200477109058972,
    "ulcer_index": 13.955020422453167,
    "upi": 0.5003581545391028,
    "us_allocation": 77
}