{
    "beta": 0.9956021451873953,
    "cagr": 0.09083669205454403,
    "end_val": 45349.21052204091,
    "max_drawdown": -0.5596601071801914,
    "mwrr": 0.09083669205454403,
    "sharpe": 0.3711489808087229,
    "sortino": 0.5154161545238051,
    "std": 0.20184441589788368,
    "ulcer_index": 13.712376940484804,
    "upi": 0.5463443419305708,
    "us_allocation": 86
}