{
    "beta": 0.9144539477806618,
    "cagr": 0.04115676846187433,
    "end_val": 20163.782069229153,
    "max_drawdown": -0.6088214536571516,
    "mwrr": 0.04115676846187433,
    "sharpe": 0.1399084785326001,
    "sortino": 0.19292574047229824,
    "std": 0.20193605185054325,
    "ulcer_index": 18.233780399809934,
    "upi": 0.15494797129066187,
    "us_allocation": 8
}