{
    "beta": 0.9218279553205222,
    "cagr": 0.0457779866793,
    "end_val": 21777.885475242,
    "max_drawdown": -0.6044042258321376,
    "mwrr": 0.0457779866793,
    "sharpe": 0.16280489082056657,
    "sortino": 0.22458206490305746,
    "std": 0.2007659765567102,
    "ulcer_index": 17.636973496221593,
    "upi": 0.18532719259912958,
    "us_allocation": 15
}