{
    "beta": 0.9739766118957056,
    "cagr": 0.07784594833629233,
    "end_val": 36821.26703020652,
    "max_drawdown": -0.5720953239943662,
    "mwrr": 0.07784594833629233,
    "sharpe": 0.31589920059928733,
    "sortino": 0.43752978872515225,
    "std": 0.19917945818186666,
    "ulcer_index": 14.485046526650661,
    "upi": 0.4343953416448463,
    "us_allocation": 65
}