{
    "beta": 0.9386160285977103,
    "cagr": 0.05621763167780647,
    "end_val": 25883.707960328597,
    "max_drawdown": -0.5942121948830735,
    "mwrr": 0.05621763167780647,
    "sharpe": 0.2142348356871942,
    "sortino": 0.29582085517301526,
    "std": 0.19898214070483008,
    "ulcer_index": 16.455910153307343,
    "upi": 0.2590538474893594,
    "us_allocation": 31
}