{
    "beta": 0.9323314742238092,
    "cagr": 0.05232269804150258,
    "end_val": 24273.239168397777,
    "max_drawdown": -0.5980499567145106,
    "mwrr": 0.05232269804150258,
    "sharpe": 0.19513466223792778,
    "sortino": 0.26933929356289454,
    "std": 0.19950679481986316,
    "ulcer_index": 16.877093707820404,
    "upi": 0.2306754752770597,
    "us_allocation": 25
}