{
    "beta": 0.9501032150024918,
    "cagr": 0.06329689640525848,
    "end_val": 29071.78233027069,
    "max_drawdown": -0.5871262995591375,
    "mwrr": 0.06329689640525848,
    "sharpe": 0.24848850071288078,
    "sortino": 0.34340670766275594,
    "std": 0.19846366118811284,
    "ulcer_index": 15.746329901649666,
    "upi": 0.3131966725373112,
    "us_allocation": 42
}