{
    "beta": 0.9186698244215606,
    "cagr": 0.04380151276235211,
    "end_val": 21073.181550205914,
    "max_drawdown": -0.6063003986659792,
    "mwrr": 0.04380151276235211,
    "sharpe": 0.153012955482702,
    "sortino": 0.21104006514059148,
    "std": 0.2012382178678724,
    "ulcer_index": 17.887787368589073,
    "upi": 0.17214217701568435,
    "us_allocation": 12
}