{
    "beta": 0.9656951661621809,
    "cagr": 0.07282386668173091,
    "end_val": 33949.31677939931,
    "max_drawdown": -0.5773570939986691,
    "mwrr": 0.07282386668173091,
    "sharpe": 0.2931900954779242,
    "sortino": 0.4057337582184584,
    "std": 0.19866062834527645,
    "ulcer_index": 14.890738354096392,
    "upi": 0.3911613306239431,
    "us_allocation": 57
}