{
    "beta": 0.9197228954097484,
    "cagr": 0.04446101062356833,
    "end_val": 21305.89814602999,
    "max_drawdown": -0.6056688552794661,
    "mwrr": 0.04446101062356833,
    "sharpe": 0.15628078681086222,
    "sortino": 0.21555874373803155,
    "std": 0.20107594018802502,
    "ulcer_index": 17.803359371349348,
    "upi": 0.1765099206175839,
    "us_allocation": 13
}