{
    "beta": 0.9081194281933734,
    "cagr": 0.037169294348435855,
    "end_val": 18862.322315964506,
    "max_drawdown": -0.6125877907850448,
    "mwrr": 0.037169294348435855,
    "sharpe": 0.12017764371509275,
    "sortino": 0.16566899226099038,
    "std": 0.20312928721542126,
    "ulcer_index": 18.810466554250365,
    "upi": 0.12977785588031882,
    "us_allocation": 2
}