{
    "beta": 0.939662166436108,
    "cagr": 0.056864477954707615,
    "end_val": 26160.72519701373,
    "max_drawdown": -0.593570709138216,
    "mwrr": 0.056864477954707615,
    "sharpe": 0.21739209928805903,
    "sortino": 0.30020164859449644,
    "std": 0.19891139494184215,
    "ulcer_index": 16.387813678403383,
    "upi": 0.26387017060746926,
    "us_allocation": 32
}