{
    "beta": 0.9904680510771481,
    "cagr": 0.08776870867743969,
    "end_val": 43181.82894373426,
    "max_drawdown": -0.5621025458289576,
    "mwrr": 0.08776870867743969,
    "sharpe": 0.3586016632476772,
    "sortino": 0.4976507598211549,
    "std": 0.2010440208301955,
    "ulcer_index": 13.837120019123208,
    "upi": 0.5210404569615767,
    "us_allocation": 81
}