{
    "beta": 0.9112882862775799,
    "cagr": 0.039166094622120395,
    "end_val": 19503.82256373523,
    "max_drawdown": -0.6107068985765425,
    "mwrr": 0.039166094622120395,
    "sharpe": 0.13005176461223664,
    "sortino": 0.17930685523019002,
    "std": 0.20251067160821223,
    "ulcer_index": 18.511885882067656,
    "upi": 0.14227147174871888,
    "us_allocation": 5
}