{
    "beta": 0.9853246941162142,
    "cagr": 0.08468512415861129,
    "end_val": 41102.065660691296,
    "max_drawdown": -0.5648004077947153,
    "mwrr": 0.08468512415861129,
    "sharpe": 0.3456662537844697,
    "sortino": 0.4793870107287865,
    "std": 0.20034572298451417,
    "ulcer_index": 13.99037487412561,
    "upi": 0.4950178825600723,
    "us_allocation": 76
}