{
    "beta": 0.9260337311791137,
    "cagr": 0.048403884498362304,
    "end_val": 22748.539730331733,
    "max_drawdown": -0.6018687675048202,
    "mwrr": 0.048403884498362304,
    "sharpe": 0.17580042838798576,
    "sortino": 0.24256405939402442,
    "std": 0.20020429715728033,
    "ulcer_index": 17.319844209957107,
    "upi": 0.20321488696310577,
    "us_allocation": 19
}