{
    "beta": 0.9986781654079485,
    "cagr": 0.09267002397667268,
    "end_val": 46692.88541956014,
    "max_drawdown": -0.5582069778943477,
    "mwrr": 0.09267002397667268,
    "sharpe": 0.3784872805132832,
    "sortino": 0.525831611261637,
    "std": 0.2023727252986864,
    "ulcer_index": 13.645422072628433,
    "upi": 0.5613461640402668,
    "us_allocation": 89
}