{
    "beta": 0.924982831548415,
    "cagr": 0.047748414672429185,
    "end_val": 22502.499542004636,
    "max_drawdown": -0.6025034095963495,
    "mwrr": 0.047748414672429185,
    "sharpe": 0.17255870104581225,
    "sortino": 0.23807738613392687,
    "std": 0.2003374475406985,
    "ulcer_index": 17.395584743308678,
    "upi": 0.19873118023844485,
    "us_allocation": 18
}