{
    "beta": 0.9239315686825511,
    "cagr": 0.04709227566604968,
    "end_val": 22258.72160910287,
    "max_drawdown": -0.6031375326572433,
    "mwrr": 0.04709227566604968,
    "sharpe": 0.16931204976979153,
    "sortino": 0.23358462619289252,
    "std": 0.20047544100571948,
    "ulcer_index": 17.473774821880134,
    "upi": 0.1942532179511863,
    "us_allocation": 17
}