{
    "beta": 0.9270842670762299,
    "cagr": 0.049058685995905904,
    "end_val": 22996.8590437279,
    "max_drawdown": -0.6012336053413578,
    "mwrr": 0.049058685995905904,
    "sharpe": 0.17903700363663375,
    "sortino": 0.24704434397992572,
    "std": 0.2000759847132169,
    "ulcer_index": 17.244662886653956,
    "upi": 0.20772528584611913,
    "us_allocation": 20
}