{
    "beta": 0.9563500418027242,
    "cagr": 0.06712509761330954,
    "end_val": 30946.445945730473,
    "max_drawdown": -0.5832335567691812,
    "mwrr": 0.06712509761330954,
    "sharpe": 0.26667588451880914,
    "sortino": 0.3687303908413207,
    "std": 0.19841900692003112,
    "ulcer_index": 15.38801081125617,
    "upi": 0.34387015276389465,
    "us_allocation": 48
}