{
    "beta": 1.007886332121501,
    "cagr": 0.0981366315840293,
    "end_val": 50925.67458782455,
    "max_drawdown": -0.5538583663231785,
    "mwrr": 0.0981366315840293,
    "sharpe": 0.3996296478633514,
    "sortino": 0.5559561903668748,
    "std": 0.20416831099473398,
    "ulcer_index": 13.464816425669506,
    "upi": 0.6059835793540649,
    "us_allocation": 98
}