{
    "beta": 0.9207756059034242,
    "cagr": 0.04511983497030703,
    "end_val": 21540.793978694554,
    "max_drawdown": -0.6050367980086193,
    "mwrr": 0.04511983497030703,
    "sharpe": 0.15954484200296984,
    "sortino": 0.2200728494398034,
    "std": 0.20091852773667646,
    "ulcer_index": 17.71982403509116,
    "upi": 0.18090428923003005,
    "us_allocation": 14
}