{
    "beta": 0.9155084545736695,
    "cagr": 0.041818969249093785,
    "end_val": 20387.94423168204,
    "max_drawdown": -0.6081919556735121,
    "mwrr": 0.041818969249093785,
    "sharpe": 0.14318910941669444,
    "sortino": 0.19745966326892328,
    "std": 0.20175427834683715,
    "ulcer_index": 18.14589563155954,
    "upi": 0.15920590947984495,
    "us_allocation": 9
}