{
    "beta": 0.9438430266090565,
    "cagr": 0.05944529406620824,
    "end_val": 27294.041886874147,
    "max_drawdown": -0.5909994152839155,
    "mwrr": 0.05944529406620824,
    "sharpe": 0.22993871596454976,
    "sortino": 0.31762078938057753,
    "std": 0.19867581762469508,
    "ulcer_index": 16.12317005936607,
    "upi": 0.28334470037837095,
    "us_allocation": 36
}