{
    "beta": 0.9719084857572703,
    "cagr": 0.07659424501686019,
    "end_val": 36084.77568070138,
    "max_drawdown": -0.5734141778524879,
    "mwrr": 0.07659424501686019,
    "sharpe": 0.31030225929135347,
    "sortino": 0.4296831634965066,
    "std": 0.19902334713235825,
    "ulcer_index": 14.583602657385242,
    "upi": 0.4234829131573388,
    "us_allocation": 63
}