{
    "beta": 0.917616393538363,
    "cagr": 0.043141340504910586,
    "end_val": 20842.627852144866,
    "max_drawdown": -0.6069314291855166,
    "mwrr": 0.043141340504910586,
    "sharpe": 0.14974157844396752,
    "sortino": 0.206517120425449,
    "std": 0.20140536449932264,
    "ulcer_index": 17.972944674616535,
    "upi": 0.16780284483645305,
    "us_allocation": 11
}