{
    "beta": 0.9354754052251684,
    "cagr": 0.054273138811598454,
    "end_val": 25067.515881317624,
    "max_drawdown": -0.5961334591402139,
    "mwrr": 0.054273138811598454,
    "sharpe": 0.20471699869735716,
    "sortino": 0.28262057222679854,
    "std": 0.19922295470150855,
    "ulcer_index": 16.66375241176295,
    "upi": 0.2447529011231928,
    "us_allocation": 28
}