{
    "beta": 1.0017508655994183,
    "cagr": 0.09449778118029095,
    "end_val": 48069.761989208855,
    "max_drawdown": -0.5567556288351352,
    "mwrr": 0.09449778118029095,
    "sharpe": 0.3856810128587778,
    "sortino": 0.536061291703651,
    "std": 0.20293648214040522,
    "ulcer_index": 13.583157342650997,
    "upi": 0.5762386600039143,
    "us_allocation": 92
}