{
    "beta": 0.9228799430961965,
    "cagr": 0.04643546662228837,
    "end_val": 22017.18915086723,
    "max_drawdown": -0.6037711377247592,
    "mwrr": 0.04643546662228837,
    "sharpe": 0.1660607032879648,
    "sortino": 0.22908608501915387,
    "std": 0.2006182824558702,
    "ulcer_index": 17.554907171765805,
    "upi": 0.18977745686245315,
    "us_allocation": 16
}