{
    "beta": 0.9459312382044803,
    "cagr": 0.060731771624923825,
    "end_val": 27876.104961890283,
    "max_drawdown": -0.5897105423256936,
    "mwrr": 0.060731771624923825,
    "sharpe": 0.23615963050986258,
    "sortino": 0.3262640165118768,
    "std": 0.19858634745951156,
    "ulcer_index": 15.99528704986283,
    "upi": 0.2932052130355735,
    "us_allocation": 38
}