{
    "beta": 0.9490607771207822,
    "cagr": 0.06265659211092856,
    "end_val": 28768.872208546836,
    "max_drawdown": -0.5877731751813206,
    "mwrr": 0.06265659211092856,
    "sharpe": 0.2454209026078929,
    "sortino": 0.33913963586590873,
    "std": 0.19848732624556364,
    "ulcer_index": 15.807770365127787,
    "upi": 0.3081646191758327,
    "us_allocation": 41
}