{
    "beta": 0.9469747885233866,
    "cagr": 0.06137403047404888,
    "end_val": 28171.05234442387,
    "max_drawdown": -0.5890652954315257,
    "mwrr": 0.06137403047404888,
    "sharpe": 0.23925626922073354,
    "sortino": 0.3305680467430811,
    "std": 0.1985486591085458,
    "ulcer_index": 15.932181692787298,
    "upi": 0.2981699280366545,
    "us_allocation": 39
}