{
    "beta": 1.002774362311028,
    "cagr": 0.09510579737406721,
    "end_val": 48536.20881893781,
    "max_drawdown": -0.5562722455103253,
    "mwrr": 0.09510579737406721,
    "sharpe": 0.38804655829138357,
    "sortino": 0.5394295857997701,
    "std": 0.20313219117721132,
    "ulcer_index": 13.562947127957266,
    "upi": 0.5811969761431797,
    "us_allocation": 93
}