{
    "beta": 0.9708738639314283,
    "cagr": 0.07596744074359663,
    "end_val": 35721.20808471227,
    "max_drawdown": -0.5740727488511589,
    "mwrr": 0.07596744074359663,
    "sharpe": 0.3074833530879469,
    "sortino": 0.42573378024475755,
    "std": 0.19895185544110727,
    "ulcer_index": 14.633527697014516,
    "upi": 0.4180538277876667,
    "us_allocation": 62
}