{
    "beta": 0.9966278545301677,
    "cagr": 0.0914484230522894,
    "end_val": 45793.45206530921,
    "max_drawdown": -0.5591755344035482,
    "mwrr": 0.0914484230522894,
    "sharpe": 0.37361105059114713,
    "sortino": 0.5189084885524895,
    "std": 0.20201654953523082,
    "ulcer_index": 13.68862670780409,
    "upi": 0.5513927588047437,
    "us_allocation": 87
}