{
    "beta": 0.9945760662882142,
    "cagr": 0.0902243399366367,
    "end_val": 44908.588101287074,
    "max_drawdown": -0.5601448751459618,
    "mwrr": 0.0902243399366367,
    "sharpe": 0.36867102293408416,
    "sortino": 0.5119034277489914,
    "std": 0.20167627624928966,
    "ulcer_index": 13.736453272257918,
    "upi": 0.5412940963795057,
    "us_allocation": 85
}