{
    "beta": 0.9760432483416052,
    "cagr": 0.07909511571514671,
    "end_val": 37570.373849842974,
    "max_drawdown": -0.570774179328126,
    "mwrr": 0.07909511571514671,
    "sharpe": 0.32144076018434475,
    "sortino": 0.4453057781614988,
    "std": 0.19935297096310273,
    "ulcer_index": 14.38890953650878,
    "upi": 0.4453566921859253,
    "us_allocation": 67
}