{
    "beta": 0.9133990836701265,
    "cagr": 0.04049388970068324,
    "end_val": 19941.71832404811,
    "max_drawdown": -0.6094504428042173,
    "mwrr": 0.04049388970068324,
    "sharpe": 0.13662522399600938,
    "sortino": 0.18838875772781213,
    "std": 0.2021227068840452,
    "ulcer_index": 18.322986785041802,
    "upi": 0.15071424853316384,
    "us_allocation": 7
}