{
    "beta": 0.9832647531074568,
    "cagr": 0.08344730526612354,
    "end_val": 40294.063129539325,
    "max_drawdown": -0.5661319868373196,
    "mwrr": 0.08344730526612354,
    "sharpe": 0.34038580952155273,
    "sortino": 0.4719452064402208,
    "std": 0.20009548175644837,
    "ulcer_index": 14.073277418312342,
    "upi": 0.4839789246833272,
    "us_allocation": 74
}