{
    "beta": 0.9165626033773552,
    "cagr": 0.042480492964448,
    "end_val": 20614.22080054367,
    "max_drawdown": -0.6075619478515166,
    "mwrr": 0.042480492964448,
    "sharpe": 0.14646688623103724,
    "sortino": 0.20199021805787645,
    "std": 0.20157738357269495,
    "ulcer_index": 18.05892769238634,
    "upi": 0.1634911608476612,
    "us_allocation": 10
}