{
    "beta": 0.9333798181353709,
    "cagr": 0.052973507191957925,
    "end_val": 24535.592494383985,
    "max_drawdown": -0.5974116520235945,
    "mwrr": 0.052973507191957925,
    "sharpe": 0.19833557495824386,
    "sortino": 0.2737749243096579,
    "std": 0.1994073885861725,
    "ulcer_index": 16.805425783397837,
    "upi": 0.23534200600791944,
    "us_allocation": 26
}