{
    "beta": 1.0058426458936844,
    "cagr": 0.09692614507115316,
    "end_val": 49958.34601978628,
    "max_drawdown": -0.5548233069641462,
    "mwrr": 0.09692614507115316,
    "sharpe": 0.39504548729273353,
    "sortino": 0.5494087539748382,
    "std": 0.20374242430756426,
    "ulcer_index": 13.50346250877184,
    "upi": 0.5960717213935084,
    "us_allocation": 96
}