{
    "beta": 0.9542692530037096,
    "cagr": 0.0658516207973936,
    "end_val": 30310.53419660883,
    "max_drawdown": -0.58453333377367,
    "mwrr": 0.0658516207973936,
    "sharpe": 0.26065624442329965,
    "sortino": 0.3603440616479652,
    "std": 0.19841542639848816,
    "ulcer_index": 15.505407313554363,
    "upi": 0.3335570212722553,
    "us_allocation": 46
}