{
    "beta": 0.9750101163015623,
    "cagr": 0.07847084869304188,
    "end_val": 37194.2329144581,
    "max_drawdown": -0.5714350386393373,
    "mwrr": 0.07847084869304188,
    "sharpe": 0.3186769680701664,
    "sortino": 0.4414267170691058,
    "std": 0.19926404707972897,
    "ulcer_index": 14.43661812832567,
    "upi": 0.4398719291464103,
    "us_allocation": 66
}