{
    "beta": 0.962583476521735,
    "cagr": 0.07093005579632417,
    "end_val": 32922.19797004266,
    "max_drawdown": -0.5793209372299014,
    "mwrr": 0.07093005579632417,
    "sharpe": 0.2844605234097372,
    "sortino": 0.3935380130079007,
    "std": 0.19853939240812674,
    "ulcer_index": 15.051405566311928,
    "upi": 0.37523412006296286,
    "us_allocation": 54
}