{
    "beta": 0.9925227989975081,
    "cagr": 0.08899777003013676,
    "end_val": 44038.108297291656,
    "max_drawdown": -0.5611149931810703,
    "mwrr": 0.08899777003013676,
    "sharpe": 0.3636677071266744,
    "sortino": 0.5048172853393716,
    "std": 0.2013520517894428,
    "ulcer_index": 13.785587848001665,
    "upi": 0.531189398687025,
    "us_allocation": 83
}