{
    "beta": 1.0048202521991256,
    "cagr": 0.09631997877182563,
    "end_val": 49480.47692115468,
    "max_drawdown": -0.5553060836898593,
    "mwrr": 0.09631997877182563,
    "sharpe": 0.39272883466316366,
    "sortino": 0.5461033868350794,
    "std": 0.20353518125001557,
    "ulcer_index": 13.523103048160376,
    "upi": 0.5911135581101811,
    "us_allocation": 95
}