{
    "beta": 0.9102323544338574,
    "cagr": 0.03850117647460882,
    "end_val": 19287.959004513097,
    "max_drawdown": -0.6113343671862015,
    "mwrr": 0.03850117647460882,
    "sharpe": 0.12676201935492462,
    "sortino": 0.17476256589254974,
    "std": 0.20271198577130992,
    "ulcer_index": 18.607529821446438,
    "upi": 0.13809693749094523,
    "us_allocation": 4
}