{
    "beta": 0.9842949093450137,
    "cagr": 0.08406652854136065,
    "end_val": 40696.37930432316,
    "max_drawdown": -0.5654664900604784,
    "mwrr": 0.08406652854136065,
    "sharpe": 0.34303352908961154,
    "sortino": 0.4756757179664931,
    "std": 0.20021850820417858,
    "ulcer_index": 14.0315373947552,
    "upi": 0.48949539546268267,
    "us_allocation": 75
}