{
    "beta": 0.9677677630514967,
    "cagr": 0.07408320952498082,
    "end_val": 34648.96681166254,
    "max_drawdown": -0.5760450529930485,
    "mwrr": 0.07408320952498082,
    "sharpe": 0.2989465627381279,
    "sortino": 0.41378356992455423,
    "std": 0.19876381471258797,
    "ulcer_index": 14.786324000296558,
    "upi": 0.40186663873768397,
    "us_allocation": 59
}