{
    "beta": 0.9532283008472003,
    "cagr": 0.06521391214064098,
    "end_val": 29996.741235436297,
    "max_drawdown": -0.5851823970124663,
    "mwrr": 0.06521391214064098,
    "sharpe": 0.257630086850632,
    "sortino": 0.3561298989754381,
    "std": 0.19842054342231244,
    "ulcer_index": 15.564905598118864,
    "upi": 0.3284326280733622,
    "us_allocation": 45
}