{
    "beta": 0.9976531945303209,
    "cagr": 0.09205953350308071,
    "end_val": 46241.33593238337,
    "max_drawdown": -0.5586911576846694,
    "mwrr": 0.09205953350308071,
    "sharpe": 0.37605717015811396,
    "sortino": 0.5223803305351935,
    "std": 0.2021926588163331,
    "ulcer_index": 13.666906220698474,
    "upi": 0.556369626615741,
    "us_allocation": 88
}