{
    "beta": 0.9302336876211897,
    "cagr": 0.051019088966121284,
    "end_val": 23755.661767749974,
    "max_drawdown": -0.5993249879454196,
    "mwrr": 0.051019088966121284,
    "sharpe": 0.18871354534447946,
    "sortino": 0.26044380658189625,
    "std": 0.19972002000082578,
    "ulcer_index": 17.022394536446175,
    "upi": 0.22141688202927837,
    "us_allocation": 23
}