{
    "beta": 1.0037974910922054,
    "cagr": 0.09571319638812992,
    "end_val": 49006.43917435559,
    "max_drawdown": -0.5557890635006102,
    "mwrr": 0.09571319638812992,
    "sharpe": 0.3903958457744587,
    "sortino": 0.5427769811030502,
    "std": 0.2033317638647086,
    "ulcer_index": 13.542932382535366,
    "upi": 0.5861551963924626,
    "us_allocation": 94
}