{
    "beta": 0.9636210789442163,
    "cagr": 0.07156196655508174,
    "end_val": 33261.61718744622,
    "max_drawdown": -0.5786668836441521,
    "mwrr": 0.07156196655508174,
    "sharpe": 0.28738282080607,
    "sortino": 0.3976191561788806,
    "std": 0.19857531353028138,
    "ulcer_index": 14.997072744908222,
    "upi": 0.38053128697546906,
    "us_allocation": 55
}