{
    "beta": 0.9312827639172553,
    "cagr": 0.051671225574000834,
    "end_val": 24013.268061723047,
    "max_drawdown": -0.5986877349998054,
    "mwrr": 0.051671225574000834,
    "sharpe": 0.19192724464693753,
    "sortino": 0.2648954912643745,
    "std": 0.19961100309644164,
    "ulcer_index": 16.949440867975888,
    "upi": 0.22603337530551992,
    "us_allocation": 24
}