{
    "beta": 0.9291842457560351,
    "cagr": 0.050366287389809195,
    "end_val": 23500.402969787807,
    "max_drawdown": -0.5999617166131376,
    "mwrr": 0.050366287389809195,
    "sharpe": 0.1854937885117463,
    "sortino": 0.2559845199711489,
    "std": 0.1998338518767396,
    "ulcer_index": 17.09592730789196,
    "upi": 0.21682649229673023,
    "us_allocation": 22
}