{
    "beta": 1.0007270007070215,
    "cagr": 0.09388914725409103,
    "end_val": 47607.07491428133,
    "max_drawdown": -0.5572392125933682,
    "mwrr": 0.09388914725409103,
    "sharpe": 0.3832992531253238,
    "sortino": 0.5326721667553961,
    "std": 0.20274465563096883,
    "ulcer_index": 13.60355708330636,
    "upi": 0.5712806986176538,
    "us_allocation": 91
}