{
    "beta": 0.9365226476653716,
    "cagr": 0.054921962904066035,
    "end_val": 25337.121206558088,
    "max_drawdown": -0.5954935687948923,
    "mwrr": 0.054921962904066035,
    "sharpe": 0.20789706916775721,
    "sortino": 0.28703003104102076,
    "std": 0.19913791267459335,
    "ulcer_index": 16.59386846367186,
    "upi": 0.24949518927079956,
    "us_allocation": 29
}