{
    "beta": 0.9511452816948353,
    "cagr": 0.06393655068069082,
    "end_val": 29377.384492453217,
    "max_drawdown": -0.5864788787539532,
    "mwrr": 0.06393655068069082,
    "sharpe": 0.25154602562553807,
    "sortino": 0.3476609490466365,
    "std": 0.19844464963309627,
    "ulcer_index": 15.68537019666452,
    "upi": 0.31825218892685625,
    "us_allocation": 43
}