{
    "beta": 0.959468434520519,
    "cagr": 0.06903047241401095,
    "end_val": 31921.42087060611,
    "max_drawdown": -0.5812797474333716,
    "mwrr": 0.06903047241401095,
    "sharpe": 0.2756209444335725,
    "sortino": 0.3812016322376096,
    "std": 0.19845873474969955,
    "ulcer_index": 15.217417233341683,
    "upi": 0.35946102356470344,
    "us_allocation": 51
}