{
    "beta": 0.9407079354429033,
    "cagr": 0.0575106665477878,
    "end_val": 26440.24903061463,
    "max_drawdown": -0.5929286894079944,
    "mwrr": 0.0575106665477878,
    "sharpe": 0.22054133064910872,
    "sortino": 0.3045723204733045,
    "std": 0.19884539838026818,
    "ulcer_index": 16.32031955649199,
    "upi": 0.2687106655008402,
    "us_allocation": 33
}