{
    "beta": 0.9521869770288788,
    "cagr": 0.06457555567973783,
    "end_val": 29685.6977462418,
    "max_drawdown": -0.5858309116213803,
    "mwrr": 0.06457555567973783,
    "sharpe": 0.25459328451828883,
    "sortino": 0.3519020981972492,
    "std": 0.19843028073507196,
    "ulcer_index": 15.624896897872599,
    "upi": 0.3233308737138734,
    "us_allocation": 44
}