{
    "beta": 0.9935496176252261,
    "cagr": 0.08961136612188891,
    "end_val": 44471.56169677963,
    "max_drawdown": -0.5606298374343697,
    "mwrr": 0.08961136612188891,
    "sharpe": 0.36617724223263604,
    "sortino": 0.5083704332294334,
    "std": 0.2015121488333771,
    "ulcer_index": 13.760855734483945,
    "upi": 0.5362423761993015,
    "us_allocation": 84
}