{
    "beta": 0.9781083956039219,
    "cagr": 0.08034175233456109,
    "end_val": 38332.266176378915,
    "max_drawdown": -0.5694507337897836,
    "mwrr": 0.08034175233456109,
    "sharpe": 0.3269259174686935,
    "sortino": 0.4530095660636962,
    "std": 0.19954376088013587,
    "ulcer_index": 14.294841237951731,
    "upi": 0.456373687213849,
    "us_allocation": 69
}