{
    "beta": 0.9573898782083681,
    "cagr": 0.06776086721941255,
    "end_val": 31268.603671714904,
    "max_drawdown": -0.5825828406732548,
    "mwrr": 0.06776086721941255,
    "sharpe": 0.2696690028248822,
    "sortino": 0.3729021006740838,
    "std": 0.19842768076607595,
    "ulcer_index": 15.330488283249318,
    "upi": 0.3490497818483034,
    "us_allocation": 49
}