{
    "beta": 0.9914956102107151,
    "cagr": 0.0883835510777149,
    "end_val": 43608.20498664797,
    "max_drawdown": -0.5616003415238556,
    "mwrr": 0.0883835510777149,
    "sharpe": 0.36114248920706615,
    "sortino": 0.5012440480344591,
    "std": 0.2011960031485948,
    "ulcer_index": 13.810648235777899,
    "upi": 0.5261355714559494,
    "us_allocation": 82
}