{
    "beta": 1.0099285519825156,
    "cagr": 0.09934466022830923,
    "end_val": 51908.61845519583,
    "max_drawdown": -0.5528942487106138,
    "mwrr": 0.09934466022830923,
    "sharpe": 0.40414808477424474,
    "sortino": 0.5624188831906601,
    "std": 0.20460927040093904,
    "ulcer_index": 13.426998814616125,
    "upi": 0.6158887950638873,
    "us_allocation": 100
}