{
    "beta": 0.9281344387573972,
    "cagr": 0.049712820012262515,
    "end_val": 23247.47444089868,
    "max_drawdown": -0.6005979220606072,
    "mwrr": 0.049712820012262515,
    "sharpe": 0.18226819927621166,
    "sortino": 0.2515179321206326,
    "std": 0.199952504826889,
    "ulcer_index": 17.17001720416026,
    "upi": 0.2122625926469384,
    "us_allocation": 21
}