{
    "beta": 0.9792327259062563,
    "cagr": 0.0814173229364834,
    "end_val": 36090.10184617268,
    "max_drawdown": -0.5426616553315875,
    "mwrr": 0.0814173229364834,
    "sharpe": 0.3378274245657744,
    "sortino": 0.46880901906109074,
    "std": 0.20170354721770808,
    "ulcer_index": 13.016977036666638,
    "upi": 0.5234915840871082,
    "us_allocation": 71
}