{
    "beta": 0.9396273409913459,
    "cagr": 0.055360104786485564,
    "end_val": 24193.603494761825,
    "max_drawdown": -0.5647525318911076,
    "mwrr": 0.055360104786485564,
    "sharpe": 0.21844539120272374,
    "sortino": 0.3019495977006723,
    "std": 0.2001457867567925,
    "ulcer_index": 14.655460985340776,
    "upi": 0.29833308292599764,
    "us_allocation": 35
}