{
    "beta": 0.9988590949325189,
    "cagr": 0.09418688275719189,
    "end_val": 43750.49165337487,
    "max_drawdown": -0.531514067767472,
    "mwrr": 0.09418688275719189,
    "sharpe": 0.39049155630140586,
    "sortino": 0.5433045472794386,
    "std": 0.20460138163489516,
    "ulcer_index": 12.54526775315727,
    "upi": 0.636870802166125,
    "us_allocation": 89
}