{
    "beta": 1.0075445930190468,
    "cagr": 0.09980821577549248,
    "end_val": 47585.39800732114,
    "max_drawdown": -0.5265377252995256,
    "mwrr": 0.09980821577549248,
    "sharpe": 0.4121417622366738,
    "sortino": 0.5741637634889774,
    "std": 0.20630328261022118,
    "ulcer_index": 12.36298117095532,
    "upi": 0.6877655556934895,
    "us_allocation": 97
}