{
    "beta": 0.9363056278183597,
    "cagr": 0.05315669804587597,
    "end_val": 23378.53883555114,
    "max_drawdown": -0.5665811425238766,
    "mwrr": 0.05315669804587597,
    "sharpe": 0.20784262074674736,
    "sortino": 0.28721880277348644,
    "std": 0.20028853765502672,
    "ulcer_index": 14.831871763110255,
    "upi": 0.28067664887335975,
    "us_allocation": 32
}