{
    "beta": 0.9857878368249072,
    "cagr": 0.08569269339863972,
    "end_val": 38502.22885346593,
    "max_drawdown": -0.5389533594238715,
    "mwrr": 0.08569269339863972,
    "sharpe": 0.3559706807617675,
    "sortino": 0.4943925347824139,
    "std": 0.20252145980485878,
    "ulcer_index": 12.845568153096274,
    "upi": 0.5612330899028919,
    "us_allocation": 77
}