{
    "beta": 0.9748554048758028,
    "cagr": 0.07855650896829114,
    "end_val": 34556.0995282878,
    "max_drawdown": -0.5451296489291448,
    "mwrr": 0.07855650896829114,
    "sharpe": 0.3254206520995713,
    "sortino": 0.45135707437133826,
    "std": 0.20124328791263907,
    "ulcer_index": 13.143791448431,
    "upi": 0.4982614806531523,
    "us_allocation": 67
}