{
    "beta": 0.9955961338815006,
    "cagr": 0.0920703619078187,
    "end_val": 42383.32105829437,
    "max_drawdown": -0.5333767281616935,
    "mwrr": 0.0920703619078187,
    "sharpe": 0.38208812594627956,
    "sortino": 0.5313668130876738,
    "std": 0.20402720326074789,
    "ulcer_index": 12.617380957598046,
    "upi": 0.6178649124720494,
    "us_allocation": 86
}