{
    "beta": 0.9660833255657284,
    "cagr": 0.07280932760155379,
    "end_val": 31657.58249768292,
    "max_drawdown": -0.5500555473060514,
    "mwrr": 0.07280932760155379,
    "sharpe": 0.2998985994392702,
    "sortino": 0.41555278531436773,
    "std": 0.20053196652377464,
    "ulcer_index": 13.441544702430342,
    "upi": 0.4474251682984743,
    "us_allocation": 59
}