{
    "beta": 0.9307622088961974,
    "cagr": 0.049473197543246306,
    "end_val": 22073.286927098445,
    "max_drawdown": -0.5696246232375722,
    "mwrr": 0.049473197543246306,
    "sharpe": 0.1900115983649205,
    "sortino": 0.2624699913079792,
    "std": 0.20062333220246478,
    "ulcer_index": 15.137598980746537,
    "upi": 0.25183497458384724,
    "us_allocation": 27
}