{
    "beta": 0.9006735064331549,
    "cagr": 0.02933708753328612,
    "end_val": 16065.977850535139,
    "max_drawdown": -0.5870799046164413,
    "mwrr": 0.02933708753328612,
    "sharpe": 0.09154049998851312,
    "sortino": 0.12621436986081616,
    "std": 0.20456571385079728,
    "ulcer_index": 17.305309083670036,
    "upi": 0.10821257483801466,
    "us_allocation": 0
}