{
    "beta": 0.9605889507722529,
    "cagr": 0.0691999106333121,
    "end_val": 29955.644725640916,
    "max_drawdown": -0.5531274028209564,
    "mwrr": 0.0691999106333121,
    "sharpe": 0.2834959486173946,
    "sortino": 0.3926037427410887,
    "std": 0.2002321644819603,
    "ulcer_index": 13.662069152240058,
    "upi": 0.41550455866354813,
    "us_allocation": 54
}