{
    "beta": 0.9440512174942561,
    "cagr": 0.0582902160674208,
    "end_val": 25318.869423999495,
    "max_drawdown": -0.5623114418087718,
    "mwrr": 0.0582902160674208,
    "sharpe": 0.2324572974838682,
    "sortino": 0.3214346808132378,
    "std": 0.20002266370124955,
    "ulcer_index": 14.428096954593737,
    "upi": 0.32227374137266684,
    "us_allocation": 39
}