{
    "beta": 0.9912404922584401,
    "cagr": 0.08924106185153224,
    "end_val": 40618.312433413455,
    "max_drawdown": -0.5358573327820101,
    "mwrr": 0.08924106185153224,
    "sharpe": 0.37064648809667405,
    "sortino": 0.5151462399799235,
    "std": 0.203317376433289,
    "ulcer_index": 12.715932696744298,
    "upi": 0.5926487603232442,
    "us_allocation": 82
}