{
    "beta": 0.9803261495218367,
    "cagr": 0.08213120281265618,
    "end_val": 36482.739997111814,
    "max_drawdown": -0.5420441314729166,
    "mwrr": 0.08213120281265618,
    "sharpe": 0.34089071852877284,
    "sortino": 0.47312312201093143,
    "std": 0.2018293156509503,
    "ulcer_index": 12.98793202378717,
    "upi": 0.5297498071210729,
    "us_allocation": 72
}