{
    "beta": 0.9274318320663022,
    "cagr": 0.04725636781393905,
    "end_val": 21321.06860771835,
    "max_drawdown": -0.5714481894612374,
    "mwrr": 0.04725636781393905,
    "sharpe": 0.1792278933307041,
    "sortino": 0.24751619898427898,
    "std": 0.20088276720332082,
    "ulcer_index": 15.328283053056797,
    "upi": 0.23489091699385461,
    "us_allocation": 24
}