{
    "beta": 0.9185350517278947,
    "cagr": 0.04131995128358579,
    "end_val": 19423.511574130174,
    "max_drawdown": -0.5763017846409872,
    "mwrr": 0.04131995128358579,
    "sharpe": 0.15021828674593957,
    "sortino": 0.20733215692873527,
    "std": 0.20179133548032024,
    "ulcer_index": 15.867985680487426,
    "upi": 0.1910358373827084,
    "us_allocation": 16
}