{
    "beta": 0.909615511084487,
    "cagr": 0.03534701013484409,
    "end_val": 17675.18137775326,
    "max_drawdown": -0.5816152456010971,
    "mwrr": 0.03534701013484409,
    "sharpe": 0.12094479120837284,
    "sortino": 0.1668390666675675,
    "std": 0.20301805512236729,
    "ulcer_index": 16.523246244479562,
    "upi": 0.14860643683938876,
    "us_allocation": 8
}