{
    "beta": 0.9073821026491377,
    "cagr": 0.03384801476027843,
    "end_val": 17260.21937071347,
    "max_drawdown": -0.5829842655119368,
    "mwrr": 0.03384801476027843,
    "sharpe": 0.11360077613753462,
    "sortino": 0.15668816581447448,
    "std": 0.20337479509834339,
    "ulcer_index": 16.70397206306178,
    "upi": 0.13831516199958668,
    "us_allocation": 6
}