{
    "beta": 0.9539836842718102,
    "cagr": 0.06485076537388079,
    "end_val": 28019.041426032127,
    "max_drawdown": -0.5568066933763245,
    "mwrr": 0.06485076537388079,
    "sharpe": 0.26339067852960096,
    "sortino": 0.3645295321344516,
    "std": 0.2000227391677186,
    "ulcer_index": 13.951106311692842,
    "upi": 0.37764411076701304,
    "us_allocation": 48
}