{
    "beta": 0.9318716144316349,
    "cagr": 0.05021101702179842,
    "end_val": 22329.12311589656,
    "max_drawdown": -0.5690163474622586,
    "mwrr": 0.05021101702179842,
    "sharpe": 0.19359264400008408,
    "sortino": 0.26743801318723787,
    "std": 0.20054663863159922,
    "ulcer_index": 15.075130591559965,
    "upi": 0.2575459092325551,
    "us_allocation": 28
}