{
    "beta": 0.9151928769500952,
    "cagr": 0.03908440270540359,
    "end_val": 18750.955261562744,
    "max_drawdown": -0.5781843471759088,
    "mwrr": 0.03908440270540359,
    "sharpe": 0.13926451811404106,
    "sortino": 0.19217401471828666,
    "std": 0.20221390005888085,
    "ulcer_index": 16.10033253933862,
    "upi": 0.1749153447798143,
    "us_allocation": 13
}