{
    "beta": 0.9473653126119036,
    "cagr": 0.0604820037054381,
    "end_val": 26192.524697481113,
    "max_drawdown": -0.5604784173180367,
    "mwrr": 0.0604820037054381,
    "sharpe": 0.2428643441225113,
    "sortino": 0.33592065891244605,
    "std": 0.19998032212536862,
    "ulcer_index": 14.264202114616836,
    "upi": 0.340498442723829,
    "us_allocation": 42
}