{
    "beta": 0.9879699812298173,
    "cagr": 0.08711361096094672,
    "end_val": 39336.85714664935,
    "max_drawdown": -0.5377155793182649,
    "mwrr": 0.08711361096094672,
    "sharpe": 0.3618902139434215,
    "sortino": 0.5027569388555896,
    "std": 0.2028275076318889,
    "ulcer_index": 12.791903075670566,
    "upi": 0.5738254491275937,
    "us_allocation": 79
}