{
    "beta": 0.9704722740497636,
    "cagr": 0.07568719171294735,
    "end_val": 33079.194981412395,
    "max_drawdown": -0.5475942795872993,
    "mwrr": 0.07568719171294735,
    "sharpe": 0.3127745920037292,
    "sortino": 0.4336006765013552,
    "std": 0.2008523903108118,
    "ulcer_index": 13.281523395202349,
    "upi": 0.4730119178363661,
    "us_allocation": 63
}