{
    "beta": 0.9340893434601667,
    "cagr": 0.05168497527953675,
    "end_val": 22848.57228482452,
    "max_drawdown": -0.5677991653604931,
    "mwrr": 0.05168497527953675,
    "sharpe": 0.2007329632875568,
    "sortino": 0.27734730346846026,
    "std": 0.2004078730171007,
    "ulcer_index": 14.952311435904514,
    "upi": 0.2690522705549071,
    "us_allocation": 30
}