{
    "beta": 0.9726645662330655,
    "cagr": 0.07712291595398924,
    "end_val": 33810.62397595915,
    "max_drawdown": -0.5463623846256477,
    "mwrr": 0.07712291595398924,
    "sharpe": 0.3191269693072478,
    "sortino": 0.4425160956648779,
    "std": 0.20103909841850875,
    "ulcer_index": 13.211726915388688,
    "upi": 0.4856192902084094,
    "us_allocation": 65
}