{
    "beta": 0.971568601894383,
    "cagr": 0.0764053205776054,
    "end_val": 33443.16774273158,
    "max_drawdown": -0.5469784371983298,
    "mwrr": 0.0764053205776054,
    "sharpe": 0.31595804392850135,
    "sortino": 0.438067591266055,
    "std": 0.20094355052020954,
    "ulcer_index": 13.246488632579078,
    "upi": 0.4793074842811918,
    "us_allocation": 64
}