{
    "beta": 0.9084989820869727,
    "cagr": 0.03459780180929006,
    "end_val": 17466.623356355198,
    "max_drawdown": -0.5822999938106082,
    "mwrr": 0.03459780180929006,
    "sharpe": 0.11727367478753575,
    "sortino": 0.1617644788178781,
    "std": 0.20319391496811795,
    "ulcer_index": 16.610885385284742,
    "upi": 0.14345959211695308,
    "us_allocation": 7
}