{
    "beta": 0.9107316889788895,
    "cagr": 0.036095640650081195,
    "end_val": 17885.91253264123,
    "max_drawdown": -0.580930020604909,
    "mwrr": 0.036095640650081195,
    "sharpe": 0.12461386491140829,
    "sortino": 0.1719115788677455,
    "std": 0.20284721123185945,
    "ulcer_index": 16.43705658369295,
    "upi": 0.15378803351565273,
    "us_allocation": 9
}