{
    "beta": 0.9140781097079751,
    "cagr": 0.03833807439438375,
    "end_val": 18531.3378390423,
    "max_drawdown": -0.5788714821080881,
    "mwrr": 0.03833807439438375,
    "sharpe": 0.1356062225680925,
    "sortino": 0.1871132322689385,
    "std": 0.20236472832633318,
    "ulcer_index": 16.18345615200035,
    "upi": 0.16957210511026838,
    "us_allocation": 12
}