{
    "beta": 0.9506761357950008,
    "cagr": 0.062668846643676,
    "end_val": 27092.361467601273,
    "max_drawdown": -0.5586435011738874,
    "mwrr": 0.062668846643676,
    "sharpe": 0.25317739651135235,
    "sortino": 0.3502883266230939,
    "std": 0.1999804657479581,
    "ulcer_index": 14.105230784446672,
    "upi": 0.3589582206657569,
    "us_allocation": 45
}