{
    "beta": 1.0053753577861038,
    "cagr": 0.09840597034224174,
    "end_val": 46600.28236031484,
    "max_drawdown": -0.5277830720187886,
    "mwrr": 0.09840597034224174,
    "sharpe": 0.4068336409378254,
    "sortino": 0.5665832471862782,
    "std": 0.20585488930781268,
    "ulcer_index": 12.407603357102841,
    "upi": 0.6749957857147371,
    "us_allocation": 95
}