{
    "beta": 0.919648399233703,
    "cagr": 0.04206399162656793,
    "end_val": 19652.33194027508,
    "max_drawdown": -0.5756958208865125,
    "mwrr": 0.04206399162656793,
    "sharpe": 0.1538616372015964,
    "sortino": 0.21237565818004567,
    "std": 0.20166043382115062,
    "ulcer_index": 15.794241524628926,
    "upi": 0.19645523972607262,
    "us_allocation": 17
}