{
    "beta": 1.0010326114292307,
    "cagr": 0.0955953085642276,
    "end_val": 44683.09797772495,
    "max_drawdown": -0.5302712432527606,
    "mwrr": 0.0955953085642276,
    "sharpe": 0.3960081543803331,
    "sortino": 0.5511530506963809,
    "std": 0.20500377497845176,
    "ulcer_index": 12.498463668332741,
    "upi": 0.6495616440330106,
    "us_allocation": 91
}