{
    "beta": 0.916307290063879,
    "cagr": 0.03983015770128717,
    "end_val": 18972.84337982082,
    "max_drawdown": -0.5775130815987974,
    "mwrr": 0.03983015770128717,
    "sharpe": 0.14291946746363018,
    "sortino": 0.19723099945703587,
    "std": 0.2020680624116897,
    "ulcer_index": 16.019052712369096,
    "upi": 0.1802866321212158,
    "us_allocation": 14
}