{
    "beta": 0.9693755825898771,
    "cagr": 0.0749685286741193,
    "end_val": 32718.67774985471,
    "max_drawdown": -0.5482099117925565,
    "mwrr": 0.0749685286741193,
    "sharpe": 0.3095767649733643,
    "sortino": 0.42911552293027083,
    "std": 0.20076563492629984,
    "ulcer_index": 13.316825021706027,
    "upi": 0.46673304992982456,
    "us_allocation": 62
}