{
    "beta": 0.9999460320612946,
    "cagr": 0.09489135406771387,
    "end_val": 44214.657029486014,
    "max_drawdown": -0.5308927606019729,
    "mwrr": 0.09489135406771387,
    "sharpe": 0.39325846511622015,
    "sortino": 0.5472398605483949,
    "std": 0.2048006310099753,
    "ulcer_index": 12.521523442465236,
    "upi": 0.6432254807861488,
    "us_allocation": 90
}