{
    "beta": 0.973760167184342,
    "cagr": 0.07783997852454538,
    "end_val": 34181.59180339318,
    "max_drawdown": -0.5457461218692524,
    "mwrr": 0.07783997852454538,
    "sharpe": 0.32228122018236854,
    "sortino": 0.4469460057417659,
    "std": 0.20113901670398282,
    "ulcer_index": 13.177463188462498,
    "upi": 0.4919386908128905,
    "us_allocation": 66
}