{
    "beta": 0.9495728918067634,
    "cagr": 0.06194044713733682,
    "end_val": 26789.46625054165,
    "max_drawdown": -0.5592553500723164,
    "mwrr": 0.06194044713733682,
    "sharpe": 0.2497505171641167,
    "sortino": 0.3455127399221377,
    "std": 0.1999757188590851,
    "ulcer_index": 14.157686771681707,
    "upi": 0.3527791890366283,
    "us_allocation": 44
}