{
    "beta": 0.9429457926470782,
    "cagr": 0.057558517778853124,
    "end_val": 25033.356645818458,
    "max_drawdown": -0.5629220296049243,
    "mwrr": 0.057558517778853124,
    "sharpe": 0.22896842279062488,
    "sortino": 0.316581078477496,
    "std": 0.20004627748440038,
    "ulcer_index": 14.48403482591088,
    "upi": 0.3162482160192099,
    "us_allocation": 38
}