{
    "beta": 0.9329806593873098,
    "cagr": 0.050948275994128434,
    "end_val": 22587.544190372013,
    "max_drawdown": -0.5684078615032325,
    "mwrr": 0.050948275994128434,
    "sharpe": 0.19716651434216886,
    "sortino": 0.272397218958257,
    "std": 0.20047482209694825,
    "ulcer_index": 15.013412710789954,
    "upi": 0.26328437337842664,
    "us_allocation": 29
}