{
    "beta": 0.9945077626432568,
    "cagr": 0.0913638172923017,
    "end_val": 41935.93107062752,
    "max_drawdown": -0.5339971945923409,
    "mwrr": 0.0913638172923017,
    "sharpe": 0.37925296942640463,
    "sortino": 0.5273439510314599,
    "std": 0.2038437340687392,
    "ulcer_index": 12.641706544185565,
    "upi": 0.6115497655524195,
    "us_allocation": 85
}