{
    "beta": 0.9351976663618173,
    "cagr": 0.05242111569313579,
    "end_val": 23112.229686340594,
    "max_drawdown": -0.5671902590340414,
    "mwrr": 0.05242111569313579,
    "sharpe": 0.20429174635104713,
    "sortino": 0.28228793786172185,
    "std": 0.2003457815622278,
    "ulcer_index": 14.891782717274722,
    "upi": 0.27485007688274266,
    "us_allocation": 31
}