{
    "beta": 0.9029110944523996,
    "cagr": 0.030843060899354624,
    "end_val": 16455.76659545824,
    "max_drawdown": -0.5857165927977201,
    "mwrr": 0.030843060899354624,
    "sharpe": 0.09889655776897327,
    "sortino": 0.13637285868175342,
    "std": 0.20414859657164294,
    "ulcer_index": 17.094227854577262,
    "upi": 0.11811066212687271,
    "us_allocation": 2
}