{
    "beta": 0.9825119100100478,
    "cagr": 0.08355737884933845,
    "end_val": 37279.18657834685,
    "max_drawdown": -0.5408084532044363,
    "mwrr": 0.08355737884933845,
    "sharpe": 0.3469703529056302,
    "sortino": 0.4816915823549065,
    "std": 0.20209356880976215,
    "ulcer_index": 12.930430043095708,
    "upi": 0.542304553094293,
    "us_allocation": 74
}