{
    "beta": 0.951779015919101,
    "cagr": 0.06339669901833922,
    "end_val": 27398.239151081903,
    "max_drawdown": -0.5580314420917455,
    "mwrr": 0.06339669901833922,
    "sharpe": 0.25659318843585804,
    "sortino": 0.3550498581739759,
    "std": 0.19998989387346328,
    "ulcer_index": 14.053320830050618,
    "upi": 0.36516219348312823,
    "us_allocation": 46
}