{
    "beta": 1.002118833356178,
    "cagr": 0.09629874684557893,
    "end_val": 45155.8475896099,
    "max_drawdown": -0.5296495157198366,
    "mwrr": 0.09629874684557893,
    "sharpe": 0.39874056783728423,
    "sortino": 0.5550440477121169,
    "std": 0.20521079321469476,
    "ulcer_index": 12.475547237760692,
    "upi": 0.6559066143718791,
    "us_allocation": 92
}