{
    "beta": 1.0097124067024867,
    "cagr": 0.10120841046773177,
    "end_val": 48588.559813321204,
    "max_drawdown": -0.5252915378454113,
    "mwrr": 0.10120841046773177,
    "sharpe": 0.4173797110949303,
    "sortino": 0.5816537403898151,
    "std": 0.20676668010361401,
    "ulcer_index": 12.319010489938963,
    "upi": 0.7005624871656989,
    "us_allocation": 99
}