{
    "beta": 0.9934190321449671,
    "cagr": 0.09065675282303753,
    "end_val": 41492.65420161547,
    "max_drawdown": -0.534617450839277,
    "mwrr": 0.09065675282303753,
    "sharpe": 0.37640092578417617,
    "sortino": 0.523299490727475,
    "std": 0.2036642599805628,
    "ulcer_index": 12.666186677479084,
    "upi": 0.6052444219864302,
    "us_allocation": 84
}