{
    "beta": 0.9836042472665806,
    "cagr": 0.08426967631758053,
    "end_val": 37683.05438121024,
    "max_drawdown": -0.540190298794628,
    "mwrr": 0.08426967631758053,
    "sharpe": 0.34998645775682335,
    "sortino": 0.48594562633776933,
    "std": 0.20223201640251134,
    "ulcer_index": 12.901924601477662,
    "upi": 0.5486027687214824,
    "us_allocation": 75
}