{
    "beta": 0.9528815321003782,
    "cagr": 0.06412400501258775,
    "end_val": 27707.124136697857,
    "max_drawdown": -0.5574191728258912,
    "mwrr": 0.06412400501258775,
    "sharpe": 0.25999768436701276,
    "sortino": 0.359797005820194,
    "std": 0.20000398962386798,
    "ulcer_index": 14.00194378433209,
    "upi": 0.37139102432786153,
    "us_allocation": 47
}