{
    "beta": 0.9868790895586744,
    "cagr": 0.08640341429961462,
    "end_val": 38917.59602734237,
    "max_drawdown": -0.5383345744629248,
    "mwrr": 0.08640341429961462,
    "sharpe": 0.35893858485719066,
    "sortino": 0.49858512702005264,
    "std": 0.20267241771507374,
    "ulcer_index": 12.817647738001652,
    "upi": 0.5675678058563333,
    "us_allocation": 78
}