{
    "beta": 0.9846962228008476,
    "cagr": 0.08498144761878179,
    "end_val": 38090.725087148516,
    "max_drawdown": -0.5395719342011062,
    "mwrr": 0.08498144761878179,
    "sharpe": 0.3529866033155622,
    "sortino": 0.49017932112848517,
    "std": 0.2023746530304148,
    "ulcer_index": 12.873642128373545,
    "upi": 0.5549121497017043,
    "us_allocation": 76
}