{
    "beta": 0.9583886519185175,
    "cagr": 0.06775236530672757,
    "end_val": 29297.539501455023,
    "max_drawdown": -0.5543546737409296,
    "mwrr": 0.06775236530672757,
    "sharpe": 0.2768436228521888,
    "sortino": 0.3833083681829502,
    "std": 0.20014399109806194,
    "ulcer_index": 13.756069136753798,
    "upi": 0.40280449859069895,
    "us_allocation": 52
}