{
    "beta": 0.9252097841826155,
    "cagr": 0.045775663585481574,
    "end_val": 20832.11516779293,
    "max_drawdown": -0.5726628493584506,
    "mwrr": 0.045775663585481574,
    "sharpe": 0.17200745753315863,
    "sortino": 0.23750874937080094,
    "std": 0.20108027346308935,
    "ulcer_index": 15.458215331453578,
    "upi": 0.22375297371413227,
    "us_allocation": 22
}