{
    "beta": 0.9129629889049479,
    "cagr": 0.037591171878501806,
    "end_val": 18313.971320920562,
    "max_drawdown": -0.5795581391374417,
    "mwrr": 0.037591171878501806,
    "sharpe": 0.1319448413685679,
    "sortino": 0.18204899975363412,
    "std": 0.20252055277645126,
    "ulcer_index": 16.267243121180435,
    "upi": 0.1642702021760286,
    "us_allocation": 11
}