{
    "beta": 0.9418400048267531,
    "cagr": 0.05682626699148474,
    "end_val": 24750.657062919778,
    "max_drawdown": -0.5635324072173652,
    "mwrr": 0.05682626699148474,
    "sharpe": 0.2254699939734147,
    "sortino": 0.31171548213069034,
    "std": 0.20007466144433725,
    "ulcer_index": 14.540657220803968,
    "upi": 0.3102475639893909,
    "us_allocation": 37
}