{
    "beta": 0.9296524430989345,
    "cagr": 0.048734816734960384,
    "end_val": 21820.01364170919,
    "max_drawdown": -0.5702326888291729,
    "mwrr": 0.048734816734960384,
    "sharpe": 0.18642362507990032,
    "sortino": 0.2574934720235691,
    "std": 0.20070491214170266,
    "ulcer_index": 15.20061897707118,
    "upi": 0.24615527974529888,
    "us_allocation": 26
}