{
    "beta": 0.9561868963744922,
    "cagr": 0.06630265216854303,
    "end_val": 28652.073756223777,
    "max_drawdown": -0.5555811039260532,
    "mwrr": 0.06630265216854303,
    "sharpe": 0.27014135275261575,
    "sortino": 0.37394963530802705,
    "std": 0.2000741432261757,
    "ulcer_index": 13.852331313209989,
    "upi": 0.3901851663186169,
    "us_allocation": 50
}