{
    "beta": 0.9901506823330933,
    "cagr": 0.08853243410564127,
    "end_val": 40187.18433140387,
    "max_drawdown": -0.5364769584778082,
    "mwrr": 0.08853243410564127,
    "sharpe": 0.3677442583061478,
    "sortino": 0.5110376218304092,
    "std": 0.2031500063992207,
    "ulcer_index": 12.74109866178867,
    "upi": 0.5863637266981298,
    "us_allocation": 81
}