{
    "beta": 0.9017924734607731,
    "cagr": 0.030090366368046295,
    "end_val": 16259.851076998288,
    "max_drawdown": -0.5863984861279633,
    "mwrr": 0.030090366368046295,
    "sharpe": 0.09521864285580059,
    "sortino": 0.13129339137049714,
    "std": 0.20435463460697842,
    "ulcer_index": 17.197150142127573,
    "upi": 0.11315167520392173,
    "us_allocation": 1
}