{
    "beta": 0.9218740251137987,
    "cagr": 0.04355036377368893,
    "end_val": 20117.047007885412,
    "max_drawdown": -0.5744832628264259,
    "mwrr": 0.04355036377368893,
    "sharpe": 0.1611349247748479,
    "sortino": 0.22244680704403155,
    "std": 0.2014135212943799,
    "ulcer_index": 15.657158679030342,
    "upi": 0.2072892253896968,
    "us_allocation": 19
}