{
    "beta": 0.9484692840449007,
    "cagr": 0.061211499744234565,
    "end_val": 26489.528829274983,
    "max_drawdown": -0.5598669887870332,
    "mwrr": 0.061211499744234565,
    "sharpe": 0.24631276170444,
    "sortino": 0.3407234210821182,
    "std": 0.19997566659647822,
    "ulcer_index": 14.210678163412183,
    "upi": 0.3466257769524215,
    "us_allocation": 43
}