{
    "beta": 0.9451562792033926,
    "cagr": 0.059021362635675256,
    "end_val": 25607.21909389548,
    "max_drawdown": -0.5617006438289054,
    "mwrr": 0.059021362635675256,
    "sharpe": 0.2359363915950857,
    "sortino": 0.32627599707126687,
    "std": 0.2000038080833176,
    "ulcer_index": 14.3729082265008,
    "upi": 0.32832211064609945,
    "us_allocation": 40
}