{
    "beta": 1.0064601532757391,
    "cagr": 0.09910734969166968,
    "end_val": 47090.601598411995,
    "max_drawdown": -0.5271605037510139,
    "mwrr": 0.09910734969166968,
    "sharpe": 0.40949645525859596,
    "sortino": 0.5703847775554669,
    "std": 0.20607720009657826,
    "ulcer_index": 12.385219358121445,
    "upi": 0.6813767061142421,
    "us_allocation": 96
}