{
    "beta": 0.9174213485001808,
    "cagr": 0.040575340267162474,
    "end_val": 19197.02212605442,
    "max_drawdown": -0.5769075382117483,
    "mwrr": 0.040575340267162474,
    "sharpe": 0.14657081032499564,
    "sortino": 0.20228382889242136,
    "std": 0.20192720957286675,
    "ulcer_index": 15.94318948951579,
    "upi": 0.18564293831712014,
    "us_allocation": 15
}