{
    "beta": 0.9374132275701689,
    "cagr": 0.05389172314456614,
    "end_val": 23647.52232738924,
    "max_drawdown": -0.5659718158300002,
    "mwrr": 0.05389172314456614,
    "sharpe": 0.21138534546706708,
    "sortino": 0.2921395801759094,
    "std": 0.20023613097175735,
    "ulcer_index": 14.772495373883489,
    "upi": 0.28653323658402513,
    "us_allocation": 33
}