{
    "beta": 0.904029368621631,
    "cagr": 0.03159517206939921,
    "end_val": 16653.74269503307,
    "max_drawdown": -0.5850342243485156,
    "mwrr": 0.03159517206939921,
    "sharpe": 0.10257398713544495,
    "sortino": 0.14145243834107044,
    "std": 0.2039475968507379,
    "ulcer_index": 16.992079717899845,
    "upi": 0.123117655481636,
    "us_allocation": 3
}