{
    "beta": 0.996684146145911,
    "cagr": 0.09277638728365445,
    "end_val": 42834.85625751078,
    "max_drawdown": -0.5327560515473313,
    "mwrr": 0.09277638728365445,
    "sharpe": 0.3849063219652503,
    "sortino": 0.5353679367122356,
    "std": 0.2042146476159632,
    "ulcer_index": 12.59319869274085,
    "upi": 0.6241902595014839,
    "us_allocation": 87
}