{
    "beta": 0.9285423173728651,
    "cagr": 0.0479958737691939,
    "end_val": 21569.28142873782,
    "max_drawdown": -0.5708405442370619,
    "mwrr": 0.0479958737691939,
    "sharpe": 0.18282897324392797,
    "sortino": 0.2525087704556305,
    "std": 0.20079138753147668,
    "ulcer_index": 15.264182584016744,
    "upi": 0.24050716241965248,
    "us_allocation": 25
}