{
    "beta": 0.9923299421074084,
    "cagr": 0.08994916788286922,
    "end_val": 41053.45855561535,
    "max_drawdown": -0.5352374969024998,
    "mwrr": 0.08994916788286922,
    "sharpe": 0.3735320718847986,
    "sortino": 0.5192335610664245,
    "std": 0.20348880084861326,
    "ulcer_index": 12.690950178821515,
    "upi": 0.5989429596618681,
    "us_allocation": 83
}