{
    "beta": 0.9572879562286558,
    "cagr": 0.06702778007800303,
    "end_val": 28973.239636637896,
    "max_drawdown": -0.5549679939253478,
    "mwrr": 0.06702778007800303,
    "sharpe": 0.27349863572502164,
    "sortino": 0.3786367969378272,
    "std": 0.20010676900176824,
    "ulcer_index": 13.803908086115783,
    "upi": 0.396484734856325,
    "us_allocation": 51
}