{
    "beta": 0.9229863025482038,
    "cagr": 0.04429269730736807,
    "end_val": 20352.98286021861,
    "max_drawdown": -0.5738766685208134,
    "mwrr": 0.04429269730736807,
    "sharpe": 0.16476434576564006,
    "sortino": 0.2274737692763306,
    "std": 0.20129749654291978,
    "ulcer_index": 15.59031881520629,
    "upi": 0.2127443378734566,
    "us_allocation": 20
}