{
    "beta": 0.9407338542111591,
    "cagr": 0.056093462922850446,
    "end_val": 24470.747138529376,
    "max_drawdown": -0.5641425746460926,
    "mwrr": 0.056093462922850446,
    "sharpe": 0.22196223978469953,
    "sortino": 0.3068382140598567,
    "std": 0.2001078273561589,
    "ulcer_index": 14.597801847285211,
    "upi": 0.30427570572612583,
    "us_allocation": 36
}