{
    "beta": 0.975950279443988,
    "cagr": 0.07927250796083163,
    "end_val": 34934.17563565875,
    "max_drawdown": -0.5445129658053244,
    "mwrr": 0.07927250796083163,
    "sharpe": 0.3285451241229819,
    "sortino": 0.45574909614580894,
    "std": 0.20135189442173376,
    "ulcer_index": 13.110759674352986,
    "upi": 0.5045849995423712,
    "us_allocation": 68
}