{
    "beta": 0.9550854723778957,
    "cagr": 0.06557698084589414,
    "end_val": 28334.01618731804,
    "max_drawdown": -0.5561940037430447,
    "mwrr": 0.06557698084589414,
    "sharpe": 0.26677196799859143,
    "sortino": 0.3692471448972693,
    "std": 0.2000461284563024,
    "ulcer_index": 13.901314323599463,
    "upi": 0.38390703581447233,
    "us_allocation": 49
}