{
    "beta": 1.0042902061987518,
    "cagr": 0.09770407714320517,
    "end_val": 46114.40618222775,
    "max_drawdown": -0.52840543010285,
    "mwrr": 0.09770407714320517,
    "sharpe": 0.40415335904353206,
    "sortino": 0.5627592360191055,
    "std": 0.20563637086231992,
    "ulcer_index": 12.430119490027153,
    "upi": 0.6686236963234375,
    "us_allocation": 94
}