{
    "beta": 0.9682785274147051,
    "cagr": 0.07424933077175999,
    "end_val": 32361.5882852595,
    "max_drawdown": -0.5488253338141008,
    "mwrr": 0.07424933077175999,
    "sharpe": 0.30636471773902785,
    "sortino": 0.4246123284075218,
    "std": 0.20068330133347242,
    "ulcer_index": 13.357715788027502,
    "upi": 0.4602876368247898,
    "us_allocation": 61
}