{
    "beta": 1.0107957813754274,
    "cagr": 0.10190774022959315,
    "end_val": 49096.99446704385,
    "max_drawdown": -0.5246681288427876,
    "mwrr": 0.10190774022959315,
    "sharpe": 0.41997228934691455,
    "sortino": 0.5853645688917101,
    "std": 0.20700395362228907,
    "ulcer_index": 12.29723593116122,
    "upi": 0.7069725611832514,
    "us_allocation": 100
}