{
    "beta": 1.0086286773734818,
    "cagr": 0.10050856917478956,
    "end_val": 48084.7059041855,
    "max_drawdown": -0.5259147366643253,
    "mwrr": 0.10050856917478956,
    "sharpe": 0.41476952531055117,
    "sortino": 0.5779201153200298,
    "std": 0.20653311618264517,
    "ulcer_index": 12.34092698907024,
    "upi": 0.6941600182001533,
    "us_allocation": 98
}