{
    "beta": 0.9638866678936522,
    "cagr": 0.07136717661739223,
    "end_val": 30966.95907277215,
    "max_drawdown": -0.5512849200631512,
    "mwrr": 0.07136717661739223,
    "sharpe": 0.2933775446355923,
    "sortino": 0.406423851283574,
    "std": 0.2003985181042302,
    "ulcer_index": 13.527489274667964,
    "upi": 0.43462602941322154,
    "us_allocation": 57
}