{
    "beta": 0.9118475151269922,
    "cagr": 0.036843694263403615,
    "end_val": 18098.83605602843,
    "max_drawdown": -0.5802443185433331,
    "mwrr": 0.036843694263403615,
    "sharpe": 0.1282806352219132,
    "sortino": 0.17698166615877792,
    "std": 0.2026813787229677,
    "ulcer_index": 16.351693993499246,
    "upi": 0.15900962339063562,
    "us_allocation": 10
}