{
    "beta": 0.9051472952033972,
    "cagr": 0.03234670081545232,
    "end_val": 16853.79779782903,
    "max_drawdown": -0.5843513805029382,
    "mwrr": 0.03234670081545232,
    "sharpe": 0.10625067267005181,
    "sortino": 0.14653178498151323,
    "std": 0.20375163231521115,
    "ulcer_index": 16.892297587168173,
    "upi": 0.12816077660252892,
    "us_allocation": 4
}