{
    "beta": 0.9781389398008096,
    "cagr": 0.08070291427777043,
    "end_val": 35701.14785154676,
    "max_drawdown": -0.5432789690065456,
    "mwrr": 0.08070291427777043,
    "sharpe": 0.33474864243071467,
    "sortino": 0.4644752154581049,
    "std": 0.20158204207784428,
    "ulcer_index": 13.047634153883994,
    "upi": 0.5171902306577802,
    "us_allocation": 70
}