{
    "beta": 0.9977717997296076,
    "cagr": 0.09348189403080154,
    "end_val": 43290.56895924778,
    "max_drawdown": -0.532135164749258,
    "mwrr": 0.09348189403080154,
    "sharpe": 0.3877074875717427,
    "sortino": 0.5393472092455229,
    "std": 0.2044060471092869,
    "ulcer_index": 12.56915892118594,
    "upi": 0.6305257067341346,
    "us_allocation": 88
}