{
    "beta": 0.9594889834331122,
    "cagr": 0.06847640858347237,
    "end_val": 29624.999193364943,
    "max_drawdown": -0.5537411433727993,
    "mwrr": 0.06847640858347237,
    "sharpe": 0.2801761231215985,
    "sortino": 0.38796409578153174,
    "std": 0.20018579462333191,
    "ulcer_index": 13.708787331626354,
    "upi": 0.4091446877536027,
    "us_allocation": 53
}