{
    "beta": 0.9207613905218284,
    "cagr": 0.04280746216760112,
    "end_val": 19883.503583809856,
    "max_drawdown": -0.5750896469483252,
    "mwrr": 0.04280746216760112,
    "sharpe": 0.157500602680663,
    "sortino": 0.2174139898636781,
    "std": 0.20153449803114545,
    "ulcer_index": 15.724510558736267,
    "upi": 0.20186723925433547,
    "us_allocation": 18
}