{
    "beta": 0.9385204653717092,
    "cagr": 0.05462619179190176,
    "end_val": 23919.20291185203,
    "max_drawdown": -0.5653622789524103,
    "mwrr": 0.05462619179190176,
    "sharpe": 0.21491968135893116,
    "sortino": 0.29704995132749384,
    "std": 0.20018855094338023,
    "ulcer_index": 14.713662550792998,
    "upi": 0.29241940345180534,
    "us_allocation": 34
}