{
    "beta": 0.9627877929764227,
    "cagr": 0.07064529393430519,
    "end_val": 30626.598222050532,
    "max_drawdown": -0.551899291166132,
    "mwrr": 0.07064529393430519,
    "sharpe": 0.29009683936013275,
    "sortino": 0.4018338391202801,
    "std": 0.20033854181466731,
    "ulcer_index": 13.571146879996006,
    "upi": 0.4282550733674731,
    "us_allocation": 56
}