{
    "beta": 1.0032046981684484,
    "cagr": 0.0970016695076168,
    "end_val": 45632.93915886132,
    "max_drawdown": -0.5290275780032001,
    "mwrr": 0.0970016695076168,
    "sharpe": 0.4014556525840451,
    "sortino": 0.5589128020768016,
    "std": 0.20542166532721037,
    "ulcer_index": 12.452764047154822,
    "upi": 0.6622607745016726,
    "us_allocation": 93
}