{
    "beta": 0.9616885539463809,
    "cagr": 0.06992287217766435,
    "end_val": 30289.502282931426,
    "max_drawdown": -0.5525134520854004,
    "mwrr": 0.06992287217766435,
    "sharpe": 0.2868029145620321,
    "sortino": 0.3972270646261097,
    "std": 0.20028308537731102,
    "ulcer_index": 13.615919344628301,
    "upi": 0.42188339408936293,
    "us_allocation": 55
}