{
    "beta": 0.9062648734536657,
    "cagr": 0.03309764806990145,
    "end_val": 17055.950459650947,
    "max_drawdown": -0.5836680609833608,
    "mwrr": 0.03309764806990145,
    "sharpe": 0.10992635547764544,
    "sortino": 0.1516104825623259,
    "std": 0.2035606995992051,
    "ulcer_index": 16.79778222808308,
    "upi": 0.1332155467003356,
    "us_allocation": 5
}