{
    "beta": 0.9240982223804667,
    "cagr": 0.045034463626736576,
    "end_val": 20591.331933831607,
    "max_drawdown": -0.5732698640314883,
    "mwrr": 0.045034463626736576,
    "sharpe": 0.16838860871109942,
    "sortino": 0.2324945306346243,
    "std": 0.20118641645663035,
    "ulcer_index": 15.52399720934163,
    "upi": 0.21823239443854323,
    "us_allocation": 21
}