{
    "beta": 0.9770447910342906,
    "cagr": 0.0799879761743798,
    "end_val": 35315.848793091456,
    "max_drawdown": -0.5438960724977913,
    "mwrr": 0.0799879761743798,
    "sharpe": 0.3316544988513241,
    "sortino": 0.4601218669794366,
    "std": 0.20146481845332503,
    "ulcer_index": 13.079096025601123,
    "upi": 0.510879897339524,
    "us_allocation": 69
}