{
    "beta": 0.9890605120736625,
    "cagr": 0.08782328401867234,
    "end_val": 39760.04294076706,
    "max_drawdown": -0.5370963739898929,
    "mwrr": 0.08782328401867234,
    "sharpe": 0.3648254699334418,
    "sortino": 0.5069078201247673,
    "std": 0.20298671031149657,
    "ulcer_index": 12.766422674920735,
    "upi": 0.5800892134939297,
    "us_allocation": 80
}