{
    "beta": 0.9263209875430427,
    "cagr": 0.04651629803290258,
    "end_val": 21075.353647958895,
    "max_drawdown": -0.5720556245017002,
    "mwrr": 0.04651629803290258,
    "sharpe": 0.17562063710341727,
    "sortino": 0.2425160854018687,
    "std": 0.20097905973760083,
    "ulcer_index": 15.392969566324213,
    "upi": 0.22930598315601727,
    "us_allocation": 23
}