{
    "beta": 0.9671811084336659,
    "cagr": 0.07352959731302144,
    "end_val": 32007.89900337226,
    "max_drawdown": -0.5494405456519325,
    "mwrr": 0.07352959731302144,
    "sharpe": 0.30313860864263,
    "sortino": 0.42009133830510514,
    "std": 0.20060540632654225,
    "ulcer_index": 13.399261332391672,
    "upi": 0.4538523210499415,
    "us_allocation": 60
}