{
    "beta": 0.981419210827147,
    "cagr": 0.08284455456510464,
    "end_val": 36879.09171031394,
    "max_drawdown": -0.541426397430533,
    "mwrr": 0.08284455456510464,
    "sharpe": 0.34393840116629193,
    "sortino": 0.4774173567623582,
    "std": 0.20195932901488098,
    "ulcer_index": 12.959094897577224,
    "upi": 0.5360203666832587,
    "us_allocation": 73
}