{
    "beta": 0.964985178739565,
    "cagr": 0.07208852093748241,
    "end_val": 31310.61153862374,
    "max_drawdown": -0.5506703387764584,
    "mwrr": 0.07208852093748241,
    "sharpe": 0.2966448552705978,
    "sortino": 0.41099689130876627,
    "std": 0.20046299836417775,
    "ulcer_index": 13.484288826300677,
    "upi": 0.44101620174473277,
    "us_allocation": 58
}