{
    "beta": 0.9462609776224186,
    "cagr": 0.059751958258147386,
    "end_val": 25898.429512367846,
    "max_drawdown": -0.5610896356653277,
    "mwrr": 0.059751958258147386,
    "sharpe": 0.23940548102970488,
    "sortino": 0.3311047501488966,
    "std": 0.1999896983843667,
    "ulcer_index": 14.318261627420416,
    "upi": 0.3343974905114426,
    "us_allocation": 41
}