{
    "beta": 0.9767193764926457,
    "cagr": 0.12097294968965167,
    "end_val": 58011.466362717925,
    "max_drawdown": -0.3446378060904671,
    "mwrr": 0.12097294968965167,
    "sharpe": 0.5813510202649924,
    "sortino": 0.8116838973959724,
    "std": 0.1795123995069999,
    "ulcer_index": 7.519313040087899,
    "upi": 1.387905788278337,
    "us_allocation": 69
}