{
    "beta": 0.9598905345387205,
    "cagr": 0.11316458955472863,
    "end_val": 52092.91609102857,
    "max_drawdown": -0.34334317037260975,
    "mwrr": 0.11316458955472863,
    "sharpe": 0.5468071580884885,
    "sortino": 0.7619734196999138,
    "std": 0.17804923534385292,
    "ulcer_index": 7.809115171159519,
    "upi": 1.246744597995638,
    "us_allocation": 58
}