{
    "beta": 0.991914620696655,
    "cagr": 0.12801186163076106,
    "end_val": 63880.08629908874,
    "max_drawdown": -0.3462974827216737,
    "mwrr": 0.12801186163076106,
    "sharpe": 0.6102890237597604,
    "sortino": 0.8536963849404701,
    "std": 0.18127383645835504,
    "ulcer_index": 7.364031839918023,
    "upi": 1.5023131213690433,
    "us_allocation": 79
}