{
    "beta": 0.9258579454128533,
    "cagr": 0.09733782474934571,
    "end_val": 41786.601924695875,
    "max_drawdown": -0.3437620233700787,
    "mwrr": 0.09733782474934571,
    "sharpe": 0.46982095505052696,
    "sortino": 0.6523945690475871,
    "std": 0.1766986213644227,
    "ulcer_index": 8.641288140613007,
    "upi": 0.9607080383849198,
    "us_allocation": 36
}