{
    "beta": 0.9413907620330347,
    "cagr": 0.10456689629849447,
    "end_val": 46231.543254008255,
    "max_drawdown": -0.34269502924790957,
    "mwrr": 0.10456689629849447,
    "sharpe": 0.5060449622345906,
    "sortino": 0.7037893893057791,
    "std": 0.1770454104795768,
    "ulcer_index": 8.220728105574793,
    "upi": 1.0898536541042838,
    "us_allocation": 46
}