{
    "beta": 1.0024942040422011,
    "cagr": 0.13290572962006686,
    "end_val": 68282.53168894249,
    "max_drawdown": -0.34744846500695387,
    "mwrr": 0.13290572962006686,
    "sharpe": 0.6291178069216933,
    "sortino": 0.8812510546313533,
    "std": 0.18274095680291647,
    "ulcer_index": 7.301934670358007,
    "upi": 1.574473860516744,
    "us_allocation": 86
}