{
    "beta": 1.004001806071032,
    "cagr": 0.13360262695443748,
    "end_val": 68932.04244826983,
    "max_drawdown": -0.34761217270951594,
    "mwrr": 0.13360262695443748,
    "sharpe": 0.6317111709645006,
    "sortino": 0.8850617735781976,
    "std": 0.1829658166744475,
    "ulcer_index": 7.293907491785059,
    "upi": 1.584651629326123,
    "us_allocation": 87
}