{
    "beta": 0.8881263573811734,
    "cagr": 0.07974405159948272,
    "end_val": 32581.558898014682,
    "max_drawdown": -0.34633477639930743,
    "mwrr": 0.07974405159948272,
    "sharpe": 0.3759753826392586,
    "sortino": 0.5203378379023564,
    "std": 0.1777502943398253,
    "ulcer_index": 9.909614616313783,
    "upi": 0.6743982010603774,
    "us_allocation": 12
}