{
    "beta": 0.9460297904012387,
    "cagr": 0.10672416612694824,
    "end_val": 47641.29899145911,
    "max_drawdown": -0.34251184207142216,
    "mwrr": 0.10672416612694824,
    "sharpe": 0.5165234188399782,
    "sortino": 0.7187072132952709,
    "std": 0.17723704298833892,
    "ulcer_index": 8.106324676798877,
    "upi": 1.1293415249395184,
    "us_allocation": 49
}