{
    "beta": 0.9336378092078444,
    "cagr": 0.10095972937117503,
    "end_val": 43961.09550001139,
    "max_drawdown": -0.34322816112441873,
    "mwrr": 0.10095972937117503,
    "sharpe": 0.48817511788900925,
    "sortino": 0.6784019959226785,
    "std": 0.17681545705848817,
    "ulcer_index": 8.423360118281087,
    "upi": 1.024743172926535,
    "us_allocation": 41
}