{
    "beta": 0.9211769334403984,
    "cagr": 0.09515756321169011,
    "end_val": 40526.564943373975,
    "max_drawdown": -0.3440826919192834,
    "mwrr": 0.09515756321169011,
    "sharpe": 0.45858795901083566,
    "sortino": 0.6365098157643905,
    "std": 0.17668339554885887,
    "ulcer_index": 8.77902687557179,
    "upi": 0.9229459479463533,
    "us_allocation": 33
}