{
    "beta": 0.9164859876130927,
    "cagr": 0.09297193366415035,
    "end_val": 39299.153571490184,
    "max_drawdown": -0.34440362426710475,
    "mwrr": 0.09297193366415035,
    "sharpe": 0.4471977886761325,
    "sortino": 0.6204270076179195,
    "std": 0.17670965642392264,
    "ulcer_index": 8.921220806146037,
    "upi": 0.88580839895602,
    "us_allocation": 30
}