{
    "beta": 0.9690849482670546,
    "cagr": 0.11743226471304835,
    "end_val": 55253.82482031416,
    "max_drawdown": -0.3438937579047597,
    "mwrr": 0.11743226471304835,
    "sharpe": 0.5659952361264466,
    "sortino": 0.7895319856462425,
    "std": 0.17878438739015093,
    "ulcer_index": 7.640335081958204,
    "upi": 1.3244486318570439,
    "us_allocation": 64
}