{
    "beta": 0.9858481675413998,
    "cagr": 0.12520305813646693,
    "end_val": 61474.70217950811,
    "max_drawdown": -0.3456358016372632,
    "mwrr": 0.12520305813646693,
    "sharpe": 0.5990002898642312,
    "sortino": 0.8372620983058284,
    "std": 0.18052120368907976,
    "ulcer_index": 7.416214645881655,
    "upi": 1.4580698576033417,
    "us_allocation": 75
}