{
    "beta": 1.0085190254450094,
    "cagr": 0.13568999388816283,
    "end_val": 70912.20969549188,
    "max_drawdown": -0.3481022247719624,
    "mwrr": 0.13568999388816283,
    "sharpe": 0.6393466641997719,
    "sortino": 0.8963046847997674,
    "std": 0.1836628625787491,
    "ulcer_index": 7.27100934855174,
    "upi": 1.6149854665066101,
    "us_allocation": 90
}