{
    "beta": 0.936742196115247,
    "cagr": 0.10240435872874021,
    "end_val": 44857.56925994539,
    "max_drawdown": -0.34301482081348517,
    "mwrr": 0.10240435872874021,
    "sharpe": 0.49538270311027466,
    "sortino": 0.6886335782752798,
    "std": 0.17689394710835304,
    "ulcer_index": 8.340742176430258,
    "upi": 1.0506394703305637,
    "us_allocation": 43
}