{
    "beta": 0.919614393219578,
    "cagr": 0.09442961765743729,
    "end_val": 40113.83742607236,
    "max_drawdown": -0.3441896400415293,
    "mwrr": 0.09442961765743729,
    "sharpe": 0.45480835506756573,
    "sortino": 0.6311703972609207,
    "std": 0.17668752708151877,
    "ulcer_index": 8.82594697274218,
    "upi": 0.9104943150061164,
    "us_allocation": 32
}