{
    "beta": 0.952200478880273,
    "cagr": 0.10959236996781563,
    "end_val": 49577.948940476745,
    "max_drawdown": -0.34288213217591407,
    "mwrr": 0.10959236996781563,
    "sharpe": 0.5302000392595045,
    "sortino": 0.7382167153852437,
    "std": 0.17755440964859173,
    "ulcer_index": 7.966669751217102,
    "upi": 1.1816783916764753,
    "us_allocation": 53
}