{
    "beta": 0.9289731472689101,
    "cagr": 0.09878836194981555,
    "end_val": 42645.10150365621,
    "max_drawdown": -0.34354839073148785,
    "mwrr": 0.09878836194981555,
    "sharpe": 0.47721894277902865,
    "sortino": 0.662869442455779,
    "std": 0.17673168962249175,
    "ulcer_index": 8.551924780497728,
    "upi": 0.986217413266535,
    "us_allocation": 38
}