{
    "beta": 0.9964544075684968,
    "cagr": 0.13011258047585805,
    "end_val": 65736.30124585322,
    "max_drawdown": -0.3467918413013894,
    "mwrr": 0.13011258047585805,
    "sharpe": 0.6185031496782195,
    "sortino": 0.8656938659615208,
    "std": 0.18187949702125247,
    "ulcer_index": 7.33613009410113,
    "upi": 1.5334305491288998,
    "us_allocation": 82
}