{
    "beta": 0.9070739168865615,
    "cagr": 0.08858447374301148,
    "end_val": 36939.4294545634,
    "max_drawdown": -0.34504628166175794,
    "mwrr": 0.08858447374301148,
    "sharpe": 0.423974688786434,
    "sortino": 0.5877074099572035,
    "std": 0.17688758318593287,
    "ulcer_index": 9.219447720108796,
    "upi": 0.8134601762773185,
    "us_allocation": 24
}