{
    "beta": 1.013027924997678,
    "cagr": 0.1377723872166936,
    "end_val": 72940.5574152345,
    "max_drawdown": -0.34859067638786717,
    "mwrr": 0.1377723872166936,
    "sharpe": 0.6467656645349719,
    "sortino": 0.9072636795530002,
    "std": 0.18439318130145532,
    "ulcer_index": 7.252825694774193,
    "upi": 1.6443345035972798,
    "us_allocation": 93
}