{
    "beta": 0.9629593887139642,
    "cagr": 0.11458944230909363,
    "end_val": 53128.94677328702,
    "max_drawdown": -0.3435270207816801,
    "mwrr": 0.11458944230909363,
    "sharpe": 0.5532941453440727,
    "sortino": 0.7712760630998788,
    "std": 0.17827730083713805,
    "ulcer_index": 7.750273963612617,
    "upi": 1.272741301908202,
    "us_allocation": 60
}