{
    "beta": 0.9660241849087231,
    "cagr": 0.11601199864750633,
    "end_val": 54182.502520409544,
    "max_drawdown": -0.3437105496781831,
    "mwrr": 0.11601199864750633,
    "sharpe": 0.5596904845215199,
    "sortino": 0.7804627499630444,
    "std": 0.17852239547541954,
    "ulcer_index": 7.694384459975135,
    "upi": 1.2985894202596893,
    "us_allocation": 62
}