{
    "beta": 0.8722072434437135,
    "cagr": 0.07230932945508539,
    "end_val": 29293.801175597415,
    "max_drawdown": -0.3540168909201294,
    "mwrr": 0.07230932945508539,
    "sharpe": 0.3347132269610843,
    "sortino": 0.4626643191593524,
    "std": 0.17899011713557741,
    "ulcer_index": 10.651499982633043,
    "upi": 0.5624632368912511,
    "us_allocation": 2
}