{
    "beta": 0.9491172212776336,
    "cagr": 0.10815943047000443,
    "end_val": 48601.38965996921,
    "max_drawdown": -0.3426971497942736,
    "mwrr": 0.10815943047000443,
    "sharpe": 0.5234044125850029,
    "sortino": 0.7285169883630693,
    "std": 0.17738693622682314,
    "ulcer_index": 8.03483485905924,
    "upi": 1.1555450797935285,
    "us_allocation": 51
}