{
    "beta": 0.8897117193273765,
    "cagr": 0.08048411878300876,
    "end_val": 32927.05550322018,
    "max_drawdown": -0.346227239517693,
    "mwrr": 0.08048411878300876,
    "sharpe": 0.3800449398582337,
    "sortino": 0.5260374576179034,
    "std": 0.17765242168653417,
    "ulcer_index": 9.845267777010802,
    "upi": 0.6857755960934521,
    "us_allocation": 13
}