{
    "beta": 0.8976209677242216,
    "cagr": 0.08417524759501616,
    "end_val": 34701.98622037729,
    "max_drawdown": -0.34568999816572504,
    "mwrr": 0.08417524759501616,
    "sharpe": 0.4002122452815208,
    "sortino": 0.554315444944271,
    "std": 0.17723404676130058,
    "ulcer_index": 9.534978858039274,
    "upi": 0.7439118465751957,
    "us_allocation": 18
}