{
    "beta": 1.0160292738937908,
    "cagr": 0.1391578951097696,
    "end_val": 74320.02337779215,
    "max_drawdown": -0.3489154255290346,
    "mwrr": 0.1391578951097696,
    "sharpe": 0.6515917707460964,
    "sortino": 0.914412330938166,
    "std": 0.18489827243137014,
    "ulcer_index": 7.241582554165046,
    "upi": 1.6637212804985515,
    "us_allocation": 95
}