{
    "beta": 0.9274160913338173,
    "cagr": 0.09806338981715368,
    "end_val": 42213.98657605565,
    "max_drawdown": -0.34365519241938347,
    "mwrr": 0.09806338981715368,
    "sharpe": 0.4735291793054793,
    "sortino": 0.6576437576953069,
    "std": 0.17671287058284302,
    "ulcer_index": 8.596357209593808,
    "upi": 0.9734303326701215,
    "us_allocation": 37
}