{
    "beta": 0.883363179784918,
    "cagr": 0.07752014951849184,
    "end_val": 31563.6287958125,
    "max_drawdown": -0.3466575644859134,
    "mwrr": 0.07752014951849184,
    "sharpe": 0.36370030321047986,
    "sortino": 0.5031588627911394,
    "std": 0.17807236681774646,
    "ulcer_index": 10.105922560579785,
    "upi": 0.6408664367401464,
    "us_allocation": 9
}