{
    "beta": 0.8738045706942726,
    "cagr": 0.07305560277535639,
    "end_val": 29609.234914394037,
    "max_drawdown": -0.35262042151874645,
    "mwrr": 0.07305560277535639,
    "sharpe": 0.33888084088918147,
    "sortino": 0.46848005753406224,
    "std": 0.17884474857341068,
    "ulcer_index": 10.561495759274358,
    "upi": 0.5738532039877094,
    "us_allocation": 3
}