{
    "beta": 0.9812881703472037,
    "cagr": 0.1230905469530148,
    "end_val": 59721.69617837121,
    "max_drawdown": -0.34513762811656085,
    "mwrr": 0.1230905469530148,
    "sharpe": 0.5902825434274048,
    "sortino": 0.8246109813399931,
    "std": 0.17999858383932235,
    "ulcer_index": 7.462823890651325,
    "upi": 1.4237415275957015,
    "us_allocation": 72
}