{
    "beta": 0.9398423042049219,
    "cagr": 0.10384663685296203,
    "end_val": 45769.61335384437,
    "max_drawdown": -0.34280159726563236,
    "mwrr": 0.10384663685296203,
    "sharpe": 0.5025110350310188,
    "sortino": 0.6987634445348284,
    "std": 0.17699044216750873,
    "ulcer_index": 8.260210241531041,
    "upi": 1.0767353614654047,
    "us_allocation": 45
}