{
    "beta": 0.8690089320162446,
    "cagr": 0.07081490306458682,
    "end_val": 28671.56251180126,
    "max_drawdown": -0.35680426839360074,
    "mwrr": 0.07081490306458682,
    "sharpe": 0.32635441213910704,
    "sortino": 0.45100681193334663,
    "std": 0.17929511899668685,
    "ulcer_index": 10.839233731183722,
    "upi": 0.5398365284944978,
    "us_allocation": 0
}