{
    "beta": 0.8754006841601237,
    "cagr": 0.07380125089853684,
    "end_val": 29927.57412353373,
    "max_drawdown": -0.3512220968063667,
    "mwrr": 0.07380125089853684,
    "sharpe": 0.34304014426220625,
    "sortino": 0.4742865175248618,
    "std": 0.17870413492730358,
    "ulcer_index": 10.474840516380365,
    "upi": 0.5852416215239173,
    "us_allocation": 4
}