{
    "beta": 0.8991993310320023,
    "cagr": 0.08491163872585239,
    "end_val": 35066.62731728836,
    "max_drawdown": -0.34558263842137826,
    "mwrr": 0.08491163872585239,
    "sharpe": 0.40420739936602834,
    "sortino": 0.5599239147946766,
    "std": 0.17716454098551804,
    "ulcer_index": 9.481282030857228,
    "upi": 0.755296933224115,
    "us_allocation": 19
}