{
    "beta": 0.953740550813901,
    "cagr": 0.11030796991184921,
    "end_val": 50072.47625593106,
    "max_drawdown": -0.3429745016314106,
    "mwrr": 0.11030796991184921,
    "sharpe": 0.5335654235733461,
    "sortino": 0.7430247291194656,
    "std": 0.17764470278855887,
    "ulcer_index": 7.933572600202408,
    "upi": 1.1947472971750417,
    "us_allocation": 54
}