{
    "beta": 0.947574029126273,
    "cagr": 0.10744208930860477,
    "end_val": 48119.30006335392,
    "max_drawdown": -0.3426045366541196,
    "mwrr": 0.10744208930860477,
    "sharpe": 0.5199745007012747,
    "sortino": 0.7236257311474702,
    "std": 0.17730978497628613,
    "ulcer_index": 8.070314599626792,
    "upi": 1.1424286663868266,
    "us_allocation": 50
}