{
    "beta": 0.9227383699079548,
    "cagr": 0.09588491232343999,
    "end_val": 40942.91743388598,
    "max_drawdown": -0.3439757731079909,
    "mwrr": 0.09588491232343999,
    "sharpe": 0.4623500963258099,
    "sortino": 0.6418272316762045,
    "std": 0.176683873844518,
    "ulcer_index": 8.732603673391528,
    "upi": 0.9354668712121317,
    "us_allocation": 34
}