{
    "beta": 1.0175285815868367,
    "cagr": 0.1398498247135358,
    "end_val": 75018.0328555597,
    "max_drawdown": -0.34907753538472597,
    "mwrr": 0.1398498247135358,
    "sharpe": 0.6539689677133509,
    "sortino": 0.9179394770705699,
    "std": 0.1851562197810401,
    "ulcer_index": 7.2362099129821855,
    "upi": 1.673362031109853,
    "us_allocation": 96
}