{
    "beta": 0.9429381601411637,
    "cagr": 0.10528657044225898,
    "end_val": 46697.44880503005,
    "max_drawdown": -0.34258849038502837,
    "mwrr": 0.10528657044225898,
    "sharpe": 0.5095584635631231,
    "sortino": 0.7087888132500707,
    "std": 0.1771048422014238,
    "ulcer_index": 8.181767809512737,
    "upi": 1.1030165391877391,
    "us_allocation": 47
}