{
    "beta": 0.970613825443833,
    "cagr": 0.11814154079624117,
    "end_val": 55796.22456860299,
    "max_drawdown": -0.34398524202934666,
    "mwrr": 0.11814154079624117,
    "sharpe": 0.5691129962590661,
    "sortino": 0.7940222611947426,
    "std": 0.17892167775744108,
    "ulcer_index": 7.613921607763028,
    "upi": 1.3373905311849512,
    "us_allocation": 65
}