{
    "beta": 0.9828091427820647,
    "cagr": 0.12379528150031804,
    "end_val": 60301.23600585555,
    "max_drawdown": -0.3453038687208712,
    "mwrr": 0.12379528150031804,
    "sharpe": 0.593212290087586,
    "sortino": 0.8288587951513761,
    "std": 0.1801687666689047,
    "ulcer_index": 7.446693207236629,
    "upi": 1.4352630995021651,
    "us_allocation": 73
}