{
    "beta": 0.938292783341372,
    "cagr": 0.10312579127476251,
    "end_val": 45311.63125621093,
    "max_drawdown": -0.3429081944501655,
    "mwrr": 0.10312579127476251,
    "sharpe": 0.49895688072663674,
    "sortino": 0.6937113796411786,
    "std": 0.17693995016456668,
    "ulcer_index": 8.300219598369875,
    "upi": 1.0636627814109496,
    "us_allocation": 44
}