{
    "beta": 0.9086454132378798,
    "cagr": 0.08931722320003299,
    "end_val": 37324.08030241538,
    "max_drawdown": -0.3449390986173629,
    "mwrr": 0.08931722320003299,
    "sharpe": 0.4278843542697943,
    "sortino": 0.5932095135254911,
    "std": 0.1768462643242991,
    "ulcer_index": 9.168540136630003,
    "upi": 0.8253270315207598,
    "us_allocation": 25
}