{
    "beta": 0.9117850138135277,
    "cagr": 0.09078091200157457,
    "end_val": 38103.67041576794,
    "max_drawdown": -0.3447248207391989,
    "mwrr": 0.09078091200157457,
    "sharpe": 0.43565755482661,
    "sortino": 0.6041561635181846,
    "std": 0.17677764629047743,
    "ulcer_index": 9.068040523180535,
    "upi": 0.8493040295610566,
    "us_allocation": 27
}