{
    "beta": 0.9133531251513998,
    "cagr": 0.09151185318302435,
    "end_val": 38498.65980121697,
    "max_drawdown": -0.3446177258812354,
    "mwrr": 0.09151185318302435,
    "sharpe": 0.4395205207890875,
    "sortino": 0.6096000484818394,
    "std": 0.17675033248422584,
    "ulcer_index": 9.018462211773528,
    "upi": 0.8614121322549434,
    "us_allocation": 28
}