{
    "beta": 1.0115258781456098,
    "cagr": 0.1370788076273297,
    "end_val": 72259.02992863055,
    "max_drawdown": -0.3484280365257283,
    "mwrr": 0.1370788076273297,
    "sharpe": 0.6443166767095375,
    "sortino": 0.9036421665472528,
    "std": 0.18414607878316502,
    "ulcer_index": 7.258709248603129,
    "upi": 1.6345869779811104,
    "us_allocation": 92
}