{
    "beta": 0.9614254704520587,
    "cagr": 0.11387730337028712,
    "end_val": 52608.755795786026,
    "max_drawdown": -0.3434351358189961,
    "mwrr": 0.11387730337028712,
    "sharpe": 0.5500619206789306,
    "sortino": 0.7666391385572776,
    "std": 0.1781611313316647,
    "ulcer_index": 7.779478785184241,
    "upi": 1.2597346798760212,
    "us_allocation": 59
}