{
    "beta": 0.972141703764103,
    "cagr": 0.11885024658682686,
    "end_val": 56343.15763477264,
    "max_drawdown": -0.3441363273628191,
    "mwrr": 0.11885024658682686,
    "sharpe": 0.5722075457013065,
    "sortino": 0.7984828322644791,
    "std": 0.17906314158228437,
    "ulcer_index": 7.588353479077531,
    "upi": 1.3502600809007472,
    "us_allocation": 66
}