{
    "beta": 0.9149201152431944,
    "cagr": 0.09224219343499152,
    "end_val": 38897.14571720718,
    "max_drawdown": -0.344510660394564,
    "mwrr": 0.09224219343499152,
    "sharpe": 0.44336735718255055,
    "sortino": 0.6150237806749859,
    "std": 0.17672767188770336,
    "ulcer_index": 8.96957251583706,
    "upi": 0.8735758944525918,
    "us_allocation": 29
}