{
    "beta": 0.9949420967873245,
    "cagr": 0.12941289982002013,
    "end_val": 65112.527564819145,
    "max_drawdown": -0.34662723567770304,
    "mwrr": 0.12941289982002013,
    "sharpe": 0.6157891966302328,
    "sortino": 0.8617260963809571,
    "std": 0.18167372646406785,
    "ulcer_index": 7.345207795731466,
    "upi": 1.5230899934575615,
    "us_allocation": 81
}