{
    "beta": 0.8769955877153252,
    "cagr": 0.07454627485746879,
    "end_val": 30248.840862107187,
    "max_drawdown": -0.3498219156318446,
    "mwrr": 0.07454627485746879,
    "sharpe": 0.3471908018300702,
    "sortino": 0.48008294882536406,
    "std": 0.17856827582515997,
    "ulcer_index": 10.39653618727934,
    "upi": 0.5963304254701495,
    "us_allocation": 5
}