{
    "beta": 0.8865398159817973,
    "cagr": 0.07900336832200794,
    "end_val": 32239.170955898997,
    "max_drawdown": -0.34644234284641817,
    "mwrr": 0.07900336832200794,
    "sharpe": 0.37189454087363144,
    "sortino": 0.5146245759288619,
    "std": 0.17785290758317196,
    "ulcer_index": 9.97442062288496,
    "upi": 0.6631266484091657,
    "us_allocation": 11
}