{
    "beta": 1.014529055970778,
    "cagr": 0.13846541616028563,
    "end_val": 73627.54342593171,
    "max_drawdown": -0.34875313929275453,
    "mwrr": 0.13846541616028563,
    "sharpe": 0.649190683419209,
    "sortino": 0.9108537485172291,
    "std": 0.18464391938583313,
    "ulcer_index": 7.2471231492481545,
    "upi": 1.6540447415973412,
    "us_allocation": 94
}