{
    "beta": 0.9994761892923709,
    "cagr": 0.13151026837138025,
    "end_val": 66999.12188171741,
    "max_drawdown": -0.3471205123216543,
    "mwrr": 0.13151026837138025,
    "sharpe": 0.6238587206241217,
    "sortino": 0.8735351988808276,
    "std": 0.18230259104268273,
    "ulcer_index": 7.3185939358901635,
    "upi": 1.554021207635807,
    "us_allocation": 84
}