{
    "beta": 0.8912959055621296,
    "cagr": 0.08122357085780307,
    "end_val": 33275.68400280829,
    "max_drawdown": -0.34611973218938685,
    "mwrr": 0.08122357085780307,
    "sharpe": 0.38410289003948495,
    "sortino": 0.5317230064847447,
    "std": 0.1775592864911507,
    "ulcer_index": 9.781406269397175,
    "upi": 0.6972574828205664,
    "us_allocation": 14
}