{
    "beta": 0.9903994494828676,
    "cagr": 0.12731050270225652,
    "end_val": 63271.35233082127,
    "max_drawdown": -0.3461323347947592,
    "mwrr": 0.12731050270225652,
    "sharpe": 0.6075028452884106,
    "sortino": 0.8496345301261177,
    "std": 0.1810797559595856,
    "ulcer_index": 7.373944319590433,
    "upi": 1.491845266283436,
    "us_allocation": 78
}