{
    "beta": 1.007014213894499,
    "cagr": 0.13499475841851383,
    "end_val": 70246.8469497262,
    "max_drawdown": -0.34793905229989247,
    "mwrr": 0.13499475841851383,
    "sharpe": 0.636825584458387,
    "sortino": 0.8925885962052479,
    "std": 0.1834267898038663,
    "ulcer_index": 7.278441044519442,
    "upi": 1.6049091697260998,
    "us_allocation": 89
}