{
    "beta": 0.918050745772394,
    "cagr": 0.09370107477250911,
    "end_val": 39704.708911752605,
    "max_drawdown": -0.3442966174867823,
    "mwrr": 0.09370107477250911,
    "sharpe": 0.4510115438056095,
    "sortino": 0.6258093402173799,
    "std": 0.17669627771454383,
    "ulcer_index": 8.873345262223802,
    "upi": 0.8981148300467179,
    "us_allocation": 31
}