{
    "beta": 0.9007765407826069,
    "cagr": 0.08564742055255459,
    "end_val": 35434.54249642961,
    "max_drawdown": -0.3454753081573537,
    "mwrr": 0.08564742055255459,
    "sharpe": 0.4081890590706177,
    "sortino": 0.565515685774118,
    "std": 0.17709974733990635,
    "ulcer_index": 9.428013665330473,
    "upi": 0.7667660276680668,
    "us_allocation": 20
}