{
    "beta": 0.9506593701133749,
    "cagr": 0.1088761904211224,
    "end_val": 49087.596372127795,
    "max_drawdown": -0.3427896815991723,
    "mwrr": 0.1088761904211224,
    "sharpe": 0.5268129813932547,
    "sortino": 0.7333807293033221,
    "std": 0.17746848258333284,
    "ulcer_index": 8.000251355182241,
    "upi": 1.168635123448679,
    "us_allocation": 52
}