{
    "beta": 0.9444845018331389,
    "cagr": 0.10600566011092427,
    "end_val": 47167.35800284918,
    "max_drawdown": -0.342481980665026,
    "mwrr": 0.10600566011092427,
    "sharpe": 0.5130513453026146,
    "sortino": 0.7137615389522387,
    "std": 0.17716872417527615,
    "ulcer_index": 8.143330456171505,
    "upi": 1.1162220037045956,
    "us_allocation": 48
}