{
    "beta": 0.8785892852188513,
    "cagr": 0.07529067567957437,
    "end_val": 30573.057317591396,
    "max_drawdown": -0.34841987684386744,
    "mwrr": 0.07529067567957437,
    "sharpe": 0.35133247924098016,
    "sortino": 0.48586884563430366,
    "std": 0.17843717059298767,
    "ulcer_index": 10.318744461040293,
    "upi": 0.6075470793615214,
    "us_allocation": 6
}