{
    "beta": 1.019026981861344,
    "cagr": 0.14054120561671835,
    "end_val": 75721.60761203547,
    "max_drawdown": -0.34923946914722054,
    "mwrr": 0.14054120561671835,
    "sharpe": 0.6563223192624468,
    "sortino": 0.9214352192581484,
    "std": 0.185417740729897,
    "ulcer_index": 7.231028022466827,
    "upi": 1.6829609622324013,
    "us_allocation": 97
}