{
    "beta": 1.0009856660828973,
    "cagr": 0.13220827698520177,
    "end_val": 67638.23619663813,
    "max_drawdown": -0.34728457830890924,
    "mwrr": 0.13220827698520177,
    "sharpe": 0.626500324934646,
    "sortino": 0.877408830791825,
    "std": 0.1825198749145335,
    "ulcer_index": 7.310156450497537,
    "upi": 1.5642649161578945,
    "us_allocation": 85
}