{
    "beta": 0.9751944762081118,
    "cagr": 0.12026595028864273,
    "end_val": 57450.74741311926,
    "max_drawdown": -0.34447083099884696,
    "mwrr": 0.12026595028864273,
    "sharpe": 0.578326643421172,
    "sortino": 0.8073138415745909,
    "std": 0.17935852006275788,
    "ulcer_index": 7.540331665989132,
    "upi": 1.375656502039564,
    "us_allocation": 68
}