{
    "beta": 0.9797662205122685,
    "cagr": 0.12238524728816746,
    "end_val": 59146.90915448287,
    "max_drawdown": -0.34497120434542944,
    "mwrr": 0.12238524728816746,
    "sharpe": 0.5873290404127423,
    "sortino": 0.8203324961823244,
    "std": 0.17983244950103816,
    "ulcer_index": 7.4792518395905985,
    "upi": 1.412201528919026,
    "us_allocation": 71
}