{
    "beta": 0.9934288354791762,
    "cagr": 0.12871266043691532,
    "end_val": 64493.80034018394,
    "max_drawdown": -0.346462449583451,
    "mwrr": 0.12871266043691532,
    "sharpe": 0.6130511485507578,
    "sortino": 0.8577269380196579,
    "std": 0.18147183309915124,
    "ulcer_index": 7.35451965914465,
    "upi": 1.5127148515127966,
    "us_allocation": 80
}