{
    "beta": 0.8817730774319468,
    "cagr": 0.07677761199607214,
    "end_val": 31230.428773911633,
    "max_drawdown": -0.3467652197027068,
    "mwrr": 0.07677761199607214,
    "sharpe": 0.35958756145231746,
    "sortino": 0.49740726302728755,
    "std": 0.17818921752436231,
    "ulcer_index": 10.17290835530971,
    "upi": 0.6298602546582153,
    "us_allocation": 8
}