{
    "beta": 1.0055084750609773,
    "cagr": 0.13429896966336674,
    "end_val": 69586.80272881585,
    "max_drawdown": -0.3477757017096802,
    "mwrr": 0.13429896966336674,
    "sharpe": 0.6342804257997221,
    "sortino": 0.8888409491300422,
    "std": 0.18319443440894317,
    "ulcer_index": 7.286072659172934,
    "upi": 1.5947978246704304,
    "us_allocation": 88
}