{
    "beta": 0.9552795891386949,
    "cagr": 0.11102299105092017,
    "end_val": 50571.2073601127,
    "max_drawdown": -0.34306679007238516,
    "mwrr": 0.11102299105092017,
    "sharpe": 0.5369089769993547,
    "sortino": 0.7478045431208458,
    "std": 0.177739347136233,
    "ulcer_index": 7.900962689744578,
    "upi": 1.2078393605990057,
    "us_allocation": 55
}