{
    "beta": 0.9644922924834193,
    "cagr": 0.11530100714489055,
    "end_val": 53653.51897856489,
    "max_drawdown": -0.34361882536626803,
    "mwrr": 0.11530100714489055,
    "sharpe": 0.5565037066574997,
    "sortino": 0.7758840014798092,
    "std": 0.1783977276799369,
    "ulcer_index": 7.722003518302293,
    "upi": 1.285678778055761,
    "us_allocation": 61
}