{
    "beta": 0.9843291408417826,
    "cagr": 0.12449945165453435,
    "end_val": 60885.56062409321,
    "max_drawdown": -0.3454699264605852,
    "mwrr": 0.12449945165453435,
    "sharpe": 0.5961182230134874,
    "sortino": 0.8330758884386847,
    "std": 0.18034297949809325,
    "ulcer_index": 7.430904548692679,
    "upi": 1.4467560554633174,
    "us_allocation": 74
}