{
    "beta": 1.0205244775200808,
    "cagr": 0.1412320384612087,
    "end_val": 76430.78356845566,
    "max_drawdown": -0.34940122710328697,
    "mwrr": 0.1412320384612087,
    "sharpe": 0.6586518740039349,
    "sortino": 0.9248995420566055,
    "std": 0.1856828145292056,
    "ulcer_index": 7.2261083739747844,
    "upi": 1.692500504872195,
    "us_allocation": 98
}