{
    "beta": 0.9583545778042183,
    "cagr": 0.11245130008473803,
    "end_val": 51581.39785730311,
    "max_drawdown": -0.3432511243367283,
    "mwrr": 0.11245130008473803,
    "sharpe": 0.5435299883314503,
    "sortino": 0.7572790263099894,
    "std": 0.17794162884548181,
    "ulcer_index": 7.839175556307011,
    "upi": 1.2337741765236843,
    "us_allocation": 57
}