{
    "beta": 0.9023526006198953,
    "cagr": 0.08638259402505422,
    "end_val": 35805.75592677425,
    "max_drawdown": -0.34536800736151096,
    "mwrr": 0.08638259402505422,
    "sharpe": 0.41215691891371165,
    "sortino": 0.5710903272545119,
    "std": 0.1770396605136255,
    "ulcer_index": 9.375178570434095,
    "upi": 0.7783186182668473,
    "us_allocation": 21
}