{
    "beta": 0.9782432902423807,
    "cagr": 0.12167938177765181,
    "end_val": 58576.843105888314,
    "max_drawdown": -0.3448045971045845,
    "mwrr": 0.12167938177765181,
    "sharpe": 0.5843518435014126,
    "sortino": 0.816023445182604,
    "std": 0.17967038199503468,
    "ulcer_index": 7.498580655074418,
    "upi": 1.4001582483338861,
    "us_allocation": 70
}