{
    "beta": 0.9039275141741046,
    "cagr": 0.08711716008836157,
    "end_val": 36180.29191309811,
    "max_drawdown": -0.3452607360217141,
    "mwrr": 0.08711716008836157,
    "sharpe": 0.41611067632261667,
    "sortino": 0.5766474364585895,
    "std": 0.17698427488518642,
    "ulcer_index": 9.32280405416818,
    "upi": 0.7899522281476103,
    "us_allocation": 22
}