{
    "beta": 0.89604144720168,
    "cagr": 0.08343824620516327,
    "end_val": 34340.595172064,
    "max_drawdown": -0.3457973874025412,
    "mwrr": 0.08343824620516327,
    "sharpe": 0.39620390509248077,
    "sortino": 0.5486906879018099,
    "std": 0.17730826966703922,
    "ulcer_index": 9.592349450909342,
    "upi": 0.7323629965091106,
    "us_allocation": 17
}