{
    "beta": 1.023516766158367,
    "cagr": 0.14261206252558156,
    "end_val": 77866.0836105341,
    "max_drawdown": -0.3497242167400993,
    "mwrr": 0.14261206252558156,
    "sharpe": 0.6632398054169646,
    "sortino": 0.9317339658874314,
    "std": 0.1862235374898025,
    "ulcer_index": 7.216806946684502,
    "upi": 1.7114559098741438,
    "us_allocation": 100
}