{
    "beta": 0.8849520913732017,
    "cagr": 0.07826206796020241,
    "end_val": 31899.868577682122,
    "max_drawdown": -0.34654993887121943,
    "mwrr": 0.07826206796020241,
    "sharpe": 0.3678027389873337,
    "sortino": 0.5088981068450074,
    "std": 0.17796026423842354,
    "ulcer_index": 10.03968126939109,
    "upi": 0.6519607017824579,
    "us_allocation": 10
}