{
    "beta": 1.0100229125768982,
    "cagr": 0.13638467673723986,
    "end_val": 71582.92571634105,
    "max_drawdown": -0.34826521941706146,
    "mwrr": 0.13638467673723986,
    "sharpe": 0.6418436864449992,
    "sortino": 0.8999891951076573,
    "std": 0.18390263237957943,
    "ulcer_index": 7.264764495975116,
    "upi": 1.6248050409189334,
    "us_allocation": 91
}