{
    "beta": 0.8801817805146916,
    "cagr": 0.07603445438688383,
    "end_val": 30900.245806312145,
    "max_drawdown": -0.34701597929094746,
    "mwrr": 0.07603445438688383,
    "sharpe": 0.3554648431704913,
    "sortino": 0.49164377488109756,
    "std": 0.17831081825342068,
    "ulcer_index": 10.241481937988878,
    "upi": 0.6188918366293089,
    "us_allocation": 7
}