{
    "beta": 0.9320840028132021,
    "cagr": 0.10023653086782014,
    "end_val": 43518.629065819594,
    "max_drawdown": -0.3433348750960174,
    "mwrr": 0.10023653086782014,
    "sharpe": 0.4845421424944023,
    "sortino": 0.6732488513868865,
    "std": 0.1767829940026763,
    "ulcer_index": 8.465555592021891,
    "upi": 1.0118615085899962,
    "us_allocation": 40
}