{
    "beta": 0.9242987060827641,
    "cagr": 0.09661166587629877,
    "end_val": 41362.92100959397,
    "max_drawdown": -0.34386888359560314,
    "mwrr": 0.09661166587629877,
    "sharpe": 0.46609451192991913,
    "sortino": 0.6471222692773303,
    "std": 0.17668895240238963,
    "ulcer_index": 8.686705688717923,
    "upi": 0.9480529844078834,
    "us_allocation": 35
}