{
    "beta": 1.0220210713572142,
    "cagr": 0.1419223238856766,
    "end_val": 77145.5968148739,
    "max_drawdown": -0.3495628095390715,
    "mwrr": 0.1419223238856766,
    "sharpe": 0.6609576841451781,
    "sortino": 0.9283324533069318,
    "std": 0.18595142039053428,
    "ulcer_index": 7.221365722085848,
    "upi": 1.701999615531708,
    "us_allocation": 99
}