{
    "beta": 0.9675550691275606,
    "cagr": 0.11672241758287227,
    "end_val": 54715.9276617954,
    "max_drawdown": -0.3438021938226619,
    "mwrr": 0.11672241758287227,
    "sharpe": 0.5628543641633128,
    "sortino": 0.7850121216866455,
    "std": 0.17865128763893365,
    "ulcer_index": 7.66716000365024,
    "upi": 1.311513599664403,
    "us_allocation": 63
}