{
    "beta": 0.9102157776924231,
    "cagr": 0.09004936897927407,
    "end_val": 37712.152292585626,
    "max_drawdown": -0.3448319449805432,
    "mwrr": 0.09004936897927407,
    "sharpe": 0.4317787383964538,
    "sortino": 0.5986925394233448,
    "std": 0.17680962108056283,
    "ulcer_index": 9.118069006846644,
    "upi": 0.8372752885318068,
    "us_allocation": 26
}