{
    "beta": 0.9351905391876488,
    "cagr": 0.10168233837545815,
    "end_val": 44407.399810603274,
    "max_drawdown": -0.3431214763675735,
    "mwrr": 0.10168233837545815,
    "sharpe": 0.491788710939839,
    "sortino": 0.6835303453464461,
    "std": 0.1768524453714922,
    "ulcer_index": 8.381780490159496,
    "upi": 1.0376667664340569,
    "us_allocation": 42
}