{
    "beta": 0.9736685863236881,
    "cagr": 0.11955838283536924,
    "end_val": 56894.65490283265,
    "max_drawdown": -0.34430367152482283,
    "mwrr": 0.11955838283536924,
    "sharpe": 0.5752787908663591,
    "sortino": 0.8029134237515453,
    "std": 0.17920876152370727,
    "ulcer_index": 7.563795508773796,
    "upi": 1.3630225600667047,
    "us_allocation": 67
}