{
    "beta": 0.987366225886119,
    "cagr": 0.1259061016632903,
    "end_val": 62068.692978210966,
    "max_drawdown": -0.3458014945518035,
    "mwrr": 0.1259061016632903,
    "sharpe": 0.6018584432986088,
    "sortino": 0.8414173011556746,
    "std": 0.1807034204625375,
    "ulcer_index": 7.401855522656518,
    "upi": 1.469350865412523,
    "us_allocation": 76
}