{
    "beta": 0.9055012850619191,
    "cagr": 0.08785111968259574,
    "end_val": 36558.17489644026,
    "max_drawdown": -0.345153494125837,
    "mwrr": 0.08785111968259574,
    "sharpe": 0.42005003175024247,
    "sortino": 0.5821866008487628,
    "std": 0.17693358452297936,
    "ulcer_index": 9.270880663275609,
    "upi": 0.8016673421540097,
    "us_allocation": 23
}