{
    "beta": 0.8706086985192079,
    "cagr": 0.07156242989942552,
    "end_val": 28981.250975972547,
    "max_drawdown": -0.3554115061614821,
    "mwrr": 0.07156242989942552,
    "sharpe": 0.33053763849379614,
    "sortino": 0.45683976246293445,
    "std": 0.17914024068559975,
    "ulcer_index": 10.742130835902861,
    "upi": 0.5512220421533128,
    "us_allocation": 1
}