{
    "beta": 0.9305291166291109,
    "cagr": 0.09951274201296845,
    "end_val": 43079.97339105187,
    "max_drawdown": -0.343441618294371,
    "mwrr": 0.09951274201296845,
    "sharpe": 0.48089000809626264,
    "sortino": 0.6680712396736374,
    "std": 0.17675506776326733,
    "ulcer_index": 8.508286127865077,
    "upi": 0.9990334040512759,
    "us_allocation": 39
}