{
    "beta": 0.8944607657929959,
    "cagr": 0.08270063359643198,
    "end_val": 33982.430273595965,
    "max_drawdown": -0.34590480614398156,
    "mwrr": 0.08270063359643198,
    "sharpe": 0.3921826897478376,
    "sortino": 0.5430500664005904,
    "std": 0.17738721439119057,
    "ulcer_index": 9.654919293543884,
    "upi": 0.7205525947670249,
    "us_allocation": 16
}