{
    "beta": 0.9888833188713724,
    "cagr": 0.12660858294856392,
    "end_val": 62667.56548640876,
    "max_drawdown": -0.34596700550444276,
    "mwrr": 0.12660858294856392,
    "sharpe": 0.6046926409313963,
    "sortino": 0.845541465803682,
    "std": 0.18088961090222452,
    "ulcer_index": 7.387799554571198,
    "upi": 1.4806029364573317,
    "us_allocation": 77
}