{
    "beta": 0.9568175970680147,
    "cagr": 0.11173743417867521,
    "end_val": 51074.171445787004,
    "max_drawdown": -0.3431589976053747,
    "mwrr": 0.11173743417867521,
    "sharpe": 0.5402305474967172,
    "sortino": 0.7525560187658025,
    "std": 0.1778383275955725,
    "ulcer_index": 7.869665841055762,
    "upi": 1.2208243430555907,
    "us_allocation": 56
}