{
    "beta": 0.9979657707606548,
    "cagr": 0.13081170309671086,
    "end_val": 66365.15481869693,
    "max_drawdown": -0.34695626675081914,
    "mwrr": 0.13081170309671086,
    "sharpe": 0.6211929940309027,
    "sortino": 0.8696302273543114,
    "std": 0.18208912512947556,
    "ulcer_index": 7.327257333019998,
    "upi": 1.5437415823864136,
    "us_allocation": 83
}