{
    "beta": 0.8928789198128967,
    "cagr": 0.08196240880394945,
    "end_val": 33627.46776063747,
    "max_drawdown": -0.34601225440220784,
    "mwrr": 0.08196240880394945,
    "sharpe": 0.3881489127513494,
    "sortino": 0.5373940202631678,
    "std": 0.1774708853107337,
    "ulcer_index": 9.717937000081388,
    "upi": 0.7088510192506716,
    "us_allocation": 15
}