{
    "beta": 1.013995944744558,
    "cagr": 0.13075518626319993,
    "end_val": 58650.79289152749,
    "max_drawdown": -0.3492394691472207,
    "mwrr": 0.13075518626319993,
    "sharpe": 0.6356782594664095,
    "sortino": 0.8863154635727195,
    "std": 0.17695859670988248,
    "ulcer_index": 7.1779049051836905,
    "upi": 1.5671564844276533,
    "us_allocation": 97
}