{
    "beta": 0.9491439537498314,
    "cagr": 0.10070465808631668,
    "end_val": 39799.44734487314,
    "max_drawdown": -0.3434351358189961,
    "mwrr": 0.10070465808631668,
    "sharpe": 0.5064750886819811,
    "sortino": 0.7004599452053303,
    "std": 0.1688293588936331,
    "ulcer_index": 7.750218787485552,
    "upi": 1.1032917283377608,
    "us_allocation": 59
}