{
    "beta": 0.9178588174871446,
    "cagr": 0.08623100642904813,
    "end_val": 32894.42177045403,
    "max_drawdown": -0.3432281611244189,
    "mwrr": 0.08623100642904813,
    "sharpe": 0.4324631631575731,
    "sortino": 0.5960545774657159,
    "std": 0.16706551616814347,
    "ulcer_index": 8.430682845835985,
    "upi": 0.8569784571280933,
    "us_allocation": 41
}