{
    "beta": 1.0123088916524374,
    "cagr": 0.12997292561424056,
    "end_val": 58069.39172664505,
    "max_drawdown": -0.3490775353847259,
    "mwrr": 0.12997292561424056,
    "sharpe": 0.6327730562678124,
    "sortino": 0.8820657617670558,
    "std": 0.17667547633984526,
    "ulcer_index": 7.183078392096981,
    "upi": 1.55637634387339,
    "us_allocation": 96
}