{
    "beta": 0.959488746419415,
    "cagr": 0.10549448149015883,
    "end_val": 42366.63145520402,
    "max_drawdown": -0.34398524202934666,
    "mwrr": 0.10549448149015883,
    "sharpe": 0.5294082718132009,
    "sortino": 0.7330547910955627,
    "std": 0.16973141350124293,
    "ulcer_index": 7.575383308764156,
    "upi": 1.1861704244884235,
    "us_allocation": 65
}