{
    "beta": 0.8844082469396058,
    "cagr": 0.07077972559865486,
    "end_val": 26764.054547027205,
    "max_drawdown": -0.3452607360217146,
    "mwrr": 0.07077972559865486,
    "sharpe": 0.3470781293377641,
    "sortino": 0.4767285215725236,
    "std": 0.16682194085260055,
    "ulcer_index": 9.379744920101446,
    "upi": 0.6172831374595648,
    "us_allocation": 22
}