{
    "beta": 0.9090996452909318,
    "cagr": 0.08218238035921077,
    "end_val": 31172.83848460082,
    "max_drawdown": -0.34376202337007883,
    "mwrr": 0.08218238035921077,
    "sharpe": 0.41063924120810025,
    "sortino": 0.5654498585321343,
    "std": 0.1668362998213623,
    "ulcer_index": 8.660883616513342,
    "upi": 0.7910156410677265,
    "us_allocation": 36
}