{
    "beta": 0.8985478760584726,
    "cagr": 0.07730760365981282,
    "end_val": 29211.265735228182,
    "max_drawdown": -0.34440362426710475,
    "mwrr": 0.07730760365981282,
    "sharpe": 0.3838126034640155,
    "sortino": 0.527931149779804,
    "std": 0.16671581129840876,
    "ulcer_index": 8.956348197818807,
    "upi": 0.7144318248965288,
    "us_allocation": 30
}