{
    "beta": 0.8737494169464228,
    "cagr": 0.06586243894255928,
    "end_val": 25048.1310810809,
    "max_drawdown": -0.34590480614398184,
    "mwrr": 0.06586243894255928,
    "sharpe": 0.3189039040889635,
    "sortino": 0.4375793758028542,
    "std": 0.16710457273864718,
    "ulcer_index": 9.729578299502341,
    "upi": 0.5477074431680541,
    "us_allocation": 16
}