{
    "beta": 0.855878920982943,
    "cagr": 0.057625656458544006,
    "end_val": 22401.33444744811,
    "max_drawdown": -0.348419876843867,
    "mwrr": 0.057625656458544006,
    "sharpe": 0.27100872277847177,
    "sortino": 0.3712485692334551,
    "std": 0.16796741402555193,
    "ulcer_index": 10.428306317506104,
    "upi": 0.43650391400237915,
    "us_allocation": 6
}