{
    "beta": 0.9265876352283754,
    "cagr": 0.09026729933995914,
    "end_val": 34698.491007636025,
    "max_drawdown": -0.3426950292479098,
    "mwrr": 0.09026729933995914,
    "sharpe": 0.45376430048699296,
    "sortino": 0.6260005572080842,
    "std": 0.16740989546955792,
    "ulcer_index": 8.216532555342596,
    "upi": 0.9245279133595993,
    "us_allocation": 46
}