{
    "beta": 0.9868790869127614,
    "cagr": 0.11818418956379717,
    "end_val": 49932.08320866885,
    "max_drawdown": -0.34662723567770265,
    "mwrr": 0.11818418956379717,
    "sharpe": 0.5859737977755719,
    "sortino": 0.8141135210246954,
    "std": 0.17285726043737498,
    "ulcer_index": 7.294102266253966,
    "upi": 1.3886536642585958,
    "us_allocation": 81
}