{
    "beta": 1.010620820544274,
    "cagr": 0.12919021105517503,
    "end_val": 57493.02459472506,
    "max_drawdown": -0.3489154255290345,
    "mwrr": 0.12919021105517503,
    "sharpe": 0.6298411714464244,
    "sortino": 0.8777810165603241,
    "std": 0.176395817861014,
    "ulcer_index": 7.1884555518404705,
    "upi": 1.5455556737113443,
    "us_allocation": 95
}