{
    "beta": 0.9318105575535542,
    "cagr": 0.09268319720544715,
    "end_val": 35821.91390735548,
    "max_drawdown": -0.3425118420714225,
    "mwrr": 0.09268319720544715,
    "sharpe": 0.4662801367052633,
    "sortino": 0.6436312030539402,
    "std": 0.16767097325877886,
    "ulcer_index": 8.095587681688578,
    "upi": 0.9657258078838037,
    "us_allocation": 49
}