{
    "beta": 0.9248442766677472,
    "cagr": 0.08946102253649091,
    "end_val": 34330.91916705441,
    "max_drawdown": -0.34280159726563236,
    "mwrr": 0.08946102253649091,
    "sharpe": 0.4495475384224595,
    "sortino": 0.6200665046025875,
    "std": 0.16733190042117066,
    "ulcer_index": 8.258268342538193,
    "upi": 0.9108826865160738,
    "us_allocation": 45
}