{
    "beta": 0.8630431938457132,
    "cagr": 0.060926610115356494,
    "end_val": 23429.14368605939,
    "max_drawdown": -0.3465499388712199,
    "mwrr": 0.060926610115356494,
    "sharpe": 0.2902880824109733,
    "sortino": 0.3979165392033138,
    "std": 0.16756321625850568,
    "ulcer_index": 10.134695383938178,
    "upi": 0.47994465256114943,
    "us_allocation": 10
}