{
    "beta": 0.9953818279328956,
    "cagr": 0.12212524947756398,
    "end_val": 52526.20341618932,
    "max_drawdown": -0.3474484650069541,
    "mwrr": 0.12212524947756398,
    "sharpe": 0.6022468227319108,
    "sortino": 0.8376399957826752,
    "std": 0.17403856115171276,
    "ulcer_index": 7.249677336389328,
    "upi": 1.4457781102251934,
    "us_allocation": 86
}