{
    "beta": 0.8932550628776786,
    "cagr": 0.0748634424482657,
    "end_val": 28271.578844719137,
    "max_drawdown": -0.344724820739199,
    "mwrr": 0.0748634424482657,
    "sharpe": 0.37015867616051773,
    "sortino": 0.5088770346987241,
    "std": 0.16671962209461927,
    "ulcer_index": 9.11120478848605,
    "upi": 0.6773206450682456,
    "us_allocation": 27
}