{
    "beta": 0.8594637598678684,
    "cagr": 0.0592771784816295,
    "end_val": 22910.201597603547,
    "max_drawdown": -0.34676521970270674,
    "mwrr": 0.0592771784816295,
    "sharpe": 0.280666413894123,
    "sortino": 0.3846022047845624,
    "std": 0.16775544580030854,
    "ulcer_index": 10.274863383543964,
    "upi": 0.45823135808255777,
    "us_allocation": 8
}