{
    "beta": 0.8468929438629549,
    "cagr": 0.05348765493479957,
    "end_val": 21172.149973336825,
    "max_drawdown": -0.3554115061614818,
    "mwrr": 0.05348765493479957,
    "sharpe": 0.24672890205638429,
    "sortino": 0.3377232676443615,
    "std": 0.1685838740397544,
    "ulcer_index": 10.873697456119919,
    "upi": 0.38251810994761704,
    "us_allocation": 1
}