{
    "beta": 0.8914882567475562,
    "cagr": 0.07404771290346779,
    "end_val": 27964.275642720586,
    "max_drawdown": -0.344831944980543,
    "mwrr": 0.07404771290346779,
    "sharpe": 0.36557400765338777,
    "sortino": 0.5024852554836512,
    "std": 0.16673046075595666,
    "ulcer_index": 9.163956221944884,
    "upi": 0.6651240257442185,
    "us_allocation": 26
}