{
    "beta": 0.8826350273803297,
    "cagr": 0.06996145704994206,
    "end_val": 26471.129539166715,
    "max_drawdown": -0.34536800736151085,
    "mwrr": 0.06996145704994206,
    "sharpe": 0.3424167067441054,
    "sortino": 0.4702443322884869,
    "std": 0.16685689150010213,
    "ulcer_index": 9.434924752115645,
    "upi": 0.6055577800719979,
    "us_allocation": 21
}