{
    "beta": 0.8790846984164167,
    "cagr": 0.06832338760529577,
    "end_val": 25893.67332248579,
    "max_drawdown": -0.3455826384213782,
    "mwrr": 0.06832338760529577,
    "sharpe": 0.3330515622727697,
    "sortino": 0.45722555700575496,
    "std": 0.166941353600499,
    "ulcer_index": 9.54668073613907,
    "upi": 0.5823951679297213,
    "us_allocation": 19
}