{
    "beta": 0.9800576891891174,
    "cagr": 0.11502299990577591,
    "end_val": 47938.00559610917,
    "max_drawdown": -0.3459670055044429,
    "mwrr": 0.11502299990577591,
    "sharpe": 0.572470826035655,
    "sortino": 0.7946673498046357,
    "std": 0.17198069982070446,
    "ulcer_index": 7.3380372730178705,
    "upi": 1.3416920194531712,
    "us_allocation": 77
}