{
    "beta": 0.9300707718444645,
    "cagr": 0.09187838588182506,
    "end_val": 35443.960980940006,
    "max_drawdown": -0.34248198066502605,
    "mwrr": 0.09187838588182506,
    "sharpe": 0.46213084174860153,
    "sortino": 0.6377832479966863,
    "std": 0.16757944891979804,
    "ulcer_index": 8.13470478609078,
    "upi": 0.9520094214152165,
    "us_allocation": 48
}