{
    "beta": 0.8755291548359712,
    "cagr": 0.06668326898190413,
    "end_val": 25327.256396563982,
    "max_drawdown": -0.34579738740254123,
    "mwrr": 0.06668326898190413,
    "sharpe": 0.32363259376060055,
    "sortino": 0.44414312626425606,
    "std": 0.16704528580298436,
    "ulcer_index": 9.663648070172618,
    "upi": 0.5594225273058933,
    "us_allocation": 17
}