{
    "beta": 0.9404918119891528,
    "cagr": 0.0966999657084282,
    "end_val": 37764.969929686966,
    "max_drawdown": -0.3429745016314107,
    "mwrr": 0.0966999657084282,
    "sharpe": 0.4866777586401179,
    "sortino": 0.6724274105059648,
    "std": 0.16819536660103754,
    "ulcer_index": 7.913008080516907,
    "upi": 1.034455382288236,
    "us_allocation": 54
}