{
    "beta": 0.8719683626289154,
    "cagr": 0.06504109385653423,
    "end_val": 24771.697990939414,
    "max_drawdown": -0.3460122544022076,
    "mwrr": 0.06504109385653423,
    "sharpe": 0.31416293919430754,
    "sortino": 0.43100133669682056,
    "std": 0.16716874993737538,
    "ulcer_index": 9.795965826486285,
    "upi": 0.5361140468771157,
    "us_allocation": 15
}