{
    "beta": 0.9732189822727401,
    "cagr": 0.11185434835115204,
    "end_val": 46013.79236167342,
    "max_drawdown": -0.3453038687208712,
    "mwrr": 0.11185434835115204,
    "sharpe": 0.5585394715317931,
    "sortino": 0.7746710541893923,
    "std": 0.1711665899426193,
    "ulcer_index": 7.399485979413374,
    "upi": 1.2920243402698184,
    "us_allocation": 73
}