{
    "beta": 1.0004708320635147,
    "cagr": 0.12448435621744558,
    "end_val": 54138.47442441424,
    "max_drawdown": -0.3479390522998927,
    "mwrr": 0.12448435621744558,
    "sharpe": 0.6116870745576272,
    "sortino": 0.8513362737691335,
    "std": 0.17479188601878326,
    "ulcer_index": 7.2256566780104095,
    "upi": 1.4797003418695422,
    "us_allocation": 89
}