{
    "beta": 0.9003096256778961,
    "cagr": 0.07812131781759657,
    "end_val": 29530.5013050184,
    "max_drawdown": -0.3442966174867824,
    "mwrr": 0.07812131781759657,
    "sharpe": 0.3883293890730795,
    "sortino": 0.5342404506027075,
    "std": 0.1667240714379695,
    "ulcer_index": 8.905836918441171,
    "upi": 0.7269753042138587,
    "us_allocation": 31
}