{
    "beta": 0.9230997194806049,
    "cagr": 0.08865425564802565,
    "end_val": 33966.753190298354,
    "max_drawdown": -0.3429081944501654,
    "mwrr": 0.08865425564802565,
    "sharpe": 0.44530878232058835,
    "sortino": 0.6141044609917584,
    "std": 0.16725844875256834,
    "ulcer_index": 8.300557002565412,
    "upi": 0.8973029005531825,
    "us_allocation": 44
}