{
    "beta": 0.9020701213541239,
    "cagr": 0.07893453028900921,
    "end_val": 29852.781007099456,
    "max_drawdown": -0.3441896400415291,
    "mwrr": 0.07893453028900921,
    "sharpe": 0.3928283432157071,
    "sortino": 0.540527900974695,
    "std": 0.1667370769457175,
    "ulcer_index": 8.855821286266096,
    "upi": 0.7396088068643643,
    "us_allocation": 32
}