{
    "beta": 0.9038293671313161,
    "cagr": 0.07974724192963656,
    "end_val": 30178.129584758433,
    "max_drawdown": -0.3440826919192834,
    "mwrr": 0.07974724192963656,
    "sharpe": 0.39730913171163007,
    "sortino": 0.5467930341367134,
    "std": 0.16675481542401496,
    "ulcer_index": 8.806302500497964,
    "upi": 0.7523316617289989,
    "us_allocation": 33
}