{
    "beta": 0.9715065749275111,
    "cagr": 0.11106101436831972,
    "end_val": 45543.40873853277,
    "max_drawdown": -0.3451376281165612,
    "mwrr": 0.11106101436831972,
    "sharpe": 0.5549901050567274,
    "sortino": 0.7695868053079534,
    "std": 0.1709729887160968,
    "ulcer_index": 7.4163524792062,
    "upi": 1.27944518261944,
    "us_allocation": 72
}