{
    "beta": 0.8950205987395742,
    "cagr": 0.0756786668414462,
    "end_val": 28581.82883953312,
    "max_drawdown": -0.3446177258812356,
    "mwrr": 0.0756786668414462,
    "sharpe": 0.3747269001954534,
    "sortino": 0.5152489529309335,
    "std": 0.1667135750605411,
    "ulcer_index": 9.058919266428727,
    "upi": 0.6896123121519324,
    "us_allocation": 28
}