{
    "beta": 0.8897201762303865,
    "cagr": 0.07323147732988544,
    "end_val": 27659.895302944275,
    "max_drawdown": -0.34493909861736255,
    "mwrr": 0.07323147732988544,
    "sharpe": 0.36097325335795244,
    "sortino": 0.49607406084750677,
    "std": 0.16674610176221374,
    "ulcer_index": 9.21716540385264,
    "upi": 0.6530232202171038,
    "us_allocation": 25
}