{
    "beta": 0.9055873670389706,
    "cagr": 0.08055945359082384,
    "end_val": 30506.571946315693,
    "max_drawdown": -0.3439757731079909,
    "mwrr": 0.08055945359082384,
    "sharpe": 0.4017714256489962,
    "sortino": 0.553035384651741,
    "std": 0.16677727414825466,
    "ulcer_index": 8.757298592428986,
    "upi": 0.765141674282638,
    "us_allocation": 34
}