{
    "beta": 0.8486928863437518,
    "cagr": 0.054316310190840156,
    "end_val": 21413.156716730937,
    "max_drawdown": -0.3540168909201284,
    "mwrr": 0.054316310190840156,
    "sharpe": 0.25159867697479654,
    "sortino": 0.3444418752959679,
    "std": 0.16845068077541214,
    "ulcer_index": 10.778378851675281,
    "upi": 0.39320674041207637,
    "us_allocation": 2
}