{
    "beta": 0.8522886417229696,
    "cagr": 0.05597203630262504,
    "end_val": 21902.374597593647,
    "max_drawdown": -0.3512220968063655,
    "mwrr": 0.05597203630262504,
    "sharpe": 0.2613183552294295,
    "sortino": 0.3578601544079222,
    "std": 0.16819915093983803,
    "ulcer_index": 10.592519832582672,
    "upi": 0.41494245715837286,
    "us_allocation": 4
}