{
    "beta": 0.8967848684369459,
    "cagr": 0.07649338695580998,
    "end_val": 28895.049718640712,
    "max_drawdown": -0.3445106603945644,
    "mwrr": 0.07649338695580998,
    "sharpe": 0.3792783257181046,
    "sortino": 0.5216004847258033,
    "std": 0.1667123085945123,
    "ulcer_index": 9.007353769422009,
    "upi": 0.7019790006286253,
    "us_allocation": 29
}