{
    "beta": 0.8648308950035573,
    "cagr": 0.061750544434538535,
    "end_val": 23692.445855831425,
    "max_drawdown": -0.3464423428464184,
    "mwrr": 0.061750544434538535,
    "sharpe": 0.29508436927786824,
    "sortino": 0.4045575863729234,
    "std": 0.16747449253345628,
    "ulcer_index": 10.066018188490258,
    "upi": 0.49094316161734436,
    "us_allocation": 11
}