{
    "beta": 1.0089317281559989,
    "cagr": 0.12840704195811092,
    "end_val": 56921.65439563769,
    "max_drawdown": -0.3487531392927543,
    "mwrr": 0.12840704195811092,
    "sharpe": 0.6268825551861895,
    "sortino": 0.873461228064605,
    "std": 0.17611964485131018,
    "ulcer_index": 7.194011824370935,
    "upi": 1.5347006947040134,
    "us_allocation": 94
}