{
    "beta": 0.9456865607609649,
    "cagr": 0.09910422416440268,
    "end_val": 38974.45538889241,
    "max_drawdown": -0.3432511243367283,
    "mwrr": 0.09910422416440268,
    "sharpe": 0.4986297183842571,
    "sortino": 0.6893403408776809,
    "std": 0.1685627615274028,
    "ulcer_index": 7.813277276559584,
    "upi": 1.0757334119958806,
    "us_allocation": 57
}