{
    "beta": 0.9560450173996834,
    "cagr": 0.1038997808258213,
    "end_val": 41495.29558126898,
    "max_drawdown": -0.343802193822662,
    "mwrr": 0.1038997808258213,
    "sharpe": 0.5218655570765867,
    "sortino": 0.7223189220842842,
    "std": 0.16941384674180626,
    "ulcer_index": 7.631596960640356,
    "upi": 1.1584857711663499,
    "us_allocation": 63
}