{
    "beta": 0.9970792092872302,
    "cagr": 0.1229120778430397,
    "end_val": 53058.907236246596,
    "max_drawdown": -0.34761217270951594,
    "mwrr": 0.1229120778430397,
    "sharpe": 0.6054205318389944,
    "sortino": 0.8422405363067796,
    "std": 0.17428600393054822,
    "ulcer_index": 7.241461310593483,
    "upi": 1.4571150119468201,
    "us_allocation": 87
}