{
    "beta": 0.9126069880562976,
    "cagr": 0.0838033173210937,
    "end_val": 31851.783221079204,
    "max_drawdown": -0.34354839073148796,
    "mwrr": 0.0838033173210937,
    "sharpe": 0.4194292681171749,
    "sortino": 0.5777675614098924,
    "std": 0.16691404575831886,
    "ulcer_index": 8.56649933006675,
    "upi": 0.8172307224342396,
    "us_allocation": 38
}