{
    "beta": 0.9663627432851086,
    "cagr": 0.10867819059885608,
    "end_val": 44157.34871787901,
    "max_drawdown": -0.34463780609046685,
    "mwrr": 0.10867819059885608,
    "sharpe": 0.5441835011956226,
    "sortino": 0.7541313692166638,
    "std": 0.17041636151368908,
    "ulcer_index": 7.47564404412368,
    "upi": 1.2405295534482044,
    "us_allocation": 69
}