{
    "beta": 0.9352865828081367,
    "cagr": 0.09429135989215287,
    "end_val": 36588.39396321667,
    "max_drawdown": -0.34269714979427346,
    "mwrr": 0.09429135989215287,
    "sharpe": 0.47450961355947313,
    "sortino": 0.6552392062745674,
    "std": 0.16786743004865715,
    "ulcer_index": 8.020024120538464,
    "upi": 0.9931923665984181,
    "us_allocation": 51
}