{
    "beta": 0.9851753481381547,
    "cagr": 0.11739458931109992,
    "end_val": 49426.89749494851,
    "max_drawdown": -0.34646244958345096,
    "mwrr": 0.11739458931109992,
    "sharpe": 0.5826383637252168,
    "sortino": 0.8093039384316884,
    "std": 0.1726323448022741,
    "ulcer_index": 7.303650224355714,
    "upi": 1.3771497842516809,
    "us_allocation": 80
}