{
    "beta": 0.9697930683313104,
    "cagr": 0.11026721055180966,
    "end_val": 45077.2282391273,
    "max_drawdown": -0.34497120434542927,
    "mwrr": 0.11026721055180966,
    "sharpe": 0.5514142664913663,
    "sortino": 0.7644686897194887,
    "std": 0.17078340230081418,
    "ulcer_index": 7.433535690389574,
    "upi": 1.2668565869034047,
    "us_allocation": 71
}