{
    "beta": 0.962927978816243,
    "cagr": 0.10708728282050228,
    "end_val": 43253.900000988746,
    "max_drawdown": -0.34430367152482294,
    "mwrr": 0.10708728282050228,
    "sharpe": 0.5368478954378912,
    "sortino": 0.743659637876021,
    "std": 0.17006564141599534,
    "ulcer_index": 7.522490104566073,
    "upi": 1.2136825946948795,
    "us_allocation": 67
}