{
    "beta": 0.9987755428820521,
    "cagr": 0.12369844653895501,
    "end_val": 53596.31912370446,
    "max_drawdown": -0.34777570170968,
    "mwrr": 0.12369844653895501,
    "sharpe": 0.6085672785417287,
    "sortino": 0.8468059598729868,
    "std": 0.17453712000514282,
    "ulcer_index": 7.233450514073813,
    "upi": 1.468423566118996,
    "us_allocation": 88
}