{
    "beta": 0.9543214576366449,
    "cagr": 0.10310171642122223,
    "end_val": 41065.52590240878,
    "max_drawdown": -0.3437105496781826,
    "mwrr": 0.10310171642122223,
    "sharpe": 0.5180558589184975,
    "sortino": 0.7169022833306161,
    "std": 0.16926136336554154,
    "ulcer_index": 7.660344228426186,
    "upi": 1.1446814620940253,
    "us_allocation": 62
}