{
    "beta": 0.983470537882625,
    "cagr": 0.116604524736033,
    "end_val": 48926.17838974796,
    "max_drawdown": -0.34629748272167366,
    "mwrr": 0.116604524736033,
    "sharpe": 0.5792760347856619,
    "sortino": 0.8044596391275365,
    "std": 0.17241126429116668,
    "ulcer_index": 7.313411956824142,
    "upi": 1.3656235148691382,
    "us_allocation": 79
}