{
    "beta": 0.9612089228977877,
    "cagr": 0.10629111920939827,
    "end_val": 42808.25874851783,
    "max_drawdown": -0.3441363273628192,
    "mwrr": 0.10629111920939827,
    "sharpe": 0.5331410303924501,
    "sortino": 0.7383737352402904,
    "std": 0.16989645531377964,
    "ulcer_index": 7.548396660422891,
    "upi": 1.199970430386613,
    "us_allocation": 66
}