{
    "beta": 0.8540844636273325,
    "cagr": 0.05679910913425168,
    "end_val": 22150.626496964956,
    "max_drawdown": -0.34982191563184445,
    "mwrr": 0.05679910913425168,
    "sharpe": 0.2661674135913037,
    "sortino": 0.36455842927843857,
    "std": 0.16808080974703646,
    "ulcer_index": 10.510153410891228,
    "upi": 0.42565475707804135,
    "us_allocation": 5
}