{
    "beta": 0.9474158320765591,
    "cagr": 0.09990468112696638,
    "end_val": 39385.06505537009,
    "max_drawdown": -0.3433431703726096,
    "mwrr": 0.09990468112696638,
    "sharpe": 0.5025647809897208,
    "sortino": 0.694915814099842,
    "std": 0.1686939064204938,
    "ulcer_index": 7.781524649677825,
    "upi": 1.0894942181345912,
    "us_allocation": 58
}