{
    "beta": 1.0156819830747157,
    "cagr": 0.131536993626987,
    "end_val": 59237.26541323532,
    "max_drawdown": -0.3494012271032872,
    "mwrr": 0.131536993626987,
    "sharpe": 0.6385568351993806,
    "sortino": 0.8905300976727812,
    "std": 0.17724515538635224,
    "ulcer_index": 7.1730121167151815,
    "upi": 1.5778781740615526,
    "us_allocation": 98
}