{
    "beta": 0.9577674457883174,
    "cagr": 0.10469736893829618,
    "end_val": 41928.987281345704,
    "max_drawdown": -0.34389375790475973,
    "mwrr": 0.10469736893829618,
    "sharpe": 0.525649738810153,
    "sortino": 0.7277031341506428,
    "std": 0.16957053701974034,
    "ulcer_index": 7.603272319634486,
    "upi": 1.172316765524025,
    "us_allocation": 64
}