{
    "beta": 0.9196069937712522,
    "cagr": 0.08703924840262234,
    "end_val": 33248.53118434208,
    "max_drawdown": -0.34312147636757323,
    "mwrr": 0.08703924840262234,
    "sharpe": 0.4367663270520748,
    "sortino": 0.6020980993125155,
    "std": 0.1671252406928965,
    "ulcer_index": 8.386749518337671,
    "upi": 0.8703507928676354,
    "us_allocation": 42
}