{
    "beta": 0.9283297990094483,
    "cagr": 0.09107308685688653,
    "end_val": 35069.49584296046,
    "max_drawdown": -0.3425884903850284,
    "mwrr": 0.09107308685688653,
    "sharpe": 0.45795881671650446,
    "sortino": 0.6319062210557623,
    "std": 0.1674924172687327,
    "ulcer_index": 8.175344211764637,
    "upi": 0.9382374690635523,
    "us_allocation": 47
}