{
    "beta": 0.9749302938778109,
    "cagr": 0.11264721320081761,
    "end_val": 46488.41133239021,
    "max_drawdown": -0.3454699264605852,
    "mwrr": 0.11264721320081761,
    "sharpe": 0.5620622917467428,
    "sortino": 0.7797213720683246,
    "std": 0.1713641839146561,
    "ulcer_index": 7.382982384524851,
    "upi": 1.3045842443860711,
    "us_allocation": 74
}