{
    "beta": 0.8450916188212918,
    "cagr": 0.052658470219594466,
    "end_val": 20933.5177557268,
    "max_drawdown": -0.35680426839360085,
    "mwrr": 0.052658470219594466,
    "sharpe": 0.24185306755182473,
    "sortino": 0.3309990723081643,
    "std": 0.16872202202105863,
    "ulcer_index": 10.975823317369734,
    "upi": 0.3717743054479853,
    "us_allocation": 0
}