{
    "beta": 0.9370228299277774,
    "cagr": 0.09509471281737536,
    "end_val": 36976.97696146423,
    "max_drawdown": -0.3427896815991721,
    "mwrr": 0.09509471281737536,
    "sharpe": 0.47858935049213996,
    "sortino": 0.6609987544935593,
    "std": 0.16797232689066063,
    "ulcer_index": 7.983471979158459,
    "upi": 1.0069470625610486,
    "us_allocation": 52
}