{
    "beta": 0.9387579050699513,
    "cagr": 0.09589758116560065,
    "end_val": 37369.15948751554,
    "max_drawdown": -0.3428821321759142,
    "mwrr": 0.09589758116560065,
    "sharpe": 0.48264546748384,
    "sortino": 0.6667282505036283,
    "std": 0.16808164521294425,
    "ulcer_index": 7.947984694270724,
    "upi": 1.0206791921953555,
    "us_allocation": 53
}