{
    "beta": 1.007241611213485,
    "cagr": 0.1276234176921791,
    "end_val": 56355.24425199125,
    "max_drawdown": -0.34859067638786767,
    "mwrr": 0.1276234176921791,
    "sharpe": 0.6238971621076097,
    "sortino": 0.8691063554273715,
    "std": 0.1758469808773359,
    "ulcer_index": 7.1997407429991425,
    "upi": 1.5238136364477155,
    "us_allocation": 93
}