{
    "beta": 0.9680784589618083,
    "cagr": 0.10947293619774379,
    "end_val": 44615.21884014755,
    "max_drawdown": -0.3448045971045846,
    "mwrr": 0.10947293619774379,
    "sharpe": 0.5478120362802046,
    "sortino": 0.7593168447748936,
    "std": 0.17059785263297791,
    "ulcer_index": 7.453836927099449,
    "upi": 1.2537888149703589,
    "us_allocation": 70
}