{
    "beta": 0.9143588185520884,
    "cagr": 0.08461304170862549,
    "end_val": 32196.073961878006,
    "max_drawdown": -0.34344161829437103,
    "mwrr": 0.08461304170862549,
    "sharpe": 0.42379434758343937,
    "sortino": 0.5838889116353186,
    "std": 0.1669599036390741,
    "ulcer_index": 8.52040205110116,
    "upi": 0.8304314710396495,
    "us_allocation": 39
}