{
    "beta": 0.9646459177556711,
    "cagr": 0.10788297304447414,
    "end_val": 43703.58624726746,
    "max_drawdown": -0.344470830998847,
    "mwrr": 0.10788297304447414,
    "sharpe": 0.5405287543886554,
    "sortino": 0.7489122585741577,
    "std": 0.1702389506033391,
    "ulcer_index": 7.497754535061071,
    "upi": 1.227285233411716,
    "us_allocation": 68
}