{
    "beta": 0.921353959806474,
    "cagr": 0.08784699787217987,
    "end_val": 33605.96612257364,
    "max_drawdown": -0.34301482081348517,
    "mwrr": 0.08784699787217987,
    "sharpe": 0.44104829036221,
    "sortino": 0.6081148618443134,
    "std": 0.16718955681811706,
    "ulcer_index": 8.343383257007181,
    "upi": 0.8837918478704311,
    "us_allocation": 43
}