{
    "beta": 0.993683395462376,
    "cagr": 0.12133796078728798,
    "end_val": 51998.17253255201,
    "max_drawdown": -0.3472845783089091,
    "mwrr": 0.12133796078728798,
    "sharpe": 0.5990461446726767,
    "sortino": 0.8330043909295711,
    "std": 0.17379481497594826,
    "ulcer_index": 7.2581010087904385,
    "upi": 1.434413411814717,
    "us_allocation": 85
}