{
    "beta": 0.9108539316217653,
    "cagr": 0.08299309714812897,
    "end_val": 31510.713310687705,
    "max_drawdown": -0.343655192419383,
    "mwrr": 0.08299309714812897,
    "sharpe": 0.41504413233482723,
    "sortino": 0.5716210498357366,
    "std": 0.16687283971672925,
    "ulcer_index": 8.613431727045729,
    "upi": 0.8040815254874147,
    "us_allocation": 37
}