{
    "beta": 1.0055504664325001,
    "cagr": 0.12683933762352306,
    "end_val": 55793.75750814325,
    "max_drawdown": -0.34842803652572824,
    "mwrr": 0.12683933762352306,
    "sharpe": 0.6208849513613949,
    "sortino": 0.8647164522007297,
    "std": 0.17557784948983954,
    "ulcer_index": 7.205662841816086,
    "upi": 1.5128910179601112,
    "us_allocation": 92
}