{
    "beta": 0.9525967628701862,
    "cagr": 0.10230317498944563,
    "end_val": 40639.64798439186,
    "max_drawdown": -0.3436188253662681,
    "mwrr": 0.10230317498944563,
    "sharpe": 0.5142207832815819,
    "sortino": 0.7114534282435194,
    "std": 0.1691131074090057,
    "ulcer_index": 7.689508627604937,
    "upi": 1.1309065927125008,
    "us_allocation": 61
}