{
    "beta": 0.9902833636930297,
    "cagr": 0.11976199979575353,
    "end_val": 50955.99011913571,
    "max_drawdown": -0.34695626675081903,
    "mwrr": 0.11976199979575353,
    "sharpe": 0.5925638818841071,
    "sortino": 0.8236284846683872,
    "std": 0.17331850538560517,
    "ulcer_index": 7.275650504798354,
    "upi": 1.4115894219609386,
    "us_allocation": 83
}