{
    "beta": 0.9817646527140106,
    "cagr": 0.11581399516115343,
    "end_val": 48429.89223907911,
    "max_drawdown": -0.34613233479475947,
    "mwrr": 0.11581399516115343,
    "sharpe": 0.5758868429513869,
    "sortino": 0.7995807376429644,
    "std": 0.1721940417217591,
    "ulcer_index": 7.323602804358746,
    "upi": 1.3540361102938123,
    "us_allocation": 78
}