{
    "beta": 0.988581757627627,
    "cagr": 0.11897332616834366,
    "end_val": 50441.769393007846,
    "max_drawdown": -0.34679184130138896,
    "mwrr": 0.11897332616834366,
    "sharpe": 0.5892823106887075,
    "sortino": 0.8188883809489064,
    "std": 0.17308598829307237,
    "ulcer_index": 7.2847695699313535,
    "upi": 1.4001337981960402,
    "us_allocation": 82
}