{
    "beta": 0.9073441250920227,
    "cagr": 0.08137116611970119,
    "end_val": 30838.133165962267,
    "max_drawdown": -0.34386888359560297,
    "mwrr": 0.08137116611970119,
    "sharpe": 0.40621490149591694,
    "sortino": 0.5592544792429526,
    "std": 0.16680444007018486,
    "ulcer_index": 8.70884143516757,
    "upi": 0.7780352269619448,
    "us_allocation": 35
}