{
    "beta": 0.8666172581117315,
    "cagr": 0.06257395902464058,
    "end_val": 23958.330682188775,
    "max_drawdown": -0.34633477639930743,
    "mwrr": 0.06257395902464058,
    "sharpe": 0.29987040745416227,
    "sortino": 0.4111871434790568,
    "std": 0.16739068960158734,
    "ulcer_index": 9.997805260515062,
    "upi": 0.5020585559879421,
    "us_allocation": 12
}