{
    "beta": 0.9766405132421054,
    "cagr": 0.11343960961447652,
    "end_val": 46967.29807599405,
    "max_drawdown": -0.3456358016372632,
    "mwrr": 0.11343960961447652,
    "sharpe": 0.5655584977495941,
    "sortino": 0.7847376044105003,
    "std": 0.17156574844253686,
    "ulcer_index": 7.367657120569597,
    "upi": 1.316977165445339,
    "us_allocation": 75
}