{
    "beta": 0.9335491599435664,
    "cagr": 0.0934875216145643,
    "end_val": 36203.382286731525,
    "max_drawdown": -0.3426045366541195,
    "mwrr": 0.0934875216145643,
    "sharpe": 0.47040646923653084,
    "sortino": 0.6494499134166407,
    "std": 0.16776697286151998,
    "ulcer_index": 8.05752705056299,
    "upi": 0.9794346993629087,
    "us_allocation": 50
}