{
    "beta": 0.8612541502641213,
    "cagr": 0.0601021551162757,
    "end_val": 23168.402706389996,
    "max_drawdown": -0.3466575644859135,
    "mwrr": 0.0601021551162757,
    "sharpe": 0.2854819591917221,
    "sortino": 0.3912645644039496,
    "std": 0.16765686579545558,
    "ulcer_index": 10.204393966429173,
    "upi": 0.46903653197318157,
    "us_allocation": 9
}