{
    "beta": 1.017367009887056,
    "cagr": 0.13231834832759448,
    "end_val": 59828.846840363185,
    "max_drawdown": -0.34956280953907165,
    "mwrr": 0.13231834832759448,
    "sharpe": 0.641408841868494,
    "sortino": 0.8947096684027562,
    "std": 0.17753512878202626,
    "ulcer_index": 7.16830817454765,
    "upi": 1.5885604169767,
    "us_allocation": 99
}