{
    "beta": 0.9161094270525701,
    "cagr": 0.08542227113715573,
    "end_val": 32543.61144928554,
    "max_drawdown": -0.34333487509601746,
    "mwrr": 0.08542227113715573,
    "sharpe": 0.4281390756400524,
    "sortino": 0.5899847082372571,
    "std": 0.16701039874678525,
    "ulcer_index": 8.475262568310454,
    "upi": 0.8436685288819129,
    "us_allocation": 40
}