{
    "beta": 0.8808605126097813,
    "cagr": 0.06914267802013718,
    "end_val": 26181.010125140103,
    "max_drawdown": -0.34547530815735383,
    "mwrr": 0.06914267802013718,
    "sharpe": 0.3377410565356365,
    "sortino": 0.46374317175348956,
    "std": 0.16689669287563288,
    "ulcer_index": 9.490580615647222,
    "upi": 0.5939277967637906,
    "us_allocation": 20
}