{
    "beta": 0.9508709294590856,
    "cagr": 0.10150415579187655,
    "end_val": 40217.6317581231,
    "max_drawdown": -0.3435270207816801,
    "mwrr": 0.10150415579187655,
    "sharpe": 0.5103604757736878,
    "sortino": 0.7059725642380521,
    "std": 0.1689690992046278,
    "ulcer_index": 7.719365705029905,
    "upi": 1.117123154098245,
    "us_allocation": 60
}