{
    "beta": 0.9439561361122363,
    "cagr": 0.09830328644556041,
    "end_val": 38567.58903236562,
    "max_drawdown": -0.34315899760537466,
    "mwrr": 0.09830328644556041,
    "sharpe": 0.4946700732645063,
    "sortino": 0.6837336469191682,
    "std": 0.16843594374878046,
    "ulcer_index": 7.845482613183793,
    "upi": 1.062010379687196,
    "us_allocation": 56
}