{
    "beta": 0.8504914507931653,
    "cagr": 0.0551444369832903,
    "end_val": 21656.5581548115,
    "max_drawdown": -0.3526204215187466,
    "mwrr": 0.0551444369832903,
    "sharpe": 0.25646196897537094,
    "sortino": 0.3511543599781269,
    "std": 0.16832244045272274,
    "ulcer_index": 10.683693240301073,
    "upi": 0.40405170303418403,
    "us_allocation": 3
}