{
    "beta": 0.870185987591921,
    "cagr": 0.06421923279680741,
    "end_val": 24497.934911585344,
    "max_drawdown": -0.3461197321893866,
    "mwrr": 0.06421923279680741,
    "sharpe": 0.3094100991209784,
    "sortino": 0.4244095807459027,
    "std": 0.16723782422884123,
    "ulcer_index": 9.86281452523994,
    "upi": 0.5246412582876189,
    "us_allocation": 14
}