{
    "beta": 1.0190510284158503,
    "cagr": 0.13309925098408515,
    "end_val": 60425.574947232286,
    "max_drawdown": -0.34972421674009924,
    "mwrr": 0.13309925098408515,
    "sharpe": 0.6442343420258041,
    "sortino": 0.898854186033672,
    "std": 0.1778284933115482,
    "ulcer_index": 7.163800485858441,
    "upi": 1.599200665465246,
    "us_allocation": 100
}