{
    "beta": 1.0021650801672894,
    "cagr": 0.12526980752756067,
    "end_val": 54685.40870007468,
    "max_drawdown": -0.34810222477196223,
    "mwrr": 0.12526980752756067,
    "sharpe": 0.6147799366869796,
    "sortino": 0.8558314655602588,
    "std": 0.17505027857032512,
    "ulcer_index": 7.218075765602023,
    "upi": 1.4909450824933566,
    "us_allocation": 90
}