{
    "beta": 0.8576720182491057,
    "cagr": 0.05845167925087069,
    "end_val": 22654.51918696467,
    "max_drawdown": -0.34701597929094835,
    "mwrr": 0.05845167925087069,
    "sharpe": 0.2758418625516701,
    "sortino": 0.37793002359990063,
    "std": 0.1678589605665567,
    "ulcer_index": 10.346996081467402,
    "upi": 0.4474908132988996,
    "us_allocation": 7
}