{
    "beta": 0.9422245544269845,
    "cagr": 0.09750186721370713,
    "end_val": 38164.43685945848,
    "max_drawdown": -0.34306679007238533,
    "mwrr": 0.09750186721370713,
    "sharpe": 0.4906860247421383,
    "sortino": 0.6780959416130179,
    "std": 0.16831347240581476,
    "ulcer_index": 7.878545395199875,
    "upi": 1.048273138498388,
    "us_allocation": 55
}