{
    "beta": 0.9919839085083978,
    "cagr": 0.12055021111385078,
    "end_val": 51474.77966825231,
    "max_drawdown": -0.3471205123216544,
    "mwrr": 0.12055021111385078,
    "sharpe": 0.5958184963723577,
    "sortino": 0.8283338393242017,
    "std": 0.17355478865612817,
    "ulcer_index": 7.266755049250132,
    "upi": 1.4230175087236923,
    "us_allocation": 84
}