{
    "beta": 0.8773075805728903,
    "cagr": 0.06750358489691433,
    "end_val": 25609.096303926108,
    "max_drawdown": -0.3456899981657248,
    "mwrr": 0.06750358489691433,
    "sharpe": 0.3283486111345394,
    "sortino": 0.4506920328103426,
    "std": 0.1669908819401941,
    "ulcer_index": 9.603220927525816,
    "upi": 0.5709600071682903,
    "us_allocation": 18
}