{
    "beta": 0.8879508171921353,
    "cagr": 0.07241473484595407,
    "end_val": 27358.414054858324,
    "max_drawdown": -0.345046281661758,
    "mwrr": 0.07241473484595407,
    "sharpe": 0.3563567764643848,
    "sortino": 0.4896438850409909,
    "std": 0.16676655548701086,
    "ulcer_index": 9.270825601875526,
    "upi": 0.6410188067880129,
    "us_allocation": 24
}