{
    "beta": 0.9783496438536387,
    "cagr": 0.11423153828595733,
    "end_val": 47450.485220207585,
    "max_drawdown": -0.34580149455180353,
    "mwrr": 0.11423153828595733,
    "sharpe": 0.5690280277455134,
    "sortino": 0.7897196106665008,
    "std": 0.17177126121819725,
    "ulcer_index": 7.352685303914838,
    "upi": 1.3293452522935156,
    "us_allocation": 76
}