{
    "beta": 1.0038582905186448,
    "cagr": 0.126054801115278,
    "end_val": 55237.15772920841,
    "max_drawdown": -0.34826521941706157,
    "mwrr": 0.126054801115278,
    "sharpe": 0.6178458867230869,
    "sortino": 0.8602915156281131,
    "std": 0.17531227421911352,
    "ulcer_index": 7.211768083924966,
    "upi": 1.5019358660633961,
    "us_allocation": 91
}