{
    "beta": 0.8684022875276051,
    "cagr": 0.06339685483165991,
    "end_val": 24226.81977965621,
    "max_drawdown": -0.3462272395176925,
    "mwrr": 0.06339685483165991,
    "sharpe": 0.304645786714897,
    "sortino": 0.4178046567348771,
    "std": 0.16731180208142163,
    "ulcer_index": 9.93006143813345,
    "upi": 0.513291465049779,
    "us_allocation": 13
}