{
    "beta": 0.8861801754834571,
    "cagr": 0.07159748456568837,
    "end_val": 27059.808287173582,
    "max_drawdown": -0.34515349412583696,
    "mwrr": 0.07159748456568837,
    "sharpe": 0.3517249445304038,
    "sortino": 0.48319521390272613,
    "std": 0.16679183195758543,
    "ulcer_index": 9.325031214675164,
    "upi": 0.6291044648086132,
    "us_allocation": 23
}