{
    "beta": 0.8400073389065279,
    "cagr": 0.054175560645653986,
    "end_val": 20274.43477512343,
    "max_drawdown": -0.34701597929094713,
    "mwrr": 0.054175560645653986,
    "sharpe": 0.2528167413467914,
    "sortino": 0.3443463837418368,
    "std": 0.16442170174639995,
    "ulcer_index": 10.515404677965337,
    "upi": 0.3953019236686361,
    "us_allocation": 7
}