{
    "beta": 0.8674729802741681,
    "cagr": 0.06590993050970151,
    "end_val": 23515.399087816004,
    "max_drawdown": -0.34536800736151074,
    "mwrr": 0.06590993050970151,
    "sharpe": 0.32140608279370864,
    "sortino": 0.43904567805035527,
    "std": 0.16383289589013417,
    "ulcer_index": 9.56526164223067,
    "upi": 0.5504905747634685,
    "us_allocation": 21
}