{
    "beta": 0.9081440719706684,
    "cagr": 0.08331317284342066,
    "end_val": 29212.953583935203,
    "max_drawdown": -0.34312147636757334,
    "mwrr": 0.08331317284342066,
    "sharpe": 0.4181185715262454,
    "sortino": 0.573837548301855,
    "std": 0.16473780307536573,
    "ulcer_index": 8.473877889866491,
    "upi": 0.8128389462566433,
    "us_allocation": 42
}