{
    "beta": 0.917738334538753,
    "cagr": 0.08742249839342797,
    "end_val": 30732.852952629146,
    "max_drawdown": -0.3425884903850284,
    "mwrr": 0.08742249839342797,
    "sharpe": 0.43975451955170863,
    "sortino": 0.6042254706451824,
    "std": 0.1652573549230524,
    "ulcer_index": 8.253641775602594,
    "upi": 0.8804811080941907,
    "us_allocation": 47
}