{
    "beta": 0.8478843382985247,
    "cagr": 0.05753922276092904,
    "end_val": 21158.412523040824,
    "max_drawdown": -0.3464423428464184,
    "mwrr": 0.05753922276092904,
    "sharpe": 0.27266828349356614,
    "sortino": 0.3716868879050627,
    "std": 0.16415390231327884,
    "ulcer_index": 10.222674860193854,
    "upi": 0.4378362202387646,
    "us_allocation": 11
}