{
    "beta": 0.8869170602770295,
    "cagr": 0.07422646845162761,
    "end_val": 26095.729570867956,
    "max_drawdown": -0.34429661748678225,
    "mwrr": 0.07422646845162761,
    "sharpe": 0.3685455158766041,
    "sortino": 0.5045413146757951,
    "std": 0.16400178724079933,
    "ulcer_index": 9.014523408349325,
    "upi": 0.670485893336783,
    "us_allocation": 31
}