{
    "beta": 0.8985160418389007,
    "cagr": 0.07919076802698166,
    "end_val": 27758.36190871161,
    "max_drawdown": -0.3436551924193833,
    "mwrr": 0.07919076802698166,
    "sharpe": 0.39590762895953574,
    "sortino": 0.5427344120868949,
    "std": 0.16433301251890112,
    "ulcer_index": 8.709989789197707,
    "upi": 0.7469550053360413,
    "us_allocation": 37
}