{
    "beta": 0.9100656085274219,
    "cagr": 0.08413608095424552,
    "end_val": 29511.63185690401,
    "max_drawdown": -0.34301482081348494,
    "mwrr": 0.08413608095424552,
    "sharpe": 0.4224928149255366,
    "sortino": 0.5799739514102787,
    "std": 0.1648326050302837,
    "ulcer_index": 8.428708610171778,
    "upi": 0.8262196170299475,
    "us_allocation": 43
}