{
    "beta": 0.9538979477645967,
    "cagr": 0.10292044287928426,
    "end_val": 37147.94998628707,
    "max_drawdown": -0.3441363273628193,
    "mwrr": 0.10292044287928426,
    "sharpe": 0.5162368767640634,
    "sortino": 0.7124931122030831,
    "std": 0.1682351988806585,
    "ulcer_index": 7.601475484534981,
    "upi": 1.1425221292321022,
    "us_allocation": 66
}