{
    "beta": 0.888853696189505,
    "cagr": 0.0750551781346549,
    "end_val": 26366.710495093685,
    "max_drawdown": -0.34418964004152897,
    "mwrr": 0.0750551781346549,
    "sharpe": 0.37315700118700623,
    "sortino": 0.5109687890532217,
    "std": 0.16404515055586144,
    "ulcer_index": 8.962442697865555,
    "upi": 0.6830011242157178,
    "us_allocation": 32
}