{
    "beta": 0.8694238162077057,
    "cagr": 0.06674400665919866,
    "end_val": 23763.101392338634,
    "max_drawdown": -0.34526073602171437,
    "mwrr": 0.06674400665919866,
    "sharpe": 0.32619839760532837,
    "sortino": 0.44568780022921206,
    "std": 0.1638279264392864,
    "ulcer_index": 9.507841275875025,
    "upi": 0.5620558758109252,
    "us_allocation": 22
}