{
    "beta": 0.8557374445627729,
    "cagr": 0.060894066050026785,
    "end_val": 22075.48150738001,
    "max_drawdown": -0.346012254402208,
    "mwrr": 0.060894066050026785,
    "sharpe": 0.29232969512702234,
    "sortino": 0.3988191318242924,
    "std": 0.16396602842004038,
    "ulcer_index": 9.941238141696264,
    "upi": 0.48214446547513673,
    "us_allocation": 15
}