{
    "beta": 1.0119377171856068,
    "cagr": 0.12781793598646218,
    "end_val": 50096.741608776196,
    "max_drawdown": -0.3492394691472204,
    "mwrr": 0.12781793598646218,
    "sharpe": 0.6198680068721203,
    "sortino": 0.8622617473965969,
    "std": 0.17618820389690656,
    "ulcer_index": 7.197452024582043,
    "upi": 1.517388589953872,
    "us_allocation": 97
}