{
    "beta": 0.9501134175994984,
    "cagr": 0.10129774270985803,
    "end_val": 36422.416254940734,
    "max_drawdown": -0.3438937579047594,
    "mwrr": 0.10129774270985803,
    "sharpe": 0.5086353300762386,
    "sortino": 0.7016611182628439,
    "std": 0.16784953981386244,
    "ulcer_index": 7.658468593292551,
    "upi": 1.1147594465275628,
    "us_allocation": 64
}