{
    "beta": 0.9062211847423969,
    "cagr": 0.08248974157010869,
    "end_val": 28916.88739386054,
    "max_drawdown": -0.343228161124419,
    "mwrr": 0.08248974157010869,
    "sharpe": 0.4137213143661866,
    "sortino": 0.5676725335489817,
    "std": 0.1646475921232493,
    "ulcer_index": 8.519636342972339,
    "upi": 0.7995324312828945,
    "us_allocation": 41
}