{
    "beta": 0.9652216494219644,
    "cagr": 0.10777646574743316,
    "end_val": 39399.82590810251,
    "max_drawdown": -0.3451376281165608,
    "mwrr": 0.10777646574743316,
    "sharpe": 0.5383832298301438,
    "sortino": 0.7441553211271699,
    "std": 0.1694896269718131,
    "ulcer_index": 7.464935946444209,
    "upi": 1.2223787954290635,
    "us_allocation": 72
}