{
    "beta": 0.9387294889954612,
    "cagr": 0.09641748076834511,
    "end_val": 34318.63374165593,
    "max_drawdown": -0.34334317037260953,
    "mwrr": 0.09641748076834511,
    "sharpe": 0.48518372098279433,
    "sortino": 0.6683516676460808,
    "std": 0.16679257264368813,
    "ulcer_index": 7.843674198849744,
    "upi": 1.0317136024153473,
    "us_allocation": 58
}