{
    "beta": 0.9349246249990363,
    "cagr": 0.09478665263992747,
    "end_val": 33641.074085378066,
    "max_drawdown": -0.34315899760537455,
    "mwrr": 0.09478665263992747,
    "sharpe": 0.4771543003519325,
    "sortino": 0.6569822567352586,
    "std": 0.1664741801932363,
    "ulcer_index": 7.910167299389768,
    "upi": 1.004189355893785,
    "us_allocation": 56
}