{
    "beta": 0.9368277005978747,
    "cagr": 0.09560232223777931,
    "end_val": 33978.39728443386,
    "max_drawdown": -0.3432511243367284,
    "mwrr": 0.09560232223777931,
    "sharpe": 0.4811821051710284,
    "sortino": 0.662683424316236,
    "std": 0.16663123028508955,
    "ulcer_index": 7.876684763001967,
    "upi": 1.0179303638997694,
    "us_allocation": 57
}