{
    "beta": 0.8419788458456857,
    "cagr": 0.055017306365551244,
    "end_val": 20492.382482978468,
    "max_drawdown": -0.34676521970270674,
    "mwrr": 0.055017306365551244,
    "sharpe": 0.2577959334693019,
    "sortino": 0.3511989893268592,
    "std": 0.1643472336550595,
    "ulcer_index": 10.44024906626844,
    "upi": 0.40580525171164933,
    "us_allocation": 8
}