{
    "beta": 0.9633374560877289,
    "cagr": 0.1069683823935137,
    "end_val": 39016.54186910679,
    "max_drawdown": -0.3449712043454294,
    "mwrr": 0.1069683823935137,
    "sharpe": 0.5347612027592884,
    "sortino": 0.7389658703480528,
    "std": 0.1692705402862364,
    "ulcer_index": 7.482565450289574,
    "upi": 1.2097284437487312,
    "us_allocation": 71
}