{
    "beta": 0.974624290324735,
    "cagr": 0.11180939966153103,
    "end_val": 41365.32512937188,
    "max_drawdown": -0.34596700550444265,
    "mwrr": 0.11180939966153103,
    "sharpe": 0.55607601074221,
    "sortino": 0.7695723859128965,
    "std": 0.17064385245489486,
    "ulcer_index": 7.38117455872563,
    "upi": 1.2855739765193197,
    "us_allocation": 77
}