{
    "beta": 0.9196531824785871,
    "cagr": 0.08824280312209676,
    "end_val": 31044.883013906976,
    "max_drawdown": -0.34248198066502616,
    "mwrr": 0.08824280312209676,
    "sharpe": 0.44400990769152815,
    "sortino": 0.6102129419622306,
    "std": 0.1653748336195799,
    "ulcer_index": 8.211277338127672,
    "upi": 0.8942233847035658,
    "us_allocation": 48
}