{
    "beta": 1.008227250255726,
    "cagr": 0.12622585891483684,
    "end_val": 49157.616556572575,
    "max_drawdown": -0.34891542552903454,
    "mwrr": 0.12622585891483684,
    "sharpe": 0.6139882216293143,
    "sortino": 0.8536421729561983,
    "std": 0.17557036448703958,
    "ulcer_index": 7.210228560926862,
    "upi": 1.4950702348909832,
    "us_allocation": 95
}