{
    "beta": 0.849849842670746,
    "cagr": 0.05837875791325842,
    "end_val": 21384.537524159532,
    "max_drawdown": -0.3463347763993075,
    "mwrr": 0.05837875791325842,
    "sharpe": 0.27760253816735164,
    "sortino": 0.3784909284940239,
    "std": 0.16409945978962454,
    "ulcer_index": 10.151600601627042,
    "upi": 0.4487315158936416,
    "us_allocation": 12
}