{
    "beta": 0.8537763909658099,
    "cagr": 0.060056178592416964,
    "end_val": 21843.055866848437,
    "max_drawdown": -0.3461197321893864,
    "mwrr": 0.060056178592416964,
    "sharpe": 0.2874336692484965,
    "sortino": 0.39205763731899296,
    "std": 0.1640055310998167,
    "ulcer_index": 10.010919016291794,
    "upi": 0.4708829049787166,
    "us_allocation": 14
}