{
    "beta": 0.8380343190208072,
    "cagr": 0.05333325981491255,
    "end_val": 20058.492122550855,
    "max_drawdown": -0.34841987684386705,
    "mwrr": 0.05333325981491255,
    "sharpe": 0.24782741128356064,
    "sortino": 0.33748309472597504,
    "std": 0.1645011925570124,
    "ulcer_index": 10.600247848424349,
    "upi": 0.38458488462758034,
    "us_allocation": 6
}