{
    "beta": 0.8810987378960068,
    "cagr": 0.07173714018566368,
    "end_val": 25297.159409668704,
    "max_drawdown": -0.3446177258812354,
    "mwrr": 0.07173714018566368,
    "sharpe": 0.35459431085186355,
    "sortino": 0.48511879582814127,
    "std": 0.163900386267762,
    "ulcer_index": 9.173902471256723,
    "upi": 0.6335048965826077,
    "us_allocation": 28
}