{
    "beta": 0.845917340629345,
    "cagr": 0.05669913643811442,
    "end_val": 20934.355601164956,
    "max_drawdown": -0.34654993887121954,
    "mwrr": 0.05669913643811442,
    "sharpe": 0.2677221418868846,
    "sortino": 0.3648698262880259,
    "std": 0.1642133406623154,
    "ulcer_index": 10.29422380916558,
    "upi": 0.4270605025617819,
    "us_allocation": 10
}