{
    "beta": 1.0007926062975332,
    "cagr": 0.12303589094279199,
    "end_val": 47324.76467268271,
    "max_drawdown": -0.34826521941706134,
    "mwrr": 0.12303589094279199,
    "sharpe": 0.601898320763136,
    "sortino": 0.835971350040049,
    "std": 0.17437558152609456,
    "ulcer_index": 7.2379880543486115,
    "upi": 1.4500733569144255,
    "us_allocation": 91
}