{
    "beta": 0.9802513539363825,
    "cagr": 0.11422319940333958,
    "end_val": 42584.722570285754,
    "max_drawdown": -0.346462449583451,
    "mwrr": 0.11422319940333958,
    "sharpe": 0.5663565232137684,
    "sortino": 0.7843951859225813,
    "std": 0.17138255905253727,
    "ulcer_index": 7.342896743105566,
    "upi": 1.321865110857686,
    "us_allocation": 80
}