{
    "beta": 0.9576774752422931,
    "cagr": 0.10454112616615929,
    "end_val": 37885.91090295763,
    "max_drawdown": -0.3444708309988468,
    "mwrr": 0.10454112616615929,
    "sharpe": 0.5237291565170182,
    "sortino": 0.7231870707308377,
    "std": 0.168637223439068,
    "ulcer_index": 7.548925564801064,
    "upi": 1.1699623587806824,
    "us_allocation": 68
}