{
    "beta": 0.8261641486815916,
    "cagr": 0.04826774127869915,
    "end_val": 18804.0803425261,
    "max_drawdown": -0.3568042683935999,
    "mwrr": 0.04826774127869915,
    "sharpe": 0.21770349581883733,
    "sortino": 0.2961146778950599,
    "std": 0.16508391000877878,
    "ulcer_index": 11.17187311809184,
    "upi": 0.3216868738947357,
    "us_allocation": 0
}