{
    "beta": 0.894655252459376,
    "cagr": 0.07753812029199736,
    "end_val": 27194.278760239024,
    "max_drawdown": -0.3438688835956027,
    "mwrr": 0.07753812029199736,
    "sharpe": 0.38687002053879166,
    "sortino": 0.5301043982752656,
    "std": 0.1642037210913894,
    "ulcer_index": 8.809371554563118,
    "upi": 0.7211013555429432,
    "us_allocation": 35
}