{
    "beta": 1.0026529901846684,
    "cagr": 0.12383411129637856,
    "end_val": 47777.367053227565,
    "max_drawdown": -0.34842803652572807,
    "mwrr": 0.12383411129637856,
    "sharpe": 0.6049622480903415,
    "sortino": 0.8404430837205775,
    "std": 0.17466910395885768,
    "ulcer_index": 7.230771909512071,
    "upi": 1.461365415480452,
    "us_allocation": 92
}