{
    "beta": 0.9425292206317911,
    "cagr": 0.09804626772609182,
    "end_val": 35007.930616611964,
    "max_drawdown": -0.34352702078167996,
    "mwrr": 0.09804626772609182,
    "sharpe": 0.49310777723380617,
    "sortino": 0.6795889357064718,
    "std": 0.16712804739541062,
    "ulcer_index": 7.779056704635478,
    "upi": 1.0594006754863472,
    "us_allocation": 60
}