{
    "beta": 0.8576970242112554,
    "cagr": 0.061731406198774375,
    "end_val": 22310.03982595639,
    "max_drawdown": -0.34590480614398206,
    "mwrr": 0.061731406198774375,
    "sharpe": 0.2972121333789353,
    "sortino": 0.40556527987058605,
    "std": 0.16393148854120862,
    "ulcer_index": 9.872029471260568,
    "upi": 0.4935298679542951,
    "us_allocation": 16
}