{
    "beta": 0.9614520319072775,
    "cagr": 0.10615979849837309,
    "end_val": 38636.47640987141,
    "max_drawdown": -0.34480459710458466,
    "mwrr": 0.10615979849837309,
    "sharpe": 0.5311114711353078,
    "sortino": 0.733741312231119,
    "std": 0.16905542846028324,
    "ulcer_index": 7.50351503532527,
    "upi": 1.1965947360935314,
    "us_allocation": 70
}