{
    "beta": 0.9119857987491703,
    "cagr": 0.08495846673665919,
    "end_val": 29812.94148670716,
    "max_drawdown": -0.34290819445016535,
    "mwrr": 0.08495846673665919,
    "sharpe": 0.4268437827005058,
    "sortino": 0.5860813512896824,
    "std": 0.16493197979126106,
    "ulcer_index": 8.384099793137317,
    "upi": 0.8396757293346497,
    "us_allocation": 44
}