{
    "beta": 1.0156436528483253,
    "cagr": 0.1294080820213308,
    "end_val": 51051.275841136616,
    "max_drawdown": -0.3495628095390718,
    "mwrr": 0.1294080820213308,
    "sharpe": 0.6256384475272304,
    "sortino": 0.8707377354549797,
    "std": 0.17681941397791853,
    "ulcer_index": 7.185644671847299,
    "upi": 1.539527123530372,
    "us_allocation": 99
}