{
    "beta": 0.9215667055365279,
    "cagr": 0.0890625896322903,
    "end_val": 31359.642504354997,
    "max_drawdown": -0.3425118420714227,
    "mwrr": 0.0890625896322903,
    "sharpe": 0.44824081734747173,
    "sortino": 0.616169505875182,
    "std": 0.1654967901963668,
    "ulcer_index": 8.170521813192769,
    "upi": 0.9079166026876112,
    "us_allocation": 49
}