{
    "beta": 0.851813858611057,
    "cagr": 0.05921774286781445,
    "end_val": 21612.746605485776,
    "max_drawdown": -0.346227239517693,
    "mwrr": 0.05921774286781445,
    "sharpe": 0.2825244757391165,
    "sortino": 0.3852813683778925,
    "std": 0.1640500054072522,
    "ulcer_index": 10.081005500676461,
    "upi": 0.4597472071548336,
    "us_allocation": 13
}