{
    "beta": 0.9671046158350316,
    "cagr": 0.10858404928536247,
    "end_val": 39786.35126643514,
    "max_drawdown": -0.34530386872087127,
    "mwrr": 0.10858404928536247,
    "sharpe": 0.5419774949280973,
    "sortino": 0.7493095495384541,
    "std": 0.1697126648730331,
    "ulcer_index": 7.447635758363967,
    "upi": 1.2350212324814844,
    "us_allocation": 73
}