{
    "beta": 0.9839967433802601,
    "cagr": 0.11582992737872044,
    "end_val": 43414.75399396506,
    "max_drawdown": -0.3467918413013887,
    "mwrr": 0.11582992737872044,
    "sharpe": 0.5730702390168385,
    "sortino": 0.7940975081723468,
    "std": 0.1718938656072827,
    "ulcer_index": 7.321625587224826,
    "upi": 1.3454232769928276,
    "us_allocation": 82
}