{
    "beta": 0.915822157456689,
    "cagr": 0.0866016746322793,
    "end_val": 30423.53247747978,
    "max_drawdown": -0.3426950292479095,
    "mwrr": 0.0866016746322793,
    "sharpe": 0.4354748791831443,
    "sortino": 0.5982075243608013,
    "std": 0.16514437359887568,
    "ulcer_index": 8.29656752056381,
    "upi": 0.8668079236483611,
    "us_allocation": 46
}