{
    "beta": 0.976501180556914,
    "cagr": 0.11261449487797526,
    "end_val": 41768.402629565106,
    "max_drawdown": -0.34613233479475924,
    "mwrr": 0.11261449487797526,
    "sharpe": 0.5595308271045084,
    "sortino": 0.7745491217827843,
    "std": 0.17088628855571641,
    "ulcer_index": 7.365254515897091,
    "upi": 1.2981991366974728,
    "us_allocation": 78
}