{
    "beta": 0.9821246447431431,
    "cagr": 0.11502681011192784,
    "end_val": 42998.01241436037,
    "max_drawdown": -0.3466272356777028,
    "mwrr": 0.11502681011192784,
    "sharpe": 0.5697273806204963,
    "sortino": 0.78926433164821,
    "std": 0.17163634497521252,
    "ulcer_index": 7.332153490144893,
    "upi": 1.3336532489169006,
    "us_allocation": 81
}