{
    "beta": 0.9952045115266182,
    "cagr": 0.12063830720348401,
    "end_val": 45989.04475533366,
    "max_drawdown": -0.34777570170967986,
    "mwrr": 0.12063830720348401,
    "sharpe": 0.5925399710610869,
    "sortino": 0.8223391464094693,
    "std": 0.173516051200134,
    "ulcer_index": 7.26315770612956,
    "upi": 1.415567565438273,
    "us_allocation": 88
}