{
    "beta": 0.8733211703684456,
    "cagr": 0.06841053767448257,
    "end_val": 24265.27191455427,
    "max_drawdown": -0.3450462816617581,
    "mwrr": 0.06841053767448257,
    "sharpe": 0.3357334031527827,
    "sortino": 0.4589137801812281,
    "std": 0.16383264740414014,
    "ulcer_index": 9.394486188139183,
    "upi": 0.5854824196710771,
    "us_allocation": 24
}