{
    "beta": 0.9330202580700315,
    "cagr": 0.09397047119549096,
    "end_val": 33306.64324745339,
    "max_drawdown": -0.3430667900723852,
    "mwrr": 0.09397047119549096,
    "sharpe": 0.473100467612094,
    "sortino": 0.6512483580167058,
    "std": 0.16632144382567435,
    "ulcer_index": 7.944553110220677,
    "upi": 0.9904386882197482,
    "us_allocation": 55
}