{
    "beta": 0.8752676979096168,
    "cagr": 0.06924299437676251,
    "end_val": 24519.77446152947,
    "max_drawdown": -0.3449390986173626,
    "mwrr": 0.06924299437676251,
    "sharpe": 0.3404753284368044,
    "sortino": 0.46549662236416284,
    "std": 0.1638423138859227,
    "ulcer_index": 9.33863581578322,
    "upi": 0.5973381965461754,
    "us_allocation": 25
}