{
    "beta": 0.978376867148812,
    "cagr": 0.11341909455808041,
    "end_val": 42174.860564298215,
    "max_drawdown": -0.34629748272167354,
    "mwrr": 0.11341909455808041,
    "sharpe": 0.5629576692924732,
    "sortino": 0.7794900865202601,
    "std": 0.17113253215748203,
    "ulcer_index": 7.353853739426244,
    "upi": 1.3100602323726849,
    "us_allocation": 79
}