{
    "beta": 0.8635669672843198,
    "cagr": 0.06424015230130475,
    "end_val": 23026.675344125448,
    "max_drawdown": -0.3455826384213784,
    "mwrr": 0.06424015230130475,
    "sharpe": 0.3117737797559497,
    "sortino": 0.42570582484296704,
    "std": 0.1638575517878744,
    "ulcer_index": 9.681541458850264,
    "upi": 0.5276583941295565,
    "us_allocation": 19
}