{
    "beta": 1.0063703085011033,
    "cagr": 0.12542909462731155,
    "end_val": 48693.76742339802,
    "max_drawdown": -0.3487531392927544,
    "mwrr": 0.12542909462731155,
    "sharpe": 0.6110071374674039,
    "sortino": 0.8492784861714787,
    "std": 0.17526651998107817,
    "ulcer_index": 7.216897657755711,
    "upi": 1.4838636376860712,
    "us_allocation": 94
}