{
    "beta": 0.96898635923902,
    "cagr": 0.10939113372908427,
    "end_val": 40176.140810380646,
    "max_drawdown": -0.3454699264605853,
    "mwrr": 0.10939113372908427,
    "sharpe": 0.5455439470678879,
    "sortino": 0.75442850358627,
    "std": 0.16993963024814765,
    "ulcer_index": 7.430588659740228,
    "upi": 1.2476668501274284,
    "us_allocation": 74
}