{
    "beta": 0.8439488447793362,
    "cagr": 0.055858497967182785,
    "end_val": 20712.350855993755,
    "max_drawdown": -0.3466575644859134,
    "mwrr": 0.055858497967182785,
    "sharpe": 0.2627645465378771,
    "sortino": 0.35804033431535415,
    "std": 0.1642777821374505,
    "ulcer_index": 10.366836669800776,
    "upi": 0.41637966944284616,
    "us_allocation": 9
}