{
    "beta": 0.8713732113505613,
    "cagr": 0.0675775420739484,
    "end_val": 24013.05329699499,
    "max_drawdown": -0.34515349412583735,
    "mwrr": 0.0675775420739484,
    "sharpe": 0.33097429947663753,
    "sortino": 0.4523106760126405,
    "std": 0.1638278475398872,
    "ulcer_index": 9.450901284438611,
    "upi": 0.5737207314138639,
    "us_allocation": 23
}