{
    "beta": 1.004512223029728,
    "cagr": 0.1246318456390092,
    "end_val": 48233.692802381694,
    "max_drawdown": -0.34859067638786756,
    "mwrr": 0.1246318456390092,
    "sharpe": 0.6079985007135865,
    "sortino": 0.8448787870437219,
    "std": 0.17496609162644516,
    "ulcer_index": 7.223738143850266,
    "upi": 1.4726298908017281,
    "us_allocation": 93
}