{
    "beta": 0.9292076336345132,
    "cagr": 0.09233656963080428,
    "end_val": 32646.37566139961,
    "max_drawdown": -0.3428821321759141,
    "mwrr": 0.09233656963080428,
    "sharpe": 0.4649153988449164,
    "sortino": 0.6396830518647522,
    "std": 0.16602899711552963,
    "ulcer_index": 8.016823558323864,
    "upi": 0.9628325722372383,
    "us_allocation": 53
}