{
    "beta": 0.9933394865559142,
    "cagr": 0.11983813617764172,
    "end_val": 45551.08354010194,
    "max_drawdown": -0.34761217270951567,
    "mwrr": 0.11983813617764172,
    "sharpe": 0.5893648490986889,
    "sortino": 0.8177226519010774,
    "std": 0.17323663526604985,
    "ulcer_index": 7.272357904076542,
    "upi": 1.403936308335584,
    "us_allocation": 87
}