{
    "beta": 0.9557883348421982,
    "cagr": 0.10373103626121871,
    "end_val": 37515.36600525289,
    "max_drawdown": -0.34430367152482283,
    "mwrr": 0.10373103626121871,
    "sharpe": 0.5199967211861225,
    "sortino": 0.7178574644194748,
    "std": 0.16843417698990895,
    "ulcer_index": 7.574580566906155,
    "upi": 1.1562958535761296,
    "us_allocation": 67
}