{
    "beta": 0.9311145956676934,
    "cagr": 0.09315377712140194,
    "end_val": 32975.08399262797,
    "max_drawdown": -0.3429745016314106,
    "mwrr": 0.09315377712140194,
    "sharpe": 0.469020775260331,
    "sortino": 0.6454818988439792,
    "std": 0.1661730424455464,
    "ulcer_index": 7.98042003018782,
    "upi": 0.9766124045625132,
    "us_allocation": 54
}