{
    "beta": 0.8965863356590139,
    "cagr": 0.07836470828627462,
    "end_val": 27475.070942530998,
    "max_drawdown": -0.3437620233700792,
    "mwrr": 0.07836470828627462,
    "sharpe": 0.39139947366930794,
    "sortino": 0.5364324254568477,
    "std": 0.16426601969961205,
    "ulcer_index": 8.759418896477468,
    "upi": 0.7339829303044709,
    "us_allocation": 36
}