{
    "beta": 0.8360597812281645,
    "cagr": 0.05249040287570361,
    "end_val": 19844.53901206685,
    "max_drawdown": -0.34982191563184395,
    "mwrr": 0.05249040287570361,
    "sharpe": 0.24282838664885792,
    "sortino": 0.3306097397563099,
    "std": 0.16458571184630624,
    "ulcer_index": 10.685639205935413,
    "upi": 0.3740079274576362,
    "us_allocation": 5
}