{
    "beta": 0.9272993677985607,
    "cagr": 0.09151884793302778,
    "end_val": 32320.497712319317,
    "max_drawdown": -0.3427896815991722,
    "mwrr": 0.09151884793302778,
    "sharpe": 0.46078452116381946,
    "sortino": 0.6338520814945005,
    "std": 0.16588932869179593,
    "ulcer_index": 8.053760118444453,
    "upi": 0.9491017047581158,
    "us_allocation": 52
}