{
    "beta": 0.8907889371961041,
    "cagr": 0.07588335608576235,
    "end_val": 26640.11686967463,
    "max_drawdown": -0.3440826919192831,
    "mwrr": 0.07588335608576235,
    "sharpe": 0.37774846513153026,
    "sortino": 0.5173721103531395,
    "std": 0.16409327083017317,
    "ulcer_index": 8.91087525501748,
    "upi": 0.6956103773256672,
    "us_allocation": 33
}