{
    "beta": 0.9463238526575194,
    "cagr": 0.0996730196729787,
    "end_val": 35709.13428469625,
    "max_drawdown": -0.3437105496781827,
    "mwrr": 0.0996730196729787,
    "sharpe": 0.5009253240141998,
    "sortino": 0.6906926500660658,
    "std": 0.1674804291312889,
    "ulcer_index": 7.717743684635535,
    "upi": 1.087033448963251,
    "us_allocation": 62
}