{
    "beta": 0.8321061319834251,
    "cagr": 0.05080301665597631,
    "end_val": 19422.539845407806,
    "max_drawdown": -0.35262042151874723,
    "mwrr": 0.05080301665597631,
    "sharpe": 0.23280303723433818,
    "sortino": 0.31683522172923556,
    "std": 0.16476985696669288,
    "ulcer_index": 10.866763522197079,
    "upi": 0.35298455306134624,
    "us_allocation": 3
}