{
    "beta": 0.8830395856677571,
    "cagr": 0.07256745036403611,
    "end_val": 25560.971930042528,
    "max_drawdown": -0.34451066039456435,
    "mwrr": 0.07256745036403611,
    "sharpe": 0.3592638267493286,
    "sortino": 0.49161581916300034,
    "std": 0.16392939070570298,
    "ulcer_index": 9.12021903056987,
    "upi": 0.6457397458689332,
    "us_allocation": 29
}