{
    "beta": 0.9520063100185002,
    "cagr": 0.10210934527760296,
    "end_val": 36783.6407327041,
    "max_drawdown": -0.3439852420293464,
    "mwrr": 0.10210934527760296,
    "sharpe": 0.5124497138989728,
    "sortino": 0.7070942348309924,
    "std": 0.16804031217768653,
    "ulcer_index": 7.629505523366573,
    "upi": 1.128664504958014,
    "us_allocation": 65
}