{
    "beta": 0.8772127986049919,
    "cagr": 0.07007491309220204,
    "end_val": 24776.578258625894,
    "max_drawdown": -0.3448319449805436,
    "mwrr": 0.07007491309220204,
    "sharpe": 0.345199700333698,
    "sortino": 0.47205870280593354,
    "std": 0.16385683448394636,
    "ulcer_index": 9.283250059285718,
    "upi": 0.6092941989548555,
    "us_allocation": 26
}