{
    "beta": 0.9234789079579581,
    "cagr": 0.08988185873406906,
    "end_val": 31677.151382239288,
    "max_drawdown": -0.3426045366541194,
    "mwrr": 0.08988185873406906,
    "sharpe": 0.45244702947720156,
    "sortino": 0.6220950070306391,
    "std": 0.16562320491928795,
    "ulcer_index": 8.13087965322088,
    "upi": 0.9216080942186418,
    "us_allocation": 50
}