{
    "beta": 0.9896059242015186,
    "cagr": 0.11823632542795792,
    "end_val": 44685.9300898616,
    "max_drawdown": -0.3472845783089095,
    "mwrr": 0.11823632542795792,
    "sharpe": 0.5829308794653383,
    "sortino": 0.8083809248810367,
    "std": 0.1726885919021096,
    "ulcer_index": 7.291376869142873,
    "upi": 1.38060569997238,
    "us_allocation": 85
}