{
    "beta": 0.9858676536466081,
    "cagr": 0.11663255189531174,
    "end_val": 43834.971337644456,
    "max_drawdown": -0.346956266750819,
    "mwrr": 0.11663255189531174,
    "sharpe": 0.5763851015637502,
    "sortino": 0.7988946577743935,
    "std": 0.17215509658336067,
    "ulcer_index": 7.3113115879801835,
    "upi": 1.357174376998634,
    "us_allocation": 83
}