{
    "beta": 0.9970683706658309,
    "cagr": 0.1214379895607427,
    "end_val": 46430.62868662462,
    "max_drawdown": -0.34793905229989247,
    "mwrr": 0.1214379895607427,
    "sharpe": 0.5956872295044371,
    "sortino": 0.8269194169583007,
    "std": 0.1737990305893096,
    "ulcer_index": 7.254175526101154,
    "upi": 1.4271724001723092,
    "us_allocation": 89
}