{
    "beta": 0.8616117808083609,
    "cagr": 0.06340444837822634,
    "end_val": 22785.620194108866,
    "max_drawdown": -0.34568999816572477,
    "mwrr": 0.06340444837822634,
    "sharpe": 0.3069345859591823,
    "sortino": 0.41900919227320493,
    "std": 0.16387725999249872,
    "ulcer_index": 9.740362842935724,
    "upi": 0.516393281197809,
    "us_allocation": 18
}