{
    "beta": 0.9023713408475904,
    "cagr": 0.08084130617926766,
    "end_val": 28332.514728276015,
    "max_drawdown": -0.343441618294371,
    "mwrr": 0.08084130617926766,
    "sharpe": 0.40485884113013,
    "sortino": 0.5552582957522646,
    "std": 0.16448101463088352,
    "ulcer_index": 8.61308135962395,
    "upi": 0.7731334903310659,
    "us_allocation": 39
}