{
    "beta": 0.9482192664896729,
    "cagr": 0.10048563442615088,
    "end_val": 36064.2546867455,
    "max_drawdown": -0.3438021938226621,
    "mwrr": 0.10048563442615088,
    "sharpe": 0.5047938296735165,
    "sortino": 0.6961938881875447,
    "std": 0.16766290458250052,
    "ulcer_index": 7.687885973655062,
    "upi": 1.100881067048655,
    "us_allocation": 63
}