{
    "beta": 0.9444271720578638,
    "cagr": 0.09885989769321535,
    "end_val": 35357.03342771965,
    "max_drawdown": -0.34361882536626825,
    "mwrr": 0.09885989769321535,
    "sharpe": 0.4970299314155657,
    "sortino": 0.6851575966694516,
    "std": 0.16730213595620333,
    "ulcer_index": 7.748035917922151,
    "upi": 1.0732193697058918,
    "us_allocation": 61
}