{
    "beta": 0.9914732920270541,
    "cagr": 0.11903747581094781,
    "end_val": 45116.72021542511,
    "max_drawdown": -0.3474484650069542,
    "mwrr": 0.11903747581094781,
    "sharpe": 0.5861618285630222,
    "sortino": 0.8130699010122256,
    "std": 0.17296080732584737,
    "ulcer_index": 7.2817634633718855,
    "upi": 1.3922821626447117,
    "us_allocation": 86
}