{
    "beta": 0.9595653729425287,
    "cagr": 0.10535071333331492,
    "end_val": 38259.60691703308,
    "max_drawdown": -0.34463780609046696,
    "mwrr": 0.10535071333331492,
    "sharpe": 0.5274340988854679,
    "sortino": 0.7284817214301484,
    "std": 0.1688443150342952,
    "ulcer_index": 7.526063068576117,
    "upi": 1.1832696715993294,
    "us_allocation": 69
}