{
    "beta": 0.9406299943065468,
    "cagr": 0.09723212900717426,
    "end_val": 34661.80447355834,
    "max_drawdown": -0.3434351358189961,
    "mwrr": 0.09723212900717426,
    "sharpe": 0.4891589939048384,
    "sortino": 0.6739868879561702,
    "std": 0.16695818562316245,
    "ulcer_index": 7.811129334654485,
    "upi": 1.0455379807819778,
    "us_allocation": 59
}