{
    "beta": 0.828146351098607,
    "cagr": 0.04911339390338543,
    "end_val": 19008.315086826336,
    "max_drawdown": -0.35541150616148115,
    "mwrr": 0.04911339390338543,
    "sharpe": 0.22274427766276303,
    "sortino": 0.3030285288372818,
    "std": 0.1649741754558171,
    "ulcer_index": 11.065179024803099,
    "upi": 0.3320881436788978,
    "us_allocation": 1
}