{
    "beta": 0.8655206988666838,
    "cagr": 0.06507531270032363,
    "end_val": 23269.929373953346,
    "max_drawdown": -0.3454753081573539,
    "mwrr": 0.06507531270032363,
    "sharpe": 0.31659774520519607,
    "sortino": 0.43238484161306534,
    "std": 0.16384276731889855,
    "ulcer_index": 9.62317292764372,
    "upi": 0.539024156256578,
    "us_allocation": 20
}