{
    "beta": 0.8849790249461557,
    "cagr": 0.0733972261563256,
    "end_val": 25827.1560342975,
    "max_drawdown": -0.3444036242671045,
    "mwrr": 0.0733972261563256,
    "sharpe": 0.36391434407445994,
    "sortino": 0.4980901604820261,
    "std": 0.16396319577154547,
    "ulcer_index": 9.067115908194179,
    "upi": 0.658065265453024,
    "us_allocation": 30
}