{
    "beta": 0.8301270105129646,
    "cagr": 0.049958485354703264,
    "end_val": 19214.463242368456,
    "max_drawdown": -0.3540168909201286,
    "mwrr": 0.049958485354703264,
    "sharpe": 0.22777760869370953,
    "sortino": 0.3099355655306374,
    "std": 0.16486949238474055,
    "ulcer_index": 10.96564901301241,
    "upi": 0.34245727021183997,
    "us_allocation": 2
}