{
    "beta": 0.9708668835331451,
    "cagr": 0.11019771979695414,
    "end_val": 40569.21753340137,
    "max_drawdown": -0.34563580163726315,
    "mwrr": 0.11019771979695414,
    "sharpe": 0.5490825416198233,
    "sortino": 0.7595120289599326,
    "std": 0.17017049926346633,
    "ulcer_index": 7.413767160028902,
    "upi": 1.2603190808526525,
    "us_allocation": 75
}