{
    "beta": 0.859655134702208,
    "cagr": 0.06256819999198826,
    "end_val": 22546.747221637328,
    "max_drawdown": -0.3457973874025412,
    "mwrr": 0.06256819999198826,
    "sharpe": 0.3020805677615495,
    "sortino": 0.4122954911078095,
    "std": 0.16390190225883305,
    "ulcer_index": 9.803288846434533,
    "upi": 0.5050403358626505,
    "us_allocation": 17
}