{
    "beta": 0.9004443754300776,
    "cagr": 0.0800163003730654,
    "end_val": 28044.170265137975,
    "max_drawdown": -0.34354839073148746,
    "mwrr": 0.0800163003730654,
    "sharpe": 0.40039418352139583,
    "sortino": 0.5490098635557962,
    "std": 0.16440468308466846,
    "ulcer_index": 8.661098738769613,
    "upi": 0.7600155372361721,
    "us_allocation": 38
}