{
    "beta": 1.0137912496180694,
    "cagr": 0.12861325006241575,
    "end_val": 50572.0694980915,
    "max_drawdown": -0.34940122710328714,
    "mwrr": 0.12861325006241575,
    "sharpe": 0.6227668557768988,
    "sortino": 0.8665176798193124,
    "std": 0.17650214982916743,
    "ulcer_index": 7.1914537142512005,
    "upi": 1.5284753021991624,
    "us_allocation": 98
}