{
    "beta": 1.0174949304770406,
    "cagr": 0.13020243250160712,
    "end_val": 51534.386970900385,
    "max_drawdown": -0.3497242167400991,
    "mwrr": 0.13020243250160712,
    "sharpe": 0.6284828660393792,
    "sortino": 0.8749219446668698,
    "std": 0.17713997193258094,
    "ulcer_index": 7.180032949095479,
    "upi": 1.5505413865839,
    "us_allocation": 100
}