{
    "beta": 0.9042969424905845,
    "cagr": 0.08166578629614785,
    "end_val": 28623.414125161195,
    "max_drawdown": -0.34333487509601757,
    "mwrr": 0.08166578629614785,
    "sharpe": 0.40930131230277217,
    "sortino": 0.5614793101269447,
    "std": 0.1645619900950443,
    "ulcer_index": 8.566068243190886,
    "upi": 0.7862938615832658,
    "us_allocation": 40
}