{
    "beta": 0.8791564770682677,
    "cagr": 0.07090629472770016,
    "end_val": 25035.700731191908,
    "max_drawdown": -0.3447248207391991,
    "mwrr": 0.07090629472770016,
    "sharpe": 0.34990614919491125,
    "sortino": 0.4785995785162199,
    "std": 0.1638761963450708,
    "ulcer_index": 9.228336057096145,
    "upi": 0.6213499770321101,
    "us_allocation": 27
}