{
    "beta": 0.8927227877928502,
    "cagr": 0.07671100318097124,
    "end_val": 26915.966865126706,
    "max_drawdown": -0.34397577310799043,
    "mwrr": 0.07671100318097124,
    "sharpe": 0.38231957903765773,
    "sortino": 0.5237508058694688,
    "std": 0.16414613285250892,
    "ulcer_index": 8.859840257764418,
    "upi": 0.7083116020748482,
    "us_allocation": 34
}