{
    "beta": 0.9253897939733923,
    "cagr": 0.09070061123356865,
    "end_val": 31997.429721519125,
    "max_drawdown": -0.3426971497942737,
    "mwrr": 0.09070061123356865,
    "sharpe": 0.45662833227093985,
    "sortino": 0.6279892977202409,
    "std": 0.16575405781799862,
    "ulcer_index": 8.091819940601777,
    "upi": 0.9353535816863868,
    "us_allocation": 51
}