{
    "beta": 0.9727461926038249,
    "cagr": 0.11100380820391842,
    "end_val": 40965.60455663297,
    "max_drawdown": -0.34580149455180353,
    "mwrr": 0.11100380820391842,
    "sharpe": 0.5525932402309589,
    "sortino": 0.7645599981297451,
    "std": 0.1704052479991405,
    "ulcer_index": 7.3973062395685165,
    "upi": 1.2729536161312394,
    "us_allocation": 76
}