{
    "beta": 0.913904646957005,
    "cagr": 0.08578033102067795,
    "end_val": 30116.901860172453,
    "max_drawdown": -0.3428015972656325,
    "mwrr": 0.08578033102067795,
    "sharpe": 0.43117122003054625,
    "sortino": 0.5921593529657244,
    "std": 0.1650359088913457,
    "ulcer_index": 8.340047410613744,
    "upi": 0.8532062257066328,
    "us_allocation": 45
}