{
    "beta": 0.9877373793288525,
    "cagr": 0.11743468435003002,
    "end_val": 44258.68860553535,
    "max_drawdown": -0.3471205123216542,
    "mwrr": 0.11743468435003002,
    "sharpe": 0.5796719769837623,
    "sortino": 0.8036558076539435,
    "std": 0.17242001349623012,
    "ulcer_index": 7.301222303449023,
    "upi": 1.3689034405504346,
    "us_allocation": 84
}