{
    "beta": 0.8340837205488196,
    "cagr": 0.051646988825327034,
    "end_val": 19632.560026727577,
    "max_drawdown": -0.3512220968063659,
    "mwrr": 0.051646988825327034,
    "sharpe": 0.23782011286980642,
    "sortino": 0.32372689988604764,
    "std": 0.16467526498732565,
    "ulcer_index": 10.771560327476008,
    "upi": 0.3635699272515557,
    "us_allocation": 4
}