{
    "beta": 0.9989310676884198,
    "cagr": 0.12223718391852456,
    "end_val": 46875.86029403609,
    "max_drawdown": -0.34810222477196257,
    "mwrr": 0.12223718391852456,
    "sharpe": 0.5988066644458744,
    "sortino": 0.8314634793233031,
    "std": 0.17408554888348446,
    "ulcer_index": 7.245407147674738,
    "upi": 1.4387505350069079,
    "us_allocation": 90
}