{
    "beta": 1.0100830519391526,
    "cagr": 0.1270221391520734,
    "end_val": 49625.26597974072,
    "max_drawdown": -0.34907753538472586,
    "mwrr": 0.1270221391520734,
    "sharpe": 0.6169418208147914,
    "sortino": 0.8579699136039332,
    "std": 0.17587760062510852,
    "ulcer_index": 7.203737875831263,
    "upi": 1.5062473692839744,
    "us_allocation": 96
}