{
    "beta": 0.901971242258752,
    "cagr": 0.10170496045490496,
    "end_val": 33199.96220352875,
    "max_drawdown": -0.3426045366541196,
    "mwrr": 0.10170496045490496,
    "sharpe": 0.5401329778443945,
    "sortino": 0.7461869191987829,
    "std": 0.1570991969432438,
    "ulcer_index": 7.744916920447325,
    "upi": 1.0956182120493474,
    "us_allocation": 50
}