{
    "beta": 0.970067816908587,
    "cagr": 0.1250367920515616,
    "end_val": 43042.05903845993,
    "max_drawdown": -0.3466272356777029,
    "mwrr": 0.1250367920515616,
    "sharpe": 0.643900315865068,
    "sortino": 0.8955839359351785,
    "std": 0.16438280885734127,
    "ulcer_index": 7.146375308196846,
    "upi": 1.4811277297872096,
    "us_allocation": 81
}