{
    "beta": 0.8391571844106613,
    "cagr": 0.080244817998949,
    "end_val": 26019.496214233724,
    "max_drawdown": -0.34526073602171453,
    "mwrr": 0.080244817998949,
    "sharpe": 0.4225092248791307,
    "sortino": 0.5801719156689044,
    "std": 0.15420237206204393,
    "ulcer_index": 8.82645495142029,
    "upi": 0.7381421295508135,
    "us_allocation": 22
}