{
    "beta": 0.9086254796103237,
    "cagr": 0.10398222980360439,
    "end_val": 34060.22949414868,
    "max_drawdown": -0.34288213217591385,
    "mwrr": 0.10398222980360439,
    "sharpe": 0.5514444809319817,
    "sortino": 0.76230186200534,
    "std": 0.1576273444713644,
    "ulcer_index": 7.658001145878465,
    "upi": 1.135061760664339,
    "us_allocation": 53
}