{
    "beta": 0.8796865217863704,
    "cagr": 0.09408353805486369,
    "end_val": 30464.05051942324,
    "max_drawdown": -0.3433348750960177,
    "mwrr": 0.09408353805486369,
    "sharpe": 0.5005403020125792,
    "sortino": 0.690002181735113,
    "std": 0.15563457499263983,
    "ulcer_index": 8.08097149159601,
    "upi": 0.9640113254363705,
    "us_allocation": 40
}