{
    "beta": 1.0003605609868904,
    "cagr": 0.13543130956093652,
    "end_val": 48236.47288343976,
    "max_drawdown": -0.34891542552903454,
    "mwrr": 0.13543130956093652,
    "sharpe": 0.681307058693905,
    "sortino": 0.950593214473276,
    "std": 0.16887956592055609,
    "ulcer_index": 7.086170336107762,
    "upi": 1.6237245221286394,
    "us_allocation": 95
}