{
    "beta": 0.8232453865966076,
    "cagr": 0.0748206247962393,
    "end_val": 24446.379126800373,
    "max_drawdown": -0.34601225440220745,
    "mwrr": 0.0748206247962393,
    "sharpe": 0.39011643237276245,
    "sortino": 0.5348960515422818,
    "std": 0.15408277363722594,
    "ulcer_index": 9.182809862286218,
    "upi": 0.6545927138958912,
    "us_allocation": 15
}