{
    "beta": 0.9548167726795398,
    "cagr": 0.11980664703720945,
    "end_val": 40627.68434709808,
    "max_drawdown": -0.3454699264605852,
    "mwrr": 0.11980664703720945,
    "sharpe": 0.6230196978004254,
    "sortino": 0.8651876059302205,
    "std": 0.16240021716808892,
    "ulcer_index": 7.213703896216509,
    "upi": 1.4025972780269906,
    "us_allocation": 74
}