{
    "beta": 0.8436876714149241,
    "cagr": 0.08179018304389207,
    "end_val": 26484.415008236618,
    "max_drawdown": -0.34504628166175827,
    "mwrr": 0.08179018304389207,
    "sharpe": 0.4315705003244189,
    "sortino": 0.5928676831378996,
    "std": 0.15428232431050418,
    "ulcer_index": 8.735761153274893,
    "upi": 0.7621955365036064,
    "us_allocation": 24
}