{
    "beta": 0.8278004271912265,
    "cagr": 0.07637285025099128,
    "end_val": 24887.376880114774,
    "max_drawdown": -0.3457973874025412,
    "mwrr": 0.07637285025099128,
    "sharpe": 0.39947459029363924,
    "sortino": 0.5479588840534827,
    "std": 0.15409134401268568,
    "ulcer_index": 9.065109974941677,
    "upi": 0.6790362090555063,
    "us_allocation": 17
}