{
    "beta": 0.8617409557042844,
    "cagr": 0.08795224067277085,
    "end_val": 28415.215344027238,
    "max_drawdown": -0.3441896400415291,
    "mwrr": 0.08795224067277085,
    "sharpe": 0.46687133387001634,
    "sortino": 0.6424691999409665,
    "std": 0.15480202511995575,
    "ulcer_index": 8.392487531796903,
    "upi": 0.8611584328871427,
    "us_allocation": 32
}