{
    "beta": 0.8323483943501823,
    "cagr": 0.07792310780697198,
    "end_val": 25335.104186363136,
    "max_drawdown": -0.34558263842137804,
    "mwrr": 0.07792310780697198,
    "sharpe": 0.40875190065202754,
    "sortino": 0.560922524265389,
    "std": 0.15412044988920887,
    "ulcer_index": 8.96583860698802,
    "upi": 0.7026319958634551,
    "us_allocation": 19
}