{
    "beta": 0.8118265291629859,
    "cagr": 0.07093140998456793,
    "end_val": 23372.78475617069,
    "max_drawdown": -0.3465499388712196,
    "mwrr": 0.07093140998456793,
    "sharpe": 0.36638954176702865,
    "sortino": 0.501837306108347,
    "std": 0.15415184499320872,
    "ulcer_index": 9.483345393904917,
    "upi": 0.5955636761755356,
    "us_allocation": 10
}