{
    "beta": 0.9874115843823914,
    "cagr": 0.1309871866473329,
    "end_val": 45948.91041509776,
    "max_drawdown": -0.34793905229989297,
    "mwrr": 0.1309871866473329,
    "sharpe": 0.6659739498891878,
    "sortino": 0.9279523377343265,
    "std": 0.1668688709594101,
    "ulcer_index": 7.1041786973386625,
    "upi": 1.5643084001401326,
    "us_allocation": 89
}