{
    "beta": 1.0111136251222255,
    "cagr": 0.13912261473834775,
    "end_val": 50215.623800384725,
    "max_drawdown": -0.34972421674009935,
    "mwrr": 0.13912261473834775,
    "sharpe": 0.693307596928374,
    "sortino": 0.9684153733515422,
    "std": 0.1706461291325477,
    "ulcer_index": 7.076749574476542,
    "upi": 1.6718323101534645,
    "us_allocation": 100
}