{
    "beta": 0.959181481338333,
    "cagr": 0.12130322958442186,
    "end_val": 41305.506739520584,
    "max_drawdown": -0.34580149455180337,
    "mwrr": 0.12130322958442186,
    "sharpe": 0.6291365104013024,
    "sortino": 0.874070918708002,
    "std": 0.16294772581186884,
    "ulcer_index": 7.188999417445346,
    "upi": 1.4260270908832455,
    "us_allocation": 76
}