{
    "beta": 0.8752100748827041,
    "cagr": 0.09255357718683865,
    "end_val": 29940.4614877381,
    "max_drawdown": -0.34354839073148774,
    "mwrr": 0.09255357718683865,
    "sharpe": 0.49228391964124296,
    "sortino": 0.6783255791528081,
    "std": 0.1553976561932016,
    "ulcer_index": 8.155140604693813,
    "upi": 0.9380566677310452,
    "us_allocation": 38
}