{
    "beta": 0.8639899842954312,
    "cagr": 0.08872032738930336,
    "end_val": 28664.747455847595,
    "max_drawdown": -0.3440826919192837,
    "mwrr": 0.08872032738930336,
    "sharpe": 0.471172263389441,
    "sortino": 0.6485287210556125,
    "std": 0.1548891860822123,
    "ulcer_index": 8.351759998008067,
    "upi": 0.873821668132988,
    "us_allocation": 33
}