{
    "beta": 0.8026588999093497,
    "cagr": 0.06781108661378665,
    "end_val": 22542.964264028407,
    "max_drawdown": -0.34841987684386766,
    "mwrr": 0.06781108661378665,
    "sharpe": 0.3470962969917111,
    "sortino": 0.4750184514896007,
    "std": 0.1543009132348074,
    "ulcer_index": 9.748154776608134,
    "upi": 0.5494063452902948,
    "us_allocation": 6
}