{
    "beta": 0.9263013484123421,
    "cagr": 0.1100344904187387,
    "end_val": 36447.131765451486,
    "max_drawdown": -0.34361882536626803,
    "mwrr": 0.1100344904187387,
    "sharpe": 0.580291481810674,
    "sortino": 0.8035558238288815,
    "std": 0.1592285118511853,
    "ulcer_index": 7.454646502709196,
    "upi": 1.2394873463847944,
    "us_allocation": 61
}