{
    "beta": 0.9482586901995202,
    "cagr": 0.1175583753035303,
    "end_val": 39628.61154169637,
    "max_drawdown": -0.34497120434542955,
    "mwrr": 0.1175583753035303,
    "sharpe": 0.6136166983406073,
    "sortino": 0.8515640184335554,
    "std": 0.16160805544195758,
    "ulcer_index": 7.252659708700805,
    "upi": 1.367305685515511,
    "us_allocation": 71
}