{
    "beta": 0.8549837498260503,
    "cagr": 0.08564509393113684,
    "end_val": 27677.638705193727,
    "max_drawdown": -0.3445106603945642,
    "mwrr": 0.08564509393113684,
    "sharpe": 0.453816490612324,
    "sortino": 0.6240983403483836,
    "std": 0.15456995809312782,
    "ulcer_index": 8.51733984994128,
    "upi": 0.8235710038562024,
    "us_allocation": 29
}