{
    "beta": 0.8662373354182253,
    "cagr": 0.08948793422398071,
    "end_val": 28916.134773710706,
    "max_drawdown": -0.34397577310799055,
    "mwrr": 0.08948793422398071,
    "sharpe": 0.47544735991411213,
    "sortino": 0.6545554525662778,
    "std": 0.15498121787076938,
    "ulcer_index": 8.311500172682912,
    "upi": 0.8865478395321758,
    "us_allocation": 34
}