{
    "beta": 0.9569998584706059,
    "cagr": 0.12055516444053205,
    "end_val": 40965.409211114966,
    "max_drawdown": -0.34563580163726304,
    "mwrr": 0.12055516444053205,
    "sharpe": 0.6260932582122135,
    "sortino": 0.8696491901611009,
    "std": 0.1626720495635153,
    "ulcer_index": 7.201177504516971,
    "upi": 1.4143321899589136,
    "us_allocation": 75
}