{
    "beta": 0.7980641043573581,
    "cagr": 0.06624792307578065,
    "end_val": 22137.518872457746,
    "max_drawdown": -0.3512220968063661,
    "mwrr": 0.06624792307578065,
    "sharpe": 0.33735590238144414,
    "sortino": 0.4614991786278426,
    "std": 0.1544069283512116,
    "ulcer_index": 9.901237404507398,
    "upi": 0.5260936384028885,
    "us_allocation": 4
}