{
    "beta": 0.8975271590152544,
    "cagr": 0.10018444186482345,
    "end_val": 32636.73695601964,
    "max_drawdown": -0.3424819806650259,
    "mwrr": 0.10018444186482345,
    "sharpe": 0.5324446995607853,
    "sortino": 0.7352513691651308,
    "std": 0.1567695420769224,
    "ulcer_index": 7.805864481684487,
    "upi": 1.0693414183302394,
    "us_allocation": 48
}