{
    "beta": 0.9526322192165467,
    "cagr": 0.11905767677916024,
    "end_val": 40292.31869908441,
    "max_drawdown": -0.34530386872087127,
    "mwrr": 0.11905767677916024,
    "sharpe": 0.6199157791588485,
    "sortino": 0.860686201373418,
    "std": 0.16213225588094438,
    "ulcer_index": 7.226430273574216,
    "upi": 1.3908527791598737,
    "us_allocation": 73
}