{
    "beta": 1.004665869316897,
    "cagr": 0.13690915064999398,
    "end_val": 49020.06883046022,
    "max_drawdown": -0.34923946914722054,
    "mwrr": 0.13690915064999398,
    "sharpe": 0.6861908624201192,
    "sortino": 0.9578349036147022,
    "std": 0.16957647997834147,
    "ulcer_index": 7.081799965121008,
    "upi": 1.6431261851627479,
    "us_allocation": 97
}