{
    "beta": 0.7934619227816788,
    "cagr": 0.06468274942702545,
    "end_val": 21738.27829291011,
    "max_drawdown": -0.35401689092012795,
    "mwrr": 0.06468274942702545,
    "sharpe": 0.32755807697070116,
    "sortino": 0.4479146064260669,
    "std": 0.15453401710150097,
    "ulcer_index": 10.08060512331647,
    "upi": 0.5021379544159638,
    "us_allocation": 2
}