{
    "beta": 0.904190901213208,
    "cagr": 0.10246451737511797,
    "end_val": 33484.64858943572,
    "max_drawdown": -0.34269714979427357,
    "mwrr": 0.10246451737511797,
    "sharpe": 0.5439330654122156,
    "sortino": 0.7515972030069484,
    "std": 0.1572707817314785,
    "ulcer_index": 7.715497272671985,
    "upi": 1.108743289856085,
    "us_allocation": 51
}