{
    "beta": 0.9240972756061238,
    "cagr": 0.10927957756929363,
    "end_val": 36141.23780805341,
    "max_drawdown": -0.3435270207816802,
    "mwrr": 0.10927957756929363,
    "sharpe": 0.5767913589009891,
    "sortino": 0.798536469822299,
    "std": 0.15901332737633864,
    "ulcer_index": 7.4777485027602975,
    "upi": 1.2265449521514518,
    "us_allocation": 60
}