{
    "beta": 0.913053772872679,
    "cagr": 0.10549807809586098,
    "end_val": 34644.16934779645,
    "max_drawdown": -0.3430667900723854,
    "mwrr": 0.10549807809586098,
    "sharpe": 0.5588367752603569,
    "sortino": 0.7728506246466889,
    "std": 0.15800160029846222,
    "ulcer_index": 7.602411833459523,
    "upi": 1.1614400031490708,
    "us_allocation": 55
}