{
    "beta": 0.9613616460152539,
    "cagr": 0.12205084306136094,
    "end_val": 41647.990437700675,
    "max_drawdown": -0.34596700550444287,
    "mwrr": 0.12205084306136094,
    "sharpe": 0.632149510450611,
    "sortino": 0.878452925560331,
    "std": 0.16322721862340034,
    "ulcer_index": 7.177136466787478,
    "upi": 1.437686745388218,
    "us_allocation": 77
}