{
    "beta": 0.8953027243409933,
    "cagr": 0.09942347885020242,
    "end_val": 32358.17401152236,
    "max_drawdown": -0.3425884903850286,
    "mwrr": 0.09942347885020242,
    "sharpe": 0.5285567974855707,
    "sortino": 0.7297261066857252,
    "std": 0.1566115199629484,
    "ulcer_index": 7.838658890171441,
    "upi": 1.056026273124058,
    "us_allocation": 47
}