{
    "beta": 0.9917334542508399,
    "cagr": 0.13247033192380164,
    "end_val": 46701.00987435583,
    "max_drawdown": -0.34826521941706123,
    "mwrr": 0.13247033192380164,
    "sharpe": 0.6711997218307696,
    "sortino": 0.9356532977041795,
    "std": 0.16752554583602697,
    "ulcer_index": 7.096697128379597,
    "upi": 1.5844564736606706,
    "us_allocation": 91
}