{
    "beta": 0.993892303333252,
    "cagr": 0.13321123962445802,
    "end_val": 47080.945939422876,
    "max_drawdown": -0.3484280365257283,
    "mwrr": 0.13321123962445802,
    "sharpe": 0.6737693788380261,
    "sortino": 0.9394457270010905,
    "std": 0.1678590076048836,
    "ulcer_index": 7.093842442097587,
    "upi": 1.5943299355876732,
    "us_allocation": 92
}