{
    "beta": 0.8163994599947323,
    "cagr": 0.07248858296582217,
    "end_val": 23797.31939010498,
    "max_drawdown": -0.3463347763993073,
    "mwrr": 0.07248858296582217,
    "sharpe": 0.3759349548874546,
    "sortino": 0.5151265503457645,
    "std": 0.15410864412117192,
    "ulcer_index": 9.362022293249384,
    "upi": 0.6188254888040067,
    "us_allocation": 12
}