{
    "beta": 0.8049535433024536,
    "cagr": 0.06859191667927678,
    "end_val": 22748.038306370257,
    "max_drawdown": -0.347015979290948,
    "mwrr": 0.06859191667927678,
    "sharpe": 0.3519437577461076,
    "sortino": 0.4817516272896606,
    "std": 0.1542557889225783,
    "ulcer_index": 9.672371807299072,
    "upi": 0.5612798572046254,
    "us_allocation": 7
}