{
    "beta": 0.9722407610638621,
    "cagr": 0.12578215598348885,
    "end_val": 43396.67817077728,
    "max_drawdown": -0.3467918413013889,
    "mwrr": 0.12578215598348885,
    "sharpe": 0.6467630994908872,
    "sortino": 0.8997676001103452,
    "std": 0.1646809743761664,
    "ulcer_index": 7.140459921880594,
    "upi": 1.491646195709965,
    "us_allocation": 82
}