{
    "beta": 0.9438792331058707,
    "cagr": 0.11605725519441878,
    "end_val": 38974.18128665769,
    "max_drawdown": -0.34463780609046724,
    "mwrr": 0.11605725519441878,
    "sharpe": 0.6071957423017592,
    "sortino": 0.8422823627957357,
    "std": 0.16109966535286044,
    "ulcer_index": 7.288241135254,
    "upi": 1.3421567812590214,
    "us_allocation": 69
}