{
    "beta": 0.8774491207272801,
    "cagr": 0.09331879541367383,
    "end_val": 30201.2943226855,
    "max_drawdown": -0.3434416182943707,
    "mwrr": 0.09331879541367383,
    "sharpe": 0.49642580562866556,
    "sortino": 0.6841815981575429,
    "std": 0.15551374143737992,
    "ulcer_index": 8.117564800686162,
    "upi": 0.9510379560507629,
    "us_allocation": 39
}