{
    "beta": 0.8527279559619013,
    "cagr": 0.08487508036839464,
    "end_val": 27435.416132375118,
    "max_drawdown": -0.3446177258812355,
    "mwrr": 0.08487508036839464,
    "sharpe": 0.44941521508331944,
    "sortino": 0.6179121836461798,
    "std": 0.1545024695737475,
    "ulcer_index": 8.55993569118133,
    "upi": 0.8111707294220646,
    "us_allocation": 28
}