{
    "beta": 0.8594902441257682,
    "cagr": 0.08718367334607491,
    "end_val": 28167.527258798284,
    "max_drawdown": -0.3442966174867822,
    "mwrr": 0.08718367334607491,
    "sharpe": 0.4625448613907137,
    "sortino": 0.6363773289815045,
    "std": 0.1547197542487375,
    "ulcer_index": 8.433664655791091,
    "upi": 0.8485611244952477,
    "us_allocation": 31
}