{
    "beta": 0.8819222834364272,
    "cagr": 0.09484780581435492,
    "end_val": 30728.741618402437,
    "max_drawdown": -0.34322816112441895,
    "mwrr": 0.09484780581435492,
    "sharpe": 0.5046271803121968,
    "sortino": 0.6957870231615337,
    "std": 0.1557601353502028,
    "ulcer_index": 8.044870427615658,
    "upi": 0.9770314788187412,
    "us_allocation": 41
}