{
    "beta": 0.9744122750914966,
    "cagr": 0.12652707174506594,
    "end_val": 43753.76570976888,
    "max_drawdown": -0.34695626675081903,
    "mwrr": 0.12652707174506594,
    "sharpe": 0.6495960873614202,
    "sortino": 0.9039117577874055,
    "std": 0.16498279234802304,
    "ulcer_index": 7.134722764742446,
    "upi": 1.502132862107272,
    "us_allocation": 83
}