{
    "beta": 0.9895732161014491,
    "cagr": 0.13172898111541587,
    "end_val": 46323.6694917754,
    "max_drawdown": -0.3481022247719622,
    "mwrr": 0.13172898111541587,
    "sharpe": 0.6686012890553833,
    "sortino": 0.9318222273647423,
    "std": 0.16719549125509367,
    "ulcer_index": 7.099720613031273,
    "upi": 1.5745419751004506,
    "us_allocation": 90
}