{
    "beta": 0.9152655753399117,
    "cagr": 0.10625530483391343,
    "end_val": 34939.30462222832,
    "max_drawdown": -0.34315899760537444,
    "mwrr": 0.10625530483391343,
    "sharpe": 0.5624879931760088,
    "sortino": 0.7780662765013564,
    "std": 0.15819530071999865,
    "ulcer_index": 7.576357608267442,
    "upi": 1.174486822978337,
    "us_allocation": 56
}