{
    "beta": 0.9218916669060698,
    "cagr": 0.10852420322697176,
    "end_val": 35837.52069750165,
    "max_drawdown": -0.3434351358189962,
    "mwrr": 0.10852420322697176,
    "sharpe": 0.5732608882420811,
    "sortino": 0.7934777763413365,
    "std": 0.15880238818575745,
    "ulcer_index": 7.50185933192791,
    "upi": 1.2135073497248214,
    "us_allocation": 59
}