{
    "beta": 0.8707270272312043,
    "cagr": 0.09102171114332691,
    "end_val": 29424.520001248093,
    "max_drawdown": -0.34376202337007894,
    "mwrr": 0.09102171114332691,
    "sharpe": 0.4839189372015358,
    "sortino": 0.6665087896464864,
    "std": 0.1551798151686151,
    "ulcer_index": 8.232426258226186,
    "upi": 0.9121793763965423,
    "us_allocation": 36
}