{
    "beta": 0.8482112467882945,
    "cagr": 0.0833336018189823,
    "end_val": 26956.359513161377,
    "max_drawdown": -0.3448319449805437,
    "mwrr": 0.0833336018189823,
    "sharpe": 0.44054010352055245,
    "sortino": 0.6054489628074226,
    "std": 0.15438240082342328,
    "ulcer_index": 8.647017431843574,
    "upi": 0.7865318402087422,
    "us_allocation": 26
}