{
    "beta": 1.0068164777417477,
    "cagr": 0.13764741115137613,
    "end_val": 49415.884220410466,
    "max_drawdown": -0.3494012271032871,
    "mwrr": 0.13764741115137613,
    "sharpe": 0.6885908151700927,
    "sortino": 0.9613992105917867,
    "std": 0.16992981923764827,
    "ulcer_index": 7.079962921939356,
    "upi": 1.6527375810442297,
    "us_allocation": 98
}