{
    "beta": 0.9504461933168743,
    "cagr": 0.11830825306825687,
    "end_val": 39959.298875549546,
    "max_drawdown": -0.345137628116561,
    "mwrr": 0.11830825306825687,
    "sharpe": 0.6167814584899407,
    "sortino": 0.8561450349191689,
    "std": 0.16186819291655882,
    "ulcer_index": 7.239387195016116,
    "upi": 1.3790938690385137,
    "us_allocation": 72
}