{
    "beta": 0.884156411034043,
    "cagr": 0.09561159939268937,
    "end_val": 30995.379212209875,
    "max_drawdown": -0.34312147636757323,
    "mwrr": 0.09561159939268937,
    "sharpe": 0.5086862209516275,
    "sortino": 0.7015357547723851,
    "std": 0.15589040070907567,
    "ulcer_index": 8.009362558638099,
    "upi": 0.9900841968087706,
    "us_allocation": 42
}