{
    "beta": 0.9678934379875277,
    "cagr": 0.12429097937338529,
    "end_val": 42689.8944625866,
    "max_drawdown": -0.3464624495834508,
    "mwrr": 0.12429097937338529,
    "sharpe": 0.6410076468390369,
    "sortino": 0.8913607178356768,
    "std": 0.16408832315705799,
    "ulcer_index": 7.152471502686694,
    "upi": 1.4705777729992315,
    "us_allocation": 80
}