{
    "beta": 0.7957639399101213,
    "cagr": 0.06546558793494328,
    "end_val": 21937.127866050374,
    "max_drawdown": -0.35262042151874684,
    "mwrr": 0.06546558793494328,
    "sharpe": 0.3324639264391764,
    "sortino": 0.4547145283589173,
    "std": 0.154467834879233,
    "ulcer_index": 9.988816565680834,
    "upi": 0.5141216436609084,
    "us_allocation": 3
}