{
    "beta": 0.9960497678367666,
    "cagr": 0.13395170476676244,
    "end_val": 47463.49212271163,
    "max_drawdown": -0.3485906763878675,
    "mwrr": 0.13395170476676244,
    "sharpe": 0.6763103945683001,
    "sortino": 0.9431997618716433,
    "std": 0.168195849519473,
    "ulcer_index": 7.091133068495863,
    "upi": 1.6041669446879934,
    "us_allocation": 93
}