{
    "beta": 0.963540357217931,
    "cagr": 0.12279800546103203,
    "end_val": 41992.873868176146,
    "max_drawdown": -0.34613233479475936,
    "mwrr": 0.12279800546103203,
    "sharpe": 0.6351323203810304,
    "sortino": 0.8827952344599207,
    "std": 0.16351050068035125,
    "ulcer_index": 7.165457774583414,
    "upi": 1.4493359386693696,
    "us_allocation": 78
}