{
    "beta": 0.8997499965871711,
    "cagr": 0.10094493550839267,
    "end_val": 32917.3290151062,
    "max_drawdown": -0.3425118420714223,
    "mwrr": 0.10094493550839267,
    "sharpe": 0.5363034759079504,
    "sortino": 0.7407383048162814,
    "std": 0.15693210902698054,
    "ulcer_index": 7.774786492939195,
    "upi": 1.0825182441099999,
    "us_allocation": 49
}