{
    "beta": 0.8729693788561979,
    "cagr": 0.09178788266699245,
    "end_val": 29681.540526126133,
    "max_drawdown": -0.34365519241938286,
    "mwrr": 0.09178788266699245,
    "sharpe": 0.48811488141920406,
    "sortino": 0.6724344878890547,
    "std": 0.15528634046940246,
    "ulcer_index": 8.193554658489347,
    "upi": 0.9250884973625244,
    "us_allocation": 37
}