{
    "beta": 0.8572378440199923,
    "cagr": 0.08641462467734673,
    "end_val": 27921.6720717146,
    "max_drawdown": -0.3444036242671048,
    "mwrr": 0.08641462467734673,
    "sharpe": 0.4581931445846315,
    "sortino": 0.6302535517133541,
    "std": 0.15464239238553815,
    "ulcer_index": 8.475277785855388,
    "upi": 0.8360320995016006,
    "us_allocation": 30
}