{
    "beta": 0.89307668734347,
    "cagr": 0.0986620457872811,
    "end_val": 32081.628220129664,
    "max_drawdown": -0.3426950292479095,
    "mwrr": 0.0986620457872811,
    "sharpe": 0.5246399271339468,
    "sortino": 0.7241629318188251,
    "std": 0.1564580663228983,
    "ulcer_index": 7.871898166041886,
    "upi": 1.0427516270216213,
    "us_allocation": 46
}