{
    "beta": 1.008965728214132,
    "cagr": 0.1383852323369632,
    "end_val": 49814.39759255727,
    "max_drawdown": -0.34956280953907143,
    "mwrr": 0.1383852323369632,
    "sharpe": 0.6909630073806792,
    "sortino": 0.9649259904490604,
    "std": 0.17028637779985192,
    "ulcer_index": 7.078273646990096,
    "upi": 1.6623078636430162,
    "us_allocation": 99
}