{
    "beta": 0.8141138965382478,
    "cagr": 0.07171024485500843,
    "end_val": 23584.241662255026,
    "max_drawdown": -0.34644234284641834,
    "mwrr": 0.07171024485500843,
    "sharpe": 0.371171062303494,
    "sortino": 0.5084924733107355,
    "std": 0.15412764181022964,
    "ulcer_index": 9.422484173779898,
    "upi": 0.6071378275957714,
    "us_allocation": 11
}