{
    "beta": 0.9787510312394234,
    "cagr": 0.1280155610472118,
    "end_val": 44475.40169856873,
    "max_drawdown": -0.3472845783089091,
    "mwrr": 0.1280155610472118,
    "sharpe": 0.6551730598174009,
    "sortino": 0.9120821456405508,
    "std": 0.16559727623535786,
    "ulcer_index": 7.123822998087526,
    "upi": 1.522998928792676,
    "us_allocation": 85
}