{
    "beta": 0.8684830145709348,
    "cagr": 0.09025506190157229,
    "end_val": 29169.38852821516,
    "max_drawdown": -0.3438688835956032,
    "mwrr": 0.09025506190157229,
    "sharpe": 0.47969634207008616,
    "sortino": 0.6605489519294477,
    "std": 0.1550781008797068,
    "ulcer_index": 8.271742938838338,
    "upi": 0.8993319424125581,
    "us_allocation": 35
}