{
    "beta": 0.9307049062612833,
    "cagr": 0.11154293418117822,
    "end_val": 37065.500935027245,
    "max_drawdown": -0.3438021938226621,
    "mwrr": 0.11154293418117822,
    "sharpe": 0.5872004984100698,
    "sortino": 0.8134760719197113,
    "std": 0.15967151230245996,
    "ulcer_index": 7.410031082761133,
    "upi": 1.2653074806755973,
    "us_allocation": 63
}