{
    "beta": 0.8300752920240902,
    "cagr": 0.07714822462387927,
    "end_val": 25110.39413059487,
    "max_drawdown": -0.34568999816572493,
    "mwrr": 0.07714822462387927,
    "sharpe": 0.4041235563981431,
    "sortino": 0.5544533956698143,
    "std": 0.15410333667907183,
    "ulcer_index": 9.013134185936586,
    "upi": 0.6909538937414904,
    "us_allocation": 18
}