{
    "beta": 0.7888523056293263,
    "cagr": 0.06311555892705467,
    "end_val": 21345.164648765236,
    "max_drawdown": -0.3568042683936012,
    "mwrr": 0.06311555892705467,
    "sharpe": 0.3177067171951517,
    "sortino": 0.4342716160614334,
    "std": 0.15468223499827302,
    "ulcer_index": 10.273747108925077,
    "upi": 0.4783381580880603,
    "us_allocation": 0
}