{
    "beta": 0.9108404093264658,
    "cagr": 0.10474038663737129,
    "end_val": 34351.148417522614,
    "max_drawdown": -0.3429745016314107,
    "mwrr": 0.10474038663737129,
    "sharpe": 0.5551555721139502,
    "sortino": 0.7675958043127856,
    "std": 0.15781227318211555,
    "ulcer_index": 7.629980537041088,
    "upi": 1.1482426829446928,
    "us_allocation": 54
}