{
    "beta": 0.8504704568242235,
    "cagr": 0.08410458324644865,
    "end_val": 27194.993376978575,
    "max_drawdown": -0.3447248207391991,
    "mwrr": 0.08410458324644865,
    "sharpe": 0.44498964197137003,
    "sortino": 0.6116955430137955,
    "std": 0.1544399446629224,
    "ulcer_index": 8.603266201383795,
    "upi": 0.798814000422206,
    "us_allocation": 27
}