{
    "beta": 0.8908490427827406,
    "cagr": 0.09790014199553743,
    "end_val": 31807.087673478083,
    "max_drawdown": -0.34280159726563236,
    "mwrr": 0.09790014199553743,
    "sharpe": 0.5206942547673499,
    "sortino": 0.7185619666086501,
    "std": 0.15630920455490985,
    "ulcer_index": 7.905578342347288,
    "upi": 1.029519699335351,
    "us_allocation": 45
}