{
    "beta": 0.9196845173107362,
    "cagr": 0.10776836675242452,
    "end_val": 35535.9678239421,
    "max_drawdown": -0.3433431703726094,
    "mwrr": 0.10776836675242452,
    "sharpe": 0.569700126168732,
    "sortino": 0.7883798515403665,
    "std": 0.1585957201940432,
    "ulcer_index": 7.526331024903745,
    "upi": 1.2004840134584904,
    "us_allocation": 58
}