{
    "beta": 0.9830841221509287,
    "cagr": 0.12950226451116476,
    "end_val": 45207.0789680718,
    "max_drawdown": -0.3476121727095158,
    "mwrr": 0.12950226451116476,
    "sharpe": 0.6606320500420263,
    "sortino": 0.9200955680093514,
    "std": 0.1662260418600619,
    "ulcer_index": 7.113646802819053,
    "upi": 1.5437252136742476,
    "us_allocation": 87
}