{
    "beta": 0.9416872694854113,
    "cagr": 0.11530601163373899,
    "end_val": 38650.4119782786,
    "max_drawdown": -0.344470830998847,
    "mwrr": 0.11530601163373899,
    "sharpe": 0.603939504411225,
    "sortino": 0.8375814528168664,
    "std": 0.1608514667747215,
    "ulcer_index": 7.307178318997629,
    "upi": 1.329447906535346,
    "us_allocation": 68
}