{
    "beta": 0.8414232947197686,
    "cagr": 0.08101774418523466,
    "end_val": 26251.082766358173,
    "max_drawdown": -0.34515349412583723,
    "mwrr": 0.08101774418523466,
    "sharpe": 0.4270511404847135,
    "sortino": 0.5865338666995786,
    "std": 0.15423982464659447,
    "ulcer_index": 8.780866434205992,
    "upi": 0.7501328390362191,
    "us_allocation": 23
}