{
    "beta": 0.9394938093587315,
    "cagr": 0.11455431158661344,
    "end_val": 38328.92238491917,
    "max_drawdown": -0.34430367152482283,
    "mwrr": 0.11455431158661344,
    "sharpe": 0.6006527432946847,
    "sortino": 0.8328403341621872,
    "std": 0.1606073017453172,
    "ulcer_index": 7.326416150358637,
    "upi": 1.3167389185035678,
    "us_allocation": 67
}