{
    "beta": 0.9329044012194359,
    "cagr": 0.11229646635769663,
    "end_val": 37378.00164214999,
    "max_drawdown": -0.3438937579047597,
    "mwrr": 0.11229646635769663,
    "sharpe": 0.5906093184891056,
    "sortino": 0.8183767821111961,
    "std": 0.15989927577933186,
    "ulcer_index": 7.388187148870002,
    "upi": 1.2782365138586975,
    "us_allocation": 64
}