{
    "beta": 0.8095373518587572,
    "cagr": 0.07015207754290675,
    "end_val": 23162.93858171324,
    "max_drawdown": -0.3466575644859131,
    "mwrr": 0.07015207754290675,
    "sharpe": 0.36159084511509054,
    "sortino": 0.49516169079420014,
    "std": 0.15418126403745314,
    "ulcer_index": 9.54519637962772,
    "upi": 0.5840661592475677,
    "us_allocation": 9
}