{
    "beta": 1.0025138985373767,
    "cagr": 0.136170450298718,
    "end_val": 48626.93662929348,
    "max_drawdown": -0.3490775353847259,
    "mwrr": 0.136170450298718,
    "sharpe": 0.6837629942084066,
    "sortino": 0.9542329445389615,
    "std": 0.1692263866396329,
    "ulcer_index": 7.083899247298904,
    "upi": 1.6334478887513244,
    "us_allocation": 96
}