{
    "beta": 0.9852485545762757,
    "cagr": 0.13024494796497987,
    "end_val": 45576.71832675704,
    "max_drawdown": -0.34777570170967986,
    "mwrr": 0.13024494796497987,
    "sharpe": 0.6633175777116564,
    "sortino": 0.9240434916180008,
    "std": 0.16654571209667102,
    "ulcer_index": 7.108819357576703,
    "upi": 1.5540361705143213,
    "us_allocation": 88
}