{
    "beta": 0.8368893347537872,
    "cagr": 0.07947140372018713,
    "end_val": 25789.644676082204,
    "max_drawdown": -0.3453680073615104,
    "mwrr": 0.07947140372018713,
    "sharpe": 0.4179451254597163,
    "sortino": 0.5737823523861323,
    "std": 0.15416998207064228,
    "ulcer_index": 8.87247847111745,
    "upi": 0.7262281784980428,
    "us_allocation": 21
}