{
    "beta": 0.980918282559312,
    "cagr": 0.12875913572606468,
    "end_val": 44839.97813911273,
    "max_drawdown": -0.3474484650069545,
    "mwrr": 0.12875913572606468,
    "sharpe": 0.6579172486747038,
    "sortino": 0.9161084701089669,
    "std": 0.16590988748326643,
    "ulcer_index": 7.118647311774044,
    "upi": 1.533379349846916,
    "us_allocation": 86
}