{
    "beta": 0.8459503202078448,
    "cagr": 0.08256213533601775,
    "end_val": 26719.503665377866,
    "max_drawdown": -0.3449390986173625,
    "mwrr": 0.08256213533601775,
    "sharpe": 0.4360669401455117,
    "sortino": 0.599172878600852,
    "std": 0.1543298551393718,
    "ulcer_index": 8.691184042687013,
    "upi": 0.7743253548660601,
    "us_allocation": 25
}