{
    "beta": 0.9064089786150769,
    "cagr": 0.10322360693657195,
    "end_val": 33771.40029451813,
    "max_drawdown": -0.34278968159917217,
    "mwrr": 0.10322360693657195,
    "sharpe": 0.5477036073294284,
    "sortino": 0.7569689244332611,
    "std": 0.15744683908079682,
    "ulcer_index": 7.686521735361622,
    "upi": 1.1218923374389593,
    "us_allocation": 52
}