{
    "beta": 0.8863889099160648,
    "cagr": 0.09637491948702581,
    "end_val": 31263.974945709855,
    "max_drawdown": -0.3430148208134849,
    "mwrr": 0.09637491948702581,
    "sharpe": 0.5127172132625912,
    "sortino": 0.707248036583778,
    "std": 0.15602534898338577,
    "ulcer_index": 7.97431553717968,
    "upi": 1.0031836786217152,
    "us_allocation": 43
}