{
    "beta": 0.965717619647051,
    "cagr": 0.12354471737033146,
    "end_val": 42340.17065073859,
    "max_drawdown": -0.3462974827216736,
    "mwrr": 0.12354471737033146,
    "sharpe": 0.6380850080150644,
    "sortino": 0.8870978262740555,
    "std": 0.16379754464324137,
    "ulcer_index": 7.158746954989874,
    "upi": 1.4599974949827275,
    "us_allocation": 79
}