{
    "beta": 0.935102380114827,
    "cagr": 0.1130495395684219,
    "end_val": 37692.73018628745,
    "max_drawdown": -0.34398524202934644,
    "mwrr": 0.1130495395684219,
    "sharpe": 0.5939876433830509,
    "sortino": 0.8232378209741935,
    "std": 0.16013117955621206,
    "ulcer_index": 7.366667048753287,
    "upi": 1.2911736404840426,
    "us_allocation": 65
}