{
    "beta": 0.8072463585913657,
    "cagr": 0.06937224671438025,
    "end_val": 22954.693096621242,
    "max_drawdown": -0.3467652197027066,
    "mwrr": 0.06937224671438025,
    "sharpe": 0.3567754296137448,
    "sortino": 0.4884662483496783,
    "std": 0.15421590885946881,
    "ulcer_index": 9.60783468156563,
    "upi": 0.5726593899801228,
    "us_allocation": 8
}