{
    "beta": 0.9372988478620714,
    "cagr": 0.11380215443762576,
    "end_val": 38009.69945336067,
    "max_drawdown": -0.3441363273628194,
    "mwrr": 0.11380215443762576,
    "sharpe": 0.5973354551739085,
    "sortino": 0.8280590792541179,
    "std": 0.16036719709270025,
    "ulcer_index": 7.346001636419203,
    "upi": 1.3040230068846066,
    "us_allocation": 66
}