{
    "beta": 0.9285038903085959,
    "cagr": 0.11078894241161064,
    "end_val": 36755.21523448762,
    "max_drawdown": -0.3437105496781828,
    "mwrr": 0.11078894241161064,
    "sharpe": 0.5837612085299377,
    "sortino": 0.8085357265437014,
    "std": 0.15944791555563392,
    "ulcer_index": 7.432185320122996,
    "upi": 1.2523904123522844,
    "us_allocation": 62
}