{
    "beta": 0.99820585223494,
    "cagr": 0.1346917278975106,
    "end_val": 47848.66291923911,
    "max_drawdown": -0.3487531392927545,
    "mwrr": 0.1346917278975106,
    "sharpe": 0.678822907245204,
    "sortino": 0.9469155502216828,
    "std": 0.16853604459739077,
    "ulcer_index": 7.088583408101632,
    "upi": 1.6139636008179703,
    "us_allocation": 94
}