{
    "beta": 0.8003624223049101,
    "cagr": 0.06702975568997971,
    "end_val": 22339.461070114987,
    "max_drawdown": -0.3498219156318449,
    "mwrr": 0.06702975568997971,
    "sharpe": 0.3422335196036316,
    "sortino": 0.46826741702326846,
    "std": 0.1543512903470073,
    "ulcer_index": 9.82444939945143,
    "upi": 0.5376778017821833,
    "us_allocation": 5
}