{
    "beta": 0.8255237940051862,
    "cagr": 0.07559698390438019,
    "end_val": 24666.04200564921,
    "max_drawdown": -0.3459048061439816,
    "mwrr": 0.07559698390438019,
    "sharpe": 0.3948054106029703,
    "sortino": 0.5414395683850138,
    "std": 0.15408448532859997,
    "ulcer_index": 9.123779434827103,
    "upi": 0.666754180896757,
    "us_allocation": 16
}