{
    "beta": 0.8886197853997228,
    "cagr": 0.09713776679115904,
    "end_val": 31534.540516185345,
    "max_drawdown": -0.34290819445016546,
    "mwrr": 0.09713776679115904,
    "sharpe": 0.5167199554871549,
    "sortino": 0.7129235436729803,
    "std": 0.15616495780978507,
    "ulcer_index": 7.9397231325768765,
    "upi": 1.0163290878680442,
    "us_allocation": 44
}