{
    "beta": 0.8209651990730428,
    "cagr": 0.07404377213485369,
    "end_val": 24228.377911902488,
    "max_drawdown": -0.34611973218938674,
    "mwrr": 0.07404377213485369,
    "sharpe": 0.38540807725446363,
    "sortino": 0.5283289662015516,
    "std": 0.1540862215169468,
    "ulcer_index": 9.242195162248485,
    "upi": 0.6425513198500701,
    "us_allocation": 14
}