{
    "beta": 0.9174758218009895,
    "cagr": 0.10701206750323666,
    "end_val": 35236.5666323171,
    "max_drawdown": -0.3432511243367281,
    "mwrr": 0.10701206750323666,
    "sharpe": 0.5661091370091055,
    "sortino": 0.7832427072510023,
    "std": 0.15839334916818942,
    "ulcer_index": 7.5511604474606715,
    "upi": 1.1874771373159327,
    "us_allocation": 57
}