{
    "beta": 0.946069705067123,
    "cagr": 0.11680804288115243,
    "end_val": 39300.243419317536,
    "max_drawdown": -0.3448045971045843,
    "mwrr": 0.11680804288115243,
    "sharpe": 0.6104214677343364,
    "sortino": 0.8469431482922698,
    "std": 0.16135187057004682,
    "ulcer_index": 7.269585620682365,
    "upi": 1.354867529353229,
    "us_allocation": 70
}