{
    "beta": 0.8346197399931004,
    "cagr": 0.07869750058033209,
    "end_val": 25561.51752570906,
    "max_drawdown": -0.34547530815735406,
    "mwrr": 0.07869750058033209,
    "sharpe": 0.4133592217397507,
    "sortino": 0.5673657087079114,
    "std": 0.15414266978050786,
    "ulcer_index": 8.918952819821376,
    "upi": 0.7143902461022537,
    "us_allocation": 20
}