{
    "beta": 0.9765823636142112,
    "cagr": 0.12727153990947881,
    "end_val": 44113.33556361287,
    "max_drawdown": -0.34712051232165425,
    "mwrr": 0.12727153990947881,
    "sharpe": 0.6523993742298664,
    "sortino": 0.9080165772438564,
    "std": 0.16528823541558113,
    "ulcer_index": 7.129178250859922,
    "upi": 1.5125838337776203,
    "us_allocation": 84
}