{
    "beta": 0.8186832255187823,
    "cagr": 0.07326642512457937,
    "end_val": 24012.02807787985,
    "max_drawdown": -0.346227239517693,
    "mwrr": 0.07326642512457937,
    "sharpe": 0.3806807733223573,
    "sortino": 0.5217389154946387,
    "std": 0.15409484111043154,
    "ulcer_index": 9.30193246368399,
    "upi": 0.6306292450888775,
    "us_allocation": 13
}