{
    "beta": 0.7911580467653861,
    "cagr": 0.06389940670736571,
    "end_val": 21540.960441935924,
    "max_drawdown": -0.35541150616148154,
    "mwrr": 0.06389940670736571,
    "sharpe": 0.3226388430110171,
    "sortino": 0.44110009333028743,
    "std": 0.15460548172613622,
    "ulcer_index": 10.173029886384727,
    "upi": 0.49032989569153657,
    "us_allocation": 1
}