{
    "beta": 0.785964484304585,
    "cagr": 0.059940076631773254,
    "end_val": 19412.386106726404,
    "max_drawdown": -0.3498219156318455,
    "mwrr": 0.059940076631773254,
    "sharpe": 0.2926027280427661,
    "sortino": 0.39764531491055544,
    "std": 0.15429698316690132,
    "ulcer_index": 10.08615367920485,
    "upi": 0.44761135979292627,
    "us_allocation": 5
}