{
    "beta": 0.922489349352712,
    "cagr": 0.10747907276599711,
    "end_val": 32003.720102197993,
    "max_drawdown": -0.3437105496781828,
    "mwrr": 0.10747907276599711,
    "sharpe": 0.5522120799149223,
    "sortino": 0.7611050085386019,
    "std": 0.16130180955586063,
    "ulcer_index": 7.643674163692941,
    "upi": 1.1653131005646251,
    "us_allocation": 62
}