{
    "beta": 0.7810638700484205,
    "cagr": 0.05824433264978235,
    "end_val": 19061.422892163664,
    "max_drawdown": -0.3526204215187477,
    "mwrr": 0.05824433264978235,
    "sharpe": 0.28211786156551394,
    "sortino": 0.3832194292896825,
    "std": 0.1543497856766877,
    "ulcer_index": 10.256598249843538,
    "upi": 0.4245450890337257,
    "us_allocation": 3
}