{
    "beta": 0.9130952532346767,
    "cagr": 0.10419150592194426,
    "end_val": 30937.709812094254,
    "max_drawdown": -0.34334317037260964,
    "mwrr": 0.10419150592194426,
    "sharpe": 0.5370397932747978,
    "sortino": 0.7394454289877084,
    "std": 0.16031627737257803,
    "ulcer_index": 7.738642142156828,
    "upi": 1.1125471809586953,
    "us_allocation": 58
}