{
    "beta": 0.8127774759733527,
    "cagr": 0.06923232704088766,
    "end_val": 21442.45311179413,
    "max_drawdown": -0.34590480614398184,
    "mwrr": 0.06923232704088766,
    "sharpe": 0.34902856654787356,
    "sortino": 0.4755678137138524,
    "std": 0.15438848204638625,
    "ulcer_index": 9.363706792917192,
    "upi": 0.5754674086510412,
    "us_allocation": 16
}