{
    "beta": 0.7761552712782573,
    "cagr": 0.05654665242854362,
    "end_val": 18715.86639590886,
    "max_drawdown": -0.35541150616148043,
    "mwrr": 0.05654665242854362,
    "sharpe": 0.2715736827466472,
    "sortino": 0.36872965825081927,
    "std": 0.1544241939057252,
    "ulcer_index": 10.448023717305773,
    "upi": 0.4013831207292767,
    "us_allocation": 1
}