{
    "beta": 0.889492486223848,
    "cagr": 0.09594118095963133,
    "end_val": 28403.58010365314,
    "max_drawdown": -0.34248198066502644,
    "mwrr": 0.09594118095963133,
    "sharpe": 0.4969050536820318,
    "sortino": 0.6824759968864674,
    "std": 0.15815344143136015,
    "ulcer_index": 8.021868327491148,
    "upi": 0.9796574149622789,
    "us_allocation": 48
}