{
    "beta": 0.8465695012280434,
    "cagr": 0.08097591494054535,
    "end_val": 24284.620543119978,
    "max_drawdown": -0.3444036242671053,
    "mwrr": 0.08097591494054535,
    "sharpe": 0.41708657295354296,
    "sortino": 0.5702593300571053,
    "std": 0.15541563332743352,
    "ulcer_index": 8.701151517413171,
    "upi": 0.7449705666340816,
    "us_allocation": 30
}