{
    "beta": 0.8200495965938942,
    "cagr": 0.07175657307174688,
    "end_val": 22026.410936508513,
    "max_drawdown": -0.3455826384213782,
    "mwrr": 0.07175657307174688,
    "sharpe": 0.36399951073771103,
    "sortino": 0.49632786713291205,
    "std": 0.15452402984139033,
    "ulcer_index": 9.201704080716757,
    "upi": 0.6112540087011449,
    "us_allocation": 19
}