{
    "beta": 0.817627458191045,
    "cagr": 0.07091563099374487,
    "end_val": 21830.275915633,
    "max_drawdown": -0.3456899981657249,
    "mwrr": 0.07091563099374487,
    "sharpe": 0.35903105127190976,
    "sortino": 0.48943403211141173,
    "std": 0.15447364915102546,
    "ulcer_index": 9.250041961912448,
    "upi": 0.5995642207473647,
    "us_allocation": 18
}