{
    "beta": 0.8657174193656203,
    "cagr": 0.08764551265843812,
    "end_val": 26047.81123556357,
    "max_drawdown": -0.3435483907314881,
    "mwrr": 0.08764551265843812,
    "sharpe": 0.45371356896395637,
    "sortino": 0.6215880837118991,
    "std": 0.15644225418347896,
    "ulcer_index": 8.375543356177388,
    "upi": 0.8474596571694286,
    "us_allocation": 38
}