{
    "beta": 0.8942266455340445,
    "cagr": 0.09759485412509705,
    "end_val": 28895.796473596663,
    "max_drawdown": -0.3426045366541194,
    "mwrr": 0.09759485412509705,
    "sharpe": 0.5051810817784043,
    "sortino": 0.6941893443113392,
    "std": 0.15855072741985837,
    "ulcer_index": 7.9601324512152285,
    "upi": 1.0062201572897076,
    "us_allocation": 50
}