{
    "beta": 0.7786105720414066,
    "cagr": 0.05739573495199046,
    "end_val": 18887.973099842355,
    "max_drawdown": -0.3540168909201285,
    "mwrr": 0.05739573495199046,
    "sharpe": 0.2768529238305799,
    "sortino": 0.3759821204922593,
    "std": 0.15438428390680017,
    "ulcer_index": 10.351977762008223,
    "upi": 0.41287564271050026,
    "us_allocation": 2
}