{
    "beta": 0.798181432862399,
    "cagr": 0.06417100532385844,
    "end_val": 20313.90399453702,
    "max_drawdown": -0.3465499388712197,
    "mwrr": 0.06417100532385844,
    "sharpe": 0.3185284007518934,
    "sortino": 0.43338633977358654,
    "std": 0.15425890890938154,
    "ulcer_index": 9.733874165448889,
    "upi": 0.504782600677261,
    "us_allocation": 10
}