{
    "beta": 0.8489693218670546,
    "cagr": 0.08181123459758854,
    "end_val": 24499.31698192832,
    "max_drawdown": -0.34429661748678214,
    "mwrr": 0.08181123459758854,
    "sharpe": 0.42176072876881715,
    "sortino": 0.5767943953281851,
    "std": 0.15552684703521472,
    "ulcer_index": 8.658778499899498,
    "upi": 0.7575476753842307,
    "us_allocation": 31
}