{
    "beta": 0.8079198447448062,
    "cagr": 0.06754712528367235,
    "end_val": 21060.49868565842,
    "max_drawdown": -0.3461197321893865,
    "mwrr": 0.06754712528367235,
    "sharpe": 0.33894155566288925,
    "sortino": 0.4616010092285853,
    "std": 0.15432421888924241,
    "ulcer_index": 9.485585518463305,
    "upi": 0.55142582701266,
    "us_allocation": 14
}