{
    "beta": 0.8537635072272979,
    "cagr": 0.08348048212294401,
    "end_val": 24933.548032022183,
    "max_drawdown": -0.34408269191928353,
    "mwrr": 0.08348048212294401,
    "sharpe": 0.43102839018915257,
    "sortino": 0.5897647785543565,
    "std": 0.15576405733291612,
    "ulcer_index": 8.575417162841482,
    "upi": 0.7829125980346885,
    "us_allocation": 33
}