{
    "beta": 0.8273046756256585,
    "cagr": 0.07427656815830064,
    "end_val": 22623.821819555553,
    "max_drawdown": -0.3452607360217146,
    "mwrr": 0.07427656815830064,
    "sharpe": 0.3787687398705906,
    "sortino": 0.5168451805669517,
    "std": 0.15470614958082504,
    "ulcer_index": 9.059316516134908,
    "upi": 0.6468147552439745,
    "us_allocation": 22
}