{
    "beta": 0.8965911548318338,
    "cagr": 0.09842101210047116,
    "end_val": 29144.606142863493,
    "max_drawdown": -0.3426971497942737,
    "mwrr": 0.09842101210047116,
    "sharpe": 0.5092727851758511,
    "sortino": 0.6999866937165053,
    "std": 0.15875608073346284,
    "ulcer_index": 7.9302907622137,
    "upi": 1.0195061750696723,
    "us_allocation": 51
}