{
    "beta": 0.9435302448182352,
    "cagr": 0.11485010534649609,
    "end_val": 34516.65570365771,
    "max_drawdown": -0.3449712043454294,
    "mwrr": 0.11485010534649609,
    "sharpe": 0.5844881355837264,
    "sortino": 0.8074544763136685,
    "std": 0.16375818596130998,
    "ulcer_index": 7.463747570279642,
    "upi": 1.2823972265488097,
    "us_allocation": 71
}