{
    "beta": 0.9271764958309152,
    "cagr": 0.10912018245614297,
    "end_val": 32548.300361291094,
    "max_drawdown": -0.3438937579047597,
    "mwrr": 0.10912018245614297,
    "sharpe": 0.5596074543718759,
    "sortino": 0.771691302056502,
    "std": 0.16181947990692291,
    "ulcer_index": 7.599402194754461,
    "upi": 1.1916117474002474,
    "us_allocation": 64
}