{
    "beta": 0.9898292163648931,
    "cagr": 0.131103042097235,
    "end_val": 40705.561797120004,
    "max_drawdown": -0.34826521941706157,
    "mwrr": 0.131103042097235,
    "sharpe": 0.6470951745887145,
    "sortino": 0.8986331702401205,
    "std": 0.17030982034925427,
    "ulcer_index": 7.317881959838127,
    "upi": 1.5060016071731468,
    "us_allocation": 91
}