{
    "beta": 0.9528399362896037,
    "cagr": 0.11811464841825137,
    "end_val": 35686.06479089217,
    "max_drawdown": -0.34563580163726315,
    "mwrr": 0.11811464841825137,
    "sharpe": 0.5980069296265356,
    "sortino": 0.8269899289872854,
    "std": 0.164951884164275,
    "ulcer_index": 7.413484236241712,
    "upi": 1.3305843156008448,
    "us_allocation": 75
}