{
    "beta": 0.9060321849813979,
    "cagr": 0.10172113383912085,
    "end_val": 30158.105937083325,
    "max_drawdown": -0.3430667900723852,
    "mwrr": 0.10172113383912085,
    "sharpe": 0.5253280920609781,
    "sortino": 0.722776359923205,
    "std": 0.15962159814987548,
    "ulcer_index": 7.815585293018004,
    "upi": 1.0729005646636547,
    "us_allocation": 55
}