{
    "beta": 0.9690712872049405,
    "cagr": 0.12381074903114953,
    "end_val": 37813.38090056595,
    "max_drawdown": -0.3467918413013889,
    "mwrr": 0.12381074903114953,
    "sharpe": 0.6204542213108518,
    "sortino": 0.859608405358836,
    "std": 0.1671844793990624,
    "ulcer_index": 7.356197410725869,
    "upi": 1.410114518612711,
    "us_allocation": 82
}