{
    "beta": 0.9852269694154839,
    "cagr": 0.1294855557832446,
    "end_val": 40047.1787279313,
    "max_drawdown": -0.34793905229989286,
    "mwrr": 0.1294855557832446,
    "sharpe": 0.6413870356116274,
    "sortino": 0.890241997464474,
    "std": 0.16959144923614675,
    "ulcer_index": 7.324113521380125,
    "upi": 1.4851552262926029,
    "us_allocation": 89
}