{
    "beta": 0.7884118137423649,
    "cagr": 0.06078722443754092,
    "end_val": 19589.91681635491,
    "max_drawdown": -0.34841987684386694,
    "mwrr": 0.06078722443754092,
    "sharpe": 0.2978216198302064,
    "sortino": 0.4048319426025538,
    "std": 0.15427865700804255,
    "ulcer_index": 10.007157825644223,
    "upi": 0.4591370707872263,
    "us_allocation": 6
}