{
    "beta": 0.9667571952388178,
    "cagr": 0.12299832814190692,
    "end_val": 37503.05780354523,
    "max_drawdown": -0.34662723567770287,
    "mwrr": 0.12299832814190692,
    "sharpe": 0.6173410106839257,
    "sortino": 0.8550706800243171,
    "std": 0.16685463292694463,
    "ulcer_index": 7.361499118039496,
    "upi": 1.3992621414901203,
    "us_allocation": 81
}