{
    "beta": 0.9341949576004954,
    "cagr": 0.11157851742941016,
    "end_val": 33379.89485078503,
    "max_drawdown": -0.3443036715248228,
    "mwrr": 0.11157851742941016,
    "sharpe": 0.5704616223658664,
    "sortino": 0.7872648683552186,
    "std": 0.1626264762793278,
    "ulcer_index": 7.537410471204666,
    "upi": 1.230823603993452,
    "us_allocation": 67
}