{
    "beta": 0.8417643742979862,
    "cagr": 0.07930388052820869,
    "end_val": 23860.01681297021,
    "max_drawdown": -0.3446177258812353,
    "mwrr": 0.07930388052820869,
    "sharpe": 0.4076591781281167,
    "sortino": 0.5570918383767529,
    "std": 0.1552080986229192,
    "ulcer_index": 8.787399093475614,
    "upi": 0.7200221660168987,
    "us_allocation": 28
}