{
    "beta": 0.9944254622768227,
    "cagr": 0.13271880802342695,
    "end_val": 41373.0886714418,
    "max_drawdown": -0.34859067638786756,
    "mwrr": 0.13271880802342695,
    "sharpe": 0.6526841017642653,
    "sortino": 0.9068657156558345,
    "std": 0.1710414089779607,
    "ulcer_index": 7.313626540065397,
    "upi": 1.5264222739011333,
    "us_allocation": 93
}