{
    "beta": 0.7933005500107477,
    "cagr": 0.062480075452435724,
    "end_val": 19949.119975175105,
    "max_drawdown": -0.3467652197027068,
    "mwrr": 0.062480075452435724,
    "sharpe": 0.30820976830381386,
    "sortino": 0.41914894585335455,
    "std": 0.1542580966103152,
    "ulcer_index": 9.86214272667721,
    "upi": 0.4820748181978369,
    "us_allocation": 8
}