{
    "beta": 0.9736948435032062,
    "cagr": 0.12543428764117293,
    "end_val": 38440.55810713608,
    "max_drawdown": -0.34712051232165425,
    "mwrr": 0.12543428764117293,
    "sharpe": 0.6265879663973684,
    "sortino": 0.8685623212538494,
    "std": 0.1678548192013548,
    "ulcer_index": 7.346138482396758,
    "upi": 1.4317230810603774,
    "us_allocation": 84
}