{
    "beta": 0.9875288454271096,
    "cagr": 0.13029451423121796,
    "end_val": 40375.233680050485,
    "max_drawdown": -0.3481022247719627,
    "mwrr": 0.13029451423121796,
    "sharpe": 0.6442560777994039,
    "sortino": 0.8944575094313294,
    "std": 0.16994896865859047,
    "ulcer_index": 7.320247235179332,
    "upi": 1.4957334072657897,
    "us_allocation": 90
}