{
    "beta": 0.887122825102703,
    "cagr": 0.0951136645669386,
    "end_val": 28160.15206224929,
    "max_drawdown": -0.3425884903850285,
    "mwrr": 0.0951136645669386,
    "sharpe": 0.4927210028571425,
    "sortino": 0.6765600067994875,
    "std": 0.15796156218719778,
    "ulcer_index": 8.055009914575786,
    "upi": 0.96623767588717,
    "us_allocation": 47
}