{
    "beta": 0.870486486281693,
    "cagr": 0.08930830310469418,
    "end_val": 26505.20147477591,
    "max_drawdown": -0.3433348750960174,
    "mwrr": 0.08930830310469418,
    "sharpe": 0.46258847275246673,
    "sortino": 0.6340668332946533,
    "std": 0.15674710750955406,
    "ulcer_index": 8.300295247031046,
    "upi": 0.8735691734359908,
    "us_allocation": 40
}