{
    "beta": 0.9806186828186769,
    "cagr": 0.1278663451863964,
    "end_val": 39397.83749269038,
    "max_drawdown": -0.347612172709516,
    "mwrr": 0.1278663451863964,
    "sharpe": 0.6355585682327637,
    "sortino": 0.8816908378848987,
    "std": 0.16888651929683238,
    "ulcer_index": 7.332395280985935,
    "upi": 1.463886070828043,
    "us_allocation": 87
}