{
    "beta": 0.8369518932561552,
    "cagr": 0.07762998153172385,
    "end_val": 23441.73377629699,
    "max_drawdown": -0.3448319449805433,
    "mwrr": 0.07762998153172385,
    "sharpe": 0.3981285379180752,
    "sortino": 0.5437977410738364,
    "std": 0.15502056335866393,
    "ulcer_index": 8.876194276197793,
    "upi": 0.6953126223284785,
    "us_allocation": 26
}