{
    "beta": 0.9154462659773618,
    "cagr": 0.10501406748073405,
    "end_val": 31201.346714206862,
    "max_drawdown": -0.3434351358189963,
    "mwrr": 0.10501406748073405,
    "sharpe": 0.5408804697072271,
    "sortino": 0.7449209807077317,
    "std": 0.16055636368311982,
    "ulcer_index": 7.713920716064178,
    "upi": 1.1257783791247902,
    "us_allocation": 59
}