{
    "beta": 0.93886582127963,
    "cagr": 0.11321519414650805,
    "end_val": 33944.241176651456,
    "max_drawdown": -0.34463780609046696,
    "mwrr": 0.11321519414650805,
    "sharpe": 0.5775384918149774,
    "sortino": 0.7974418406868523,
    "std": 0.16318446752924412,
    "ulcer_index": 7.499223626772214,
    "upi": 1.2567358303415765,
    "us_allocation": 69
}