{
    "beta": 0.9295176122225054,
    "cagr": 0.10994007083373392,
    "end_val": 32823.52388121246,
    "max_drawdown": -0.3439852420293464,
    "mwrr": 0.10994007083373392,
    "sharpe": 0.5632573685800774,
    "sortino": 0.7769233768954692,
    "std": 0.16208444179116085,
    "ulcer_index": 7.5777626619536775,
    "upi": 1.204778631003225,
    "us_allocation": 65
}