{
    "beta": 0.9411988354802427,
    "cagr": 0.1140328701652984,
    "end_val": 34229.43408064551,
    "max_drawdown": -0.3448045971045847,
    "mwrr": 0.1140328701652984,
    "sharpe": 0.5810292026148665,
    "sortino": 0.8024686086409912,
    "std": 0.16346937521521857,
    "ulcer_index": 7.480575912012211,
    "upi": 1.2696967294779977,
    "us_allocation": 70
}