{
    "beta": 0.8345428798919156,
    "cagr": 0.07679233113136896,
    "end_val": 23234.938373967278,
    "max_drawdown": -0.3449390986173627,
    "mwrr": 0.07679233113136896,
    "sharpe": 0.3933253601457323,
    "sortino": 0.5371044444513304,
    "std": 0.15493434763776043,
    "ulcer_index": 8.921247596052424,
    "upi": 0.6830746929614167,
    "us_allocation": 25
}