{
    "beta": 0.9177956160140168,
    "cagr": 0.1058361820951117,
    "end_val": 31466.886600765814,
    "max_drawdown": -0.3435270207816802,
    "mwrr": 0.1058361820951117,
    "sharpe": 0.544689438311944,
    "sortino": 0.7503561536633879,
    "std": 0.1608006666045574,
    "ulcer_index": 7.689574779535494,
    "upi": 1.1390265833458046,
    "us_allocation": 60
}