{
    "beta": 1.001308663045113,
    "cagr": 0.13513923960808238,
    "end_val": 42391.74878197508,
    "max_drawdown": -0.3490775353847261,
    "mwrr": 0.13513923960808238,
    "sharpe": 0.6608465572305191,
    "sortino": 0.9189203929437646,
    "std": 0.17216308927356663,
    "ulcer_index": 7.308314785041162,
    "upi": 1.5567787240560123,
    "us_allocation": 96
}