{
    "beta": 0.9644415541162392,
    "cagr": 0.12218547218588616,
    "end_val": 37194.89529554707,
    "max_drawdown": -0.3464624495834508,
    "mwrr": 0.12218547218588616,
    "sharpe": 0.6141967705188449,
    "sortino": 0.8504923381762777,
    "std": 0.16652837347331315,
    "ulcer_index": 7.366980875702671,
    "upi": 1.388379095994516,
    "us_allocation": 80
}