{
    "beta": 0.8030545140068484,
    "cagr": 0.06586001997921564,
    "end_val": 20684.339720655065,
    "max_drawdown": -0.34633477639930776,
    "mwrr": 0.06586001997921564,
    "sharpe": 0.32877360043252796,
    "sortino": 0.44753878150754617,
    "std": 0.15428098755920833,
    "ulcer_index": 9.608944662268284,
    "upi": 0.5278684067351331,
    "us_allocation": 12
}