{
    "beta": 0.9505148950729577,
    "cagr": 0.11729917123285327,
    "end_val": 35390.610461959805,
    "max_drawdown": -0.3454699264605851,
    "mwrr": 0.11729917123285327,
    "sharpe": 0.5946746714609304,
    "sortino": 0.822167207939546,
    "std": 0.16464774888805542,
    "ulcer_index": 7.425698925812994,
    "upi": 1.3185574455700546,
    "us_allocation": 74
}