{
    "beta": 0.9921280870472077,
    "cagr": 0.13191113986692593,
    "end_val": 41038.17585213041,
    "max_drawdown": -0.3484280365257281,
    "mwrr": 0.13191113986692593,
    "sharpe": 0.6499044675047684,
    "sortino": 0.9027691548413548,
    "std": 0.17067397639511156,
    "ulcer_index": 7.315683315775749,
    "upi": 1.5162297427629632,
    "us_allocation": 92
}