{
    "beta": 0.8248881991207239,
    "cagr": 0.0734370409547751,
    "end_val": 22423.174554655,
    "max_drawdown": -0.34536800736151063,
    "mwrr": 0.0734370409547751,
    "sharpe": 0.3738687628440086,
    "sortino": 0.5100340221062201,
    "std": 0.15464029814251376,
    "ulcer_index": 9.106319533270963,
    "upi": 0.634881185340464,
    "us_allocation": 21
}