{
    "beta": 0.8103496196323163,
    "cagr": 0.0683899637453389,
    "end_val": 21250.746925121537,
    "max_drawdown": -0.34601225440220756,
    "mwrr": 0.0683899637453389,
    "sharpe": 0.34399540585007704,
    "sortino": 0.46859666022344476,
    "std": 0.1543537293191393,
    "ulcer_index": 9.424460053520404,
    "upi": 0.5633856694755752,
    "us_allocation": 15
}