{
    "beta": 0.9318570977324463,
    "cagr": 0.11075951564074371,
    "end_val": 33100.7182177658,
    "max_drawdown": -0.3441363273628192,
    "mwrr": 0.11075951564074371,
    "sharpe": 0.5668754239816522,
    "sortino": 0.7821146339226932,
    "std": 0.16235345011374813,
    "ulcer_index": 7.557019519811204,
    "upi": 1.2178639598988945,
    "us_allocation": 66
}