{
    "beta": 0.8800034487993659,
    "cagr": 0.09262838886775304,
    "end_val": 27440.461472933202,
    "max_drawdown": -0.34290819445016557,
    "mwrr": 0.09262838886775304,
    "sharpe": 0.4799865417222682,
    "sortino": 0.6585779238202022,
    "std": 0.15741329608278912,
    "ulcer_index": 8.15722842447684,
    "upi": 0.92624303425959,
    "us_allocation": 44
}