{
    "beta": 0.8989539579306404,
    "cagr": 0.09924671846750899,
    "end_val": 29395.231108920758,
    "max_drawdown": -0.34278968159917217,
    "mwrr": 0.09924671846750899,
    "sharpe": 0.5133334475247657,
    "sortino": 0.7057442638032236,
    "std": 0.15896587168093343,
    "ulcer_index": 7.900912979583917,
    "upi": 1.032819567191393,
    "us_allocation": 52
}