{
    "beta": 0.7835151719336161,
    "cagr": 0.059092446288776745,
    "end_val": 19236.22435357428,
    "max_drawdown": -0.35122209680636607,
    "mwrr": 0.059092446288776745,
    "sharpe": 0.28736796998861025,
    "sortino": 0.39044087122900345,
    "std": 0.1543206889967701,
    "ulcer_index": 10.165667422880997,
    "upi": 0.4362318086860871,
    "us_allocation": 4
}