{
    "beta": 0.8297192771724333,
    "cagr": 0.0751156251294105,
    "end_val": 22825.991907198746,
    "max_drawdown": -0.3451534941258369,
    "mwrr": 0.0751156251294105,
    "sharpe": 0.3836450879204252,
    "sortino": 0.5236276581985299,
    "std": 0.15477712109373468,
    "ulcer_index": 9.01277012045372,
    "upi": 0.658827805534722,
    "us_allocation": 23
}