{
    "beta": 0.8152034200678246,
    "cagr": 0.07007421588628526,
    "end_val": 21635.626381977963,
    "max_drawdown": -0.34579738740254123,
    "mwrr": 0.07007421588628526,
    "sharpe": 0.3540405937684403,
    "sortino": 0.4825138133351353,
    "std": 0.15442846086767426,
    "ulcer_index": 9.303332140434419,
    "upi": 0.5876716069358642,
    "us_allocation": 17
}