{
    "beta": 0.9551633982212199,
    "cagr": 0.11892968742964416,
    "end_val": 35983.607008905645,
    "max_drawdown": -0.3458014945518034,
    "mwrr": 0.11892968742964416,
    "sharpe": 0.601307660270511,
    "sortino": 0.8317718655823133,
    "std": 0.16525977862981076,
    "ulcer_index": 7.401628981873564,
    "upi": 1.3425732158522368,
    "us_allocation": 76
}