{
    "beta": 0.9967213468410028,
    "cagr": 0.13352604704739868,
    "end_val": 41710.31313491076,
    "max_drawdown": -0.3487531392927546,
    "mwrr": 0.13352604704739868,
    "sharpe": 0.6554342261357282,
    "sortino": 0.9109230079070281,
    "std": 0.17141209037850244,
    "ulcer_index": 7.31172676554148,
    "upi": 1.5365754238059595,
    "us_allocation": 94
}