{
    "beta": 0.8441678540281344,
    "cagr": 0.08014013047253798,
    "end_val": 24071.52373995963,
    "max_drawdown": -0.34451066039456457,
    "mwrr": 0.08014013047253798,
    "sharpe": 0.4123859484634076,
    "sortino": 0.5636916455944327,
    "std": 0.1553093766459799,
    "ulcer_index": 8.743995086645908,
    "upi": 0.7324642033966602,
    "us_allocation": 29
}