{
    "beta": 0.891860424512833,
    "cagr": 0.09676824394473238,
    "end_val": 28648.791358645623,
    "max_drawdown": -0.3425118420714225,
    "mwrr": 0.09676824394473238,
    "sharpe": 0.5010584605058322,
    "sortino": 0.6883524422586242,
    "std": 0.15834983871735256,
    "ulcer_index": 7.990443744064367,
    "upi": 0.9929627841809391,
    "us_allocation": 49
}