{
    "beta": 0.9829235834959558,
    "cagr": 0.1286761662651863,
    "end_val": 39721.384221019216,
    "max_drawdown": -0.3477757017096802,
    "mwrr": 0.1286761662651863,
    "sharpe": 0.6384879103305121,
    "sortino": 0.8859864841908591,
    "std": 0.16923729008557598,
    "ulcer_index": 7.328161370853468,
    "upi": 1.4745394722057101,
    "us_allocation": 88
}