{
    "beta": 0.8224698415029643,
    "cagr": 0.07259704282506263,
    "end_val": 22224.040712274906,
    "max_drawdown": -0.34547530815735417,
    "mwrr": 0.07259704282506263,
    "sharpe": 0.36894555192823775,
    "sortino": 0.5031947339735924,
    "std": 0.1545795854664345,
    "ulcer_index": 9.15379601967082,
    "upi": 0.623026481979627,
    "us_allocation": 20
}