{
    "beta": 0.9036744675302243,
    "cagr": 0.10089677874783387,
    "end_val": 29901.970142675636,
    "max_drawdown": -0.34297450163141097,
    "mwrr": 0.10089677874783387,
    "sharpe": 0.5213612016438431,
    "sortino": 0.7171392512236242,
    "std": 0.15939865775890133,
    "ulcer_index": 7.843555816430641,
    "upi": 1.0595194609401317,
    "us_allocation": 54
}