{
    "beta": 0.9713838349775662,
    "cagr": 0.12462273536223445,
    "end_val": 38125.876884915095,
    "max_drawdown": -0.3469562667508192,
    "mwrr": 0.12462273536223445,
    "sharpe": 0.6235365042629812,
    "sortino": 0.8641055602956308,
    "std": 0.16751788432718473,
    "ulcer_index": 7.351073891340461,
    "upi": 1.4209357513828762,
    "us_allocation": 83
}