{
    "beta": 0.8681028397404857,
    "cagr": 0.08847713736961293,
    "end_val": 26275.661588109113,
    "max_drawdown": -0.3434416182943709,
    "mwrr": 0.08847713736961293,
    "sharpe": 0.4581654934585849,
    "sortino": 0.6278457830441577,
    "std": 0.15659230675130276,
    "ulcer_index": 8.33740236443977,
    "upi": 0.8605148781795583,
    "us_allocation": 39
}