{
    "beta": 0.9107425724165561,
    "cagr": 0.10336849684622651,
    "end_val": 30675.964762326927,
    "max_drawdown": -0.3432511243367283,
    "mwrr": 0.10336849684622651,
    "sharpe": 0.5331674623253769,
    "sortino": 0.733929501501934,
    "std": 0.16008043573167502,
    "ulcer_index": 7.763734893652886,
    "upi": 1.0993353069045182,
    "us_allocation": 57
}