{
    "beta": 0.9083882181346197,
    "cagr": 0.10254503967810291,
    "end_val": 30416.100481961545,
    "max_drawdown": -0.3431589976053746,
    "mwrr": 0.10254503967810291,
    "sharpe": 0.5292635385358841,
    "sortino": 0.7283731255933737,
    "std": 0.15984886671195173,
    "ulcer_index": 7.78921004726615,
    "upi": 1.0861428862328348,
    "us_allocation": 56
}