{
    "beta": 0.9481882694904534,
    "cagr": 0.11648325534619786,
    "end_val": 35097.232085912525,
    "max_drawdown": -0.3453038687208712,
    "mwrr": 0.11648325534619786,
    "sharpe": 0.5913108230393136,
    "sortino": 0.8173037208055504,
    "std": 0.1643474015751655,
    "ulcer_index": 7.4381165787080965,
    "upi": 1.3065219921191396,
    "us_allocation": 73
}