{
    "beta": 1.0058900736508833,
    "cagr": 0.1367507213451784,
    "end_val": 43082.586906828394,
    "max_drawdown": -0.3494012271032875,
    "mwrr": 0.1367507213451784,
    "sharpe": 0.6661427168244457,
    "sortino": 0.9267626669347833,
    "std": 0.17292675345110142,
    "ulcer_index": 7.305636162371996,
    "upi": 1.5767943905080666,
    "us_allocation": 98
}