{
    "beta": 0.875248480843199,
    "cagr": 0.09096926016982554,
    "end_val": 26969.390778751032,
    "max_drawdown": -0.34312147636757334,
    "mwrr": 0.09096926016982554,
    "sharpe": 0.4713466972472892,
    "sortino": 0.6463976948044468,
    "std": 0.15707085482476857,
    "ulcer_index": 8.227732498331155,
    "upi": 0.8998139384040612,
    "us_allocation": 42
}