{
    "beta": 0.945860054444017,
    "cagr": 0.11566690022831327,
    "end_val": 34805.91777777331,
    "max_drawdown": -0.3451376281165611,
    "mwrr": 0.11566690022831327,
    "sharpe": 0.5879153278166976,
    "sortino": 0.8123995093453443,
    "std": 0.164050871006056,
    "ulcer_index": 7.450769527816017,
    "upi": 1.2944733359660767,
    "us_allocation": 72
}