{
    "beta": 0.8006189454322092,
    "cagr": 0.06501575168552232,
    "end_val": 20498.410939618836,
    "max_drawdown": -0.3464423428464182,
    "mwrr": 0.06501575168552232,
    "sharpe": 0.32366042046142873,
    "sortino": 0.44047351373396976,
    "std": 0.15426729687478466,
    "ulcer_index": 9.671199675566811,
    "upi": 0.5162677123700536,
    "us_allocation": 11
}