{
    "beta": 0.9013150603351138,
    "cagr": 0.10007197381979016,
    "end_val": 29647.682162491332,
    "max_drawdown": -0.3428821321759141,
    "mwrr": 0.10007197381979016,
    "sharpe": 0.5173629547214488,
    "sortino": 0.7114618447566534,
    "std": 0.1591800731214677,
    "ulcer_index": 7.871998523292778,
    "upi": 1.0461583928251619,
    "us_allocation": 53
}