{
    "beta": 0.8609412340070564,
    "cagr": 0.08598088376483282,
    "end_val": 25597.138484634517,
    "max_drawdown": -0.3437620233700786,
    "mwrr": 0.08598088376483282,
    "sharpe": 0.44472384075917126,
    "sortino": 0.608964315670533,
    "std": 0.1561564908114922,
    "ulcer_index": 8.454067065500077,
    "upi": 0.8214490744155492,
    "us_allocation": 36
}