{
    "beta": 0.8776268403007402,
    "cagr": 0.09179905275334677,
    "end_val": 27204.06077735492,
    "max_drawdown": -0.34301482081348483,
    "mwrr": 0.09179905275334677,
    "sharpe": 0.47568151727788777,
    "sortino": 0.6525068025034686,
    "std": 0.15723975136599253,
    "ulcer_index": 8.19224331008675,
    "upi": 0.9130041222956752,
    "us_allocation": 43
}