{
    "beta": 0.8585504574157184,
    "cagr": 0.08514787830263004,
    "end_val": 25374.295878389006,
    "max_drawdown": -0.3438688835956029,
    "mwrr": 0.08514787830263004,
    "sharpe": 0.44018653937626306,
    "sortino": 0.6025991962592174,
    "std": 0.1560208279163216,
    "ulcer_index": 8.494034052907773,
    "upi": 0.8085391671339305,
    "us_allocation": 35
}