{
    "beta": 0.9574852859314966,
    "cagr": 0.11974428879158072,
    "end_val": 36283.24910354433,
    "max_drawdown": -0.3459670055044428,
    "mwrr": 0.11974428879158072,
    "sharpe": 0.6045769321646869,
    "sortino": 0.836513084709526,
    "std": 0.1655714035232745,
    "ulcer_index": 7.390098027985623,
    "upi": 1.3545286823989133,
    "us_allocation": 77
}