{
    "beta": 0.884751435564858,
    "cagr": 0.094285694160672,
    "end_val": 27918.49663592042,
    "max_drawdown": -0.34269502924790946,
    "mwrr": 0.094285694160672,
    "sharpe": 0.4885064588791453,
    "sortino": 0.6706048814314999,
    "std": 0.1577742274217767,
    "ulcer_index": 8.088614929031484,
    "upi": 0.9528611400716236,
    "us_allocation": 46
}