{
    "beta": 0.9598056044670873,
    "cagr": 0.12055845302592116,
    "end_val": 36585.00311382767,
    "max_drawdown": -0.34613233479475947,
    "mwrr": 0.12055845302592116,
    "sharpe": 0.607814819971046,
    "sortino": 0.841213568486903,
    "std": 0.16588673010197155,
    "ulcer_index": 7.378753135652364,
    "upi": 1.3664746104868164,
    "us_allocation": 78
}