{
    "beta": 0.9621243588577101,
    "cagr": 0.12137218065184929,
    "end_val": 36888.881130377886,
    "max_drawdown": -0.34629748272167366,
    "mwrr": 0.12137218065184929,
    "sharpe": 0.611021404091778,
    "sortino": 0.8458733100827796,
    "std": 0.16620572964784783,
    "ulcer_index": 7.372642083157215,
    "upi": 1.3774663322433698,
    "us_allocation": 79
}