{
    "beta": 0.9201433086951991,
    "cagr": 0.1066578503346507,
    "end_val": 31734.34065316055,
    "max_drawdown": -0.3436188253662682,
    "mwrr": 0.1066578503346507,
    "sharpe": 0.5484666540260292,
    "sortino": 0.7557508626009302,
    "std": 0.16104915797874644,
    "ulcer_index": 7.666288966183198,
    "upi": 1.1521871333460658,
    "us_allocation": 61
}