{
    "beta": 0.7736979610977451,
    "cagr": 0.05569708430850162,
    "end_val": 18545.094241481416,
    "max_drawdown": -0.35680426839360085,
    "mwrr": 0.05569708430850162,
    "sharpe": 0.26628066892513846,
    "sortino": 0.36146270892505744,
    "std": 0.1544695254081688,
    "ulcer_index": 10.55283662637625,
    "upi": 0.3897654210106522,
    "us_allocation": 0
}