{
    "beta": 0.9783122625179308,
    "cagr": 0.1270560920537005,
    "end_val": 39076.525929316165,
    "max_drawdown": -0.34744846500695425,
    "mwrr": 0.1270560920537005,
    "sharpe": 0.6325988797108525,
    "sortino": 0.8773549554900772,
    "std": 0.1685391650417255,
    "ulcer_index": 7.336800845515804,
    "upi": 1.4531987240817894,
    "us_allocation": 86
}