{
    "beta": 0.8561578837751768,
    "cagr": 0.08431441130475181,
    "end_val": 25153.102390278764,
    "max_drawdown": -0.3439757731079909,
    "mwrr": 0.08431441130475181,
    "sharpe": 0.43562129743419453,
    "sortino": 0.5961992060822643,
    "std": 0.1558900090132398,
    "ulcer_index": 8.534462152896666,
    "upi": 0.7956953077784908,
    "us_allocation": 34
}