{
    "beta": 0.8823783120054864,
    "cagr": 0.09345726913170593,
    "end_val": 27678.60327387914,
    "max_drawdown": -0.34280159726563225,
    "mwrr": 0.09345726913170593,
    "sharpe": 0.48426158195756475,
    "sortino": 0.6646107437141459,
    "std": 0.1575914633752738,
    "ulcer_index": 8.12267934741409,
    "upi": 0.9395299971880708,
    "us_allocation": 45
}