{
    "beta": 0.9365311970483234,
    "cagr": 0.11239707674913779,
    "end_val": 33661.065310297534,
    "max_drawdown": -0.3444708309988472,
    "mwrr": 0.11239707674913779,
    "sharpe": 0.5740159728647437,
    "sortino": 0.7923739582041947,
    "std": 0.16290349164536772,
    "ulcer_index": 7.518161762552623,
    "upi": 1.2437787385931078,
    "us_allocation": 68
}