{
    "beta": 1.0104656164072494,
    "cagr": 0.13836049601603695,
    "end_val": 43782.93248687371,
    "max_drawdown": -0.3497242167400992,
    "mwrr": 0.13836049601603695,
    "sharpe": 0.6713240092036837,
    "sortino": 0.9344508945130295,
    "std": 0.17370286510470362,
    "ulcer_index": 7.3036782971165835,
    "upi": 1.5966191525632032,
    "us_allocation": 100
}