{
    "beta": 0.8054881449861714,
    "cagr": 0.06670381093614552,
    "end_val": 20871.699300629676,
    "max_drawdown": -0.34622723951769285,
    "mwrr": 0.06670381093614552,
    "sharpe": 0.3338674675432704,
    "sortino": 0.45458149090044203,
    "std": 0.15429996652593855,
    "ulcer_index": 9.547080188506802,
    "upi": 0.5395870799133646,
    "us_allocation": 13
}