{
    "beta": 0.7908571668016089,
    "cagr": 0.06163389046083734,
    "end_val": 19768.82518940715,
    "max_drawdown": -0.3470159792909471,
    "mwrr": 0.06163389046083734,
    "sharpe": 0.30302413486260477,
    "sortino": 0.4120000623864253,
    "std": 0.15426569886515087,
    "ulcer_index": 9.928699213344043,
    "upi": 0.4708097375088504,
    "us_allocation": 7
}