{
    "beta": 1.0081785761603261,
    "cagr": 0.13755582183056014,
    "end_val": 43431.56467000993,
    "max_drawdown": -0.349562809539072,
    "mwrr": 0.13755582183056014,
    "sharpe": 0.6687476381271364,
    "sortino": 0.9306259697717502,
    "std": 0.1733132668820543,
    "ulcer_index": 7.3045753547522025,
    "upi": 1.5867292149948788,
    "us_allocation": 99
}