{
    "beta": 0.9248337432997326,
    "cagr": 0.10829984995288267,
    "end_val": 32275.036228231565,
    "max_drawdown": -0.3438021938226617,
    "mwrr": 0.10829984995288267,
    "sharpe": 0.5559256870483041,
    "sortino": 0.7664185049980855,
    "std": 0.16155859300203546,
    "ulcer_index": 7.621377425105319,
    "upi": 1.178455311325416,
    "us_allocation": 63
}