{
    "beta": 0.8321320098920328,
    "cagr": 0.07595421255825197,
    "end_val": 23029.694262253557,
    "max_drawdown": -0.345046281661758,
    "mwrr": 0.07595421255825197,
    "sharpe": 0.38849742056190295,
    "sortino": 0.530380914390377,
    "std": 0.15485319360126767,
    "ulcer_index": 8.966731322275622,
    "upi": 0.6709159536330882,
    "us_allocation": 24
}