{
    "beta": 0.9990157455115934,
    "cagr": 0.13433285741703704,
    "end_val": 42049.8621760147,
    "max_drawdown": -0.34891542552903465,
    "mwrr": 0.13433285741703704,
    "sharpe": 0.6581549928030219,
    "sortino": 0.9149411680312673,
    "std": 0.17178599298029096,
    "ulcer_index": 7.309958016819865,
    "upi": 1.5466940302822243,
    "us_allocation": 95
}