{
    "beta": 0.7957419698721758,
    "cagr": 0.06332578015915069,
    "end_val": 20130.80996542683,
    "max_drawdown": -0.3466575644859132,
    "mwrr": 0.06332578015915069,
    "sharpe": 0.31337802120785463,
    "sortino": 0.42627793223496513,
    "std": 0.15425583764614287,
    "ulcer_index": 9.797593291421624,
    "upi": 0.49338081718756754,
    "us_allocation": 9
}