{
    "beta": 0.9760043177120241,
    "cagr": 0.12624540637138248,
    "end_val": 38757.43697013672,
    "max_drawdown": -0.34728457830890913,
    "mwrr": 0.12624540637138248,
    "sharpe": 0.6296087194144655,
    "sortino": 0.8729787828935544,
    "std": 0.1681952555693432,
    "ulcer_index": 7.341380350483638,
    "upi": 1.4424777662771173,
    "us_allocation": 85
}