{
    "beta": 0.851367321891992,
    "cagr": 0.08264609010556923,
    "end_val": 24715.62286136081,
    "max_drawdown": -0.3441896400415292,
    "mwrr": 0.08264609010556923,
    "sharpe": 0.4264081024942548,
    "sortino": 0.5832963612118921,
    "std": 0.15564299580200694,
    "ulcer_index": 8.61686229563561,
    "upi": 0.7701957701225696,
    "us_allocation": 32
}