{
    "beta": 0.8393590560455952,
    "cagr": 0.07846716443871693,
    "end_val": 23650.090048040962,
    "max_drawdown": -0.34472482073919913,
    "mwrr": 0.07846716443871693,
    "sharpe": 0.4029065941279966,
    "sortino": 0.5504603602053679,
    "std": 0.15511182054749412,
    "ulcer_index": 8.831576411708104,
    "upi": 0.7076287890631338,
    "us_allocation": 27
}