{
    "beta": 0.8728683647395513,
    "cagr": 0.09013901049531103,
    "end_val": 26736.441115930764,
    "max_drawdown": -0.34322816112441906,
    "mwrr": 0.09013901049531103,
    "sharpe": 0.46698227981350143,
    "sortino": 0.6402509252445764,
    "std": 0.15690663182886574,
    "ulcer_index": 8.263703080500855,
    "upi": 0.8866733360840812,
    "us_allocation": 41
}