{
    "beta": 1.0036001041828324,
    "cagr": 0.13594519409383898,
    "end_val": 42735.985993884766,
    "max_drawdown": -0.34923946914722054,
    "mwrr": 0.13594519409383898,
    "sharpe": 0.6635090780292965,
    "sortino": 0.9228608512653633,
    "std": 0.1725433518589635,
    "ulcer_index": 7.30684243366559,
    "upi": 1.566819261581167,
    "us_allocation": 97
}