{
    "beta": 0.8633302193854908,
    "cagr": 0.0868134283362525,
    "end_val": 25821.640243451853,
    "max_drawdown": -0.34365519241938314,
    "mwrr": 0.0868134283362525,
    "sharpe": 0.44923293595153124,
    "sortino": 0.6152941014025686,
    "std": 0.1562969741720783,
    "ulcer_index": 8.414565817303957,
    "upi": 0.8344234189430408,
    "us_allocation": 37
}