{
    "beta": 0.8764047575285314,
    "cagr": 0.07999987534613484,
    "end_val": 22256.666648590057,
    "max_drawdown": -0.3429081944501654,
    "mwrr": 0.07999987534613484,
    "sharpe": 0.3895997473857283,
    "sortino": 0.5331837760334985,
    "std": 0.16099098309391,
    "ulcer_index": 8.51638679844993,
    "upi": 0.7364632369665611,
    "us_allocation": 44
}