{
    "beta": 0.7847913350912068,
    "cagr": 0.052159662841394505,
    "end_val": 16964.943179421403,
    "max_drawdown": -0.3470159792909486,
    "mwrr": 0.052159662841394505,
    "sharpe": 0.23271110571360484,
    "sortino": 0.3156353208885545,
    "std": 0.15715727304106486,
    "ulcer_index": 10.35513185776971,
    "upi": 0.3531651033318549,
    "us_allocation": 7
}