{
    "beta": 0.7797641001068931,
    "cagr": 0.05063726796886714,
    "end_val": 16711.489669789302,
    "max_drawdown": -0.34982191563184445,
    "mwrr": 0.05063726796886714,
    "sharpe": 0.22349114994394825,
    "sortino": 0.3029886341950328,
    "std": 0.15715369356001876,
    "ulcer_index": 10.519064584121296,
    "upi": 0.333879236288519,
    "us_allocation": 5
}