{
    "beta": 0.9297071321777907,
    "cagr": 0.09626974030277924,
    "end_val": 25999.582664810616,
    "max_drawdown": -0.344136327362819,
    "mwrr": 0.09626974030277924,
    "sharpe": 0.4670067511618651,
    "sortino": 0.6425510855491009,
    "std": 0.16636727638458743,
    "ulcer_index": 7.892434691312718,
    "upi": 0.9843941212058424,
    "us_allocation": 66
}