{
    "beta": 0.8715174468697156,
    "cagr": 0.07851045916297728,
    "end_val": 21939.643524371266,
    "max_drawdown": -0.34312147636757334,
    "mwrr": 0.07851045916297728,
    "sharpe": 0.38192056525244117,
    "sortino": 0.5224188505010751,
    "std": 0.1606097614189253,
    "ulcer_index": 8.589669436592152,
    "upi": 0.7140925664635956,
    "us_allocation": 42
}