{
    "beta": 0.9128367091780739,
    "cagr": 0.09111542353601965,
    "end_val": 24756.504888941632,
    "max_drawdown": -0.34343513581899604,
    "mwrr": 0.09111542353601965,
    "sharpe": 0.44380925641625557,
    "sortino": 0.6095835524894662,
    "std": 0.16442967092203878,
    "ulcer_index": 8.055432907560077,
    "upi": 0.9058905979667291,
    "us_allocation": 59
}