{
    "beta": 0.9393109418386658,
    "cagr": 0.0992057486928708,
    "end_val": 26732.622005343335,
    "max_drawdown": -0.3448045971045845,
    "mwrr": 0.0992057486928708,
    "sharpe": 0.47965474568453337,
    "sortino": 0.6606099775978004,
    "std": 0.16756414578424023,
    "ulcer_index": 7.813074040646216,
    "upi": 1.028672954105684,
    "us_allocation": 70
}