{
    "beta": 0.8222439642481101,
    "cagr": 0.0635197704685937,
    "end_val": 18968.663987752134,
    "max_drawdown": -0.3452607360217141,
    "mwrr": 0.0635197704685937,
    "sharpe": 0.2997770697241405,
    "sortino": 0.4080551553872129,
    "std": 0.15786713556157983,
    "ulcer_index": 9.452315553919183,
    "upi": 0.5006514227092017,
    "us_allocation": 22
}