{
    "beta": 0.893454804483198,
    "cagr": 0.08519918104910618,
    "end_val": 23396.064234403108,
    "max_drawdown": -0.34269714979427385,
    "mwrr": 0.08519918104910618,
    "sharpe": 0.41565086517644917,
    "sortino": 0.5698029452737944,
    "std": 0.16247072312210714,
    "ulcer_index": 8.280366459654187,
    "upi": 0.8155326439601241,
    "us_allocation": 51
}