{
    "beta": 0.8098084441184872,
    "cagr": 0.05974434733834766,
    "end_val": 18280.20811503401,
    "max_drawdown": -0.3457973874025413,
    "mwrr": 0.05974434733834766,
    "sharpe": 0.2778708450253274,
    "sortino": 0.37778177955528164,
    "std": 0.15749815839571293,
    "ulcer_index": 9.70530425974634,
    "upi": 0.4509124716183924,
    "us_allocation": 17
}