{
    "beta": 0.8321580500274897,
    "cagr": 0.06653205926703598,
    "end_val": 19534.674105121172,
    "max_drawdown": -0.3448319449805434,
    "mwrr": 0.06653205926703598,
    "sharpe": 0.3169365179776564,
    "sortino": 0.43183050073443874,
    "std": 0.15825556690412018,
    "ulcer_index": 9.262468119783454,
    "upi": 0.5414876535795423,
    "us_allocation": 26
}