{
    "beta": 0.8641730837720633,
    "cagr": 0.07627306830021774,
    "end_val": 21471.07954970959,
    "max_drawdown": -0.34344161829437114,
    "mwrr": 0.07627306830021774,
    "sharpe": 0.37020994604022034,
    "sortino": 0.5060276483174291,
    "std": 0.1600733519897881,
    "ulcer_index": 8.703539559149286,
    "upi": 0.6808584335716601,
    "us_allocation": 39
}