{
    "beta": 0.9200769124280758,
    "cagr": 0.09332696485870895,
    "end_val": 25283.13186028054,
    "max_drawdown": -0.3437105496781827,
    "mwrr": 0.09332696485870895,
    "sharpe": 0.4539166413468282,
    "sortino": 0.6239238626066504,
    "std": 0.1652351562184062,
    "ulcer_index": 7.982446786224494,
    "upi": 0.93957399459705,
    "us_allocation": 62
}