{
    "beta": 0.8371037867831755,
    "cagr": 0.06803553383852279,
    "end_val": 19822.84931703235,
    "max_drawdown": -0.34461772588123574,
    "mwrr": 0.06803553383852279,
    "sharpe": 0.32538710639055085,
    "sortino": 0.44356049947683224,
    "std": 0.1584804241150123,
    "ulcer_index": 9.170400790342082,
    "upi": 0.562304937680006,
    "us_allocation": 28
}