{
    "beta": 0.7696853920318685,
    "cagr": 0.0475869777884943,
    "end_val": 16213.937876602355,
    "max_drawdown": -0.35541150616148126,
    "mwrr": 0.0475869777884943,
    "sharpe": 0.20489114441166,
    "sortino": 0.27751787241579284,
    "std": 0.15721198161480993,
    "ulcer_index": 10.896233557845523,
    "upi": 0.2956062574486252,
    "us_allocation": 1
}