{
    "beta": 0.8296823644061152,
    "cagr": 0.06577965542871622,
    "end_val": 19391.88509941394,
    "max_drawdown": -0.34493909861736266,
    "mwrr": 0.06577965542871622,
    "sharpe": 0.31267846594162757,
    "sortino": 0.42592546970878026,
    "std": 0.1581507674325056,
    "ulcer_index": 9.30918010921865,
    "upi": 0.5311800181515195,
    "us_allocation": 25
}