{
    "beta": 0.9845786715498069,
    "cagr": 0.11306030201032002,
    "end_val": 30450.23410627434,
    "max_drawdown": -0.34793905229989264,
    "mwrr": 0.11306030201032002,
    "sharpe": 0.5337652223544459,
    "sortino": 0.7386661637234749,
    "std": 0.17407641179181738,
    "ulcer_index": 7.652098117933763,
    "upi": 1.2142307620381187,
    "us_allocation": 89
}