{
    "beta": 0.873961991462327,
    "cagr": 0.07925538465955673,
    "end_val": 22097.687534333654,
    "max_drawdown": -0.3430148208134853,
    "mwrr": 0.07925538465955673,
    "sharpe": 0.3857730642884776,
    "sortino": 0.5278177588230181,
    "std": 0.16079802795910184,
    "ulcer_index": 8.55278318426423,
    "upi": 0.7252558872389262,
    "us_allocation": 43
}