{
    "beta": 0.8666229988621389,
    "cagr": 0.07701930153755088,
    "end_val": 21626.343776145535,
    "max_drawdown": -0.3433348750960175,
    "mwrr": 0.07701930153755088,
    "sharpe": 0.3741388204425376,
    "sortino": 0.5115234931958708,
    "std": 0.16024739780547953,
    "ulcer_index": 8.66504791925862,
    "upi": 0.6918923388644441,
    "us_allocation": 40
}