{
    "beta": 0.849435546838074,
    "cagr": 0.07178647154498585,
    "end_val": 20558.627919931387,
    "max_drawdown": -0.34408269191928337,
    "mwrr": 0.07178647154498585,
    "sharpe": 0.346117688954783,
    "sortino": 0.4723985251181861,
    "std": 0.15913055584437383,
    "ulcer_index": 8.950500030521757,
    "upi": 0.615339705358796,
    "us_allocation": 33
}