{
    "beta": 0.9703449990312434,
    "cagr": 0.10870140810453433,
    "end_val": 29233.143442013803,
    "max_drawdown": -0.3469562667508191,
    "mwrr": 0.10870140810453433,
    "sharpe": 0.5177287910424069,
    "sortino": 0.715387950324132,
    "std": 0.17187867080106806,
    "ulcer_index": 7.679525251976202,
    "upi": 1.158726232628753,
    "us_allocation": 83
}