{
    "beta": 0.7822787219262406,
    "cagr": 0.05139869402879249,
    "end_val": 16837.82347191362,
    "max_drawdown": -0.348419876843866,
    "mwrr": 0.05139869402879249,
    "sharpe": 0.22810817398462183,
    "sortino": 0.3093199444495277,
    "std": 0.15715276631449973,
    "ulcer_index": 10.436818391253253,
    "upi": 0.34346023907562906,
    "us_allocation": 6
}