{
    "beta": 0.9822102529495828,
    "cagr": 0.11233485329006854,
    "end_val": 30244.550498879144,
    "max_drawdown": -0.34777570170968,
    "mwrr": 0.11233485329006854,
    "sharpe": 0.5311585240237993,
    "sortino": 0.7348736416858801,
    "std": 0.17370149866048235,
    "ulcer_index": 7.656211225359379,
    "upi": 1.2050505595063226,
    "us_allocation": 88
}