{
    "beta": 0.9321105472021396,
    "cagr": 0.09700437559985198,
    "end_val": 26181.27588908543,
    "max_drawdown": -0.34430367152482294,
    "mwrr": 0.09700437559985198,
    "sharpe": 0.47021018759296623,
    "sortino": 0.6471193338043482,
    "std": 0.1666604960053334,
    "ulcer_index": 7.872079018967287,
    "upi": 0.9954611647418357,
    "us_allocation": 67
}