{
    "beta": 0.979840296926876,
    "cagr": 0.11160899171058469,
    "end_val": 30040.007417478762,
    "max_drawdown": -0.3476121727095157,
    "mwrr": 0.11160899171058469,
    "sharpe": 0.5285255517780153,
    "sortino": 0.7310463268720533,
    "std": 0.1733299968211969,
    "ulcer_index": 7.660516129733748,
    "upi": 1.1958398798507683,
    "us_allocation": 87
}