{
    "beta": 0.8023239414947891,
    "cagr": 0.05747369718142048,
    "end_val": 17877.10758732329,
    "max_drawdown": -0.34611973218938635,
    "mwrr": 0.05747369718142048,
    "sharpe": 0.26450059614594396,
    "sortino": 0.3593462969855522,
    "std": 0.15733983582949954,
    "ulcer_index": 9.894684954374307,
    "upi": 0.4205774407119036,
    "us_allocation": 14
}