{
    "beta": 0.9963978759216063,
    "cagr": 0.11668136772029092,
    "end_val": 31495.93090379081,
    "max_drawdown": -0.34875313929275464,
    "mwrr": 0.11668136772029092,
    "sharpe": 0.5464086755388472,
    "sortino": 0.7571116355687847,
    "std": 0.1760011607887027,
    "ulcer_index": 7.6397083579754925,
    "upi": 1.2587759177449203,
    "us_allocation": 94
}