{
    "beta": 0.9512790813016466,
    "cagr": 0.10286628977320622,
    "end_val": 27672.697369679558,
    "max_drawdown": -0.3456358016372634,
    "mwrr": 0.10286628977320622,
    "sharpe": 0.4948446083876907,
    "sortino": 0.6823848430735231,
    "std": 0.1691484536336216,
    "ulcer_index": 7.743650383161109,
    "upi": 1.0808891083712615,
    "us_allocation": 75
}