{
    "beta": 0.8592678420695438,
    "cagr": 0.07477929018285256,
    "end_val": 21163.301268908013,
    "max_drawdown": -0.34365519241938297,
    "mwrr": 0.07477929018285256,
    "sharpe": 0.3622771844155507,
    "sortino": 0.49494102733632617,
    "std": 0.1597396586430414,
    "ulcer_index": 8.783600137102686,
    "upi": 0.6588196398496966,
    "us_allocation": 37
}