{
    "beta": 0.9750957527307116,
    "cagr": 0.11015602823938364,
    "end_val": 29634.323424146452,
    "max_drawdown": -0.3472845783089093,
    "mwrr": 0.11015602823938364,
    "sharpe": 0.5231803515504603,
    "sortino": 0.7232870061528669,
    "std": 0.17259734053742148,
    "ulcer_index": 7.669658363963568,
    "upi": 1.1773365712459924,
    "us_allocation": 85
}