{
    "beta": 0.9727211545747863,
    "cagr": 0.10942892547462701,
    "end_val": 29433.172841150496,
    "max_drawdown": -0.3471205123216542,
    "mwrr": 0.10942892547462701,
    "sharpe": 0.5204679158489474,
    "sortino": 0.7193549482791091,
    "std": 0.17223624306038773,
    "ulcer_index": 7.674500608516137,
    "upi": 1.1680445318344228,
    "us_allocation": 84
}