{
    "beta": 0.8469728941127873,
    "cagr": 0.07103716721773123,
    "end_val": 20409.7025951834,
    "max_drawdown": -0.34418964004152913,
    "mwrr": 0.07103716721773123,
    "sharpe": 0.3420179352188542,
    "sortino": 0.46668826476232883,
    "std": 0.15899056327082786,
    "ulcer_index": 8.993504426419218,
    "upi": 0.6046109597092857,
    "us_allocation": 32
}