{
    "beta": 0.9176651906954927,
    "cagr": 0.09259020998116285,
    "end_val": 25106.576959206788,
    "max_drawdown": -0.3436188253662682,
    "mwrr": 0.09259020998116285,
    "sharpe": 0.4505750740032309,
    "sortino": 0.6191788858277965,
    "std": 0.16496246029558959,
    "ulcer_index": 8.005938845146753,
    "upi": 0.9283855184776715,
    "us_allocation": 61
}