{
    "beta": 0.9560550776372728,
    "cagr": 0.10432757223524325,
    "end_val": 28056.243904629147,
    "max_drawdown": -0.34596700550444276,
    "mwrr": 0.10432757223524325,
    "sharpe": 0.5007286042472041,
    "sortino": 0.690847362065321,
    "std": 0.16980887672096878,
    "ulcer_index": 7.7194739281251685,
    "upi": 1.1014513475392989,
    "us_allocation": 77
}