{
    "beta": 0.9152517914263065,
    "cagr": 0.09185302970683207,
    "end_val": 24931.036134960414,
    "max_drawdown": -0.34352702078168007,
    "mwrr": 0.09185302970683207,
    "sharpe": 0.44720593442300166,
    "sortino": 0.61439875437125,
    "std": 0.16469395563485575,
    "ulcer_index": 8.030131383464695,
    "upi": 0.9171719908219358,
    "us_allocation": 60
}