{
    "beta": 0.9417078075501373,
    "cagr": 0.09993869705432212,
    "end_val": 26918.508204905833,
    "max_drawdown": -0.3449712043454292,
    "mwrr": 0.09993869705432212,
    "sharpe": 0.4827477416194419,
    "sortino": 0.665035726135455,
    "std": 0.16787326245117046,
    "ulcer_index": 7.795618565065574,
    "upi": 1.0395388792925135,
    "us_allocation": 71
}