{
    "beta": 0.8885921116747892,
    "cagr": 0.0837158256696926,
    "end_val": 23065.738917376228,
    "max_drawdown": -0.3425118420714223,
    "mwrr": 0.0837158256696926,
    "sharpe": 0.40834044024108396,
    "sortino": 0.5595107431846297,
    "std": 0.16202516341242462,
    "ulcer_index": 8.342908358135535,
    "upi": 0.7930019284111477,
    "us_allocation": 49
}