{
    "beta": 0.7873019462673586,
    "cagr": 0.05292017507367586,
    "end_val": 17092.852596149925,
    "max_drawdown": -0.3467652197027071,
    "mwrr": 0.05292017507367586,
    "sharpe": 0.2372995030618035,
    "sortino": 0.32193412747176725,
    "std": 0.1571672009288087,
    "ulcer_index": 10.285950411179769,
    "upi": 0.3625736613351144,
    "us_allocation": 8
}