{
    "beta": 0.9869455576781007,
    "cagr": 0.11378533830210391,
    "end_val": 30657.063108394854,
    "max_drawdown": -0.34810222477196257,
    "mwrr": 0.11378533830210391,
    "sharpe": 0.5363457597198943,
    "sortino": 0.7424240069198659,
    "std": 0.17445470794631746,
    "ulcer_index": 7.648170020745552,
    "upi": 1.2233808549533705,
    "us_allocation": 90
}