{
    "beta": 0.9679672810675924,
    "cagr": 0.10797347568676074,
    "end_val": 29034.230424382007,
    "max_drawdown": -0.34679184130138896,
    "mwrr": 0.10797347568676074,
    "sharpe": 0.5149628831080133,
    "sortino": 0.7113859305648086,
    "std": 0.17152465243029336,
    "ulcer_index": 7.684743767109187,
    "upi": 1.149380650643985,
    "us_allocation": 82
}