{
    "beta": 0.9224869620474783,
    "cagr": 0.09406329483652431,
    "end_val": 25460.705349918877,
    "max_drawdown": -0.3438021938226618,
    "mwrr": 0.09406329483652431,
    "sharpe": 0.45723060953927686,
    "sortino": 0.6286336106566982,
    "std": 0.16551201464355778,
    "ulcer_index": 7.959284794604515,
    "upi": 0.9507785123430272,
    "us_allocation": 63
}