{
    "beta": 0.8247253277394704,
    "cagr": 0.06427351163645079,
    "end_val": 19108.88406604934,
    "max_drawdown": -0.3451534941258369,
    "mwrr": 0.06427351163645079,
    "sharpe": 0.3040984160409165,
    "sortino": 0.414037355833024,
    "std": 0.1579565313903394,
    "ulcer_index": 9.404068173339455,
    "upi": 0.510763229015324,
    "us_allocation": 23
}