{
    "beta": 0.9608247020802579,
    "cagr": 0.10578718368854045,
    "end_val": 28444.14183590426,
    "max_drawdown": -0.3462974827216737,
    "mwrr": 0.10578718368854045,
    "sharpe": 0.5065035835157766,
    "sortino": 0.699168645881415,
    "std": 0.17048420831803898,
    "ulcer_index": 7.701504738981735,
    "upi": 1.1211960345229315,
    "us_allocation": 79
}