{
    "beta": 0.8272047923804733,
    "cagr": 0.06502680642029723,
    "end_val": 19249.95643029164,
    "max_drawdown": -0.34504628166175766,
    "mwrr": 0.06502680642029723,
    "sharpe": 0.3083989913385222,
    "sortino": 0.41999427410711054,
    "std": 0.15805108207487248,
    "ulcer_index": 9.356337177307596,
    "upi": 0.5209407418794898,
    "us_allocation": 24
}