{
    "beta": 0.7923171891824223,
    "cagr": 0.054439832447293,
    "end_val": 17351.055835351268,
    "max_drawdown": -0.3465499388712195,
    "mwrr": 0.054439832447293,
    "sharpe": 0.24643095281300179,
    "sortino": 0.3344796913237178,
    "std": 0.15720326656954844,
    "ulcer_index": 10.152662312600343,
    "upi": 0.3815566529924313,
    "us_allocation": 10
}