{
    "beta": 0.8837224423053807,
    "cagr": 0.0822307440004888,
    "end_val": 22739.257447288022,
    "max_drawdown": -0.3425884903850283,
    "mwrr": 0.0822307440004888,
    "sharpe": 0.4009232932871154,
    "sortino": 0.5490815767794982,
    "std": 0.1615977170102742,
    "ulcer_index": 8.410065600672926,
    "upi": 0.770342276846352,
    "us_allocation": 47
}