{
    "beta": 0.8543553456162309,
    "cagr": 0.07328375944902943,
    "end_val": 20859.161870748307,
    "max_drawdown": -0.343868883595603,
    "mwrr": 0.07328375944902943,
    "sharpe": 0.3542458251174198,
    "sortino": 0.48373025213468157,
    "std": 0.15942532838943113,
    "ulcer_index": 8.866056849883083,
    "upi": 0.6369665984617259,
    "us_allocation": 35
}