{
    "beta": 0.8048207231681259,
    "cagr": 0.05823103172752098,
    "end_val": 18010.65253148117,
    "max_drawdown": -0.3460122544022077,
    "mwrr": 0.05823103172752098,
    "sharpe": 0.26897534080260876,
    "sortino": 0.3655128240758584,
    "std": 0.157387313732289,
    "ulcer_index": 9.83117072264722,
    "upi": 0.43058575920436654,
    "us_allocation": 15
}