{
    "beta": 0.8395738502214886,
    "cagr": 0.06878660576623608,
    "end_val": 19968.243650605076,
    "max_drawdown": -0.3445106603945644,
    "mwrr": 0.06878660576623608,
    "sharpe": 0.3295790387915791,
    "sortino": 0.449384604291599,
    "std": 0.15860043892089537,
    "ulcer_index": 9.125400365370313,
    "upi": 0.5727912978480568,
    "us_allocation": 29
}