{
    "beta": 1.0058260665122811,
    "cagr": 0.11957083215607422,
    "end_val": 32353.51796858997,
    "max_drawdown": -0.3494012271032876,
    "mwrr": 0.11957083215607422,
    "sharpe": 0.5560628897298739,
    "sortino": 0.7712570031512498,
    "std": 0.17759950658245346,
    "ulcer_index": 7.633741069442803,
    "upi": 1.2936617495090208,
    "us_allocation": 98
}