{
    "beta": 0.9488886807847928,
    "cagr": 0.10213502076470649,
    "end_val": 27482.544110098905,
    "max_drawdown": -0.34546992646058516,
    "mwrr": 0.10213502076470649,
    "sharpe": 0.4918615769543832,
    "sortino": 0.678100581073835,
    "std": 0.16882390535215058,
    "ulcer_index": 7.756280577498242,
    "upi": 1.0705654330002805,
    "us_allocation": 74
}