{
    "beta": 0.8617213668050989,
    "cagr": 0.07552639803587624,
    "end_val": 21316.73345120165,
    "max_drawdown": -0.3435483907314882,
    "mwrr": 0.07552639803587624,
    "sharpe": 0.3662559984922016,
    "sortino": 0.5005000612962537,
    "std": 0.15990409726681568,
    "ulcer_index": 8.743110609616624,
    "upi": 0.6698288487810145,
    "us_allocation": 38
}