{
    "beta": 0.9987571733884063,
    "cagr": 0.11740434825179746,
    "end_val": 31708.56037558375,
    "max_drawdown": -0.3489154255290346,
    "mwrr": 0.11740434825179746,
    "sharpe": 0.5488602176631647,
    "sortino": 0.7606984421378068,
    "std": 0.17639595145294754,
    "ulcer_index": 7.637963472297737,
    "upi": 1.267549650584257,
    "us_allocation": 95
}