{
    "beta": 0.9369124467300483,
    "cagr": 0.09847237931467578,
    "end_val": 26547.790962046973,
    "max_drawdown": -0.3446378060904669,
    "mwrr": 0.09847237931467578,
    "sharpe": 0.47653416976351604,
    "sortino": 0.6561487661796437,
    "std": 0.16725895976506103,
    "ulcer_index": 7.832435305220922,
    "upi": 1.0175972452102944,
    "us_allocation": 69
}