{
    "beta": 0.8518963620050318,
    "cagr": 0.07253533542979795,
    "end_val": 20708.44629606288,
    "max_drawdown": -0.343975773107991,
    "mwrr": 0.07253533542979795,
    "sharpe": 0.3501937351019391,
    "sortino": 0.47807931683756905,
    "std": 0.15927548541764683,
    "ulcer_index": 8.90800465294698,
    "upi": 0.6261261764078063,
    "us_allocation": 34
}