{
    "beta": 0.9655879956346598,
    "cagr": 0.10724512777660777,
    "end_val": 28836.428999164295,
    "max_drawdown": -0.3466272356777029,
    "mwrr": 0.10724512777660777,
    "sharpe": 0.5121701021863064,
    "sortino": 0.7073487369033337,
    "std": 0.17117421668496433,
    "ulcer_index": 7.690145687484839,
    "upi": 1.1400100776772417,
    "us_allocation": 81
}