{
    "beta": 0.9055813098468847,
    "cagr": 0.08890004460779122,
    "end_val": 24238.923831162203,
    "max_drawdown": -0.34315899760537466,
    "mwrr": 0.08890004460779122,
    "sharpe": 0.43345443563324365,
    "sortino": 0.5949279198457972,
    "std": 0.16366242205965267,
    "ulcer_index": 8.133677970883994,
    "upi": 0.8721539988193404,
    "us_allocation": 56
}