{
    "beta": 0.8958835488131418,
    "cagr": 0.08594021270273844,
    "end_val": 23562.679230203124,
    "max_drawdown": -0.342789681599172,
    "mwrr": 0.08594021270273844,
    "sharpe": 0.4192657714376615,
    "sortino": 0.5748974705188924,
    "std": 0.1627002269921803,
    "ulcer_index": 8.249822168030837,
    "upi": 0.8268375840388991,
    "us_allocation": 52
}