{
    "beta": 0.8420420518638329,
    "cagr": 0.06953723491297925,
    "end_val": 20114.514575523845,
    "max_drawdown": -0.34440362426710475,
    "mwrr": 0.06953723491297925,
    "sharpe": 0.33374834081398863,
    "sortino": 0.45518089417844815,
    "std": 0.15872548198934183,
    "ulcer_index": 9.080965577245077,
    "upi": 0.5833352676622038,
    "us_allocation": 30
}