{
    "beta": 0.9774687985149306,
    "cagr": 0.11088271683881024,
    "end_val": 29836.60000662442,
    "max_drawdown": -0.3474484650069543,
    "mwrr": 0.11088271683881024,
    "sharpe": 0.5258661962043291,
    "sortino": 0.7271841311842274,
    "std": 0.1729619346323531,
    "ulcer_index": 7.6649977101283495,
    "upi": 1.186601784895005,
    "us_allocation": 86
}