{
    "beta": 0.9248953449582019,
    "cagr": 0.09479920040903322,
    "end_val": 25639.301953003855,
    "max_drawdown": -0.34389375790475973,
    "mwrr": 0.09479920040903322,
    "sharpe": 0.4605169584520462,
    "sortino": 0.6333080880724274,
    "std": 0.1657930067449257,
    "ulcer_index": 7.936456561699522,
    "upi": 0.961997389989349,
    "us_allocation": 64
}