{
    "beta": 0.9464966717927651,
    "cagr": 0.10140333262009005,
    "end_val": 27293.464607186095,
    "max_drawdown": -0.34530386872087143,
    "mwrr": 0.10140333262009005,
    "sharpe": 0.4888511188595321,
    "sortino": 0.6737809780700331,
    "std": 0.16850317133434464,
    "ulcer_index": 7.7691194257070935,
    "upi": 1.0602362916842851,
    "us_allocation": 73
}