{
    "beta": 1.0034712638516479,
    "cagr": 0.1188490800557489,
    "end_val": 32137.34893954812,
    "max_drawdown": -0.34923946914722076,
    "mwrr": 0.1188490800557489,
    "sharpe": 0.5536871890943487,
    "sortino": 0.7677710003602622,
    "std": 0.1771951518183498,
    "ulcer_index": 7.634906082714176,
    "upi": 1.2850055555916773,
    "us_allocation": 97
}