{
    "beta": 0.7998252037549703,
    "cagr": 0.056715910624314025,
    "end_val": 17744.37933125625,
    "max_drawdown": -0.34622723951769274,
    "mwrr": 0.056715910624314025,
    "sharpe": 0.26000838056694775,
    "sortino": 0.3531591447335027,
    "std": 0.15729767634066455,
    "ulcer_index": 9.95858123482512,
    "upi": 0.410671596841369,
    "us_allocation": 13
}