{
    "beta": 0.9031594408734966,
    "cagr": 0.08816072980073408,
    "end_val": 24068.38617454635,
    "max_drawdown": -0.3430667900723852,
    "mwrr": 0.08816072980073408,
    "sharpe": 0.4299480836779403,
    "sortino": 0.5899726743550554,
    "std": 0.16341530224930273,
    "ulcer_index": 8.16109452481523,
    "upi": 0.8608905332542747,
    "us_allocation": 55
}