{
    "beta": 0.8122993962339561,
    "cagr": 0.06050032967033414,
    "end_val": 18416.22660156058,
    "max_drawdown": -0.3456899981657249,
    "mwrr": 0.06050032967033414,
    "sharpe": 0.2822908353069241,
    "sortino": 0.3838830988870592,
    "std": 0.15756149088030486,
    "ulcer_index": 9.650005262540443,
    "upi": 0.4608953927975722,
    "us_allocation": 18
}