{
    "beta": 0.8172755156539006,
    "cagr": 0.06201094653011441,
    "end_val": 18690.764677027353,
    "max_drawdown": -0.345475308157354,
    "mwrr": 0.06201094653011441,
    "sharpe": 0.29107342116535456,
    "sortino": 0.39601680147808427,
    "std": 0.15770388727650456,
    "ulcer_index": 9.550246261786366,
    "upi": 0.4806330921786748,
    "us_allocation": 20
}