{
    "beta": 1.0081793805427235,
    "cagr": 0.1202921756035622,
    "end_val": 32570.87680909133,
    "max_drawdown": -0.3495628095390716,
    "mwrr": 0.1202921756035622,
    "sharpe": 0.5584135854163109,
    "sortino": 0.7747096351318062,
    "std": 0.17800699464689979,
    "ulcer_index": 7.63272527248873,
    "upi": 1.3022849083125188,
    "us_allocation": 99
}