{
    "beta": 0.8690711179452545,
    "cagr": 0.07776509830656364,
    "end_val": 21782.53035516409,
    "max_drawdown": -0.343228161124419,
    "mwrr": 0.07776509830656364,
    "sharpe": 0.37804242346701067,
    "sortino": 0.516987331129225,
    "std": 0.1604262094516722,
    "ulcer_index": 8.627052690797353,
    "upi": 0.7029740069412623,
    "us_allocation": 41
}