{
    "beta": 0.7671606260121818,
    "cagr": 0.04682325535921095,
    "end_val": 16091.476981853277,
    "max_drawdown": -0.3568042683936013,
    "mwrr": 0.04682325535921095,
    "sharpe": 0.20021045920549901,
    "sortino": 0.27111746544312443,
    "std": 0.1572402539697219,
    "ulcer_index": 11.005501418884343,
    "upi": 0.2860367007529121,
    "us_allocation": 0
}