{
    "beta": 0.9441030491217226,
    "cagr": 0.10067122487292979,
    "end_val": 27105.45419102254,
    "max_drawdown": -0.345137628116561,
    "mwrr": 0.10067122487292979,
    "sharpe": 0.4858131874748513,
    "sortino": 0.669426055863956,
    "std": 0.1681862806681592,
    "ulcer_index": 7.782200386355308,
    "upi": 1.0498980057233769,
    "us_allocation": 72
}