{
    "beta": 0.9940370704960425,
    "cagr": 0.11595797688016418,
    "end_val": 31284.47136971277,
    "max_drawdown": -0.34859067638786756,
    "mwrr": 0.11595797688016418,
    "sharpe": 0.543931586031856,
    "sortino": 0.7534909265873465,
    "std": 0.17560961329214253,
    "ulcer_index": 7.6415872722921145,
    "upi": 1.2499739768832872,
    "us_allocation": 93
}