{
    "beta": 0.834631855431934,
    "cagr": 0.06728401853734733,
    "end_val": 19678.327491900265,
    "max_drawdown": -0.3447248207391991,
    "mwrr": 0.06728401853734733,
    "sharpe": 0.32117283346430153,
    "sortino": 0.43770897861710273,
    "std": 0.15836545956153428,
    "ulcer_index": 9.216206559335742,
    "upi": 0.5518628971400975,
    "us_allocation": 27
}