{
    "beta": 0.9080014738788889,
    "cagr": 0.08963893149286672,
    "end_val": 24410.453202832006,
    "max_drawdown": -0.3432511243367283,
    "mwrr": 0.08963893149286672,
    "sharpe": 0.43693345548978807,
    "sortino": 0.5998481630851789,
    "std": 0.16391387566799076,
    "ulcer_index": 8.107202541286934,
    "upi": 0.8833805711138629,
    "us_allocation": 57
}