{
    "beta": 0.7973245034660869,
    "cagr": 0.05595767141397445,
    "end_val": 17612.463871342858,
    "max_drawdown": -0.3463347763993076,
    "mwrr": 0.05595767141397445,
    "sharpe": 0.25549909534990006,
    "sortino": 0.3469519525937956,
    "std": 0.1572608513110921,
    "ulcer_index": 10.022860252747966,
    "upi": 0.4008673504238834,
    "us_allocation": 12
}