{
    "beta": 0.7898105620936169,
    "cagr": 0.053680231389037214,
    "end_val": 17221.55553848041,
    "max_drawdown": -0.3466575644859133,
    "mwrr": 0.053680231389037214,
    "sharpe": 0.241872929214351,
    "sortino": 0.3282157832979988,
    "std": 0.15718253669105595,
    "ulcer_index": 10.218872892710827,
    "upi": 0.372023693477602,
    "us_allocation": 9
}