{
    "beta": 0.9007358614194123,
    "cagr": 0.08742098655856934,
    "end_val": 23898.83579995815,
    "max_drawdown": -0.3429745016314107,
    "mwrr": 0.08742098655856934,
    "sharpe": 0.4264144694852102,
    "sortino": 0.5849824697734209,
    "std": 0.1631725444368655,
    "ulcer_index": 8.190182014931379,
    "upi": 0.8495186991977633,
    "us_allocation": 54
}