{
    "beta": 0.7722081156634919,
    "cagr": 0.04835023958059925,
    "end_val": 16337.165845197225,
    "max_drawdown": -0.3540168909201285,
    "mwrr": 0.04835023958059925,
    "sharpe": 0.2095600191543772,
    "sortino": 0.2839058266153602,
    "std": 0.15718920002036485,
    "ulcer_index": 10.796085096681598,
    "upi": 0.30510275732439296,
    "us_allocation": 2
}