{
    "beta": 0.8073155552320918,
    "cagr": 0.05898791490138344,
    "end_val": 18145.018068307254,
    "max_drawdown": -0.34590480614398206,
    "mwrr": 0.05898791490138344,
    "sharpe": 0.27343221978338444,
    "sortino": 0.37165817523888633,
    "std": 0.15744009356202324,
    "ulcer_index": 9.768041609897017,
    "upi": 0.4406972614369498,
    "us_allocation": 16
}