{
    "beta": 0.9893109162689226,
    "cagr": 0.11450996259390478,
    "end_val": 30865.04238725668,
    "max_drawdown": -0.3482652194170616,
    "mwrr": 0.11450996259390478,
    "sharpe": 0.5389002524856865,
    "sortino": 0.7461473005617518,
    "std": 0.17483635894891336,
    "ulcer_index": 7.645813038452146,
    "upi": 1.2322767099761796,
    "us_allocation": 91
}