{
    "beta": 0.9584406837761488,
    "cagr": 0.10505758660935971,
    "end_val": 28249.646585963015,
    "max_drawdown": -0.3461323347947594,
    "mwrr": 0.10505758660935971,
    "sharpe": 0.5036296880069572,
    "sortino": 0.6950256635133987,
    "std": 0.17014469345430822,
    "ulcer_index": 7.707744902024185,
    "upi": 1.1117131583281812,
    "us_allocation": 78
}