{
    "beta": 0.8147884179601523,
    "cagr": 0.06125586252587123,
    "end_val": 18553.07747046704,
    "max_drawdown": -0.3455826384213783,
    "mwrr": 0.06125586252587123,
    "sharpe": 0.2866918163911635,
    "sortino": 0.38996160954815867,
    "std": 0.15763007323879216,
    "ulcer_index": 9.599903430509164,
    "upi": 0.4707287052498533,
    "us_allocation": 19
}