{
    "beta": 0.9345123169490105,
    "cagr": 0.09773858844331951,
    "end_val": 26364.01045792697,
    "max_drawdown": -0.34447083099884696,
    "mwrr": 0.09773858844331951,
    "sharpe": 0.4733859897757928,
    "sortino": 0.6516519116240793,
    "std": 0.1669577334815855,
    "ulcer_index": 7.8520976071432615,
    "upi": 1.0065270084887468,
    "us_allocation": 68
}