{
    "beta": 0.777247462940772,
    "cagr": 0.04987538399099045,
    "end_val": 16585.937981740633,
    "max_drawdown": -0.35122209680636585,
    "mwrr": 0.04987538399099045,
    "sharpe": 0.21886048071297676,
    "sortino": 0.29664199742791925,
    "std": 0.15716006710880778,
    "ulcer_index": 10.60185013752274,
    "upi": 0.3244213287226874,
    "us_allocation": 4
}