{
    "beta": 0.8910243273168028,
    "cagr": 0.08445771888040099,
    "end_val": 23230.418919346805,
    "max_drawdown": -0.34260453665411966,
    "mwrr": 0.08445771888040099,
    "sharpe": 0.4120090520323667,
    "sortino": 0.5646739698875233,
    "std": 0.16224569275786585,
    "ulcer_index": 8.311393180595626,
    "upi": 0.8042537353834869,
    "us_allocation": 50
}