{
    "beta": 0.8812849771974405,
    "cagr": 0.08148755447403389,
    "end_val": 22577.44730905543,
    "max_drawdown": -0.3426950292479097,
    "mwrr": 0.08148755447403389,
    "sharpe": 0.3971750144266599,
    "sortino": 0.5438159913755963,
    "std": 0.1613908541347384,
    "ulcer_index": 8.445025292946871,
    "upi": 0.759008023299453,
    "us_allocation": 46
}