{
    "beta": 0.9632071376664925,
    "cagr": 0.10651636392701391,
    "end_val": 28639.73439053011,
    "max_drawdown": -0.3464624495834511,
    "mwrr": 0.10651636392701391,
    "sharpe": 0.5093503627064196,
    "sortino": 0.7032763289072542,
    "std": 0.17082739236298025,
    "ulcer_index": 7.695732896448215,
    "upi": 1.1306149374177035,
    "us_allocation": 80
}