{
    "beta": 0.8197606956473429,
    "cagr": 0.06276558230486606,
    "end_val": 18829.292189222317,
    "max_drawdown": -0.34536800736151047,
    "mwrr": 0.06276558230486606,
    "sharpe": 0.2954352897701595,
    "sortino": 0.40204814378101256,
    "std": 0.15778291438757497,
    "ulcer_index": 9.501035656749583,
    "upi": 0.49060820241712455,
    "us_allocation": 21
}