{
    "beta": 0.927302066545964,
    "cagr": 0.09553468206804805,
    "end_val": 25818.92620756998,
    "max_drawdown": -0.3439852420293465,
    "mwrr": 0.09553468206804805,
    "sharpe": 0.4637756746269156,
    "sortino": 0.6379472742728687,
    "std": 0.1660781036374724,
    "ulcer_index": 7.913977020219819,
    "upi": 0.973227519208502,
    "us_allocation": 65
}