{
    "beta": 0.8861581518976417,
    "cagr": 0.08297350088724209,
    "end_val": 22902.019873880694,
    "max_drawdown": -0.3424819806650263,
    "mwrr": 0.08297350088724209,
    "sharpe": 0.4046451459497875,
    "sortino": 0.5543132775448205,
    "std": 0.16180916243652238,
    "ulcer_index": 8.375587877731885,
    "upi": 0.7817157753750837,
    "us_allocation": 48
}