{
    "beta": 0.8788457508525337,
    "cagr": 0.08074393176962369,
    "end_val": 22416.58514366019,
    "max_drawdown": -0.34280159726563214,
    "mwrr": 0.08074393176962369,
    "sharpe": 0.39340044964700993,
    "sortino": 0.5385166297572884,
    "std": 0.1611886006234466,
    "ulcer_index": 8.480462707275793,
    "upi": 0.7477148131564274,
    "us_allocation": 45
}