{
    "beta": 0.8568125036517987,
    "cagr": 0.0740317441764693,
    "end_val": 21010.778804044916,
    "max_drawdown": -0.3437620233700789,
    "mwrr": 0.0740317441764693,
    "sharpe": 0.3582737188217584,
    "sortino": 0.4893509555602681,
    "std": 0.15958006086072143,
    "ulcer_index": 8.824586816663565,
    "upi": 0.6478648710706248,
    "us_allocation": 36
}