{
    "beta": 0.844508397804009,
    "cagr": 0.07028742186808268,
    "end_val": 20261.66618752433,
    "max_drawdown": -0.34429661748678236,
    "mwrr": 0.07028742186808268,
    "sharpe": 0.3378947307756632,
    "sortino": 0.4609489222257274,
    "std": 0.15885553099217564,
    "ulcer_index": 9.03699790861271,
    "upi": 0.5939422152262652,
    "us_allocation": 31
}