{
    "beta": 0.7747288037084915,
    "cagr": 0.049113041420883796,
    "end_val": 16461.164628974206,
    "max_drawdown": -0.3526204215187483,
    "mwrr": 0.049113041420883796,
    "sharpe": 0.2142166182534658,
    "sortino": 0.2902807424849931,
    "std": 0.15717189880862936,
    "ulcer_index": 10.696631863889744,
    "upi": 0.3147475882006618,
    "us_allocation": 3
}