{
    "beta": 1.001114967751816,
    "cagr": 0.11812691889193694,
    "end_val": 31922.364733574992,
    "max_drawdown": -0.34907753538472575,
    "mwrr": 0.11812691889193694,
    "sharpe": 0.5512863440598154,
    "sortino": 0.7642515154657532,
    "std": 0.1767939576390849,
    "ulcer_index": 7.636346845892845,
    "upi": 1.276295679628562,
    "us_allocation": 96
}