{
    "beta": 0.9536678785295566,
    "cagr": 0.10359714010954879,
    "end_val": 27863.92906906751,
    "max_drawdown": -0.34580149455180337,
    "mwrr": 0.10359714010954879,
    "sharpe": 0.49780026510682285,
    "sortino": 0.6866337505553186,
    "std": 0.1694767871066304,
    "ulcer_index": 7.73139378728545,
    "upi": 1.0911831976430906,
    "us_allocation": 76
}