{
    "beta": 0.9916747522407233,
    "cagr": 0.11523417531193858,
    "end_val": 31074.17683816416,
    "max_drawdown": -0.3484280365257282,
    "mwrr": 0.11523417531193858,
    "sharpe": 0.5414288203112816,
    "sortino": 0.7498361969160842,
    "std": 0.17522133672253046,
    "ulcer_index": 7.6436274592565345,
    "upi": 1.2411398666973996,
    "us_allocation": 92
}