{
    "beta": 0.7948218341199143,
    "cagr": 0.05519897890470005,
    "end_val": 17481.357328273265,
    "max_drawdown": -0.3464423428464183,
    "mwrr": 0.05519897890470005,
    "sharpe": 0.2509731481488119,
    "sortino": 0.3407252771389844,
    "std": 0.15722937633886883,
    "ulcer_index": 10.087543815775197,
    "upi": 0.39116300712524027,
    "us_allocation": 11
}