{
    "beta": 1.0105312107367197,
    "cagr": 0.12101311080668076,
    "end_val": 32789.430462748234,
    "max_drawdown": -0.3497242167400993,
    "mwrr": 0.12101311080668076,
    "sharpe": 0.5607394179806325,
    "sortino": 0.7781290116537966,
    "std": 0.17841758885419487,
    "ulcer_index": 7.631877880789343,
    "upi": 1.3108712380346228,
    "us_allocation": 100
}