{
    "beta": 0.9104199384892159,
    "cagr": 0.09037739096637276,
    "end_val": 24582.97873568112,
    "max_drawdown": -0.34334317037260953,
    "mwrr": 0.09037739096637276,
    "sharpe": 0.4403850807968363,
    "sortino": 0.604733353539781,
    "std": 0.1641696347614186,
    "ulcer_index": 8.081124746245624,
    "upi": 0.894626152189096,
    "us_allocation": 58
}