{
    "beta": 0.8983105659255938,
    "cagr": 0.08668081436543762,
    "end_val": 23730.268287461407,
    "max_drawdown": -0.34288213217591407,
    "mwrr": 0.08668081436543762,
    "sharpe": 0.42285367041950417,
    "sortino": 0.5799573650535477,
    "std": 0.16293417670124058,
    "ulcer_index": 8.219759412233204,
    "upi": 0.8381669698515612,
    "us_allocation": 53
}