{
    "beta": 0.8509136776681615,
    "cagr": 0.07873673745496035,
    "end_val": 20383.73444298146,
    "max_drawdown": -0.3439757731079909,
    "mwrr": 0.07873673745496035,
    "sharpe": 0.3663745906754801,
    "sortino": 0.5003609700857091,
    "std": 0.16396006539459407,
    "ulcer_index": 9.279843495276847,
    "upi": 0.647310979981219,
    "us_allocation": 34
}