{
    "beta": 0.8923899534691881,
    "cagr": 0.089645439836598,
    "end_val": 22404.90586387107,
    "max_drawdown": -0.3426971497942733,
    "mwrr": 0.089645439836598,
    "sharpe": 0.4192906510149966,
    "sortino": 0.5748797853159219,
    "std": 0.1673017496532967,
    "ulcer_index": 8.656527374145007,
    "upi": 0.8103312132465962,
    "us_allocation": 51
}