{
    "beta": 0.8213260925250275,
    "cagr": 0.07097096995189234,
    "end_val": 19045.847743234182,
    "max_drawdown": -0.3452607360217143,
    "mwrr": 0.07097096995189234,
    "sharpe": 0.32522326718051997,
    "sortino": 0.44295912494554757,
    "std": 0.16245718790712443,
    "ulcer_index": 9.815414401528072,
    "upi": 0.5382721217303059,
    "us_allocation": 22
}