{
    "beta": 0.9525015592146079,
    "cagr": 0.1054929173123651,
    "end_val": 25660.49790448335,
    "max_drawdown": -0.34580149455180337,
    "mwrr": 0.1054929173123651,
    "sharpe": 0.4847359759702012,
    "sortino": 0.6685829228401764,
    "std": 0.17454855727898871,
    "ulcer_index": 8.097529833253928,
    "upi": 1.0448654374362336,
    "us_allocation": 76
}