{
    "beta": 0.9928141482138628,
    "cagr": 0.11613875281616504,
    "end_val": 28078.544353730023,
    "max_drawdown": -0.3485906763878675,
    "mwrr": 0.11613875281616504,
    "sharpe": 0.5208920562767115,
    "sortino": 0.721492910098985,
    "std": 0.18086178502440592,
    "ulcer_index": 8.006933121687933,
    "upi": 1.1765769943935929,
    "us_allocation": 93
}