{
    "beta": 0.9285787263295721,
    "cagr": 0.09918151256165153,
    "end_val": 24316.479953880167,
    "max_drawdown": -0.3441363273628192,
    "mwrr": 0.09918151256165153,
    "sharpe": 0.4603458394841459,
    "sortino": 0.6333975204543136,
    "std": 0.17133920028761335,
    "ulcer_index": 8.262916006847174,
    "upi": 0.9545500137061088,
    "us_allocation": 66
}