{
    "beta": 0.8287477447563004,
    "cagr": 0.07291753295246206,
    "end_val": 19373.613955091074,
    "max_drawdown": -0.34493909861736266,
    "mwrr": 0.07291753295246206,
    "sharpe": 0.33578432697100674,
    "sortino": 0.45764870944774033,
    "std": 0.16276374230747462,
    "ulcer_index": 9.674780193924393,
    "upi": 0.5648940669844129,
    "us_allocation": 25
}