{
    "beta": 0.858269849737081,
    "cagr": 0.0806696744399551,
    "end_val": 20729.52421205663,
    "max_drawdown": -0.3436551924193834,
    "mwrr": 0.0806696744399551,
    "sharpe": 0.37618825551081875,
    "sortino": 0.5141186331237072,
    "std": 0.16444903351281495,
    "ulcer_index": 9.156989650018565,
    "upi": 0.6755758177213853,
    "us_allocation": 37
}