{
    "beta": 0.8114044310367851,
    "cagr": 0.06837021601881577,
    "end_val": 18615.662681755915,
    "max_drawdown": -0.3456899981657251,
    "mwrr": 0.06837021601881577,
    "sharpe": 0.3108765767519432,
    "sortino": 0.423045550382485,
    "std": 0.16212173338923763,
    "ulcer_index": 10.009467100800919,
    "upi": 0.5035101375250711,
    "us_allocation": 18
}