{
    "beta": 0.9477296655217821,
    "cagr": 0.10423356202094158,
    "end_val": 25387.13579519821,
    "max_drawdown": -0.34546992646058505,
    "mwrr": 0.10423356202094158,
    "sharpe": 0.4800468090676514,
    "sortino": 0.6617892235028553,
    "std": 0.1738753319293282,
    "ulcer_index": 8.123061645688354,
    "upi": 1.027526769812679,
    "us_allocation": 74
}