{
    "beta": 0.7739257638271919,
    "cagr": 0.05856269330363806,
    "end_val": 17070.432960522474,
    "max_drawdown": -0.3526204215187462,
    "mwrr": 0.05856269330363806,
    "sharpe": 0.2546826215339122,
    "sortino": 0.3454664169072278,
    "std": 0.161628315441611,
    "ulcer_index": 11.044346536132256,
    "upi": 0.3727061534621707,
    "us_allocation": 3
}