{
    "beta": 0.7989598111659973,
    "cagr": 0.06511066493541628,
    "end_val": 18088.778437705274,
    "max_drawdown": -0.34622723951769263,
    "mwrr": 0.06511066493541628,
    "sharpe": 0.2925418518972076,
    "sortino": 0.3976622005154845,
    "std": 0.16182189158908714,
    "ulcer_index": 10.316488733781126,
    "upi": 0.4588632284815981,
    "us_allocation": 13
}