{
    "beta": 0.940560008303465,
    "cagr": 0.10234178962320262,
    "end_val": 24981.387126434347,
    "max_drawdown": -0.3449712043454292,
    "mwrr": 0.10234178962320262,
    "sharpe": 0.47283668435575493,
    "sortino": 0.6513714980583779,
    "std": 0.1728945238486088,
    "ulcer_index": 8.16319322632829,
    "upi": 1.0014368270016722,
    "us_allocation": 71
}