{
    "beta": 0.9904548925254167,
    "cagr": 0.11551542215602262,
    "end_val": 27931.545505557096,
    "max_drawdown": -0.34842803652572774,
    "mwrr": 0.11551542215602262,
    "sharpe": 0.5189438585533536,
    "sortino": 0.7186164609967454,
    "std": 0.18046252829315682,
    "ulcer_index": 8.008880289217027,
    "upi": 1.1693043952436717,
    "us_allocation": 92
}