{
    "beta": 0.9453413604417615,
    "cagr": 0.10360333674807332,
    "end_val": 25251.315313634965,
    "max_drawdown": -0.34530386872087127,
    "mwrr": 0.10360333674807332,
    "sharpe": 0.4776670129839916,
    "sortino": 0.6583469729846205,
    "std": 0.17354449610063494,
    "ulcer_index": 8.136159232567175,
    "upi": 1.0188446205087545,
    "us_allocation": 73
}