{
    "beta": 0.9786362456711175,
    "cagr": 0.1123933543240303,
    "end_val": 27205.571245800253,
    "max_drawdown": -0.34761217270951605,
    "mwrr": 0.1123933543240303,
    "sharpe": 0.5088739113825036,
    "sortino": 0.7037974070237614,
    "std": 0.1785169756293243,
    "ulcer_index": 8.025620736465802,
    "upi": 1.1318864598329814,
    "us_allocation": 87
}