{
    "beta": 0.9213706169092157,
    "cagr": 0.09728094049936842,
    "end_val": 23924.26678398438,
    "max_drawdown": -0.3438021938226622,
    "mwrr": 0.09728094049936842,
    "sharpe": 0.4525652061141547,
    "sortino": 0.6222442899451786,
    "std": 0.1704549015558196,
    "ulcer_index": 8.331894737151181,
    "upi": 0.9258440788663838,
    "us_allocation": 63
}