{
    "beta": 0.7964651522311545,
    "cagr": 0.06445760327950656,
    "end_val": 17984.83236157005,
    "max_drawdown": -0.3463347763993074,
    "mwrr": 0.06445760327950656,
    "sharpe": 0.28882437591672605,
    "sortino": 0.3925242713286097,
    "std": 0.1617780286055027,
    "ulcer_index": 10.380503708629808,
    "upi": 0.45011639411019383,
    "us_allocation": 12
}