{
    "beta": 0.8996576430225858,
    "cagr": 0.0915593124069578,
    "end_val": 22777.411121529647,
    "max_drawdown": -0.34297450163141074,
    "mwrr": 0.0915593124069578,
    "sharpe": 0.42793136661455355,
    "sortino": 0.5871339712917383,
    "std": 0.16803088814038752,
    "ulcer_index": 8.566456857612254,
    "upi": 0.839368582890466,
    "us_allocation": 54
}