{
    "beta": 0.8336862739560623,
    "cagr": 0.0742133409235719,
    "end_val": 19594.58988534295,
    "max_drawdown": -0.3447248207391992,
    "mwrr": 0.0742133409235719,
    "sharpe": 0.3427264791634095,
    "sortino": 0.4673197358700693,
    "std": 0.16299398151222472,
    "ulcer_index": 9.583359732041385,
    "upi": 0.5828965736259916,
    "us_allocation": 27
}