{
    "beta": 0.9833681974281809,
    "cagr": 0.11364326532796976,
    "end_val": 27494.163772189575,
    "max_drawdown": -0.3479390522998928,
    "mwrr": 0.11364326532796976,
    "sharpe": 0.5129681515698018,
    "sortino": 0.7098130465045984,
    "std": 0.17928493791466094,
    "ulcer_index": 8.017174131195924,
    "upi": 1.1471091735318228,
    "us_allocation": 89
}