{
    "beta": 0.9548851579814397,
    "cagr": 0.1061220478564493,
    "end_val": 25798.04288601354,
    "max_drawdown": -0.3459670055044428,
    "mwrr": 0.1061220478564493,
    "sharpe": 0.48704548366300654,
    "sortino": 0.6719344635957087,
    "std": 0.1748908885697058,
    "ulcer_index": 8.085247468701166,
    "upi": 1.0535006934420044,
    "us_allocation": 77
}