{
    "beta": 0.9381669509899662,
    "cagr": 0.10171046723684563,
    "end_val": 24847.276078459538,
    "max_drawdown": -0.34480459710458455,
    "mwrr": 0.10171046723684563,
    "sharpe": 0.47038604019536057,
    "sortino": 0.6478380933528247,
    "std": 0.17257544573982314,
    "ulcer_index": 8.181140191609238,
    "upi": 0.9922264355927113,
    "us_allocation": 70
}