{
    "beta": 1.004588322197586,
    "cagr": 0.11925000468487035,
    "end_val": 28822.652546644582,
    "max_drawdown": -0.34940122710328736,
    "mwrr": 0.11925000468487035,
    "sharpe": 0.5303108231453147,
    "sortino": 0.7354468456085934,
    "std": 0.18290726466747645,
    "ulcer_index": 7.999583667028885,
    "upi": 1.2125125658972276,
    "us_allocation": 98
}