{
    "beta": 0.8558195748496076,
    "cagr": 0.08002573855789041,
    "end_val": 20613.750520438905,
    "max_drawdown": -0.343762023370079,
    "mwrr": 0.08002573855789041,
    "sharpe": 0.3729389906028194,
    "sortino": 0.509560485632554,
    "std": 0.16428112001238546,
    "ulcer_index": 9.197493039720815,
    "upi": 0.6661104040546408,
    "us_allocation": 36
}