{
    "beta": 0.9333760481079761,
    "cagr": 0.10044672346925543,
    "end_val": 24580.75173242091,
    "max_drawdown": -0.34447083099884696,
    "mwrr": 0.10044672346925543,
    "sharpe": 0.46541354662975826,
    "sortino": 0.6406794691819939,
    "std": 0.17194925134084957,
    "ulcer_index": 8.221352521118945,
    "upi": 0.9733906548656827,
    "us_allocation": 68
}