{
    "beta": 0.8533675194339599,
    "cagr": 0.07938142633826017,
    "end_val": 20498.48779573124,
    "max_drawdown": -0.343868883595603,
    "mwrr": 0.07938142633826017,
    "sharpe": 0.36966771368418944,
    "sortino": 0.5049744950941869,
    "std": 0.16411812251567579,
    "ulcer_index": 9.238445929239179,
    "upi": 0.6566884194410963,
    "us_allocation": 35
}