{
    "beta": 0.8656100491337322,
    "cagr": 0.08259922729551117,
    "end_val": 21079.927071364444,
    "max_drawdown": -0.34333487509601746,
    "mwrr": 0.08259922729551117,
    "sharpe": 0.3858024261042335,
    "sortino": 0.5276230992071074,
    "std": 0.16498202222666555,
    "ulcer_index": 9.039733025012966,
    "upi": 0.7041031729273276,
    "us_allocation": 40
}