{
    "beta": 0.9357722993149551,
    "cagr": 0.10107877860916359,
    "end_val": 24713.7315025634,
    "max_drawdown": -0.34463780609046685,
    "mwrr": 0.10107877860916359,
    "sharpe": 0.467911675798591,
    "sortino": 0.6442741566115294,
    "std": 0.17226034518720298,
    "ulcer_index": 8.201091843066733,
    "upi": 0.9828080084894686,
    "us_allocation": 69
}