{
    "beta": 0.8704947185477805,
    "cagr": 0.08388372007801315,
    "end_val": 21316.113153113536,
    "max_drawdown": -0.34312147636757334,
    "mwrr": 0.08388372007801315,
    "sharpe": 0.39209909212649713,
    "sortino": 0.5364823064010013,
    "std": 0.16536146919905875,
    "ulcer_index": 8.96489809197537,
    "upi": 0.7232279116827399,
    "us_allocation": 42
}