{
    "beta": 0.8361527849921512,
    "cagr": 0.07486067573281519,
    "end_val": 19705.822103752078,
    "max_drawdown": -0.3446177258812355,
    "mwrr": 0.07486067573281519,
    "sharpe": 0.3461672780669462,
    "sortino": 0.4721177639768525,
    "std": 0.1631167985135269,
    "ulcer_index": 9.538289539096585,
    "upi": 0.5919762495949143,
    "us_allocation": 28
}