{
    "beta": 0.9309781921812506,
    "cagr": 0.09981430154472126,
    "end_val": 24448.335103661986,
    "max_drawdown": -0.3443036715248229,
    "mwrr": 0.09981430154472126,
    "sharpe": 0.4628916128618059,
    "sortino": 0.6370539130142651,
    "std": 0.17164219333625735,
    "ulcer_index": 8.241941161829311,
    "upi": 0.9639731968177918,
    "us_allocation": 67
}