{
    "beta": 0.9691541947120312,
    "cagr": 0.10988918802385772,
    "end_val": 26635.513692959943,
    "max_drawdown": -0.3469562667508189,
    "mwrr": 0.10988918802385772,
    "sharpe": 0.5004163895800534,
    "sortino": 0.6914108764399377,
    "std": 0.1770231077803451,
    "ulcer_index": 8.044734675708398,
    "upi": 1.101137134810605,
    "us_allocation": 83
}