{
    "beta": 0.9810029736204635,
    "cagr": 0.11301849063314573,
    "end_val": 27349.56911440407,
    "max_drawdown": -0.3477757017096801,
    "mwrr": 0.11301849063314573,
    "sharpe": 0.5109321512492581,
    "sortino": 0.7068199765947756,
    "std": 0.17889922813069983,
    "ulcer_index": 8.021298900600579,
    "upi": 1.1395117961774794,
    "us_allocation": 88
}