{
    "beta": 0.9429514764086914,
    "cagr": 0.10297274603763928,
    "end_val": 25116.0663147576,
    "max_drawdown": -0.34513762811656096,
    "mwrr": 0.10297274603763928,
    "sharpe": 0.4752636574120749,
    "sortino": 0.6548744441178066,
    "std": 0.1732175503554375,
    "ulcer_index": 8.149502914024058,
    "upi": 1.0101518094499775,
    "us_allocation": 72
}