{
    "beta": 0.9620266225387996,
    "cagr": 0.10800725420482071,
    "end_val": 26214.153700644834,
    "max_drawdown": -0.3464624495834509,
    "mwrr": 0.10800725420482071,
    "sharpe": 0.49383460752696634,
    "sortino": 0.6818080509791523,
    "std": 0.17594040813214443,
    "ulcer_index": 8.061049462754907,
    "upi": 1.0778220727292038,
    "us_allocation": 80
}