{
    "beta": 0.8778086415402102,
    "cagr": 0.08580765190114614,
    "end_val": 21674.30068188197,
    "max_drawdown": -0.3428015972656322,
    "mwrr": 0.08580765190114614,
    "sharpe": 0.4013723819797298,
    "sortino": 0.5495513774699237,
    "std": 0.16596630579865235,
    "ulcer_index": 8.856093974239295,
    "upi": 0.7521693778166654,
    "us_allocation": 45
}