{
    "beta": 0.92617764533021,
    "cagr": 0.09854835624462077,
    "end_val": 24185.184622641762,
    "max_drawdown": -0.3439852420293464,
    "mwrr": 0.09854835624462077,
    "sharpe": 0.4577761964114034,
    "sortino": 0.6297103704005522,
    "std": 0.17104030128098632,
    "ulcer_index": 8.285135178628343,
    "upi": 0.9450245624879776,
    "us_allocation": 65
}