{
    "beta": 0.9715269881397194,
    "cagr": 0.11051577325401274,
    "end_val": 26777.141385494328,
    "max_drawdown": -0.347120512321654,
    "mwrr": 0.11051577325401274,
    "sharpe": 0.5025646640020773,
    "sortino": 0.6945520307127352,
    "std": 0.17739124628184094,
    "ulcer_index": 8.039678203170652,
    "upi": 1.1088611095660148,
    "us_allocation": 84
}