{
    "beta": 0.875372403797766,
    "cagr": 0.08516671518875873,
    "end_val": 21554.381570172132,
    "max_drawdown": -0.3429081944501653,
    "mwrr": 0.08516671518875873,
    "sharpe": 0.3983043327572275,
    "sortino": 0.5452245737438141,
    "std": 0.16575997302100115,
    "ulcer_index": 8.891905032207013,
    "upi": 0.7424894868611328,
    "us_allocation": 44
}