{
    "beta": 0.9951719239080022,
    "cagr": 0.1167617230664364,
    "end_val": 28226.1485166185,
    "max_drawdown": -0.34875313929275426,
    "mwrr": 0.1167617230664364,
    "sharpe": 0.5228186041867244,
    "sortino": 0.7243406323537355,
    "std": 0.1812643584465367,
    "ulcer_index": 8.005146308476576,
    "upi": 1.1838214916476135,
    "us_allocation": 94
}