{
    "beta": 0.7814565202578311,
    "cagr": 0.06053114222803213,
    "end_val": 17371.041873884875,
    "max_drawdown": -0.34841987684386677,
    "mwrr": 0.06053114222803213,
    "sharpe": 0.26619289153338077,
    "sortino": 0.36130579240118066,
    "std": 0.16162891366491353,
    "ulcer_index": 10.793979472815131,
    "upi": 0.3985875779098114,
    "us_allocation": 6
}