{
    "beta": 0.7663771454088021,
    "cagr": 0.05659075163470906,
    "end_val": 16773.96007084194,
    "max_drawdown": -0.35680426839360063,
    "mwrr": 0.05659075163470906,
    "sharpe": 0.24305561230429915,
    "sortino": 0.329494602830212,
    "std": 0.16167747454991596,
    "ulcer_index": 11.308462122563663,
    "upi": 0.34748931002262406,
    "us_allocation": 0
}