{
    "beta": 0.9069102194221231,
    "cagr": 0.0934698481294185,
    "end_val": 23154.776846705867,
    "max_drawdown": -0.34325112433672816,
    "mwrr": 0.0934698481294185,
    "sharpe": 0.43635784234256175,
    "sortino": 0.5991125868967764,
    "std": 0.16879997020966508,
    "ulcer_index": 8.483131213730045,
    "upi": 0.86825991925358,
    "us_allocation": 57
}