{
    "beta": 0.7688953472125687,
    "cagr": 0.057248454255991454,
    "end_val": 16872.327337950894,
    "max_drawdown": -0.35541150616148043,
    "mwrr": 0.057248454255991454,
    "sharpe": 0.24694363244185835,
    "sortino": 0.3348322767532729,
    "std": 0.1616555409096531,
    "ulcer_index": 11.213870718000713,
    "upi": 0.3559776313920431,
    "us_allocation": 1
}