{
    "beta": 0.872934431352416,
    "cagr": 0.08452540468514602,
    "end_val": 21434.98626478662,
    "max_drawdown": -0.34301482081348517,
    "mwrr": 0.08452540468514602,
    "sharpe": 0.3952131996685248,
    "sortino": 0.5408681557328994,
    "std": 0.1655583520395301,
    "ulcer_index": 8.928166659296256,
    "upi": 0.7328425018923352,
    "us_allocation": 43
}