{
    "beta": 0.860718349897201,
    "cagr": 0.08131323430880211,
    "end_val": 20845.810467771058,
    "max_drawdown": -0.3435483907314881,
    "mwrr": 0.08131323430880211,
    "sharpe": 0.3794153496363728,
    "sortino": 0.518648625421713,
    "std": 0.16462183836899622,
    "ulcer_index": 9.11694950939208,
    "upi": 0.6850828207808337,
    "us_allocation": 38
}