{
    "beta": 0.8460006116917097,
    "cagr": 0.07744622838410309,
    "end_val": 20155.74948476607,
    "max_drawdown": -0.34418964004152885,
    "mwrr": 0.07744622838410309,
    "sharpe": 0.35972350585745416,
    "sortino": 0.49105244228267336,
    "std": 0.16365886833677676,
    "ulcer_index": 9.364154059864198,
    "upi": 0.6286804675057305,
    "us_allocation": 32
}