{
    "beta": 0.9975282243918248,
    "cagr": 0.11738433314364438,
    "end_val": 28374.35970451365,
    "max_drawdown": -0.3489154255290347,
    "mwrr": 0.11738433314364438,
    "sharpe": 0.5247236270489495,
    "sortino": 0.727159734791746,
    "std": 0.18167022075473646,
    "ulcer_index": 8.003494848374059,
    "upi": 1.1910411670021308,
    "us_allocation": 95
}