{
    "beta": 0.914147829082092,
    "cagr": 0.09537705490329706,
    "end_val": 23537.047268718357,
    "max_drawdown": -0.34352702078168,
    "mwrr": 0.09537705490329706,
    "sharpe": 0.44456924092091804,
    "sortino": 0.6108158472187818,
    "std": 0.16960823204100975,
    "ulcer_index": 8.404961507994981,
    "upi": 0.8971013034759026,
    "us_allocation": 60
}