{
    "beta": 0.9117369465242484,
    "cagr": 0.09474168871287736,
    "end_val": 23409.076091294388,
    "max_drawdown": -0.3434351358189958,
    "mwrr": 0.09474168871287736,
    "sharpe": 0.44185603716155936,
    "sortino": 0.6069452756753441,
    "std": 0.16933450563370178,
    "ulcer_index": 8.43064120542254,
    "upi": 0.8874757562505992,
    "us_allocation": 59
}