{
    "beta": 0.9644040168739542,
    "cagr": 0.10863492875195702,
    "end_val": 26354.02154048047,
    "max_drawdown": -0.3466272356777026,
    "mwrr": 0.10863492875195702,
    "sharpe": 0.4960514553730151,
    "sortino": 0.6850389987494422,
    "std": 0.17629765989044163,
    "ulcer_index": 8.055424903561672,
    "upi": 1.0856164117608147,
    "us_allocation": 81
}