{
    "beta": 0.7889695914864713,
    "cagr": 0.06249610880842571,
    "end_val": 17675.827908979776,
    "max_drawdown": -0.3466575644859133,
    "mwrr": 0.06249610880842571,
    "sharpe": 0.27757661355010427,
    "sortino": 0.3769960281163054,
    "std": 0.16167894048121456,
    "ulcer_index": 10.575703941522068,
    "upi": 0.42434285909455427,
    "us_allocation": 9
}