{
    "beta": 0.8631650811097776,
    "cagr": 0.08195641848703383,
    "end_val": 20962.61088699605,
    "max_drawdown": -0.3434416182943709,
    "mwrr": 0.08195641848703383,
    "sharpe": 0.38262012134198486,
    "sortino": 0.5231501793322919,
    "std": 0.16479950966526688,
    "ulcer_index": 9.077818490949355,
    "upi": 0.6945964047999063,
    "us_allocation": 39
}