{
    "beta": 0.8826759354413257,
    "cagr": 0.08708840519299588,
    "end_val": 21915.71678557444,
    "max_drawdown": -0.3425884903850285,
    "mwrr": 0.08708840519299588,
    "sharpe": 0.40743882560048744,
    "sortino": 0.5581151694928574,
    "std": 0.1663930003286705,
    "ulcer_index": 8.785861870351777,
    "upi": 0.7716202152362234,
    "us_allocation": 47
}