{
    "beta": 0.8802431502159878,
    "cagr": 0.08644821513291645,
    "end_val": 21794.745214700182,
    "max_drawdown": -0.34269502924790973,
    "mwrr": 0.08644821513291645,
    "sharpe": 0.4044172448183572,
    "sortino": 0.5538483140090624,
    "std": 0.1661773238190659,
    "ulcer_index": 8.820749688945607,
    "upi": 0.7618797074049034,
    "us_allocation": 46
}