{
    "beta": 0.8238018324851941,
    "cagr": 0.07162020488657017,
    "end_val": 19154.612215115194,
    "max_drawdown": -0.34515349412583746,
    "mwrr": 0.07162020488657017,
    "sharpe": 0.32876300379733325,
    "sortino": 0.447879636715666,
    "std": 0.16255417117821144,
    "ulcer_index": 9.768019246413774,
    "upi": 0.547097276860682,
    "us_allocation": 23
}