{
    "beta": 0.9020768404667622,
    "cagr": 0.09219652801590139,
    "end_val": 22902.6574639396,
    "max_drawdown": -0.3430667900723853,
    "mwrr": 0.09219652801590139,
    "sharpe": 0.4307640477769256,
    "sortino": 0.5911574785112521,
    "std": 0.1682828481830012,
    "ulcer_index": 8.537359653219752,
    "upi": 0.8490757808792555,
    "us_allocation": 55
}