{
    "beta": 1.0069387693823513,
    "cagr": 0.11987117641113265,
    "end_val": 28973.308971391147,
    "max_drawdown": -0.3495628095390713,
    "mwrr": 0.11987117641113265,
    "sharpe": 0.5321310330077966,
    "sortino": 0.7381528597619537,
    "std": 0.18332600678898323,
    "ulcer_index": 7.998649843138266,
    "upi": 1.2196022145804062,
    "us_allocation": 99
}