{
    "beta": 1.0022364187898287,
    "cagr": 0.11862847371940166,
    "end_val": 28672.610004998234,
    "max_drawdown": -0.3492394691472205,
    "mwrr": 0.11862847371940166,
    "sharpe": 0.5284696068326921,
    "sortino": 0.7327127236300581,
    "std": 0.18249170137990633,
    "ulcer_index": 8.000635662135117,
    "upi": 1.205398905785426,
    "us_allocation": 97
}