{
    "beta": 0.9857319219543419,
    "cagr": 0.11426767865212173,
    "end_val": 27639.356920771752,
    "max_drawdown": -0.34810222477196245,
    "mwrr": 0.11426767865212173,
    "sharpe": 0.5149820254147695,
    "sortino": 0.7127767234674088,
    "std": 0.1796740766669551,
    "ulcer_index": 8.01324649804537,
    "upi": 1.1546779920778534,
    "us_allocation": 90
}