{
    "beta": 0.9189646589535204,
    "cagr": 0.09664668051265934,
    "end_val": 23794.64096564692,
    "max_drawdown": -0.34371054967818276,
    "mwrr": 0.09664668051265934,
    "sharpe": 0.44992382431148936,
    "sortino": 0.6184653853140707,
    "std": 0.17016845880598563,
    "ulcer_index": 8.355797158076248,
    "upi": 0.9162650218792164,
    "us_allocation": 62
}