{
    "beta": 0.9762680087045782,
    "cagr": 0.11176785615562412,
    "end_val": 27062.168466529984,
    "max_drawdown": -0.3474484650069542,
    "mwrr": 0.11176785615562412,
    "sharpe": 0.5067933215370279,
    "sortino": 0.7007452604115338,
    "std": 0.17813820881444709,
    "ulcer_index": 8.0301229789386,
    "upi": 1.1242360894978058,
    "us_allocation": 86
}