{
    "beta": 0.8262757145335489,
    "cagr": 0.07226905910413595,
    "end_val": 19263.867096548238,
    "max_drawdown": -0.34504628166175805,
    "mwrr": 0.07226905910413595,
    "sharpe": 0.3322834406627742,
    "sortino": 0.4527762724111773,
    "std": 0.1626563627879283,
    "ulcer_index": 9.721121109702597,
    "upi": 0.5559726380493516,
    "us_allocation": 24
}