{
    "beta": 0.8138876639668895,
    "cagr": 0.06902097733829349,
    "end_val": 18722.481144311125,
    "max_drawdown": -0.3455826384213781,
    "mwrr": 0.06902097733829349,
    "sharpe": 0.3144908688516114,
    "sortino": 0.4280579118401509,
    "std": 0.16219768669371004,
    "ulcer_index": 9.960315263089116,
    "upi": 0.5121174322132318,
    "us_allocation": 19
}