{
    "beta": 0.8039433751814472,
    "cagr": 0.06641563571271836,
    "end_val": 18298.096723620893,
    "max_drawdown": -0.34601225440220773,
    "mwrr": 0.06641563571271836,
    "sharpe": 0.29992720072195717,
    "sortino": 0.40787814692361063,
    "std": 0.16192577325999527,
    "ulcer_index": 10.189561322713786,
    "upi": 0.4766134017167155,
    "us_allocation": 15
}