{
    "beta": 0.7839628336862732,
    "cagr": 0.06118651750647053,
    "end_val": 17472.17105903642,
    "max_drawdown": -0.3470159792909471,
    "mwrr": 0.06118651750647053,
    "sharpe": 0.2700019997377434,
    "sortino": 0.3665531051047571,
    "std": 0.16164011455825783,
    "ulcer_index": 10.711621712432725,
    "upi": 0.40742788327965407,
    "us_allocation": 7
}