{
    "beta": 0.9237749439427934,
    "cagr": 0.09791483231668563,
    "end_val": 24054.447451496482,
    "max_drawdown": -0.3438937579047597,
    "mwrr": 0.09791483231668563,
    "sharpe": 0.455182658592278,
    "sortino": 0.6259926125078917,
    "std": 0.17074552536740298,
    "ulcer_index": 8.308335378262802,
    "upi": 0.9354315725307162,
    "us_allocation": 64
}