{
    "beta": 0.7714115511435239,
    "cagr": 0.05790576801515601,
    "end_val": 16971.151129584825,
    "max_drawdown": -0.35401689092012945,
    "mwrr": 0.05790576801515601,
    "sharpe": 0.2508194277474357,
    "sortino": 0.34015637059742354,
    "std": 0.1616391581129134,
    "ulcer_index": 11.128856121660693,
    "upi": 0.36428983473841436,
    "us_allocation": 2
}