{
    "beta": 0.8410803299165438,
    "cagr": 0.07615420870103451,
    "end_val": 19929.782931156387,
    "max_drawdown": -0.344403624267105,
    "mwrr": 0.07615420870103451,
    "sharpe": 0.35298720668266886,
    "sortino": 0.4816372100101898,
    "std": 0.16337771797804468,
    "ulcer_index": 9.450289784792947,
    "upi": 0.6102345370398974,
    "us_allocation": 30
}