{
    "beta": 0.9501163967509403,
    "cagr": 0.10486342212120747,
    "end_val": 25523.52943349592,
    "max_drawdown": -0.345635801637263,
    "mwrr": 0.10486342212120747,
    "sharpe": 0.4824031079245358,
    "sortino": 0.6652012022384858,
    "std": 0.1742100286976773,
    "ulcer_index": 8.110159913122574,
    "upi": 1.0362038488293002,
    "us_allocation": 75
}