{
    "beta": 0.8435413757301965,
    "cagr": 0.07680040753547868,
    "end_val": 20042.514700637552,
    "max_drawdown": -0.34429661748678264,
    "mwrr": 0.07680040753547868,
    "sharpe": 0.3563659116842715,
    "sortino": 0.48635801608394236,
    "std": 0.16351577568891346,
    "ulcer_index": 9.406999528904954,
    "upi": 0.6194336988738802,
    "us_allocation": 31
}