{
    "beta": 0.8948142049937571,
    "cagr": 0.09028376861388643,
    "end_val": 22528.536954408995,
    "max_drawdown": -0.34278968159917217,
    "mwrr": 0.09028376861388643,
    "sharpe": 0.422194621834499,
    "sortino": 0.5789950571242696,
    "std": 0.16754031088816282,
    "ulcer_index": 8.62604461472353,
    "upi": 0.819994528559872,
    "us_allocation": 52
}