{
    "beta": 0.7914700487747819,
    "cagr": 0.0631503255880208,
    "end_val": 17778.358635158067,
    "max_drawdown": -0.34654993887121954,
    "mwrr": 0.0631503255880208,
    "sharpe": 0.2813414269117348,
    "sortino": 0.3821907239985183,
    "std": 0.16170653782810532,
    "ulcer_index": 10.50974286727133,
    "upi": 0.4328715425153684,
    "us_allocation": 10
}