{
    "beta": 0.848458043708965,
    "cagr": 0.07809167158012187,
    "end_val": 20269.48886947974,
    "max_drawdown": -0.3440826919192832,
    "mwrr": 0.07809167158012187,
    "sharpe": 0.3630597946537652,
    "sortino": 0.4957201885955006,
    "std": 0.16380697273666997,
    "ulcer_index": 9.321760730083888,
    "upi": 0.6379736872400706,
    "us_allocation": 33
}