{
    "beta": 0.8188484885439213,
    "cagr": 0.07032135395035666,
    "end_val": 18937.572115677132,
    "max_drawdown": -0.3453680073615108,
    "mwrr": 0.07032135395035666,
    "sharpe": 0.3216644884441418,
    "sortino": 0.4380150916682548,
    "std": 0.16236543302498607,
    "ulcer_index": 9.863260766611262,
    "upi": 0.5295002278522474,
    "us_allocation": 21
}