{
    "beta": 0.8014525500420787,
    "cagr": 0.0657633422908015,
    "end_val": 18193.199377070283,
    "max_drawdown": -0.34611973218938663,
    "mwrr": 0.0657633422908015,
    "sharpe": 0.29624289861546743,
    "sortino": 0.40278031552622945,
    "std": 0.1618711452542552,
    "ulcer_index": 10.252841812026787,
    "upi": 0.46769532076891895,
    "us_allocation": 14
}