{
    "beta": 0.8163690144096789,
    "cagr": 0.06967135653033152,
    "end_val": 18829.783769552218,
    "max_drawdown": -0.3454753081573539,
    "mwrr": 0.06967135653033152,
    "sharpe": 0.31808693197614113,
    "sortino": 0.43304789983168357,
    "std": 0.16227892619649115,
    "ulcer_index": 9.911578266852715,
    "upi": 0.5207809606264263,
    "us_allocation": 20
}