{
    "beta": 1.0092877650542247,
    "cagr": 0.12049198912833292,
    "end_val": 29124.580997938436,
    "max_drawdown": -0.3497242167400992,
    "mwrr": 0.12049198912833292,
    "sharpe": 0.5339303704951238,
    "sortino": 0.7408308774576585,
    "std": 0.18374790053984463,
    "ulcer_index": 7.997832564573279,
    "upi": 1.2266677920281737,
    "us_allocation": 100
}