{
    "beta": 0.7939685668910924,
    "cagr": 0.06380415695404595,
    "end_val": 17881.35960710625,
    "max_drawdown": -0.34644234284641817,
    "mwrr": 0.06380415695404595,
    "sharpe": 0.2850907919175403,
    "sortino": 0.3873669619295895,
    "std": 0.16173957220179383,
    "ulcer_index": 10.444910637170446,
    "upi": 0.44145315048799655,
    "us_allocation": 11
}