{
    "beta": 0.806432292881892,
    "cagr": 0.06706754556625771,
    "end_val": 18403.47202370277,
    "max_drawdown": -0.34590480614398195,
    "mwrr": 0.06706754556625771,
    "sharpe": 0.30359444888057174,
    "sortino": 0.41295526129040167,
    "std": 0.1619857588282018,
    "ulcer_index": 10.126649594296893,
    "upi": 0.48561801796896864,
    "us_allocation": 16
}