{
    "beta": 0.9044943641257279,
    "cagr": 0.0928333731592017,
    "end_val": 23028.445492954495,
    "max_drawdown": -0.3431589976053747,
    "mwrr": 0.0928333731592017,
    "sharpe": 0.43357288332699134,
    "sortino": 0.595150345098659,
    "std": 0.1685392183052847,
    "ulcer_index": 8.50994978340212,
    "upi": 0.8586711024495958,
    "us_allocation": 56
}