{
    "beta": 0.889964006279347,
    "cagr": 0.0890067394073315,
    "end_val": 22281.809928300834,
    "max_drawdown": -0.3426045366541195,
    "mwrr": 0.0890067394073315,
    "sharpe": 0.41636302034229306,
    "sortino": 0.5707341130397067,
    "std": 0.16706771043137475,
    "ulcer_index": 8.687466509699204,
    "upi": 0.8006857747259326,
    "us_allocation": 50
}