{
    "beta": 0.897236766351726,
    "cagr": 0.09092172603821069,
    "end_val": 22652.70482967372,
    "max_drawdown": -0.3428821321759142,
    "mwrr": 0.09092172603821069,
    "sharpe": 0.42507487688265594,
    "sortino": 0.5830798164108904,
    "std": 0.16778336635735958,
    "ulcer_index": 8.596019872341788,
    "upi": 0.829674228147295,
    "us_allocation": 53
}