{
    "beta": 0.8680532597072242,
    "cagr": 0.08324166105336728,
    "end_val": 21197.760624720846,
    "max_drawdown": -0.34322816112441923,
    "mwrr": 0.08324166105336728,
    "sharpe": 0.388962126489842,
    "sortino": 0.5320672167683272,
    "std": 0.16516935062735355,
    "ulcer_index": 9.00208927360277,
    "upi": 0.7136476076492744,
    "us_allocation": 41
}