{
    "beta": 0.8386174683210742,
    "cagr": 0.0755076315457548,
    "end_val": 19817.55259265667,
    "max_drawdown": -0.34451066039456446,
    "mwrr": 0.0755076315457548,
    "sharpe": 0.3495875925410097,
    "sortino": 0.4768903513787534,
    "std": 0.16324471807201385,
    "ulcer_index": 9.494018358377993,
    "upi": 0.6010840188061932,
    "us_allocation": 29
}