{
    "beta": 0.9880941520436284,
    "cagr": 0.11489173084784676,
    "end_val": 27785.15026352186,
    "max_drawdown": -0.34826521941706146,
    "mwrr": 0.11489173084784676,
    "sharpe": 0.5169738883940291,
    "sortino": 0.7157111427088366,
    "std": 0.1800666161672317,
    "ulcer_index": 8.010975517000128,
    "upi": 1.1620059209389548,
    "us_allocation": 91
}