{
    "beta": 0.8312179292168755,
    "cagr": 0.07356562677755707,
    "end_val": 19483.85436062413,
    "max_drawdown": -0.3448319449805435,
    "mwrr": 0.07356562677755707,
    "sharpe": 0.33926541879909466,
    "sortino": 0.46249662092432664,
    "std": 0.16287628893684356,
    "ulcer_index": 9.628858188904603,
    "upi": 0.5738689375592102,
    "us_allocation": 26
}