{
    "beta": 0.9738982578297147,
    "cagr": 0.11114199588154339,
    "end_val": 26919.35907852244,
    "max_drawdown": -0.3472845783089092,
    "mwrr": 0.11114199588154339,
    "sharpe": 0.5046902740244161,
    "sortino": 0.6976634790281573,
    "std": 0.17776295617527973,
    "ulcer_index": 8.034807963176767,
    "upi": 1.1165609040819635,
    "us_allocation": 85
}