{
    "beta": 0.786467188605528,
    "cagr": 0.06184150624025175,
    "end_val": 17573.76589424185,
    "max_drawdown": -0.3467652197027068,
    "mwrr": 0.06184150624025175,
    "sharpe": 0.27379668998692785,
    "sortino": 0.3717833316341864,
    "std": 0.161656794699522,
    "ulcer_index": 10.642555561573378,
    "upi": 0.41587812780485817,
    "us_allocation": 8
}