{
    "beta": 0.9093244117598619,
    "cagr": 0.09410595321751791,
    "end_val": 23281.653165397125,
    "max_drawdown": -0.34334317037260975,
    "mwrr": 0.09410595321751791,
    "sharpe": 0.43911889993618936,
    "sortino": 0.6030442026822609,
    "std": 0.1690650754888515,
    "ulcer_index": 8.456699196221226,
    "upi": 0.8778614265385745,
    "us_allocation": 58
}