{
    "beta": 0.7764379918629014,
    "cagr": 0.059219230510780374,
    "end_val": 17170.17434800743,
    "max_drawdown": -0.3512220968063667,
    "mwrr": 0.059219230510780374,
    "sharpe": 0.2585328413534496,
    "sortino": 0.35076190117027833,
    "std": 0.16162300168741522,
    "ulcer_index": 10.960355252526803,
    "upi": 0.38122738415807356,
    "us_allocation": 4
}