{
    "beta": 0.9596476846162304,
    "cagr": 0.10737921604426615,
    "end_val": 26074.869101541786,
    "max_drawdown": -0.3462974827216736,
    "mwrr": 0.10737921604426615,
    "sharpe": 0.4915947193747124,
    "sortino": 0.6785470011471532,
    "std": 0.17558684301590063,
    "ulcer_index": 8.066860838089637,
    "upi": 1.0700057763294788,
    "us_allocation": 79
}