{
    "beta": 0.9165570647818022,
    "cagr": 0.0960120520750034,
    "end_val": 23665.56834403494,
    "max_drawdown": -0.3436188253662682,
    "mwrr": 0.0960120520750034,
    "sharpe": 0.44725850386803356,
    "sortino": 0.6146558954552094,
    "std": 0.16988622602120748,
    "ulcer_index": 8.380038826265444,
    "upi": 0.9066959039712431,
    "us_allocation": 61
}