{
    "beta": 0.8851070028125648,
    "cagr": 0.08772822238864086,
    "end_val": 22037.217013608686,
    "max_drawdown": -0.34248198066502616,
    "mwrr": 0.08772822238864086,
    "sharpe": 0.41043703544192023,
    "sortino": 0.5623518828668189,
    "std": 0.16661330838216762,
    "ulcer_index": 8.751434201924457,
    "upi": 0.7813894239774435,
    "us_allocation": 48
}