{
    "beta": 0.8089193094170947,
    "cagr": 0.06771907221455797,
    "end_val": 18509.326826045515,
    "max_drawdown": -0.34579738740254135,
    "mwrr": 0.06771907221455797,
    "sharpe": 0.3072443398821037,
    "sortino": 0.41801120196553243,
    "std": 0.1620510847494966,
    "ulcer_index": 10.064112749467323,
    "upi": 0.4947095159968716,
    "us_allocation": 17
}