{
    "beta": 0.7789482418239632,
    "cagr": 0.05987538002384718,
    "end_val": 17270.376811742884,
    "max_drawdown": -0.3498219156318447,
    "mwrr": 0.05987538002384718,
    "sharpe": 0.2623697191707263,
    "sortino": 0.3560418968636292,
    "std": 0.16162320515489573,
    "ulcer_index": 10.876895024710537,
    "upi": 0.38985429591236365,
    "us_allocation": 5
}