{
    "beta": 0.9667798726082304,
    "cagr": 0.10926223994050144,
    "end_val": 26494.47430824179,
    "max_drawdown": -0.346791841301389,
    "mwrr": 0.10926223994050144,
    "sharpe": 0.4982453519259614,
    "sortino": 0.6882399215125174,
    "std": 0.17665856938845975,
    "ulcer_index": 8.049987481061894,
    "upi": 1.0933881754709611,
    "us_allocation": 82
}