{
    "beta": 0.999883054434376,
    "cagr": 0.11800658328325708,
    "end_val": 28523.179629410984,
    "max_drawdown": -0.34907753538472597,
    "mwrr": 0.11800658328325708,
    "sharpe": 0.5266072516756782,
    "sortino": 0.729950385663487,
    "std": 0.18207934425745378,
    "ulcer_index": 8.001974550131406,
    "upi": 1.1982362800026305,
    "us_allocation": 96
}