{
    "beta": 0.8875363579062653,
    "cagr": 0.08836766702544119,
    "end_val": 22159.24752005394,
    "max_drawdown": -0.3425118420714225,
    "mwrr": 0.08836766702544119,
    "sharpe": 0.4134117921862823,
    "sortino": 0.5665581692367131,
    "std": 0.16683822085092984,
    "ulcer_index": 8.718859540908337,
    "upi": 0.7910597477285474,
    "us_allocation": 49
}