{
    "beta": 0.9572671981034758,
    "cagr": 0.10675081401403919,
    "end_val": 25936.166057826875,
    "max_drawdown": -0.34613233479475947,
    "mwrr": 0.10675081401403919,
    "sharpe": 0.4893317053942058,
    "sortino": 0.6752558164508778,
    "std": 0.17523699349527722,
    "ulcer_index": 8.073158786310188,
    "upi": 1.06212866000019,
    "us_allocation": 78
}