{
    "beta": 0.9155029103105458,
    "cagr": 0.1098782356716006,
    "end_val": 23998.078086512876,
    "max_drawdown": -0.343618825366268,
    "mwrr": 0.1098782356716006,
    "sharpe": 0.5032647884884657,
    "sortino": 0.6915848708476717,
    "std": 0.17241675904539078,
    "ulcer_index": 8.353023862398285,
    "upi": 1.0388055076523073,
    "us_allocation": 61
}