{
    "beta": 0.8755787727134918,
    "cagr": 0.0993079440886544,
    "end_val": 22145.16095104137,
    "max_drawdown": -0.34280159726563236,
    "mwrr": 0.0993079440886544,
    "sharpe": 0.4590896650050749,
    "sortino": 0.6287452456703714,
    "std": 0.1681248910097533,
    "ulcer_index": 8.674206488924208,
    "upi": 0.8898185406904078,
    "us_allocation": 45
}