{
    "beta": 0.7942775166100743,
    "cagr": 0.07784247722664484,
    "end_val": 18765.771879894088,
    "max_drawdown": -0.3462272395176928,
    "mwrr": 0.07784247722664484,
    "sharpe": 0.3518681805643411,
    "sortino": 0.47855929846942696,
    "std": 0.16321486136744062,
    "ulcer_index": 9.760566300039718,
    "upi": 0.5883904479166653,
    "us_allocation": 13
}