{
    "beta": 0.8478564142127569,
    "cagr": 0.09197840566214865,
    "end_val": 20935.48054627401,
    "max_drawdown": -0.343975773107991,
    "mwrr": 0.09197840566214865,
    "sharpe": 0.4249640872941697,
    "sortino": 0.5806350804737618,
    "std": 0.16585565754421372,
    "ulcer_index": 8.977016597839718,
    "upi": 0.7851487480912014,
    "us_allocation": 34
}