{
    "beta": 0.98672960372955,
    "cagr": 0.12876619300197478,
    "end_val": 27651.272526619912,
    "max_drawdown": -0.3481022247719623,
    "mwrr": 0.12876619300197478,
    "sharpe": 0.5670989976173703,
    "sortino": 0.7844708654046366,
    "std": 0.18282119401305075,
    "ulcer_index": 8.218433679002988,
    "upi": 1.26153301588788,
    "us_allocation": 90
}