{
    "beta": 0.9426872794753118,
    "cagr": 0.11708344329303988,
    "end_val": 25338.11773649016,
    "max_drawdown": -0.34513762811656085,
    "mwrr": 0.11708344329303988,
    "sharpe": 0.5298767756568954,
    "sortino": 0.7299285028019771,
    "std": 0.17599217768577255,
    "ulcer_index": 8.21283243250075,
    "upi": 1.1354744710540383,
    "us_allocation": 72
}