{
    "beta": 0.8300940912597795,
    "cagr": 0.08728741440920462,
    "end_val": 20192.17848640647,
    "max_drawdown": -0.34472482073919936,
    "mwrr": 0.08728741440920462,
    "sharpe": 0.40170903482318143,
    "sortino": 0.5480248412243439,
    "std": 0.16472114107097047,
    "ulcer_index": 9.194874650464046,
    "upi": 0.7196418614745154,
    "us_allocation": 27
}