{
    "beta": 0.7736305022667797,
    "cagr": 0.0724073611511884,
    "end_val": 17985.841958600216,
    "max_drawdown": -0.3498219156318453,
    "mwrr": 0.0724073611511884,
    "sharpe": 0.3216000046866192,
    "sortino": 0.4366216588442549,
    "std": 0.16282987716846692,
    "ulcer_index": 10.241704414270606,
    "upi": 0.5113033238479473,
    "us_allocation": 5
}