{
    "beta": 0.8402556727147926,
    "cagr": 0.0899705372620887,
    "end_val": 20614.428260470464,
    "max_drawdown": -0.3442966174867823,
    "mwrr": 0.0899705372620887,
    "sharpe": 0.4151405214693456,
    "sortino": 0.5668426907642963,
    "std": 0.1653391966755548,
    "ulcer_index": 9.067755288955787,
    "upi": 0.756959321070081,
    "us_allocation": 31
}