{
    "beta": 0.9278854563608616,
    "cagr": 0.11315954753106805,
    "end_val": 24600.394801353534,
    "max_drawdown": -0.34413632736281935,
    "mwrr": 0.11315954753106805,
    "sharpe": 0.5157360774204304,
    "sortino": 0.7094990202097954,
    "std": 0.17398206198829871,
    "ulcer_index": 8.277282594502326,
    "upi": 1.0840422670001852,
    "us_allocation": 66
}