{
    "beta": 0.9229376857598598,
    "cagr": 0.11184826864378739,
    "end_val": 24358.11801669113,
    "max_drawdown": -0.3438937579047597,
    "mwrr": 0.11184826864378739,
    "sharpe": 0.5108231014954626,
    "sortino": 0.7024305840973185,
    "std": 0.17334371723967917,
    "ulcer_index": 8.306298986087725,
    "upi": 1.0660389200609566,
    "us_allocation": 64
}