{
    "beta": 0.9451482578892657,
    "cagr": 0.11773597925125223,
    "end_val": 25462.671014068488,
    "max_drawdown": -0.34530386872087127,
    "mwrr": 0.11773597925125223,
    "sharpe": 0.5321471832545687,
    "sortino": 0.7332216882347223,
    "std": 0.17634074057785942,
    "ulcer_index": 8.207863131514026,
    "upi": 1.1432900396176167,
    "us_allocation": 73
}