{
    "beta": 1.003714885937241,
    "cagr": 0.13327370136941052,
    "end_val": 28592.279011599476,
    "max_drawdown": -0.3492394691472204,
    "mwrr": 0.13327370136941052,
    "sharpe": 0.5795805204308577,
    "sortino": 0.8030633321424927,
    "std": 0.1857734775998248,
    "ulcer_index": 8.242996116397661,
    "upi": 1.306215092170212,
    "us_allocation": 97
}