{
    "beta": 0.8931026844262575,
    "cagr": 0.10394563494923692,
    "end_val": 22941.997316197558,
    "max_drawdown": -0.34278968159917217,
    "mwrr": 0.10394563494923692,
    "sharpe": 0.4792189528565851,
    "sortino": 0.6572811065058967,
    "std": 0.16986364767214415,
    "ulcer_index": 8.513898916923155,
    "upi": 0.956109741558247,
    "us_allocation": 52
}