{
    "beta": 0.9988698793987172,
    "cagr": 0.13198787662799538,
    "end_val": 28321.011723442443,
    "max_drawdown": -0.3489154255290346,
    "mwrr": 0.13198787662799538,
    "sharpe": 0.5761228382539286,
    "sortino": 0.7978946075531115,
    "std": 0.18491413608493196,
    "ulcer_index": 8.235639039492828,
    "upi": 1.2935707588384615,
    "us_allocation": 95
}