{
    "beta": 1.0109706261248246,
    "cagr": 0.13519939253560098,
    "end_val": 29002.81839238242,
    "max_drawdown": -0.34972421674009924,
    "mwrr": 0.13519939253560098,
    "sharpe": 0.5846082147243576,
    "sortino": 0.8106052910880546,
    "std": 0.1870855345724343,
    "ulcer_index": 8.25449601580521,
    "upi": 1.3250030509354298,
    "us_allocation": 100
}