{
    "beta": 0.8045512846248277,
    "cagr": 0.08054963817230054,
    "end_val": 19165.243490641875,
    "max_drawdown": -0.34579738740254157,
    "mwrr": 0.08054963817230054,
    "sharpe": 0.3665366787970662,
    "sortino": 0.49894879827067234,
    "std": 0.1635387728129015,
    "ulcer_index": 9.550702549040063,
    "upi": 0.627630290643583,
    "us_allocation": 17
}