{
    "beta": 0.9964450069858578,
    "cagr": 0.1313443543233055,
    "end_val": 28186.10264859548,
    "max_drawdown": -0.3487531392927546,
    "mwrr": 0.1313443543233055,
    "sharpe": 0.5743617627388972,
    "sortino": 0.7952675870666317,
    "std": 0.18448915820405004,
    "ulcer_index": 8.232050098410943,
    "upi": 1.2872136806693353,
    "us_allocation": 94
}