{
    "beta": 0.8630060631869862,
    "cagr": 0.09598267978884656,
    "end_val": 21588.930550560493,
    "max_drawdown": -0.3433348750960178,
    "mwrr": 0.09598267978884656,
    "sharpe": 0.4439518127938937,
    "sortino": 0.6073649669340613,
    "std": 0.16702151905185747,
    "ulcer_index": 8.80615397814901,
    "upi": 0.8420222444800127,
    "us_allocation": 40
}