{
    "beta": 0.9105375807722875,
    "cagr": 0.10856280042674649,
    "end_val": 23760.289464150068,
    "max_drawdown": -0.34343513581899604,
    "mwrr": 0.10856280042674649,
    "sharpe": 0.4980993882686706,
    "sortino": 0.684191717919956,
    "std": 0.17181951841231835,
    "ulcer_index": 8.385555082075593,
    "upi": 1.0206071416536617,
    "us_allocation": 59
}