{
    "beta": 1.001293170686116,
    "cagr": 0.13263099222680252,
    "end_val": 28456.403497641335,
    "max_drawdown": -0.34907753538472586,
    "mwrr": 0.13263099222680252,
    "sharpe": 0.5778623724910117,
    "sortino": 0.8004931308396414,
    "std": 0.18534225192702178,
    "ulcer_index": 8.23928452720808,
    "upi": 1.2999050959285559,
    "us_allocation": 96
}