{
    "beta": 0.9179829256136417,
    "cagr": 0.11053532901314167,
    "end_val": 24117.642754238743,
    "max_drawdown": -0.34371054967818276,
    "mwrr": 0.11053532901314167,
    "sharpe": 0.5058094825577061,
    "sortino": 0.6952326045822406,
    "std": 0.1727216295573655,
    "ulcer_index": 8.33717103722961,
    "upi": 1.0478930010363827,
    "us_allocation": 62
}