{
    "beta": 0.9352941052427652,
    "cagr": 0.11512335714321709,
    "end_val": 24967.206086116035,
    "max_drawdown": -0.34463780609046696,
    "mwrr": 0.11512335714321709,
    "sharpe": 0.5229180075964054,
    "sortino": 0.7198585219243845,
    "std": 0.17496952259028106,
    "ulcer_index": 8.239856359924875,
    "upi": 1.1103973429840117,
    "us_allocation": 69
}