{
    "beta": 0.9940185483422244,
    "cagr": 0.13070042506162194,
    "end_val": 28051.675232459565,
    "max_drawdown": -0.3485906763878675,
    "mwrr": 0.13070042506162194,
    "sharpe": 0.5725789923191263,
    "sortino": 0.7926118576512877,
    "std": 0.18406734656266233,
    "ulcer_index": 8.228522113215474,
    "upi": 1.2808332617958778,
    "us_allocation": 93
}