{
    "beta": 0.8655243580816001,
    "cagr": 0.0966485769420955,
    "end_val": 21699.321694126513,
    "max_drawdown": -0.3432281611244189,
    "mwrr": 0.0966485769420955,
    "sharpe": 0.4470296288135842,
    "sortino": 0.6117067749418108,
    "std": 0.1672327392089183,
    "ulcer_index": 8.779004465343114,
    "upi": 0.8515574235903871,
    "us_allocation": 41
}