{
    "beta": 1.0061350302252432,
    "cagr": 0.13391600430408213,
    "end_val": 28728.639305480167,
    "max_drawdown": -0.3494012271032875,
    "mwrr": 0.13391600430408213,
    "sharpe": 0.5812774383193673,
    "sortino": 0.8056053343151672,
    "std": 0.18620778512343839,
    "ulcer_index": 8.246773263099735,
    "upi": 1.3125007297286315,
    "us_allocation": 98
}