{
    "beta": 0.9377602086649656,
    "cagr": 0.11577713252550459,
    "end_val": 25090.386315762255,
    "max_drawdown": -0.3448045971045845,
    "mwrr": 0.11577713252550459,
    "sharpe": 0.5252622797464805,
    "sortino": 0.7232470394912434,
    "std": 0.17530653805557142,
    "ulcer_index": 8.227898991031742,
    "upi": 1.1191477829891026,
    "us_allocation": 70
}