{
    "beta": 0.819900980293947,
    "cagr": 0.08459745327863599,
    "end_val": 19776.51935982399,
    "max_drawdown": -0.34515349412583674,
    "mwrr": 0.08459745327863599,
    "sharpe": 0.38790668517057936,
    "sortino": 0.5287336891092631,
    "std": 0.16418522789237042,
    "ulcer_index": 9.329821267694946,
    "upi": 0.6826360395455264,
    "us_allocation": 23
}