{
    "beta": 0.7788048280485979,
    "cagr": 0.07376874739473349,
    "end_val": 18178.468306601673,
    "max_drawdown": -0.3470159792909477,
    "mwrr": 0.07376874739473349,
    "sharpe": 0.32927723542895854,
    "sortino": 0.44724222167388245,
    "std": 0.162892892963705,
    "ulcer_index": 10.092072012952695,
    "upi": 0.5314767501724568,
    "us_allocation": 7
}