{
    "beta": 0.850386134290665,
    "cagr": 0.09264684487993868,
    "end_val": 21043.334920244146,
    "max_drawdown": -0.3438688835956028,
    "mwrr": 0.09264684487993868,
    "sharpe": 0.42819018105357404,
    "sortino": 0.5851700132444012,
    "std": 0.1660377496848973,
    "ulcer_index": 8.94758787136331,
    "upi": 0.7945825852213918,
    "us_allocation": 35
}