{
    "beta": 0.873067971617472,
    "cagr": 0.09864373485246736,
    "end_val": 22033.057855703515,
    "max_drawdown": -0.3429081944501654,
    "mwrr": 0.09864373485246736,
    "sharpe": 0.4561124790948198,
    "sortino": 0.6245352087896725,
    "std": 0.16789482022499178,
    "ulcer_index": 8.699830454612801,
    "upi": 0.8802380124535073,
    "us_allocation": 44
}