{
    "beta": 0.9891608518601402,
    "cagr": 0.12941134465566106,
    "end_val": 27784.261212650646,
    "max_drawdown": -0.34826521941706157,
    "mwrr": 0.12941134465566106,
    "sharpe": 0.5689477595830676,
    "sortino": 0.7872137095989364,
    "std": 0.18323333583283502,
    "ulcer_index": 8.221719667133002,
    "upi": 1.2679918946860853,
    "us_allocation": 91
}