{
    "beta": 0.8326374264090106,
    "cagr": 0.08795883530238013,
    "end_val": 20297.120470965514,
    "max_drawdown": -0.34461772588123507,
    "mwrr": 0.08795883530238013,
    "sharpe": 0.40510213723305455,
    "sortino": 0.5527743517584011,
    "std": 0.16486801706745535,
    "ulcer_index": 9.162118451256074,
    "upi": 0.7289644682620847,
    "us_allocation": 28
}