{
    "beta": 0.9842967487837099,
    "cagr": 0.1281206333724625,
    "end_val": 27518.761334604562,
    "max_drawdown": -0.3479390522998926,
    "mwrr": 0.1281206333724625,
    "sharpe": 0.5652279416404196,
    "sortino": 0.7816985537491262,
    "std": 0.18241233296362816,
    "ulcer_index": 8.215215698455017,
    "upi": 1.2550502010150897,
    "us_allocation": 89
}