{
    "beta": 0.8780877155300307,
    "cagr": 0.09997173217795541,
    "end_val": 22257.69463335951,
    "max_drawdown": -0.3426950292479096,
    "mwrr": 0.09997173217795541,
    "sharpe": 0.4620415374178716,
    "sortino": 0.6329219576345803,
    "std": 0.16835960172387526,
    "ulcer_index": 8.648971521589383,
    "upi": 0.8994067379275026,
    "us_allocation": 46
}