{
    "beta": 0.7813888305628452,
    "cagr": 0.07444878770438024,
    "end_val": 18275.36795042105,
    "max_drawdown": -0.34676521970270685,
    "mwrr": 0.07444878770438024,
    "sharpe": 0.3330891189666597,
    "sortino": 0.4525195517791294,
    "std": 0.16293275283411607,
    "ulcer_index": 10.033271279634736,
    "upi": 0.5409125807061285,
    "us_allocation": 8
}