{
    "beta": 0.9915904983462714,
    "cagr": 0.13005608859040163,
    "end_val": 27917.7284341705,
    "max_drawdown": -0.3484280365257283,
    "mwrr": 0.13005608859040163,
    "sharpe": 0.570774374814439,
    "sortino": 0.789927286889925,
    "std": 0.18364872958392678,
    "ulcer_index": 8.225082945659391,
    "upi": 1.2744252823722666,
    "us_allocation": 92
}