{
    "beta": 0.8906047655237961,
    "cagr": 0.10328436688668052,
    "end_val": 22826.858261692192,
    "max_drawdown": -0.3426971497942739,
    "mwrr": 0.10328436688668052,
    "sharpe": 0.4764197411907202,
    "sortino": 0.6533042836053468,
    "std": 0.16960171985579192,
    "ulcer_index": 8.534583114556439,
    "upi": 0.94675906579938,
    "us_allocation": 51
}