{
    "beta": 0.9476075389621054,
    "cagr": 0.11838810263843524,
    "end_val": 25587.68406078415,
    "max_drawdown": -0.34546992646058505,
    "mwrr": 0.11838810263843524,
    "sharpe": 0.534393159676653,
    "sortino": 0.7364834415911968,
    "std": 0.17669309141567247,
    "ulcer_index": 8.203039310474118,
    "upi": 1.1510860104077087,
    "us_allocation": 74
}