{
    "beta": 0.8275487855464352,
    "cagr": 0.0866155661261172,
    "end_val": 20087.648416817563,
    "max_drawdown": -0.34483194498054337,
    "mwrr": 0.0866155661261172,
    "sharpe": 0.398292743727015,
    "sortino": 0.5432457852100544,
    "std": 0.16457939937048813,
    "ulcer_index": 9.228008622391743,
    "upi": 0.7103479664139802,
    "us_allocation": 26
}