{
    "beta": 0.8831000504008868,
    "cagr": 0.10129804623156446,
    "end_val": 22484.057919630417,
    "max_drawdown": -0.3424819806650264,
    "mwrr": 0.10129804623156446,
    "sharpe": 0.46786915505270776,
    "sortino": 0.641174976626371,
    "std": 0.1688428251417746,
    "ulcer_index": 8.599643358645928,
    "upi": 0.9186039635770608,
    "us_allocation": 48
}