{
    "beta": 0.9030762531249983,
    "cagr": 0.106586521577138,
    "end_val": 23406.942674708225,
    "max_drawdown": -0.34315899760537466,
    "mwrr": 0.106586521577138,
    "sharpe": 0.4901606874401987,
    "sortino": 0.6728567577078368,
    "std": 0.17095536876950537,
    "ulcer_index": 8.436409986826906,
    "upi": 0.993265635445779,
    "us_allocation": 56
}