{
    "beta": 0.8224522365607598,
    "cagr": 0.0852705859286762,
    "end_val": 19879.819886921432,
    "max_drawdown": -0.3450462816617578,
    "mwrr": 0.0852705859286762,
    "sharpe": 0.3913913664216768,
    "sortino": 0.53359996192363,
    "std": 0.16431141832414864,
    "ulcer_index": 9.295402057099219,
    "upi": 0.6918501253590287,
    "us_allocation": 24
}