{
    "beta": 0.7762187209428992,
    "cagr": 0.0730882720123891,
    "end_val": 18081.959984107063,
    "max_drawdown": -0.3484198768438672,
    "mwrr": 0.0730882720123891,
    "sharpe": 0.32544741817434114,
    "sortino": 0.44194275437047953,
    "std": 0.16285859542317802,
    "ulcer_index": 10.16658845495124,
    "upi": 0.521335155576498,
    "us_allocation": 6
}