{
    "beta": 0.9500651281606391,
    "cagr": 0.11903981373713113,
    "end_val": 25713.157919866666,
    "max_drawdown": -0.3456358016372634,
    "mwrr": 0.11903981373713113,
    "sharpe": 0.53661480641615,
    "sortino": 0.7397138219407812,
    "std": 0.1770491996860053,
    "ulcer_index": 8.198308726606525,
    "upi": 1.1588693342930327,
    "us_allocation": 75
}