{
    "beta": 0.9745491568487068,
    "cagr": 0.12553430990743353,
    "end_val": 26993.470671043833,
    "max_drawdown": -0.34728457830890924,
    "mwrr": 0.12553430990743353,
    "sharpe": 0.5575178982315061,
    "sortino": 0.7703113281727711,
    "std": 0.18081027779491646,
    "ulcer_index": 8.203127789433132,
    "upi": 1.2288663908570663,
    "us_allocation": 85
}