{
    "beta": 0.9769884910970776,
    "cagr": 0.12618150403828166,
    "end_val": 27124.082305235992,
    "max_drawdown": -0.3474484650069542,
    "mwrr": 0.12618150403828166,
    "sharpe": 0.559479564919287,
    "sortino": 0.7732030961236227,
    "std": 0.18120572478647443,
    "ulcer_index": 8.20603881219844,
    "upi": 1.235448937185679,
    "us_allocation": 86
}