{
    "beta": 0.8680407703805135,
    "cagr": 0.09731405161303841,
    "end_val": 21810.139266734932,
    "max_drawdown": -0.3431214763675731,
    "mwrr": 0.09731405161303841,
    "sharpe": 0.4500823950987092,
    "sortino": 0.6160158508107839,
    "std": 0.16744871531517563,
    "ulcer_index": 8.752225546716753,
    "upi": 0.8611066870283055,
    "us_allocation": 42
}