{
    "beta": 0.9549752527108931,
    "cagr": 0.12034200019141705,
    "end_val": 25965.492247915354,
    "max_drawdown": -0.3459670055044428,
    "mwrr": 0.12034200019141705,
    "sharpe": 0.5409855347521616,
    "sortino": 0.7460807790813078,
    "std": 0.1777725667750733,
    "ulcer_index": 8.189454906018723,
    "upi": 1.1743499698833026,
    "us_allocation": 77
}