{
    "beta": 0.7865505495954533,
    "cagr": 0.07580756471938987,
    "end_val": 18470.34530217044,
    "max_drawdown": -0.34654993887122004,
    "mwrr": 0.07580756471938987,
    "sharpe": 0.340657767556565,
    "sortino": 0.46300608876131627,
    "std": 0.16302908941479738,
    "ulcer_index": 9.92172563821643,
    "upi": 0.5597537827953883,
    "us_allocation": 10
}