{
    "beta": 0.8377182107362847,
    "cagr": 0.08930039636879772,
    "end_val": 20508.244323010505,
    "max_drawdown": -0.34440362426710475,
    "mwrr": 0.08930039636879772,
    "sharpe": 0.4118180518488356,
    "sortino": 0.5621835371548717,
    "std": 0.16517707058870434,
    "ulcer_index": 9.09876672124275,
    "upi": 0.7476080495513844,
    "us_allocation": 30
}