{
    "beta": 0.9696655843192135,
    "cagr": 0.12423869353339168,
    "end_val": 26733.66321256293,
    "max_drawdown": -0.34695626675081914,
    "mwrr": 0.12423869353339168,
    "sharpe": 0.5535254273213825,
    "sortino": 0.7644373162283524,
    "std": 0.1800296940055281,
    "ulcer_index": 8.197530798187215,
    "upi": 1.2156284648207432,
    "us_allocation": 83
}