{
    "beta": 0.9080522550890865,
    "cagr": 0.10790445791471992,
    "end_val": 23642.06342424888,
    "max_drawdown": -0.3433431703726096,
    "mwrr": 0.10790445791471992,
    "sharpe": 0.49547860065573024,
    "sortino": 0.6804462231212256,
    "std": 0.17152720970633384,
    "ulcer_index": 8.402230512108895,
    "upi": 1.0114984722407092,
    "us_allocation": 58
}