{
    "beta": 0.8071146191010633,
    "cagr": 0.0812253496225539,
    "end_val": 19266.112805397177,
    "max_drawdown": -0.3456899981657249,
    "mwrr": 0.0812253496225539,
    "sharpe": 0.3701521505142878,
    "sortino": 0.5039811253981851,
    "std": 0.16363322390116897,
    "ulcer_index": 9.507974301388806,
    "upi": 0.6370372537512388,
    "us_allocation": 18
}