{
    "beta": 0.9055651477979728,
    "cagr": 0.1072456984010326,
    "end_val": 23524.281508546825,
    "max_drawdown": -0.34325112433672844,
    "mwrr": 0.1072456984010326,
    "sharpe": 0.49283237606440533,
    "sortino": 0.6766679708478899,
    "std": 0.17123914962358888,
    "ulcer_index": 8.419176364138941,
    "upi": 1.0023850213703789,
    "us_allocation": 57
}