{
    "beta": 0.9574277989054305,
    "cagr": 0.12099247610429997,
    "end_val": 26092.35480317702,
    "max_drawdown": -0.3461323347947592,
    "mwrr": 0.12099247610429997,
    "sharpe": 0.5431348369082406,
    "sortino": 0.7492175220974694,
    "std": 0.1781397648875328,
    "ulcer_index": 8.18524227049501,
    "upi": 1.182058981448002,
    "us_allocation": 78
}