{
    "beta": 0.9254124419331107,
    "cagr": 0.11250411553167639,
    "end_val": 24479.030697243386,
    "max_drawdown": -0.3439852420293467,
    "mwrr": 0.11250411553167639,
    "sharpe": 0.5132921386963994,
    "sortino": 0.705980980417564,
    "std": 0.1736608728695258,
    "ulcer_index": 8.291299437552755,
    "upi": 1.0750928939788074,
    "us_allocation": 65
}