{
    "beta": 0.7632563713061369,
    "cagr": 0.06967935471816578,
    "end_val": 17605.2523597174,
    "max_drawdown": -0.35541150616148,
    "mwrr": 0.06967935471816578,
    "sharpe": 0.3060413577156252,
    "sortino": 0.41513355120869566,
    "std": 0.16277111948810596,
    "ulcer_index": 10.54790740459362,
    "upi": 0.47227152222641294,
    "us_allocation": 1
}