{
    "beta": 0.9598786749115137,
    "cagr": 0.12164254084329684,
    "end_val": 26219.682343377328,
    "max_drawdown": -0.3462974827216736,
    "mwrr": 0.12164254084329684,
    "sharpe": 0.5452602502629421,
    "sortino": 0.7523231835797389,
    "std": 0.17851059903062186,
    "ulcer_index": 8.187291364443952,
    "upi": 1.1888573881393447,
    "us_allocation": 79
}