{
    "beta": 0.8579638010509648,
    "cagr": 0.09464961668002791,
    "end_val": 21369.423395602113,
    "max_drawdown": -0.3435483907314877,
    "mwrr": 0.09464961668002791,
    "sharpe": 0.4377213744740118,
    "sortino": 0.5985837638560241,
    "std": 0.1666134605958002,
    "ulcer_index": 8.861574487056538,
    "upi": 0.8229974363337426,
    "us_allocation": 38
}