{
    "beta": 0.8554398214736153,
    "cagr": 0.09398245004216599,
    "end_val": 21260.305307459686,
    "max_drawdown": -0.3436551924193831,
    "mwrr": 0.09398245004216599,
    "sharpe": 0.43456894202938146,
    "sortino": 0.594144595356631,
    "std": 0.16641667879569688,
    "ulcer_index": 8.889860777009272,
    "upi": 0.8135084908859731,
    "us_allocation": 37
}