{
    "beta": 0.78397073543709,
    "cagr": 0.07512839334531973,
    "end_val": 18372.659940461344,
    "max_drawdown": -0.3466575644859133,
    "mwrr": 0.07512839334531973,
    "sharpe": 0.33688273779815053,
    "sortino": 0.4577743171779509,
    "std": 0.16297815761207696,
    "ulcer_index": 9.977015734217034,
    "upi": 0.5503111711540036,
    "us_allocation": 9
}