{
    "beta": 0.7658531066099424,
    "cagr": 0.0703620116001169,
    "end_val": 17699.819429187268,
    "max_drawdown": -0.35401689092012983,
    "mwrr": 0.0703620116001169,
    "sharpe": 0.30995565622444043,
    "sortino": 0.4205345517209096,
    "std": 0.162777360563886,
    "ulcer_index": 10.470521761147765,
    "upi": 0.4818655408463879,
    "us_allocation": 2
}