{
    "beta": 0.8351787974304429,
    "cagr": 0.08862982916858075,
    "end_val": 20402.475404901415,
    "max_drawdown": -0.34451066039456435,
    "mwrr": 0.08862982916858075,
    "sharpe": 0.4084718679708446,
    "sortino": 0.5574939961308586,
    "std": 0.16502000209669918,
    "ulcer_index": 9.13016860403604,
    "upi": 0.7382802980582693,
    "us_allocation": 29
}