{
    "beta": 0.809675923976689,
    "cagr": 0.08190063032730666,
    "end_val": 19367.384744365576,
    "max_drawdown": -0.34558263842137826,
    "mwrr": 0.08190063032730666,
    "sharpe": 0.3737464297472095,
    "sortino": 0.5089866643763007,
    "std": 0.16373302142858953,
    "ulcer_index": 9.4716046409818,
    "upi": 0.6460867860840717,
    "us_allocation": 19
}