{
    "beta": 0.8881050241674993,
    "cagr": 0.10262267962687055,
    "end_val": 22712.15603819477,
    "max_drawdown": -0.3426045366541195,
    "mwrr": 0.10262267962687055,
    "sharpe": 0.47359502651995244,
    "sortino": 0.649294315879834,
    "std": 0.1693442534768154,
    "ulcer_index": 8.55565019863856,
    "upi": 0.9374030091688367,
    "us_allocation": 50
}