{
    "beta": 0.7684477021488363,
    "cagr": 0.07104423135667903,
    "end_val": 17794.77270404427,
    "max_drawdown": -0.3526204215187467,
    "mwrr": 0.07104423135667903,
    "sharpe": 0.3138537706096678,
    "sortino": 0.4259166843525442,
    "std": 0.1627892439740921,
    "ulcer_index": 10.393684190214893,
    "upi": 0.491568669140113,
    "us_allocation": 3
}