{
    "beta": 0.895598786771813,
    "cagr": 0.10460648413334517,
    "end_val": 23057.57424309849,
    "max_drawdown": -0.342882132175914,
    "mwrr": 0.10460648413334517,
    "sharpe": 0.4819926527633266,
    "sortino": 0.66122475492781,
    "std": 0.1701300067673394,
    "ulcer_index": 8.493600010929327,
    "upi": 0.9654534756410881,
    "us_allocation": 53
}