{
    "beta": 0.932826282427609,
    "cagr": 0.11446916804396001,
    "end_val": 24844.481452633645,
    "max_drawdown": -0.3444708309988472,
    "mwrr": 0.11446916804396001,
    "sharpe": 0.5205489368408248,
    "sortino": 0.7164377826058906,
    "std": 0.17463641760434193,
    "ulcer_index": 8.252050553335309,
    "upi": 1.1016319820190794,
    "us_allocation": 68
}