{
    "beta": 0.8453247681239859,
    "cagr": 0.09130954155450177,
    "end_val": 20828.045336009334,
    "max_drawdown": -0.34408269191928365,
    "mwrr": 0.09130954155450177,
    "sharpe": 0.42171368719738883,
    "sortino": 0.576068711806091,
    "std": 0.16567851672591627,
    "ulcer_index": 9.00686915925934,
    "upi": 0.7757315737677083,
    "us_allocation": 33
}