{
    "beta": 0.8705553061958137,
    "cagr": 0.09797910413824473,
    "end_val": 21921.384307474524,
    "max_drawdown": -0.34301482081348517,
    "mwrr": 0.09797910413824473,
    "sharpe": 0.45311003501011043,
    "sortino": 0.6202920389027138,
    "std": 0.16766941862831305,
    "ulcer_index": 8.725828466118976,
    "upi": 0.8706678424759889,
    "us_allocation": 43
}