{
    "beta": 0.771040165013597,
    "cagr": 0.0717260144027938,
    "end_val": 17890.113206311027,
    "max_drawdown": -0.35122209680636557,
    "mwrr": 0.0717260144027938,
    "sharpe": 0.3177353388099665,
    "sortino": 0.43127941649604135,
    "std": 0.16280675468337902,
    "ulcer_index": 10.317407555194459,
    "upi": 0.5013811897191013,
    "us_allocation": 4
}