{
    "beta": 0.7917039333253816,
    "cagr": 0.07716460626355381,
    "end_val": 18666.900245095734,
    "max_drawdown": -0.34633477639930726,
    "mwrr": 0.07716460626355381,
    "sharpe": 0.34815079622050094,
    "sortino": 0.473399030142517,
    "std": 0.16314746029820448,
    "ulcer_index": 9.813909359906965,
    "upi": 0.578770749631068,
    "us_allocation": 12
}