{
    "beta": 0.880594806091538,
    "cagr": 0.10063509944973181,
    "end_val": 22370.65994277275,
    "max_drawdown": -0.34258849038502853,
    "mwrr": 0.10063509944973181,
    "sharpe": 0.46496804794656876,
    "sortino": 0.6370651826733185,
    "std": 0.1685989229541782,
    "ulcer_index": 8.62411697987652,
    "upi": 0.9090022942004483,
    "us_allocation": 47
}