{
    "beta": 0.9130211306014634,
    "cagr": 0.10922072624397572,
    "end_val": 23878.960670711764,
    "max_drawdown": -0.34352702078167996,
    "mwrr": 0.10922072624397572,
    "sharpe": 0.5006947715235391,
    "sortino": 0.6879045843621461,
    "std": 0.1721160450892172,
    "ulcer_index": 8.369151673324458,
    "upi": 1.0297099376026413,
    "us_allocation": 60
}