{
    "beta": 0.8122352059118192,
    "cagr": 0.08257548066744835,
    "end_val": 19469.06033807426,
    "max_drawdown": -0.3454753081573538,
    "mwrr": 0.08257548066744835,
    "sharpe": 0.3773192639516446,
    "sortino": 0.5139650614159329,
    "std": 0.16383814327786245,
    "ulcer_index": 9.435599051813679,
    "upi": 0.655172462552839,
    "us_allocation": 20
}