{
    "beta": 0.9818622818352207,
    "cagr": 0.12747466550878728,
    "end_val": 27386.72659494839,
    "max_drawdown": -0.3477757017096799,
    "mwrr": 0.12747466550878728,
    "sharpe": 0.5633344462052818,
    "sortino": 0.7788965958396856,
    "std": 0.18200678165560308,
    "ulcer_index": 8.212075743456555,
    "upi": 1.24854204500633,
    "us_allocation": 88
}