{
    "beta": 0.8980930784365854,
    "cagr": 0.10526691475608119,
    "end_val": 23173.590083963423,
    "max_drawdown": -0.34297450163141063,
    "mwrr": 0.10526691475608119,
    "sharpe": 0.484740838404592,
    "sortino": 0.665135215494198,
    "std": 0.170400766888156,
    "ulcer_index": 8.473688301201044,
    "upi": 0.9747887409533978,
    "us_allocation": 54
}