{
    "beta": 0.9303567346598306,
    "cagr": 0.11381456493726683,
    "end_val": 24722.211372105096,
    "max_drawdown": -0.34430367152482266,
    "mwrr": 0.11381456493726683,
    "sharpe": 0.5181549858700846,
    "sortino": 0.7129846227786418,
    "std": 0.1743072538213074,
    "ulcer_index": 8.26450351363753,
    "upi": 1.0928496022144223,
    "us_allocation": 67
}