{
    "beta": 0.7994185001016126,
    "cagr": 0.07919692150149094,
    "end_val": 18964.70861402938,
    "max_drawdown": -0.34601225440220745,
    "mwrr": 0.07919692150149094,
    "sharpe": 0.3592432057315037,
    "sortino": 0.4888052476169521,
    "std": 0.16336599646266212,
    "ulcer_index": 9.654931557424863,
    "upi": 0.6078578323209167,
    "us_allocation": 15
}