{
    "beta": 0.9647754378471979,
    "cagr": 0.12294143789727507,
    "end_val": 26475.736550551912,
    "max_drawdown": -0.346627235677703,
    "mwrr": 0.12294143789727507,
    "sharpe": 0.5494398869994849,
    "sortino": 0.7584417247304818,
    "std": 0.17926305485027072,
    "ulcer_index": 8.192261762079367,
    "upi": 1.2022902826794288,
    "us_allocation": 81
}