{
    "beta": 0.7606574891182359,
    "cagr": 0.06899626029365824,
    "end_val": 17511.070474209653,
    "max_drawdown": -0.3568042683936014,
    "mwrr": 0.06899626029365824,
    "sharpe": 0.30211124290858077,
    "sortino": 0.40971415149592283,
    "std": 0.16277053528937005,
    "ulcer_index": 10.63664273937111,
    "upi": 0.4623157345024433,
    "us_allocation": 0
}