{
    "beta": 0.8529139346284093,
    "cagr": 0.09331485955739494,
    "end_val": 21151.609494876746,
    "max_drawdown": -0.3437620233700789,
    "mwrr": 0.09331485955739494,
    "sharpe": 0.43139183968864475,
    "sortino": 0.5896732751775473,
    "std": 0.16622476592455449,
    "ulcer_index": 8.918535274527043,
    "upi": 0.8040362226121422,
    "us_allocation": 36
}