{
    "beta": 0.8147924715410775,
    "cagr": 0.08324990102183438,
    "end_val": 19571.140617514528,
    "max_drawdown": -0.3453680073615107,
    "mwrr": 0.08324990102183438,
    "sharpe": 0.3808704081784069,
    "sortino": 0.518915913966421,
    "std": 0.16394856694904572,
    "ulcer_index": 9.399958586675904,
    "upi": 0.6642935851604745,
    "us_allocation": 21
}