{
    "beta": 0.8250015028084174,
    "cagr": 0.08594329008822599,
    "end_val": 19983.52922818996,
    "max_drawdown": -0.34493909861736255,
    "mwrr": 0.08594329008822599,
    "sharpe": 0.39485345473143985,
    "sortino": 0.5384374216121014,
    "std": 0.16444281691372256,
    "ulcer_index": 9.261518637175072,
    "upi": 0.7010837265829428,
    "us_allocation": 25
}