{
    "beta": 0.81734772747375,
    "cagr": 0.0839238917672922,
    "end_val": 19673.626614132983,
    "max_drawdown": -0.34526073602171414,
    "mwrr": 0.0839238917672922,
    "sharpe": 0.3843996251240034,
    "sortino": 0.5238388982919585,
    "std": 0.164064269567569,
    "ulcer_index": 9.364701079322392,
    "upi": 0.6734482260028796,
    "us_allocation": 22
}