{
    "beta": 0.8019859138622079,
    "cagr": 0.07987349559361001,
    "end_val": 19064.775770044333,
    "max_drawdown": -0.3459048061439818,
    "mwrr": 0.07987349559361001,
    "sharpe": 0.3629002746814813,
    "sortino": 0.4938900425549456,
    "std": 0.1634496898905631,
    "ulcer_index": 9.602639349249237,
    "upi": 0.6177059622982803,
    "us_allocation": 16
}