{
    "beta": 0.9525210309334271,
    "cagr": 0.11969111282831824,
    "end_val": 25839.093634520465,
    "max_drawdown": -0.34580149455180326,
    "mwrr": 0.11969111282831824,
    "sharpe": 0.5388122285766417,
    "sortino": 0.7429128891374683,
    "std": 0.17740903493527824,
    "ulcer_index": 8.193758089246932,
    "upi": 1.166627393577469,
    "us_allocation": 76
}