{
    "beta": 0.9005855652760189,
    "cagr": 0.10592692713279894,
    "end_val": 23290.045880532474,
    "max_drawdown": -0.34306679007238544,
    "mwrr": 0.10592692713279894,
    "sharpe": 0.4874635134108446,
    "sortino": 0.6690125216122877,
    "std": 0.17067589769489644,
    "ulcer_index": 8.454166044193242,
    "upi": 0.9841139487684251,
    "us_allocation": 55
}