{
    "beta": 0.9204611822051466,
    "cagr": 0.1111920065704659,
    "end_val": 24237.65571667382,
    "max_drawdown": -0.3438021938226621,
    "mwrr": 0.1111920065704659,
    "sharpe": 0.5083289023316078,
    "sortino": 0.698847820300689,
    "std": 0.17303062587719073,
    "ulcer_index": 8.321594036950954,
    "upi": 1.0569713803420504,
    "us_allocation": 63
}