{
    "beta": 0.8604858795623443,
    "cagr": 0.09531635981489872,
    "end_val": 21478.964797226618,
    "max_drawdown": -0.34344161829437103,
    "mwrr": 0.09531635981489872,
    "sharpe": 0.4408490309376639,
    "sortino": 0.6029905975812176,
    "std": 0.16681508339634601,
    "ulcer_index": 8.833673570721146,
    "upi": 0.8325022518982816,
    "us_allocation": 39
}