{
    "beta": 0.9794261976799782,
    "cagr": 0.12682828915115074,
    "end_val": 27255.167265822834,
    "max_drawdown": -0.34761217270951583,
    "mwrr": 0.12682828915115074,
    "sharpe": 0.5614183677935539,
    "sortino": 0.7760648206663464,
    "std": 0.18160456918846068,
    "ulcer_index": 8.20902246721241,
    "upi": 1.2420073802107847,
    "us_allocation": 87
}