{
    "beta": 1.0085536086073195,
    "cagr": 0.13455790127766587,
    "end_val": 28865.48541919282,
    "max_drawdown": -0.3495628095390718,
    "mwrr": 0.13455790127766587,
    "sharpe": 0.5829532835789386,
    "sortino": 0.8081192740181155,
    "std": 0.18664514667123505,
    "ulcer_index": 8.250607254193246,
    "upi": 1.3187632993154823,
    "us_allocation": 99
}