{
    "beta": 0.9672213354770645,
    "cagr": 0.12359027075726359,
    "end_val": 26604.465303312172,
    "max_drawdown": -0.34679184130138907,
    "mwrr": 0.12359027075726359,
    "sharpe": 0.5514943560284246,
    "sortino": 0.7614548312652986,
    "std": 0.1796446164673152,
    "ulcer_index": 8.194859001696868,
    "upi": 1.2089712777533537,
    "us_allocation": 82
}