{
    "beta": 0.7968490366054745,
    "cagr": 0.0785199155088816,
    "end_val": 18865.040993509632,
    "max_drawdown": -0.3461197321893867,
    "mwrr": 0.0785199155088816,
    "sharpe": 0.35556574692247955,
    "sortino": 0.48369485989621547,
    "std": 0.1632877134518425,
    "ulcer_index": 9.70757540445159,
    "upi": 0.5980859667278422,
    "us_allocation": 14
}