{
    "beta": 0.9402245982350844,
    "cagr": 0.11643049447968701,
    "end_val": 25214.02318480479,
    "max_drawdown": -0.34497120434542916,
    "mwrr": 0.11643049447968701,
    "sharpe": 0.5275818391230586,
    "sortino": 0.7266036532466976,
    "std": 0.1756474333065733,
    "ulcer_index": 8.2180618794088,
    "upi": 1.1276240056854192,
    "us_allocation": 71
}