{
    "beta": 0.8856034544395033,
    "cagr": 0.1019605728492623,
    "end_val": 22597.889604507276,
    "max_drawdown": -0.34251184207142227,
    "mwrr": 0.1019605728492623,
    "sharpe": 0.4707448239522354,
    "sortino": 0.6452512751715845,
    "std": 0.16909127859075626,
    "ulcer_index": 8.57710042964762,
    "upi": 0.9280428197413503,
    "us_allocation": 49
}