{
    "beta": 0.9721081896800576,
    "cagr": 0.12488670649437661,
    "end_val": 26863.331320959347,
    "max_drawdown": -0.34712051232165425,
    "mwrr": 0.12488670649437661,
    "sharpe": 0.5555332306198842,
    "sortino": 0.767389433621996,
    "std": 0.18041825767613995,
    "ulcer_index": 8.200291095580791,
    "upi": 1.2222596224680728,
    "us_allocation": 84
}