{
    "beta": 0.9623278861057907,
    "cagr": 0.12229219468320052,
    "end_val": 26347.475911524085,
    "max_drawdown": -0.34646244958345085,
    "mwrr": 0.12229219468320052,
    "sharpe": 0.5473618931695609,
    "sortino": 0.7553978841729468,
    "std": 0.17888503904325204,
    "ulcer_index": 8.189738914847625,
    "upi": 1.1955856480832516,
    "us_allocation": 80
}