{
    "beta": 0.7891282799348944,
    "cagr": 0.07648630222628117,
    "end_val": 18568.4250615395,
    "max_drawdown": -0.34644234284641845,
    "mwrr": 0.07648630222628117,
    "sharpe": 0.3444138906190429,
    "sortino": 0.4682144796920517,
    "std": 0.16308552990518482,
    "ulcer_index": 9.867633923433267,
    "upi": 0.5692249633153476,
    "us_allocation": 11
}