{
    "beta": 0.8427911897304278,
    "cagr": 0.09064025220558491,
    "end_val": 20721.02825283178,
    "max_drawdown": -0.3441896400415291,
    "mwrr": 0.09064025220558491,
    "sharpe": 0.4184391172084098,
    "sortino": 0.5714711674974042,
    "std": 0.16550635420030646,
    "ulcer_index": 9.03712163376741,
    "upi": 0.76633423408723,
    "us_allocation": 32
}