{
    "beta": 0.9359040320098275,
    "cagr": 0.11776707530151231,
    "end_val": 22759.236014326372,
    "max_drawdown": -0.3451376281165611,
    "mwrr": 0.11776707530151231,
    "sharpe": 0.5089120289045196,
    "sortino": 0.700669079794554,
    "std": 0.1804332536760627,
    "ulcer_index": 8.663860889955167,
    "upi": 1.0598673543913408,
    "us_allocation": 72
}