{
    "beta": 0.7672267807988375,
    "cagr": 0.07769334263201211,
    "end_val": 17379.328424241452,
    "max_drawdown": -0.3465499388712195,
    "mwrr": 0.07769334263201211,
    "sharpe": 0.33861652690292504,
    "sortino": 0.4612373652268729,
    "std": 0.1632323713435898,
    "ulcer_index": 10.46525107089281,
    "upi": 0.5281623606227082,
    "us_allocation": 10
}