{
    "beta": 0.7838979413530051,
    "cagr": 0.08165346186677636,
    "end_val": 17856.635266047124,
    "max_drawdown": -0.3459048061439817,
    "mwrr": 0.08165346186677636,
    "sharpe": 0.35921105423148386,
    "sortino": 0.48978976364504445,
    "std": 0.16409572443237058,
    "ulcer_index": 10.127064129444902,
    "upi": 0.5820579554952645,
    "us_allocation": 16
}