{
    "beta": 0.8142588049153957,
    "cagr": 0.08886745121962147,
    "end_val": 18755.305485118974,
    "max_drawdown": -0.34472482073919924,
    "mwrr": 0.08886745121962147,
    "sharpe": 0.39477581863634076,
    "sortino": 0.5392848436861435,
    "std": 0.16616903231492086,
    "ulcer_index": 9.696910675657263,
    "upi": 0.6765039607552027,
    "us_allocation": 27
}