{
    "beta": 0.922580004634129,
    "cagr": 0.11460393355964649,
    "end_val": 22287.765732825592,
    "max_drawdown": -0.3443036715248227,
    "mwrr": 0.11460393355964649,
    "sharpe": 0.49868056815570516,
    "sortino": 0.6859336236431699,
    "std": 0.17844561980319365,
    "ulcer_index": 8.717458591273187,
    "upi": 1.0208033977634283,
    "us_allocation": 67
}