{
    "beta": 0.8170061149635784,
    "cagr": 0.08952031769762447,
    "end_val": 18838.53106948605,
    "max_drawdown": -0.3446177258812352,
    "mwrr": 0.08952031769762447,
    "sharpe": 0.39786292687002534,
    "sortino": 0.5435939461873714,
    "std": 0.1663879110000389,
    "ulcer_index": 9.66238847261299,
    "upi": 0.6851314057646261,
    "us_allocation": 28
}