{
    "beta": 0.8087578631476814,
    "cagr": 0.08756024677955443,
    "end_val": 18589.621774862753,
    "max_drawdown": -0.34493909861736266,
    "mwrr": 0.08756024677955443,
    "sharpe": 0.3885274980645545,
    "sortino": 0.5305701908176707,
    "std": 0.16574619454952522,
    "ulcer_index": 9.767140912492126,
    "upi": 0.659327110117681,
    "us_allocation": 25
}