{
    "beta": 0.8823275394883525,
    "cagr": 0.10504307622004516,
    "end_val": 20913.663866109186,
    "max_drawdown": -0.34278968159917206,
    "mwrr": 0.10504307622004516,
    "sharpe": 0.4644010299567886,
    "sortino": 0.6370832936744909,
    "std": 0.1730452806108968,
    "ulcer_index": 8.97881600646993,
    "upi": 0.8950295850804624,
    "us_allocation": 52
}