{
    "beta": 0.991376590611272,
    "cagr": 0.13092351839356153,
    "end_val": 24813.979918914836,
    "max_drawdown": -0.34859067638786767,
    "mwrr": 0.13092351839356153,
    "sharpe": 0.5458504371498232,
    "sortino": 0.7547407020753377,
    "std": 0.18968676487821143,
    "ulcer_index": 8.687569121929101,
    "upi": 1.1918350129156203,
    "us_allocation": 93
}