{
    "beta": 0.8606823257609758,
    "cagr": 0.09989983234058664,
    "end_val": 20205.243772677313,
    "max_drawdown": -0.3429081944501656,
    "mwrr": 0.09989983234058664,
    "sharpe": 0.44383999236369975,
    "sortino": 0.6080591556272766,
    "std": 0.17053855331176507,
    "ulcer_index": 9.174625841005378,
    "upi": 0.8250192222104973,
    "us_allocation": 44
}