{
    "beta": 0.895792516041331,
    "cagr": 0.10824197811241576,
    "end_val": 21365.02126383165,
    "max_drawdown": -0.34325112433672833,
    "mwrr": 0.10824197811241576,
    "sharpe": 0.4764383224621136,
    "sortino": 0.6541569078290432,
    "std": 0.1747475258085347,
    "ulcer_index": 8.879379977812789,
    "upi": 0.9376454793300878,
    "us_allocation": 57
}