{
    "beta": 0.8252354840035018,
    "cagr": 0.0914759792405071,
    "end_val": 19089.747118686057,
    "max_drawdown": -0.3442966174867823,
    "mwrr": 0.0914759792405071,
    "sharpe": 0.4069749578903153,
    "sortino": 0.5563266597645514,
    "std": 0.1670740054215226,
    "ulcer_index": 9.5628540650467,
    "upi": 0.7110370556181244,
    "us_allocation": 31
}