{
    "beta": 0.7700108290712144,
    "cagr": 0.0783546045820871,
    "end_val": 17458.253337119808,
    "max_drawdown": -0.3464423428464177,
    "mwrr": 0.0783546045820871,
    "sharpe": 0.34210509432052094,
    "sortino": 0.4660685792285666,
    "std": 0.16336276505056221,
    "ulcer_index": 10.407938241152571,
    "upi": 0.536970712884217,
    "us_allocation": 11
}