{
    "beta": 0.8579677787248418,
    "cagr": 0.0992547553802483,
    "end_val": 20117.874055380868,
    "max_drawdown": -0.343014820813485,
    "mwrr": 0.0992547553802483,
    "sharpe": 0.44115622068328664,
    "sortino": 0.6042805218029675,
    "std": 0.1702446842414197,
    "ulcer_index": 9.202044506417684,
    "upi": 0.8161783040187662,
    "us_allocation": 43
}