{
    "beta": 0.8688140424526142,
    "cagr": 0.10183216408963336,
    "end_val": 20468.926502589835,
    "max_drawdown": -0.3425884903850283,
    "mwrr": 0.10183216408963336,
    "sharpe": 0.45173943092353563,
    "sortino": 0.6191934605097212,
    "std": 0.17144645861369143,
    "ulcer_index": 9.094790742204674,
    "upi": 0.8515835705539546,
    "us_allocation": 47
}