{
    "beta": 0.8307113304647894,
    "cagr": 0.09277730954628582,
    "end_val": 19258.51086376573,
    "max_drawdown": -0.34408269191928353,
    "mwrr": 0.09277730954628582,
    "sharpe": 0.4129244807519063,
    "sortino": 0.5646516714213866,
    "std": 0.1675556294204615,
    "ulcer_index": 9.49858316346064,
    "upi": 0.7284069102658919,
    "us_allocation": 33
}