{
    "beta": 0.8769280071367614,
    "cagr": 0.10376015520802984,
    "end_val": 20734.9769199102,
    "max_drawdown": -0.34260453665411944,
    "mwrr": 0.10376015520802984,
    "sharpe": 0.4594117398238046,
    "sortino": 0.6300261852795627,
    "std": 0.17239310630267843,
    "ulcer_index": 9.022707736414379,
    "upi": 0.8777858980871446,
    "us_allocation": 50
}