{
    "beta": 0.8931033648495142,
    "cagr": 0.10760315633230433,
    "end_val": 21274.21813033657,
    "max_drawdown": -0.3431589976053748,
    "mwrr": 0.10760315633230433,
    "sharpe": 0.4740803940244501,
    "sortino": 0.6508067045355186,
    "std": 0.17439900381871956,
    "ulcer_index": 8.897436732530489,
    "upi": 0.9292544715957723,
    "us_allocation": 56
}