{
    "beta": 0.8443649409094874,
    "cagr": 0.09602210518397403,
    "end_val": 19684.943601434163,
    "max_drawdown": -0.3435483907314876,
    "mwrr": 0.09602210518397403,
    "sharpe": 0.427356997170997,
    "sortino": 0.5848843104238268,
    "std": 0.1688425900815322,
    "ulcer_index": 9.3452488013835,
    "upi": 0.7721208529412584,
    "us_allocation": 38
}