{
    "beta": 0.9199096757046166,
    "cagr": 0.11396988144800768,
    "end_val": 22194.282483481235,
    "max_drawdown": -0.34413632736281924,
    "mwrr": 0.11396988144800768,
    "sharpe": 0.49656416728307295,
    "sortino": 0.6828952536317177,
    "std": 0.17805888734508363,
    "ulcer_index": 8.730789641543277,
    "upi": 1.0127194800089578,
    "us_allocation": 66
}