{
    "beta": 0.9491825703544687,
    "cagr": 0.12091838323335091,
    "end_val": 23237.492718290418,
    "max_drawdown": -0.34596700550444287,
    "mwrr": 0.12091838323335091,
    "sharpe": 0.5185714078815981,
    "sortino": 0.7146658580926392,
    "std": 0.18250791683453996,
    "ulcer_index": 8.640512620574267,
    "upi": 1.0953539396511551,
    "us_allocation": 77
}