{
    "beta": 0.8796287468432181,
    "cagr": 0.10440185610335084,
    "end_val": 20824.188163021718,
    "max_drawdown": -0.34269714979427374,
    "mwrr": 0.10440185610335084,
    "sharpe": 0.46191890690157994,
    "sortino": 0.6335711026049968,
    "std": 0.1727171082512967,
    "ulcer_index": 9.000558704332965,
    "upi": 0.8864110180334955,
    "us_allocation": 51
}