{
    "beta": 0.9279151212550992,
    "cagr": 0.11587061299796186,
    "end_val": 22475.542060145577,
    "max_drawdown": -0.3446378060904671,
    "mwrr": 0.11587061299796186,
    "sharpe": 0.5028428788299562,
    "sortino": 0.69191838574775,
    "std": 0.17922997552673506,
    "ulcer_index": 8.691756311533469,
    "upi": 1.0369052706183446,
    "us_allocation": 69
}