{
    "beta": 0.9861266126846535,
    "cagr": 0.12967943614393795,
    "end_val": 24613.05272760075,
    "max_drawdown": -0.3482652194170614,
    "mwrr": 0.12967943614393795,
    "sharpe": 0.5427293176882437,
    "sortino": 0.7501087730000329,
    "std": 0.18874705862957297,
    "ulcer_index": 8.679679029175501,
    "upi": 1.1802215272116583,
    "us_allocation": 91
}