{
    "beta": 0.8661054511915642,
    "cagr": 0.10118853630908142,
    "end_val": 20380.769646751083,
    "max_drawdown": -0.3426950292479095,
    "mwrr": 0.10118853630908142,
    "sharpe": 0.44913157054109004,
    "sortino": 0.6155156861878303,
    "std": 0.17113947403968102,
    "ulcer_index": 9.120995398196518,
    "upi": 0.8427232813254613,
    "us_allocation": 46
}