{
    "beta": 0.9571281612530883,
    "cagr": 0.12280350495420378,
    "end_val": 23527.720874149076,
    "max_drawdown": -0.3464624495834509,
    "mwrr": 0.12280350495420378,
    "sharpe": 0.5240997586540719,
    "sortino": 0.722718484603777,
    "std": 0.1837928569313524,
    "ulcer_index": 8.641840115944676,
    "upi": 1.1146539942739566,
    "us_allocation": 80
}