{
    "beta": 0.764440506906086,
    "cagr": 0.0770315827755963,
    "end_val": 17300.65312018257,
    "max_drawdown": -0.34665756448591317,
    "mwrr": 0.0770315827755963,
    "sharpe": 0.33510601754976665,
    "sortino": 0.4563779437178739,
    "std": 0.16310744077449574,
    "ulcer_index": 10.52384426347993,
    "upi": 0.5193787975311787,
    "us_allocation": 9
}