{
    "beta": 0.739262666711869,
    "cagr": 0.07105326062677975,
    "end_val": 16603.74490065524,
    "max_drawdown": -0.3568042683936009,
    "mwrr": 0.07105326062677975,
    "sharpe": 0.3025659295973804,
    "sortino": 0.41143679788553544,
    "std": 0.162233166012123,
    "ulcer_index": 11.225153457592679,
    "upi": 0.4372901739734758,
    "us_allocation": 0
}