{
    "beta": 0.9145634467667223,
    "cagr": 0.11270035071846807,
    "end_val": 22008.12417235772,
    "max_drawdown": -0.34389375790475973,
    "mwrr": 0.11270035071846807,
    "sharpe": 0.4922602661719631,
    "sortino": 0.6767262427891871,
    "std": 0.17729647529691295,
    "ulcer_index": 8.76115545968649,
    "upi": 0.9961784435346434,
    "us_allocation": 64
}