{
    "beta": 0.7977304992267021,
    "cagr": 0.08493993995973703,
    "end_val": 18261.31391130086,
    "max_drawdown": -0.3453680073615107,
    "mwrr": 0.08493993995973703,
    "sharpe": 0.37573751627783836,
    "sortino": 0.512758051611173,
    "std": 0.16496107193709889,
    "ulcer_index": 9.913023218221346,
    "upi": 0.6252632004611016,
    "us_allocation": 21
}