{
    "beta": 0.9624163459360275,
    "cagr": 0.1240578985672327,
    "end_val": 23722.57580206365,
    "max_drawdown": -0.3467918413013889,
    "mwrr": 0.1240578985672327,
    "sharpe": 0.5276764320059405,
    "sortino": 0.727945424445382,
    "std": 0.18466569642016512,
    "ulcer_index": 8.648011021626958,
    "upi": 1.1267859166265144,
    "us_allocation": 82
}