{
    "beta": 0.7448736512869799,
    "cagr": 0.0723852829737277,
    "end_val": 16756.88305833595,
    "max_drawdown": -0.3540168909201294,
    "mwrr": 0.0723852829737277,
    "sharpe": 0.3099390646738853,
    "sortino": 0.42160186242530123,
    "std": 0.16238807990129026,
    "ulcer_index": 11.048353417850484,
    "upi": 0.45554922602109,
    "us_allocation": 2
}