{
    "beta": 0.7949683091725291,
    "cagr": 0.08428363199015254,
    "end_val": 18179.87220237644,
    "max_drawdown": -0.34547530815735367,
    "mwrr": 0.08428363199015254,
    "sharpe": 0.37247964117965143,
    "sortino": 0.5082262021558702,
    "std": 0.1647775860433018,
    "ulcer_index": 9.950577995725594,
    "upi": 0.6168155379363652,
    "us_allocation": 20
}