{
    "beta": 0.8004905426479307,
    "cagr": 0.08559575498738203,
    "end_val": 18343.00935328325,
    "max_drawdown": -0.3452607360217144,
    "mwrr": 0.08559575498738203,
    "sharpe": 0.3789713751350905,
    "sortino": 0.5172585608669168,
    "std": 0.16514970622160405,
    "ulcer_index": 9.875870755299166,
    "upi": 0.63374099684383,
    "us_allocation": 22
}