{
    "beta": 0.7922039654419953,
    "cagr": 0.0836268306390886,
    "end_val": 18098.683855555613,
    "max_drawdown": -0.3455826384213781,
    "mwrr": 0.0836268306390886,
    "sharpe": 0.3691978975399721,
    "sortino": 0.5036631969844191,
    "std": 0.16459927864708465,
    "ulcer_index": 9.988515967383139,
    "upi": 0.6083998380395086,
    "us_allocation": 19
}