{
    "beta": 0.9305799208223375,
    "cagr": 0.1165032410076059,
    "end_val": 22569.835791396188,
    "max_drawdown": -0.3448045971045845,
    "mwrr": 0.1165032410076059,
    "sharpe": 0.5048890407783218,
    "sortino": 0.6948651441186598,
    "std": 0.17962753433491338,
    "ulcer_index": 8.679289919708353,
    "upi": 1.0449327387000222,
    "us_allocation": 70
}