{
    "beta": 0.8850243913584027,
    "cagr": 0.10568381593118481,
    "end_val": 21003.404372509143,
    "max_drawdown": -0.34288213217591407,
    "mwrr": 0.10568381593118481,
    "sharpe": 0.46685817096172366,
    "sortino": 0.6405628378177559,
    "std": 0.17337758984041932,
    "ulcer_index": 8.957482201430764,
    "upi": 0.9036401370682638,
    "us_allocation": 53
}