{
    "beta": 0.7866687886433276,
    "cagr": 0.0823117460227587,
    "end_val": 17937.065760360885,
    "max_drawdown": -0.34579738740254146,
    "mwrr": 0.0823117460227587,
    "sharpe": 0.3625634360238431,
    "sortino": 0.49444475379236713,
    "std": 0.16425831842511515,
    "ulcer_index": 10.07199562835187,
    "upi": 0.5912875111104499,
    "us_allocation": 17
}