{
    "beta": 0.9332428891112358,
    "cagr": 0.11713539499648973,
    "end_val": 22664.40033479461,
    "max_drawdown": -0.3449712043454291,
    "mwrr": 0.11713539499648973,
    "sharpe": 0.5069120465247726,
    "sortino": 0.6977819677323349,
    "std": 0.18002863768434874,
    "ulcer_index": 8.669100270847146,
    "upi": 1.0526981637345956,
    "us_allocation": 71
}