{
    "beta": 0.9650577925904157,
    "cagr": 0.12468439007069776,
    "end_val": 23820.415052372155,
    "max_drawdown": -0.34695626675081925,
    "mwrr": 0.12468439007069776,
    "sharpe": 0.5294325590685813,
    "sortino": 0.7305169688722672,
    "std": 0.1851068890176838,
    "ulcer_index": 8.651210127598064,
    "upi": 1.1328178609237651,
    "us_allocation": 83
}