{
    "beta": 0.8416383070488459,
    "cagr": 0.09537411929708561,
    "end_val": 19599.13866132301,
    "max_drawdown": -0.34365519241938314,
    "mwrr": 0.09537411929708561,
    "sharpe": 0.42452108322142135,
    "sortino": 0.5809045232121856,
    "std": 0.16857585481003456,
    "ulcer_index": 9.37509656655686,
    "upi": 0.7633473317215261,
    "us_allocation": 37
}