{
    "beta": 1.0096982285312366,
    "cagr": 0.13526312010935793,
    "end_val": 25525.997141566717,
    "max_drawdown": -0.34972421674009924,
    "mwrr": 0.13526312010935793,
    "sharpe": 0.5561639079185,
    "sortino": 0.7701498678691322,
    "std": 0.1930641439373928,
    "ulcer_index": 8.717395429566624,
    "upi": 1.231746639750121,
    "us_allocation": 100
}