{
    "beta": 0.959773137382678,
    "cagr": 0.12343093696751017,
    "end_val": 23625.011179965797,
    "max_drawdown": -0.3466272356777027,
    "mwrr": 0.12343093696751017,
    "sharpe": 0.5258988833090682,
    "sortino": 0.7253459821644074,
    "std": 0.18422767567471277,
    "ulcer_index": 8.64488780106545,
    "upi": 1.12073123953008,
    "us_allocation": 81
}