{
    "beta": 0.7727926590437768,
    "cagr": 0.07901536908908269,
    "end_val": 17537.428237650238,
    "max_drawdown": -0.3463347763993074,
    "mwrr": 0.07901536908908269,
    "sharpe": 0.34557149023366557,
    "sortino": 0.4708712362978598,
    "std": 0.163498594928303,
    "ulcer_index": 10.351010482810146,
    "upi": 0.5458482225195807,
    "us_allocation": 12
}