{
    "beta": 0.8389096357208448,
    "cagr": 0.09472564719492804,
    "end_val": 19513.593275252995,
    "max_drawdown": -0.3437620233700789,
    "mwrr": 0.09472564719492804,
    "sharpe": 0.421659844312039,
    "sortino": 0.5768912653577668,
    "std": 0.16831375815718094,
    "ulcer_index": 9.405356306179938,
    "upi": 0.7545880055375322,
    "us_allocation": 36
}