{
    "beta": 0.8224944476864449,
    "cagr": 0.09082458128776616,
    "end_val": 19005.751522405342,
    "max_drawdown": -0.3444036242671048,
    "mwrr": 0.09082458128776616,
    "sharpe": 0.40396257742340813,
    "sortino": 0.5521149656034132,
    "std": 0.1668404295197964,
    "ulcer_index": 9.595591539051997,
    "upi": 0.7023827731278028,
    "us_allocation": 30
}