{
    "beta": 0.855251233525157,
    "cagr": 0.09860919458415984,
    "end_val": 20030.76601698151,
    "max_drawdown": -0.3431214763675732,
    "mwrr": 0.09860919458415984,
    "sharpe": 0.438447101157202,
    "sortino": 0.6004683311856124,
    "std": 0.16995525403743045,
    "ulcer_index": 9.229887280480906,
    "upi": 0.8073443173735919,
    "us_allocation": 42
}