{
    "beta": 0.9729716176559016,
    "cagr": 0.12656104715087202,
    "end_val": 24115.583674919195,
    "max_drawdown": -0.3474484650069543,
    "mwrr": 0.12656104715087202,
    "sharpe": 0.5345739733207787,
    "sortino": 0.7380666552773825,
    "std": 0.18644919911911267,
    "ulcer_index": 8.66131215768645,
    "upi": 1.1507695583692334,
    "us_allocation": 86
}