{
    "beta": 0.7504754948981841,
    "cagr": 0.07371529851280578,
    "end_val": 16911.007420087994,
    "max_drawdown": -0.35122209680636607,
    "mwrr": 0.07371529851280578,
    "sharpe": 0.3172329455733884,
    "sortino": 0.43166932169570393,
    "std": 0.16256565245141208,
    "ulcer_index": 10.885506954565171,
    "upi": 0.47376272453492124,
    "us_allocation": 4
}