{
    "beta": 0.8498121226460204,
    "cagr": 0.09731661991723595,
    "end_val": 19857.33356852588,
    "max_drawdown": -0.34333487509601784,
    "mwrr": 0.09731661991723595,
    "sharpe": 0.43295277657030157,
    "sortino": 0.5927433213196509,
    "std": 0.169389843982012,
    "ulcer_index": 9.286776458759334,
    "upi": 0.7897075039897397,
    "us_allocation": 40
}