{
    "beta": 0.9385633553864059,
    "cagr": 0.11839828225775562,
    "end_val": 22854.34315290718,
    "max_drawdown": -0.34530386872087127,
    "mwrr": 0.11839828225775562,
    "sharpe": 0.5108891232479535,
    "sortino": 0.7035266590704953,
    "std": 0.1808413505510195,
    "ulcer_index": 8.658887121983016,
    "upi": 1.0670039168958818,
    "us_allocation": 73
}