{
    "beta": 0.9966197659378925,
    "cagr": 0.13216573376783702,
    "end_val": 25016.019044623412,
    "max_drawdown": -0.3489154255290346,
    "mwrr": 0.13216573376783702,
    "sharpe": 0.5488929383308228,
    "sortino": 0.7592694616291747,
    "std": 0.1906378814362194,
    "ulcer_index": 8.695783967561898,
    "upi": 1.20334961239552,
    "us_allocation": 95
}