{
    "beta": 0.9544814118513854,
    "cagr": 0.1221756022082452,
    "end_val": 23430.704571561826,
    "max_drawdown": -0.3462974827216737,
    "mwrr": 0.1221756022082452,
    "sharpe": 0.5222789051564768,
    "sortino": 0.7200627488895665,
    "std": 0.18336127051600035,
    "ulcer_index": 8.638868928016514,
    "upi": 1.1085541775540013,
    "us_allocation": 79
}