{
    "beta": 0.9065300855282016,
    "cagr": 0.1107924831386593,
    "end_val": 21730.90222015538,
    "max_drawdown": -0.34361882536626825,
    "mwrr": 0.1107924831386593,
    "sharpe": 0.4856249360859194,
    "sortino": 0.667240980175447,
    "std": 0.1761809789729499,
    "ulcer_index": 8.810086025582635,
    "upi": 0.971143634671748,
    "us_allocation": 61
}