{
    "beta": 0.7894374609647468,
    "cagr": 0.082969535464686,
    "end_val": 18017.748499073634,
    "max_drawdown": -0.34568999816572454,
    "mwrr": 0.082969535464686,
    "sharpe": 0.3658924411694933,
    "sortino": 0.4990693073423882,
    "std": 0.16442617958743277,
    "ulcer_index": 10.026836126649094,
    "upi": 0.6000167463442225,
    "us_allocation": 18
}