{
    "beta": 0.7811249119416065,
    "cagr": 0.08099468254785624,
    "end_val": 17776.456641967,
    "max_drawdown": -0.3460122544022078,
    "mwrr": 0.08099468254785624,
    "sharpe": 0.35583547611533184,
    "sortino": 0.48510459718626414,
    "std": 0.16393842658262034,
    "ulcer_index": 10.182505471890966,
    "upi": 0.5728991240301985,
    "us_allocation": 15
}