{
    "beta": 0.7532730077119578,
    "cagr": 0.07437955493566517,
    "end_val": 16988.44038897991,
    "max_drawdown": -0.34982191563184406,
    "mwrr": 0.07437955493566517,
    "sharpe": 0.3208494369001877,
    "sortino": 0.4366647407578901,
    "std": 0.16266287608917537,
    "ulcer_index": 10.804986294433062,
    "upi": 0.4830232239232902,
    "us_allocation": 5
}