{
    "beta": 0.7616520000437041,
    "cagr": 0.07636932454713974,
    "end_val": 17222.227045350206,
    "max_drawdown": -0.346765219702707,
    "mwrr": 0.07636932454713974,
    "sharpe": 0.3315738039869525,
    "sortino": 0.45149064217805307,
    "std": 0.1629879999410724,
    "ulcer_index": 10.583467082015884,
    "upi": 0.5106348805498688,
    "us_allocation": 8
}