{
    "beta": 0.9092097496981744,
    "cagr": 0.11142891566377733,
    "end_val": 21823.041244408774,
    "max_drawdown": -0.3437105496781827,
    "mwrr": 0.11142891566377733,
    "sharpe": 0.48786079145519246,
    "sortino": 0.6704337938642833,
    "std": 0.17654901782012344,
    "ulcer_index": 8.793484576766057,
    "upi": 0.9794986525459394,
    "us_allocation": 62
}