{
    "beta": 0.978238794794477,
    "cagr": 0.1278098071297218,
    "end_val": 24313.741565417426,
    "max_drawdown": -0.3477757017096798,
    "mwrr": 0.1278098071297218,
    "sharpe": 0.5378973602554024,
    "sortino": 0.7429637846005938,
    "std": 0.1873593871925134,
    "ulcer_index": 8.668418450646616,
    "upi": 1.1626225067112907,
    "us_allocation": 88
}