{
    "beta": 0.8715206612835816,
    "cagr": 0.10247530957924567,
    "end_val": 20557.346435438467,
    "max_drawdown": -0.342481980665026,
    "mwrr": 0.10247530957924567,
    "sharpe": 0.45432205097685135,
    "sortino": 0.6228377178832291,
    "std": 0.17175774790371504,
    "ulcer_index": 9.068990474967434,
    "upi": 0.860448113785482,
    "us_allocation": 48
}