{
    "beta": 0.8742253140605042,
    "cagr": 0.1031179731590175,
    "end_val": 20646.02979247101,
    "max_drawdown": -0.3425118420714224,
    "mwrr": 0.1031179731590175,
    "sharpe": 0.45687947177788063,
    "sortino": 0.6264484996027647,
    "std": 0.17207330832783516,
    "ulcer_index": 9.045263459181916,
    "upi": 0.86915538505272,
    "us_allocation": 49
}