{
    "beta": 0.7560682578684563,
    "cagr": 0.07504331109903073,
    "end_val": 17066.12106122072,
    "max_drawdown": -0.34841987684386627,
    "mwrr": 0.07504331109903073,
    "sharpe": 0.32444525571265553,
    "sortino": 0.4416336864693665,
    "std": 0.1627656919674731,
    "ulcer_index": 10.725086411302232,
    "upi": 0.492386381844843,
    "us_allocation": 6
}