{
    "beta": 0.9438765669487615,
    "cagr": 0.11965927745518323,
    "end_val": 23045.373093496833,
    "max_drawdown": -0.34563580163726304,
    "mwrr": 0.11965927745518323,
    "sharpe": 0.5147752009436449,
    "sortino": 0.7091541852185204,
    "std": 0.18166786063960422,
    "ulcer_index": 8.649338324045939,
    "upi": 1.081226134929526,
    "us_allocation": 75
}