{
    "beta": 1.0070858830392915,
    "cagr": 0.13464457334219926,
    "end_val": 25423.442598910446,
    "max_drawdown": -0.3495628095390716,
    "mwrr": 0.13464457334219926,
    "sharpe": 0.5547473693284777,
    "sortino": 0.7680235767621948,
    "std": 0.1925734606426258,
    "ulcer_index": 8.712954816274443,
    "upi": 1.2261114103105382,
    "us_allocation": 99
}