{
    "beta": 0.975606073119063,
    "cagr": 0.12718566140803178,
    "end_val": 24214.524534744996,
    "max_drawdown": -0.3476121727095159,
    "mwrr": 0.12718566140803178,
    "sharpe": 0.5362459826173089,
    "sortino": 0.7405287247485528,
    "std": 0.18690278123852913,
    "ulcer_index": 8.66482994107725,
    "upi": 1.1567073511474715,
    "us_allocation": 87
}