{
    "beta": 0.9834990590360372,
    "cagr": 0.12905669419316546,
    "end_val": 24513.005358497398,
    "max_drawdown": -0.3481022247719624,
    "mwrr": 0.12905669419316546,
    "sharpe": 0.541138865557537,
    "sortino": 0.7477535982417303,
    "std": 0.1882815546375141,
    "ulcer_index": 8.67585293338432,
    "upi": 1.1743783709257585,
    "us_allocation": 90
}