{
    "beta": 0.9252484845016459,
    "cagr": 0.1152375106288297,
    "end_val": 22381.518815992164,
    "max_drawdown": -0.344470830998847,
    "mwrr": 0.1152375106288297,
    "sharpe": 0.5007734304543269,
    "sortino": 0.6889413027576996,
    "std": 0.17883599329433034,
    "ulcer_index": 8.704471312471746,
    "upi": 1.0288628349663922,
    "us_allocation": 68
}