{
    "beta": 0.8904122978077623,
    "cagr": 0.1069638556191832,
    "end_val": 21183.68116372705,
    "max_drawdown": -0.34306679007238544,
    "mwrr": 0.1069638556191832,
    "sharpe": 0.4716977790508382,
    "sortino": 0.6474243953263238,
    "std": 0.17405448489804243,
    "ulcer_index": 8.916049960998626,
    "upi": 0.9208313979435451,
    "us_allocation": 55
}