{
    "beta": 0.8197513269426239,
    "cagr": 0.09017269424653684,
    "end_val": 18922.01296048424,
    "max_drawdown": -0.3445106603945644,
    "mwrr": 0.09017269424653684,
    "sharpe": 0.4009252080343287,
    "sortino": 0.5478706834281875,
    "std": 0.16661172069456764,
    "ulcer_index": 9.628724452927749,
    "upi": 0.6937504908284762,
    "us_allocation": 29
}