{
    "beta": 0.7420693054089026,
    "cagr": 0.07171952289376105,
    "end_val": 16680.19089664599,
    "max_drawdown": -0.3554115061614807,
    "mwrr": 0.07171952289376105,
    "sharpe": 0.30626225428793347,
    "sortino": 0.4165313374765852,
    "std": 0.16230777891710976,
    "ulcer_index": 11.130652124633825,
    "upi": 0.4465957368911884,
    "us_allocation": 1
}