{
    "beta": 1.004471869419655,
    "cagr": 0.13402556161412416,
    "end_val": 25321.167810550018,
    "max_drawdown": -0.34940122710328714,
    "mwrr": 0.13402556161412416,
    "sharpe": 0.5533121689776439,
    "sortino": 0.7658725456281203,
    "std": 0.1920854658131562,
    "ulcer_index": 8.708570166177333,
    "upi": 1.2204544728793236,
    "us_allocation": 98
}