{
    "beta": 0.9939990258662103,
    "cagr": 0.13154485929140525,
    "end_val": 24914.86034079227,
    "max_drawdown": -0.34875313929275464,
    "mwrr": 0.13154485929140525,
    "sharpe": 0.5473814326833487,
    "sortino": 0.7570178952745438,
    "std": 0.19016091082130107,
    "ulcer_index": 8.691645538395855,
    "upi": 1.1976034087026644,
    "us_allocation": 94
}