{
    "beta": 0.9412208650896566,
    "cagr": 0.11902901619848971,
    "end_val": 22949.722072377284,
    "max_drawdown": -0.345469926460585,
    "mwrr": 0.11902901619848971,
    "sharpe": 0.512843467267021,
    "sortino": 0.7063549742465541,
    "std": 0.1812528966943803,
    "ulcer_index": 8.65406498631616,
    "upi": 1.0741213005428165,
    "us_allocation": 74
}