{
    "beta": 0.7476757119316321,
    "cagr": 0.07305054135236322,
    "end_val": 16833.821771224037,
    "max_drawdown": -0.3526204215187469,
    "mwrr": 0.07305054135236322,
    "sharpe": 0.3135960595947403,
    "sortino": 0.4266480039227129,
    "std": 0.16247404566161266,
    "ulcer_index": 10.966633790470608,
    "upi": 0.4646047973864776,
    "us_allocation": 3
}