{
    "beta": 0.847089543913122,
    "cagr": 0.0966696052574465,
    "end_val": 19771.00845199818,
    "max_drawdown": -0.34344161829437103,
    "mwrr": 0.0966696052574465,
    "sharpe": 0.4301675660913457,
    "sortino": 0.5888305748321644,
    "std": 0.16911393086905077,
    "ulcer_index": 9.315810269599735,
    "upi": 0.7809077882190808,
    "us_allocation": 39
}