{
    "beta": 0.9465304667735209,
    "cagr": 0.12028906635750802,
    "end_val": 23141.296535939986,
    "max_drawdown": -0.3458014945518036,
    "mwrr": 0.12028906635750802,
    "sharpe": 0.5166844664180869,
    "sortino": 0.7119244152027709,
    "std": 0.18208621107240147,
    "ulcer_index": 8.644796279241723,
    "upi": 1.0883069572161257,
    "us_allocation": 76
}