{
    "beta": 0.8115093899385336,
    "cagr": 0.08821409438888983,
    "end_val": 18672.335842240467,
    "max_drawdown": -0.3448319449805434,
    "mwrr": 0.08821409438888983,
    "sharpe": 0.391663975680024,
    "sortino": 0.5349435599263512,
    "std": 0.16595511633231122,
    "ulcer_index": 9.73182883068698,
    "upi": 0.6679022321004793,
    "us_allocation": 26
}