{
    "beta": 0.9887524547106714,
    "cagr": 0.1303017107772939,
    "end_val": 24713.377480932155,
    "max_drawdown": -0.34842803652572796,
    "mwrr": 0.1303017107772939,
    "sharpe": 0.5442997869367036,
    "sortino": 0.7524377250817152,
    "std": 0.18921547146206813,
    "ulcer_index": 8.683584898363925,
    "upi": 1.186040380578611,
    "us_allocation": 92
}