{
    "beta": 0.8060042176315805,
    "cagr": 0.08690590796349307,
    "end_val": 18507.162916157937,
    "max_drawdown": -0.34504628166175805,
    "mwrr": 0.08690590796349307,
    "sharpe": 0.385366493642936,
    "sortino": 0.5261648030966344,
    "std": 0.16554229825787342,
    "ulcer_index": 9.80284457275593,
    "upi": 0.650779480241147,
    "us_allocation": 24
}