{
    "beta": 0.8361789202908991,
    "cagr": 0.0940766884735178,
    "end_val": 19428.307085916615,
    "max_drawdown": -0.3438688835956032,
    "mwrr": 0.0940766884735178,
    "sharpe": 0.41877330728425977,
    "sortino": 0.5728446153978036,
    "std": 0.16805633312829824,
    "ulcer_index": 9.436015979534822,
    "upi": 0.7458448202067856,
    "us_allocation": 35
}