{
    "beta": 0.8032484464528713,
    "cagr": 0.08625107751032135,
    "end_val": 18424.9588984627,
    "max_drawdown": -0.3451534941258369,
    "mwrr": 0.08625107751032135,
    "sharpe": 0.38218107812424373,
    "sortino": 0.5217275408979075,
    "std": 0.16534345853240218,
    "ulcer_index": 9.839114811571486,
    "upi": 0.6422486236870734,
    "us_allocation": 23
}