{
    "beta": 0.9118875347609523,
    "cagr": 0.11206487140646382,
    "end_val": 21915.448451022865,
    "max_drawdown": -0.343802193822662,
    "mwrr": 0.11206487140646382,
    "sharpe": 0.49007253195504086,
    "sortino": 0.673595521614317,
    "std": 0.1769208608770616,
    "ulcer_index": 8.777173698976469,
    "upi": 0.9878439566425314,
    "us_allocation": 63
}