{
    "beta": 0.8279744426769466,
    "cagr": 0.09212688852174922,
    "end_val": 19174.00011190268,
    "max_drawdown": -0.34418964004152885,
    "mwrr": 0.09212688852174922,
    "sharpe": 0.40996227976267763,
    "sortino": 0.5605056092355807,
    "std": 0.16731241618010664,
    "ulcer_index": 9.530516404406889,
    "upi": 0.7197121743451989,
    "us_allocation": 32
}