{
    "beta": 0.9518328834629777,
    "cagr": 0.12154722840881793,
    "end_val": 23333.96195803554,
    "max_drawdown": -0.3461323347947593,
    "mwrr": 0.12154722840881793,
    "sharpe": 0.5204361714697062,
    "sortino": 0.7173785972195799,
    "std": 0.18293294692750142,
    "ulcer_index": 8.636322169599174,
    "upi": 1.1023874989145628,
    "us_allocation": 78
}