{
    "beta": 0.9038485361800294,
    "cagr": 0.11015557347746774,
    "end_val": 21639.031044879208,
    "max_drawdown": -0.34352702078168,
    "mwrr": 0.11015557347746774,
    "sharpe": 0.48336486084902064,
    "sortino": 0.6640170193784525,
    "std": 0.17581677727705278,
    "ulcer_index": 8.826977188734864,
    "upi": 0.9627798601918114,
    "us_allocation": 60
}