{
    "beta": 1.0018561822950836,
    "cagr": 0.13340608463628745,
    "end_val": 25219.172484428418,
    "max_drawdown": -0.3492394691472204,
    "mwrr": 0.13340608463628745,
    "sharpe": 0.5518581409043554,
    "sortino": 0.7636966171878135,
    "std": 0.19160018627727687,
    "ulcer_index": 8.704243689412428,
    "upi": 1.2147755809757057,
    "us_allocation": 97
}