{
    "beta": 0.970335422819079,
    "cagr": 0.12593596404950858,
    "end_val": 24016.918679698785,
    "max_drawdown": -0.3472845783089093,
    "mwrr": 0.12593596404950858,
    "sharpe": 0.5328811722231618,
    "sortino": 0.7355774248673719,
    "std": 0.18599867006507811,
    "ulcer_index": 8.657868327125577,
    "upi": 1.1448088045990057,
    "us_allocation": 85
}