{
    "beta": 0.898479757560214,
    "cagr": 0.10888032132276337,
    "end_val": 21456.09090263667,
    "max_drawdown": -0.34334317037260953,
    "mwrr": 0.10888032132276337,
    "sharpe": 0.4787716494879454,
    "sortino": 0.6574751685114832,
    "std": 0.17510001754330934,
    "ulcer_index": 8.861626879005522,
    "upi": 0.9460296498283982,
    "us_allocation": 58
}