{
    "beta": 0.9172374917449698,
    "cagr": 0.113335353949654,
    "end_val": 22101.068739744733,
    "max_drawdown": -0.3439852420293464,
    "mwrr": 0.113335353949654,
    "sharpe": 0.49442410615360616,
    "sortino": 0.6798261238540338,
    "std": 0.17767582833315126,
    "ulcer_index": 8.745446614196885,
    "upi": 1.0044993088202083,
    "us_allocation": 65
}