{
    "beta": 0.980869788250099,
    "cagr": 0.1284334846229831,
    "end_val": 24413.235072024996,
    "max_drawdown": -0.3479390522998928,
    "mwrr": 0.1284334846229831,
    "sharpe": 0.5395282672807369,
    "sortino": 0.7453720075198287,
    "std": 0.18781898794115479,
    "ulcer_index": 8.672096035975345,
    "upi": 1.1685124509103937,
    "us_allocation": 89
}