{
    "beta": 0.8633948811016056,
    "cagr": 0.10054442585445655,
    "end_val": 20292.875519801044,
    "max_drawdown": -0.3428015972656322,
    "mwrr": 0.10054442585445655,
    "sharpe": 0.44649843430314745,
    "sortino": 0.6118042363759835,
    "std": 0.1708368277541156,
    "ulcer_index": 9.14760396005221,
    "upi": 0.833868412103649,
    "us_allocation": 45
}