{
    "beta": 0.8877193087174922,
    "cagr": 0.10632407560785939,
    "end_val": 21093.410024586046,
    "max_drawdown": -0.34297450163141063,
    "mwrr": 0.10632407560785939,
    "sharpe": 0.4692903967831955,
    "sortino": 0.644009829705432,
    "std": 0.17371400242796103,
    "ulcer_index": 8.936559393155562,
    "upi": 0.912241236426195,
    "us_allocation": 54
}