{
    "beta": 0.7783496932293276,
    "cagr": 0.08033540761474955,
    "end_val": 17696.52951316483,
    "max_drawdown": -0.3461197321893867,
    "mwrr": 0.08033540761474955,
    "sharpe": 0.3524368902072771,
    "sortino": 0.48038957924948533,
    "std": 0.1637864535402148,
    "ulcer_index": 10.238315437111106,
    "upi": 0.5638110840550573,
    "us_allocation": 14
}