{
    "beta": 0.7755722780085732,
    "cagr": 0.0796756366138307,
    "end_val": 17616.8535038997,
    "max_drawdown": -0.3462272395176928,
    "mwrr": 0.0796756366138307,
    "sharpe": 0.34901549325715514,
    "sortino": 0.4756450064152216,
    "std": 0.16363983365022775,
    "ulcer_index": 10.294483112889832,
    "upi": 0.5547942319612611,
    "us_allocation": 13
}