{
    "beta": 0.9011650955617075,
    "cagr": 0.10951818632465482,
    "end_val": 21547.427384178078,
    "max_drawdown": -0.3434351358189964,
    "mwrr": 0.10951818632465482,
    "sharpe": 0.48108046446246716,
    "sortino": 0.6607617956711919,
    "std": 0.1754564457627764,
    "ulcer_index": 8.844158731284002,
    "upi": 0.9544081132328982,
    "us_allocation": 59
}