{
    "beta": 0.8334461541000472,
    "cagr": 0.09342724272672931,
    "end_val": 19343.27973511552,
    "max_drawdown": -0.3439757731079908,
    "mwrr": 0.09342724272672931,
    "sharpe": 0.4158615058604953,
    "sortino": 0.5687647164981677,
    "std": 0.16780361262196614,
    "ulcer_index": 9.467074451357236,
    "upi": 0.7371187987187978,
    "us_allocation": 34
}