{
    "beta": 0.8525326836705175,
    "cagr": 0.09796314956096652,
    "end_val": 19943.91930562241,
    "max_drawdown": -0.3432281611244189,
    "mwrr": 0.09796314956096652,
    "sharpe": 0.43571262174031883,
    "sortino": 0.5966225879748266,
    "std": 0.16967029615111198,
    "ulcer_index": 9.258135240373983,
    "upi": 0.7985200293026897,
    "us_allocation": 41
}