{
    "beta": 0.7588612528335568,
    "cagr": 0.0757065674784907,
    "end_val": 17144.049819395965,
    "max_drawdown": -0.3470159792909478,
    "mwrr": 0.0757065674784907,
    "sharpe": 0.3280201320638884,
    "sortino": 0.44657578738789605,
    "std": 0.16287407506205098,
    "ulcer_index": 10.645820451982559,
    "upi": 0.5018522686842707,
    "us_allocation": 7
}