{
    "beta": 0.9992388162715014,
    "cagr": 0.13278614211822304,
    "end_val": 25117.45632727752,
    "max_drawdown": -0.34907753538472575,
    "mwrr": 0.13278614211822304,
    "sharpe": 0.5503851192518878,
    "sortino": 0.7614956365488676,
    "std": 0.19111764907083192,
    "ulcer_index": 8.699979935903125,
    "upi": 1.2090741690445426,
    "us_allocation": 96
}