{
    "beta": 0.967697483004629,
    "cagr": 0.1253104117935,
    "end_val": 23918.529241693817,
    "max_drawdown": -0.3471205123216544,
    "mwrr": 0.1253104117935,
    "sharpe": 0.5311674201671748,
    "sortino": 0.7330609068882329,
    "std": 0.18555122349595649,
    "ulcer_index": 8.654500240898571,
    "upi": 1.1388249643787203,
    "us_allocation": 84
}