{
    "beta": 0.8874870505962941,
    "cagr": 0.08610143194734077,
    "end_val": 16951.843107779667,
    "max_drawdown": -0.3429745016314109,
    "mwrr": 0.08610143194734077,
    "sharpe": 0.3323204727394606,
    "sortino": 0.45457973901625126,
    "std": 0.1849461651665377,
    "ulcer_index": 9.604255704932502,
    "upi": 0.6399290800509092,
    "us_allocation": 54
}