{
    "beta": 0.865884052268534,
    "cagr": 0.07951577613100391,
    "end_val": 16305.647331632827,
    "max_drawdown": -0.3426950292479096,
    "mwrr": 0.07951577613100391,
    "sharpe": 0.304019049051216,
    "sortino": 0.4151662289388977,
    "std": 0.1821354675003895,
    "ulcer_index": 9.802487736379263,
    "upi": 0.5648729010219276,
    "us_allocation": 46
}