{
    "beta": 0.8901782061697863,
    "cagr": 0.08692327306477177,
    "end_val": 17033.978583824755,
    "max_drawdown": -0.3430667900723855,
    "mwrr": 0.08692327306477177,
    "sharpe": 0.33574259768748915,
    "sortino": 0.4593578166680836,
    "std": 0.18531649907777872,
    "ulcer_index": 9.582211468157238,
    "upi": 0.6493040113135492,
    "us_allocation": 55
}