{
    "beta": 0.8386922312947007,
    "cagr": 0.07125621214178324,
    "end_val": 15524.68599783993,
    "max_drawdown": -0.3437620233700791,
    "mwrr": 0.07125621214178324,
    "sharpe": 0.2663557521922195,
    "sortino": 0.36294991327782977,
    "std": 0.17902272905032687,
    "ulcer_index": 10.108073571742917,
    "upi": 0.47172809585522124,
    "us_allocation": 36
}