{
    "beta": 0.9062827806492405,
    "cagr": 0.09184797730802163,
    "end_val": 17533.223805934667,
    "max_drawdown": -0.34361882536626814,
    "mwrr": 0.09184797730802163,
    "sharpe": 0.35573578594373356,
    "sortino": 0.487334465647322,
    "std": 0.187623377336158,
    "ulcer_index": 9.468372424316557,
    "upi": 0.704909685642214,
    "us_allocation": 61
}