{
    "beta": 0.8767020263250901,
    "cagr": 0.08281103629878395,
    "end_val": 16626.335912788272,
    "max_drawdown": -0.3426045366541197,
    "mwrr": 0.08281103629878395,
    "sharpe": 0.3183749262617433,
    "sortino": 0.4351370464953384,
    "std": 0.1835065620559577,
    "ulcer_index": 9.69685598323071,
    "upi": 0.6024929216902692,
    "us_allocation": 50
}