{
    "beta": 0.993611940815678,
    "cagr": 0.11874192067961653,
    "end_val": 20482.885706636836,
    "max_drawdown": -0.3487531392927548,
    "mwrr": 0.11874192067961653,
    "sharpe": 0.4496470286631244,
    "sortino": 0.6205556833108388,
    "std": 0.20261652456772553,
    "ulcer_index": 9.339635058989668,
    "upi": 0.97547398862922,
    "us_allocation": 94
}