{
    "beta": 0.7919686250097503,
    "cagr": 0.05714397088360901,
    "end_val": 14263.31935277491,
    "max_drawdown": -0.3455826384213786,
    "mwrr": 0.05714397088360901,
    "sharpe": 0.19679011432523877,
    "sortino": 0.26714588623640934,
    "std": 0.17484959193590355,
    "ulcer_index": 10.734998399505967,
    "upi": 0.3205180674358705,
    "us_allocation": 19
}