{
    "beta": 0.7473945596355135,
    "cagr": 0.043778889719659375,
    "end_val": 13149.55474967582,
    "max_drawdown": -0.3526148064743603,
    "mwrr": 0.043778889719659375,
    "sharpe": 0.12575419204714725,
    "sortino": 0.1700937331144934,
    "std": 0.17234004343487375,
    "ulcer_index": 11.786893111397713,
    "upi": 0.18386233992684461,
    "us_allocation": 3
}