{
    "beta": 0.9329651737213691,
    "cagr": 0.10003178775600863,
    "end_val": 18390.15562405934,
    "max_drawdown": -0.34497120434542927,
    "mwrr": 0.10003178775600863,
    "sharpe": 0.38701658212351825,
    "sortino": 0.53134520309885,
    "std": 0.19177549536078112,
    "ulcer_index": 9.317234236494278,
    "upi": 0.796583944903775,
    "us_allocation": 71
}