{
    "beta": 0.9276443237785295,
    "cagr": 0.09839741802127544,
    "end_val": 18216.254492666594,
    "max_drawdown": -0.34463780609046685,
    "mwrr": 0.09839741802127544,
    "sharpe": 0.38096267522447175,
    "sortino": 0.5228038553463442,
    "std": 0.19091563999987968,
    "ulcer_index": 9.34119402750698,
    "upi": 0.778604867630903,
    "us_allocation": 69
}