{
    "beta": 0.7417804236494406,
    "cagr": 0.04210251976672108,
    "end_val": 13015.184363331675,
    "max_drawdown": -0.3554096000960146,
    "mwrr": 0.04210251976672108,
    "sharpe": 0.11656045136767239,
    "sortino": 0.15758739404919192,
    "std": 0.17212980100278946,
    "ulcer_index": 11.963373225256358,
    "upi": 0.16770140723970647,
    "us_allocation": 1
}