{
    "beta": 0.755797860118037,
    "cagr": 0.04629104264929551,
    "end_val": 13353.107537773552,
    "max_drawdown": -0.34840895807787114,
    "mwrr": 0.04629104264929551,
    "sharpe": 0.1394259696499043,
    "sortino": 0.18871522525021822,
    "std": 0.17269948181186504,
    "ulcer_index": 11.527012543346155,
    "upi": 0.20888246568617616,
    "us_allocation": 6
}