{
    "beta": 0.8495944035624869,
    "cagr": 0.07456372137196543,
    "end_val": 15833.542132407858,
    "max_drawdown": -0.3433348750960177,
    "mwrr": 0.07456372137196543,
    "sharpe": 0.281722075451496,
    "sortino": 0.38422316805620726,
    "std": 0.18021236806250532,
    "ulcer_index": 9.980641219704037,
    "upi": 0.5086717984198056,
    "us_allocation": 40
}