{
    "beta": 1.0066678054621598,
    "cagr": 0.122788796435775,
    "end_val": 20960.995264694946,
    "max_drawdown": -0.3495628095390716,
    "mwrr": 0.122788796435775,
    "sharpe": 0.4616415432883343,
    "sortino": 0.6378429020673657,
    "std": 0.20518329225745063,
    "ulcer_index": 9.361847684909947,
    "upi": 1.011777250350981,
    "us_allocation": 99
}