{
    "beta": 0.8794013554068362,
    "cagr": 0.0836340904934394,
    "end_val": 16707.259045695242,
    "max_drawdown": -0.3426971497942736,
    "mwrr": 0.0836340904934394,
    "sharpe": 0.3218998463477478,
    "sortino": 0.44004720855051194,
    "std": 0.1838601307556737,
    "ulcer_index": 9.67304730021561,
    "upi": 0.6118396757197184,
    "us_allocation": 51
}