{
    "beta": 0.8550327146730142,
    "cagr": 0.07621563159557487,
    "end_val": 15989.72831756611,
    "max_drawdown": -0.34312147636757323,
    "mwrr": 0.07621563159557487,
    "sharpe": 0.2892554601760707,
    "sortino": 0.3946676874872967,
    "std": 0.18083520702042183,
    "ulcer_index": 9.919508328276507,
    "upi": 0.5273092715007819,
    "us_allocation": 42
}