{
    "beta": 1.0014508096150483,
    "cagr": 0.12117092016357711,
    "end_val": 20768.737678981855,
    "max_drawdown": -0.3492394691472206,
    "mwrr": 0.12117092016357711,
    "sharpe": 0.4569098044965055,
    "sortino": 0.6310143624990053,
    "std": 0.20414836019344137,
    "ulcer_index": 9.35277153091735,
    "upi": 0.9973220413422387,
    "us_allocation": 97
}