{
    "beta": 0.9382783053974897,
    "cagr": 0.10166496576606932,
    "end_val": 18565.326681012783,
    "max_drawdown": -0.3453038687208714,
    "mwrr": 0.10166496576606932,
    "sharpe": 0.3929704819598177,
    "sortino": 0.5397580542991831,
    "std": 0.1926495201004238,
    "ulcer_index": 9.306167926027632,
    "upi": 0.8134917480227905,
    "us_allocation": 73
}