{
    "beta": 0.8277556337010101,
    "cagr": 0.06794376705331007,
    "end_val": 15220.47779955034,
    "max_drawdown": -0.344189640041529,
    "mwrr": 0.06794376705331007,
    "sharpe": 0.2505962940502627,
    "sortino": 0.3411746502736287,
    "std": 0.1779097434477291,
    "ulcer_index": 10.242589915930138,
    "upi": 0.4352649704922486,
    "us_allocation": 32
}