{
    "beta": 0.8468720642702333,
    "cagr": 0.07373730564941905,
    "end_val": 15755.889707270238,
    "max_drawdown": -0.34344161829437125,
    "mwrr": 0.07373730564941905,
    "sharpe": 0.27791778304654596,
    "sortino": 0.37895265742840567,
    "std": 0.17990789889703682,
    "ulcer_index": 10.011842400154176,
    "upi": 0.4993936429214816,
    "us_allocation": 39
}