{
    "beta": 0.9883770477050111,
    "cagr": 0.11712112816203968,
    "end_val": 20293.997930623467,
    "max_drawdown": -0.34842803652572796,
    "mwrr": 0.11712112816203968,
    "sharpe": 0.4446934394519971,
    "sortino": 0.6134374132015669,
    "std": 0.2016093437539874,
    "ulcer_index": 9.331225594396095,
    "upi": 0.9607965917562338,
    "us_allocation": 92
}