{
    "beta": 0.752999136850738,
    "cagr": 0.045453978083851876,
    "end_val": 13284.98934587251,
    "max_drawdown": -0.3498127299739994,
    "mwrr": 0.045453978083851876,
    "sharpe": 0.1348850886532865,
    "sortino": 0.18252740232955186,
    "std": 0.17257383040893295,
    "ulcer_index": 11.612974166445714,
    "upi": 0.20043763435092316,
    "us_allocation": 5
}