{
    "beta": 0.8222742893918175,
    "cagr": 0.06628568690242131,
    "end_val": 15070.101588417212,
    "max_drawdown": -0.3444036242671049,
    "mwrr": 0.06628568690242131,
    "sharpe": 0.24257196955828897,
    "sortino": 0.3301037584533147,
    "std": 0.17738271721332358,
    "ulcer_index": 10.312538406930083,
    "upi": 0.4172295697108949,
    "us_allocation": 30
}