{
    "beta": 0.922315707788399,
    "cagr": 0.0967618543532145,
    "end_val": 18043.61700598688,
    "max_drawdown": -0.34430367152482294,
    "mwrr": 0.0967618543532145,
    "sharpe": 0.3748081521552242,
    "sortino": 0.5141325843273754,
    "std": 0.19007022533313708,
    "ulcer_index": 9.36883211352762,
    "upi": 0.7603839193432966,
    "us_allocation": 67
}