{
    "beta": 0.8332282627628549,
    "cagr": 0.06960060790477196,
    "end_val": 15372.003927868485,
    "max_drawdown": -0.34397577310799055,
    "mwrr": 0.06960060790477196,
    "sharpe": 0.25852463141388377,
    "sortino": 0.352124074032996,
    "std": 0.17845650993362402,
    "ulcer_index": 10.174404382862443,
    "upi": 0.4534347852448888,
    "us_allocation": 34
}