{
    "beta": 0.980511126733677,
    "cagr": 0.11468774520893388,
    "end_val": 20013.170501964752,
    "max_drawdown": -0.34793905229989264,
    "mwrr": 0.11468774520893388,
    "sharpe": 0.43709272652911196,
    "sortino": 0.6025380808601616,
    "std": 0.20012022189196702,
    "ulcer_index": 9.319194466501084,
    "upi": 0.9386086831359527,
    "us_allocation": 89
}