{
    "beta": 0.9303057165117227,
    "cagr": 0.09921475199171814,
    "end_val": 18303.046710532293,
    "max_drawdown": -0.34480459710458455,
    "mwrr": 0.09921475199171814,
    "sharpe": 0.3840021690900655,
    "sortino": 0.5270906525979798,
    "std": 0.19134377961413226,
    "ulcer_index": 9.327787486609735,
    "upi": 0.7877077305079283,
    "us_allocation": 70
}