{
    "beta": 0.9778855091415812,
    "cagr": 0.11387603145537706,
    "end_val": 19920.225947632684,
    "max_drawdown": -0.34777570170968003,
    "mwrr": 0.11387603145537706,
    "sharpe": 0.4345132041396868,
    "sortino": 0.5988450960812226,
    "std": 0.19962974010725557,
    "ulcer_index": 9.31533166651451,
    "upi": 0.931168241690914,
    "us_allocation": 88
}