{
    "beta": 0.9726287744506675,
    "cagr": 0.11225172329542521,
    "end_val": 19735.328919946594,
    "max_drawdown": -0.3474484650069542,
    "mwrr": 0.11225172329542521,
    "sharpe": 0.42928445766554235,
    "sortino": 0.59136841621084,
    "std": 0.1986577959578129,
    "ulcer_index": 9.307867832123417,
    "upi": 0.9162174670347958,
    "us_allocation": 86
}