{
    "beta": 0.9515276777360403,
    "cagr": 0.10574271128039237,
    "end_val": 19008.851585214044,
    "max_drawdown": -0.3461323347947595,
    "mwrr": 0.10574271128039237,
    "sharpe": 0.4074222332574434,
    "sortino": 0.5602342357858295,
    "std": 0.19489481775995965,
    "ulcer_index": 9.281606228454123,
    "upi": 0.8554975670330817,
    "us_allocation": 78
}