{
    "beta": 0.8955544409916996,
    "cagr": 0.08856604804920609,
    "end_val": 17199.165349615174,
    "max_drawdown": -0.3432511243367281,
    "mwrr": 0.08856604804920609,
    "sharpe": 0.3425097146156893,
    "sortino": 0.4688148999670725,
    "std": 0.1860694347895439,
    "ulcer_index": 9.542868071554688,
    "upi": 0.6678249715048934,
    "us_allocation": 57
}