{
    "beta": 0.8631743619984743,
    "cagr": 0.07869119869116781,
    "end_val": 16226.222342172492,
    "max_drawdown": -0.3428015972656324,
    "mwrr": 0.07869119869116781,
    "sharpe": 0.3003662343306832,
    "sortino": 0.41009078664426285,
    "std": 0.18180367065646968,
    "ulcer_index": 9.831083745940573,
    "upi": 0.5554486410634369,
    "us_allocation": 45
}