{
    "beta": 0.7697561271143781,
    "cagr": 0.0504715847702657,
    "end_val": 13697.73657144075,
    "max_drawdown": -0.346442342846418,
    "mwrr": 0.0504715847702657,
    "sharpe": 0.1618694693167315,
    "sortino": 0.21934256447410377,
    "std": 0.17341413755683852,
    "ulcer_index": 11.18607354226188,
    "upi": 0.2509324326230207,
    "us_allocation": 11
}