{
    "beta": 0.9541718636585802,
    "cagr": 0.10655737118653441,
    "end_val": 19098.5224121423,
    "max_drawdown": -0.34629748272167366,
    "mwrr": 0.10655737118653441,
    "sharpe": 0.41023911430097754,
    "sortino": 0.5642348377353368,
    "std": 0.19535393964572068,
    "ulcer_index": 9.28427714172595,
    "upi": 0.8631935512690847,
    "us_allocation": 79
}