{
    "beta": 0.8002606504804869,
    "cagr": 0.05964091860329823,
    "end_val": 14479.975932348072,
    "max_drawdown": -0.34526073602171403,
    "mwrr": 0.05964091860329823,
    "sharpe": 0.20954407451039223,
    "sortino": 0.28465107295049286,
    "std": 0.17547770032842536,
    "ulcer_index": 10.613868100171569,
    "upi": 0.34642627124736103,
    "us_allocation": 22
}