{
    "beta": 0.9831349186369707,
    "cagr": 0.11549916574555819,
    "end_val": 20106.446816507858,
    "max_drawdown": -0.3481022247719619,
    "mwrr": 0.11549916574555819,
    "sharpe": 0.439649185936751,
    "sortino": 0.6062010223666091,
    "std": 0.2006136697440882,
    "ulcer_index": 9.323138777304463,
    "upi": 0.9460261922908558,
    "us_allocation": 90
}