{
    "beta": 0.9620931488977332,
    "cagr": 0.1089995772743193,
    "end_val": 19369.48083538864,
    "max_drawdown": -0.3467918413013891,
    "mwrr": 0.1089995772743193,
    "sharpe": 0.4185446810771081,
    "sortino": 0.5760490648507548,
    "std": 0.19675084601484635,
    "ulcer_index": 9.293889948013614,
    "upi": 0.8860502856031436,
    "us_allocation": 82
}