{
    "beta": 0.8577486997620289,
    "cagr": 0.07704112674017671,
    "end_val": 16068.263597990439,
    "max_drawdown": -0.343014820813485,
    "mwrr": 0.07704112674017671,
    "sharpe": 0.29298437137605654,
    "sortino": 0.39984135562362955,
    "std": 0.1811535039770565,
    "ulcer_index": 9.889587677432166,
    "upi": 0.5366661357693722,
    "us_allocation": 43
}