{
    "beta": 0.9568141669769709,
    "cagr": 0.10737173531280808,
    "end_val": 19188.51703407719,
    "max_drawdown": -0.3464624495834508,
    "mwrr": 0.10737173531280808,
    "sharpe": 0.41303174359194433,
    "sortino": 0.5682041002772794,
    "std": 0.1958163397155959,
    "ulcer_index": 9.287402046394059,
    "upi": 0.8708338379500645,
    "us_allocation": 80
}