{
    "beta": 0.8359613261915071,
    "cagr": 0.07042856443337597,
    "end_val": 15448.200093056355,
    "max_drawdown": -0.34386888359560336,
    "mwrr": 0.07042856443337597,
    "sharpe": 0.26245241559476856,
    "sortino": 0.35755256535768515,
    "std": 0.17873720594740353,
    "ulcer_index": 10.141024025810193,
    "upi": 0.46256569651814256,
    "us_allocation": 35
}