{
    "beta": 0.9909953959871974,
    "cagr": 0.11793167053559217,
    "end_val": 20388.27433436139,
    "max_drawdown": -0.3485906763878675,
    "mwrr": 0.11793167053559217,
    "sharpe": 0.4471814995989993,
    "sortino": 0.6170112314940893,
    "std": 0.2021115105188365,
    "ulcer_index": 9.3353826549398,
    "upi": 0.9681477483800349,
    "us_allocation": 93
}