{
    "beta": 0.9036036964147209,
    "cagr": 0.09102794684759186,
    "end_val": 17449.24663823864,
    "max_drawdown": -0.34352702078167996,
    "mwrr": 0.09102794684759186,
    "sharpe": 0.35246773474155807,
    "sortino": 0.4827536909269788,
    "std": 0.18722897174213285,
    "ulcer_index": 9.48653150644474,
    "upi": 0.6956312868973761,
    "us_allocation": 60
}