{
    "beta": 0.9488816034104389,
    "cagr": 0.10492775533049281,
    "end_val": 18919.50376120141,
    "max_drawdown": -0.3459670055044427,
    "mwrr": 0.10492775533049281,
    "sharpe": 0.40458099544557885,
    "sortino": 0.5562021794666255,
    "std": 0.19443900640651518,
    "ulcer_index": 9.28617893793293,
    "upi": 0.8471271152417753,
    "us_allocation": 77
}