{
    "beta": 0.8685916573476165,
    "cagr": 0.08034004829992614,
    "end_val": 16385.370417940125,
    "max_drawdown": -0.3425884903850288,
    "mwrr": 0.08034004829992614,
    "sharpe": 0.30764637310259485,
    "sortino": 0.4202085996761335,
    "std": 0.18247169144600311,
    "ulcer_index": 9.774326854510875,
    "upi": 0.5743178915899211,
    "us_allocation": 47
}