{
    "beta": 0.8250160543885594,
    "cagr": 0.06711488205921223,
    "end_val": 15145.146330302103,
    "max_drawdown": -0.3442966174867825,
    "mwrr": 0.06711488205921223,
    "sharpe": 0.24659604819529815,
    "sortino": 0.33565424839434005,
    "std": 0.17764374488582385,
    "ulcer_index": 10.277348598687844,
    "upi": 0.4262298665528075,
    "us_allocation": 31
}