{
    "beta": 0.8441475935978177,
    "cagr": 0.07291058242118287,
    "end_val": 15678.530048302466,
    "max_drawdown": -0.34354839073148813,
    "mwrr": 0.07291058242118287,
    "sharpe": 0.27408855731000314,
    "sortino": 0.37365016759584174,
    "std": 0.17960811178808098,
    "ulcer_index": 10.043478438961941,
    "upi": 0.49014317535075363,
    "us_allocation": 38
}