{
    "beta": 0.8195303318052534,
    "cagr": 0.06545618124286867,
    "end_val": 14995.342823091276,
    "max_drawdown": -0.34451066039456446,
    "mwrr": 0.06545618124286867,
    "sharpe": 0.23852423257685096,
    "sortino": 0.32452347025979456,
    "std": 0.17712669611286214,
    "ulcer_index": 10.348154763775558,
    "upi": 0.4082650117009142,
    "us_allocation": 29
}