{
    "beta": 0.9116349848548913,
    "cagr": 0.09348713626455574,
    "end_val": 17702.10791003956,
    "max_drawdown": -0.34380219382266175,
    "mwrr": 0.09348713626455574,
    "sharpe": 0.3621951473914601,
    "sortino": 0.4963979089442624,
    "std": 0.18842381638275113,
    "ulcer_index": 9.432989396751228,
    "upi": 0.7234752952833442,
    "us_allocation": 63
}