{
    "beta": 0.7501980392418685,
    "cagr": 0.044616593904005075,
    "end_val": 13217.138658757549,
    "max_drawdown": -0.35121467909729315,
    "mwrr": 0.044616593904005075,
    "sharpe": 0.13032769792320617,
    "sortino": 0.1763200293978921,
    "std": 0.17245400800837501,
    "ulcer_index": 11.699606250109175,
    "upi": 0.1920978143466571,
    "us_allocation": 4
}