{
    "beta": 0.8820986315618726,
    "cagr": 0.08445684096372097,
    "end_val": 16788.48410941611,
    "max_drawdown": -0.34278968159917206,
    "mwrr": 0.08445684096372097,
    "sharpe": 0.32539908838524473,
    "sortino": 0.44492440560964175,
    "std": 0.1842179449422331,
    "ulcer_index": 9.64967597808101,
    "upi": 0.6211955302051858,
    "us_allocation": 52
}