{
    "beta": 1.0092736447015433,
    "cagr": 0.12359729827186627,
    "end_val": 21057.633360219865,
    "max_drawdown": -0.3497242167400991,
    "mwrr": 0.12359729827186627,
    "sharpe": 0.4639748045596317,
    "sortino": 0.6412144112002459,
    "std": 0.20570478610598875,
    "ulcer_index": 9.366471624382761,
    "upi": 1.0189725621376235,
    "us_allocation": 100
}