{
    "beta": 0.7864292682605173,
    "cagr": 0.055477767846819015,
    "end_val": 14120.271758197188,
    "max_drawdown": -0.345797387402541,
    "mwrr": 0.055477767846819015,
    "sharpe": 0.18818116869592005,
    "sortino": 0.25534393252966453,
    "std": 0.17445773804367495,
    "ulcer_index": 10.824775097700671,
    "upi": 0.3032729821106179,
    "us_allocation": 17
}