{
    "beta": 0.9196484725021261,
    "cagr": 0.09594362409755042,
    "end_val": 17957.770170289812,
    "max_drawdown": -0.34413632736281935,
    "mwrr": 0.09594362409755042,
    "sharpe": 0.37169298672562867,
    "sortino": 0.5097479205441467,
    "std": 0.18965301877068452,
    "ulcer_index": 9.383124191979975,
    "upi": 0.7512625982865606,
    "us_allocation": 66
}