{
    "beta": 0.8030201518106121,
    "cagr": 0.06047260745619942,
    "end_val": 14552.753808060152,
    "max_drawdown": -0.3451534941258372,
    "mwrr": 0.06047260745619942,
    "sharpe": 0.2137518218153703,
    "sortino": 0.29043187162714706,
    "std": 0.1756976883543226,
    "ulcer_index": 10.574346238734421,
    "upi": 0.35514829056834524,
    "us_allocation": 23
}