{
    "beta": 0.860462580012667,
    "cagr": 0.07786631566618807,
    "end_val": 16147.094685388853,
    "max_drawdown": -0.34290819445016557,
    "mwrr": 0.07786631566618807,
    "sharpe": 0.29668798679700303,
    "sortino": 0.4049824326734309,
    "std": 0.1814763373365197,
    "ulcer_index": 9.860122064273929,
    "upi": 0.5460457628192005,
    "us_allocation": 44
}