{
    "beta": 0.7613882140957182,
    "cagr": 0.047964214487068446,
    "end_val": 13490.149347665474,
    "max_drawdown": -0.3467652197027067,
    "mwrr": 0.047964214487068446,
    "sharpe": 0.1484566631334768,
    "sortino": 0.20103005779231042,
    "std": 0.17296815433416252,
    "ulcer_index": 11.374864382591674,
    "upi": 0.22573767780979834,
    "us_allocation": 8
}