{
    "beta": 0.7641798599626791,
    "cagr": 0.04880032252933475,
    "end_val": 13559.074423877799,
    "max_drawdown": -0.34665756448591334,
    "mwrr": 0.04880032252933475,
    "sharpe": 0.15294572582743832,
    "sortino": 0.20715602211038,
    "std": 0.17311111584396313,
    "ulcer_index": 11.31073636794326,
    "upi": 0.2340755494461013,
    "us_allocation": 9
}