{
    "beta": 0.9673646694943872,
    "cagr": 0.11062623924815163,
    "end_val": 19551.74934207471,
    "max_drawdown": -0.3471205123216543,
    "mwrr": 0.11062623924815163,
    "sharpe": 0.42396194069151394,
    "sortino": 0.583770038036024,
    "std": 0.19769808190824598,
    "ulcer_index": 9.300710316007349,
    "upi": 0.9011787456896567,
    "us_allocation": 84
}