{
    "beta": 0.9089598747442819,
    "cagr": 0.09266770701741378,
    "end_val": 17617.510637209954,
    "max_drawdown": -0.34371054967818276,
    "mwrr": 0.09266770701741378,
    "sharpe": 0.35897824401645534,
    "sortino": 0.49188254436806994,
    "std": 0.1880216706125232,
    "ulcer_index": 9.450524760532918,
    "upi": 0.7141913384842717,
    "us_allocation": 62
}