{
    "beta": 0.8057774114565177,
    "cagr": 0.06130398337502152,
    "end_val": 14625.812430131627,
    "max_drawdown": -0.34504628166175794,
    "mwrr": 0.06130398337502152,
    "sharpe": 0.21793737040028888,
    "sortino": 0.2961849437998928,
    "std": 0.17592292856712213,
    "ulcer_index": 10.535348199883282,
    "upi": 0.3639090336896907,
    "us_allocation": 24
}