{
    "beta": 0.9356227013695393,
    "cagr": 0.10084852558949509,
    "end_val": 18477.582018769448,
    "max_drawdown": -0.3451376281165609,
    "mwrr": 0.10084852558949509,
    "sharpe": 0.39000599244623063,
    "sortino": 0.5355676362234595,
    "std": 0.192210753408871,
    "ulcer_index": 9.311562156484726,
    "upi": 0.8050492340801607,
    "us_allocation": 72
}