{
    "beta": 0.9249809895387804,
    "cagr": 0.09757978556786906,
    "end_val": 18129.77818577107,
    "max_drawdown": -0.3444708309988469,
    "mwrr": 0.09757978556786906,
    "sharpe": 0.3778980263093779,
    "sortino": 0.5184845533134241,
    "std": 0.1904911105179604,
    "ulcer_index": 9.35486702790662,
    "upi": 0.7694973640302565,
    "us_allocation": 68
}