{
    "beta": 0.7445886903443497,
    "cagr": 0.042940865138648254,
    "end_val": 13082.23689282044,
    "max_drawdown": -0.3540131131317596,
    "mwrr": 0.042940865138648254,
    "sharpe": 0.12116497327142474,
    "sortino": 0.1638493360470872,
    "std": 0.1722319651021768,
    "ulcer_index": 11.874820347865912,
    "upi": 0.1757304675217508,
    "us_allocation": 2
}