{
    "beta": 0.7389697518000266,
    "cagr": 0.04126385320753223,
    "end_val": 12948.396437298556,
    "max_drawdown": -0.3568042683936002,
    "mwrr": 0.04126385320753223,
    "sharpe": 0.11194104349098169,
    "sortino": 0.1513084421802096,
    "std": 0.17203357869780356,
    "ulcer_index": 12.065052094422521,
    "upi": 0.15960858672406383,
    "us_allocation": 0
}