{
    "beta": 0.8140358111071189,
    "cagr": 0.06379623704621684,
    "end_val": 14846.680223425272,
    "max_drawdown": -0.3447248207391994,
    "mwrr": 0.06379623704621684,
    "sharpe": 0.2303585235024996,
    "sortino": 0.31327459734426055,
    "std": 0.1766298157104595,
    "ulcer_index": 10.421456438545246,
    "upi": 0.39041639433377107,
    "us_allocation": 27
}