{
    "beta": 0.7808807720868024,
    "cagr": 0.053810304445344626,
    "end_val": 13978.329360753101,
    "max_drawdown": -0.34601225440220784,
    "mwrr": 0.053810304445344626,
    "sharpe": 0.1794897922980713,
    "sortino": 0.2434403331698789,
    "std": 0.17408770366967802,
    "ulcer_index": 10.943625073156191,
    "upi": 0.2855173191564731,
    "us_allocation": 15
}