{
    "beta": 0.9435837662544034,
    "cagr": 0.10329695423680807,
    "end_val": 18741.773957629623,
    "max_drawdown": -0.3456358016372635,
    "mwrr": 0.10329695423680807,
    "sharpe": 0.39882504433264604,
    "sortino": 0.5480434576176864,
    "std": 0.19353744566976522,
    "ulcer_index": 9.295785021240071,
    "upi": 0.8303435675362921,
    "us_allocation": 75
}