{
    "beta": 0.8523146181474739,
    "cagr": 0.07538982991314458,
    "end_val": 15911.488082586799,
    "max_drawdown": -0.3432281611244193,
    "mwrr": 0.07538982991314458,
    "sharpe": 0.2855013325994298,
    "sortino": 0.38946157063025916,
    "std": 0.18052148290620543,
    "ulcer_index": 9.949863029892315,
    "upi": 0.5179773224014828,
    "us_allocation": 41
}