{
    "beta": 0.7974989003426642,
    "cagr": 0.05880891646160635,
    "end_val": 14407.478059476904,
    "max_drawdown": -0.34536800736151035,
    "mwrr": 0.05880891646160635,
    "sharpe": 0.20531437153908835,
    "sortino": 0.27884290200893697,
    "std": 0.17526299885371996,
    "ulcer_index": 10.653817774297721,
    "upi": 0.33774685628802165,
    "us_allocation": 21
}