{
    "beta": 0.9699976460844411,
    "cagr": 0.11143912838464454,
    "end_val": 19643.374848747637,
    "max_drawdown": -0.34728457830890913,
    "mwrr": 0.11143912838464454,
    "sharpe": 0.42663498207653155,
    "sortino": 0.5875844838373694,
    "std": 0.19817639474705154,
    "ulcer_index": 9.304249606286001,
    "upi": 0.9087091435149803,
    "us_allocation": 85
}