{
    "beta": 0.9409319917257823,
    "cagr": 0.10248110855817383,
    "end_val": 18653.390397965886,
    "max_drawdown": -0.34546992646058505,
    "mwrr": 0.10248110855817383,
    "sharpe": 0.39591013622290244,
    "sortino": 0.5439166307730412,
    "std": 0.1930917619542766,
    "ulcer_index": 9.300926377623577,
    "upi": 0.8219217692111397,
    "us_allocation": 74
}