{
    "beta": 0.7725407633725904,
    "cagr": 0.05130673972674904,
    "end_val": 13767.475106647875,
    "max_drawdown": -0.34633477639930765,
    "mwrr": 0.05130673972674904,
    "sharpe": 0.16630344925223556,
    "sortino": 0.2254021474665188,
    "std": 0.17357413597175822,
    "ulcer_index": 11.124847344585698,
    "upi": 0.2594641912806827,
    "us_allocation": 12
}