{
    "beta": 0.9462336348628894,
    "cagr": 0.10411250307153552,
    "end_val": 18830.478148827002,
    "max_drawdown": -0.3458014945518037,
    "mwrr": 0.10411250307153552,
    "sharpe": 0.40171529880238577,
    "sortino": 0.5521385994253494,
    "std": 0.19398653813025413,
    "ulcer_index": 9.290849287379418,
    "upi": 0.8387473565757629,
    "us_allocation": 76
}