{
    "beta": 0.8740006379112459,
    "cagr": 0.08198767807369989,
    "end_val": 16545.713942159273,
    "max_drawdown": -0.34251184207142243,
    "mwrr": 0.08198767807369989,
    "sharpe": 0.314824352419295,
    "sortino": 0.43019398036924145,
    "std": 0.18315727507374924,
    "ulcer_index": 9.721099670462124,
    "upi": 0.5931565881528622,
    "us_allocation": 49
}