{
    "beta": 0.8085324365138415,
    "cagr": 0.06213504671261094,
    "end_val": 14699.152542997477,
    "max_drawdown": -0.34493909861736277,
    "mwrr": 0.06213504671261094,
    "sharpe": 0.22210048589968195,
    "sortino": 0.3019099606507494,
    "std": 0.17615338639992079,
    "ulcer_index": 10.49696093348562,
    "upi": 0.3727045522742297,
    "us_allocation": 25
}