{
    "beta": 0.8414209848471343,
    "cagr": 0.07208355136122391,
    "end_val": 15601.462397522719,
    "max_drawdown": -0.3436551924193832,
    "mwrr": 0.07208355136122391,
    "sharpe": 0.2702345078776893,
    "sortino": 0.36831585370195624,
    "std": 0.17931304307528723,
    "ulcer_index": 10.075554134150071,
    "upi": 0.4809210850232445,
    "us_allocation": 37
}