{
    "beta": 0.8982395327964764,
    "cagr": 0.08938698251081334,
    "end_val": 17282.21818592889,
    "max_drawdown": -0.3433431703726095,
    "mwrr": 0.08938698251081334,
    "sharpe": 0.34585472461571837,
    "sortino": 0.47349397097745644,
    "std": 0.18645196497761996,
    "ulcer_index": 9.52378223415255,
    "upi": 0.6770878648656541,
    "us_allocation": 58
}