{
    "beta": 0.9009226158635836,
    "cagr": 0.09020761534580779,
    "end_val": 17365.57835699544,
    "max_drawdown": -0.34343513581899615,
    "mwrr": 0.09020761534580779,
    "sharpe": 0.3491740570304435,
    "sortino": 0.47814020349866,
    "std": 0.18683848914457862,
    "ulcer_index": 9.505002770373078,
    "upi": 0.6863569622477974,
    "us_allocation": 59
}