{
    "beta": 0.9962266877031639,
    "cagr": 0.1195518788376706,
    "end_val": 20577.83285148997,
    "max_drawdown": -0.3489154255290349,
    "mwrr": 0.1195518788376706,
    "sharpe": 0.45209016348097075,
    "sortino": 0.6240708955655707,
    "std": 0.20312435676495835,
    "ulcer_index": 9.343951253841395,
    "upi": 0.9827784573938582,
    "us_allocation": 95
}