{
    "beta": 0.7585942166684652,
    "cagr": 0.047127787988371805,
    "end_val": 13421.49396215784,
    "max_drawdown": -0.3470033623822586,
    "mwrr": 0.047127787988371805,
    "sharpe": 0.1439499541104989,
    "sortino": 0.19488295921169,
    "std": 0.17283093299198657,
    "ulcer_index": 11.441735536340103,
    "upi": 0.21743294020401868,
    "us_allocation": 7
}