{
    "beta": 0.8304930342082033,
    "cagr": 0.06877234222299577,
    "end_val": 15296.096747869477,
    "max_drawdown": -0.3440826919192834,
    "mwrr": 0.06877234222299577,
    "sharpe": 0.25457254104863086,
    "sortino": 0.34666468162688524,
    "std": 0.17818067709923485,
    "ulcer_index": 10.208267182303711,
    "upi": 0.44433390122340466,
    "us_allocation": 33
}