{
    "beta": 0.9857568904380878,
    "cagr": 0.11631029331409004,
    "end_val": 20200.055692164122,
    "max_drawdown": -0.34826521941706123,
    "mwrr": 0.11631029331409004,
    "sharpe": 0.44218271284327054,
    "sortino": 0.6098340796834801,
    "std": 0.2011100536340702,
    "ulcer_index": 9.327146977553904,
    "upi": 0.9534224217925148,
    "us_allocation": 91
}