{
    "beta": 0.9169792776333862,
    "cagr": 0.09512509451962958,
    "end_val": 17872.236896492228,
    "max_drawdown": -0.34398524202934655,
    "mwrr": 0.09512509451962958,
    "sharpe": 0.368552468265183,
    "sortino": 0.5053305588880166,
    "std": 0.18923952531190866,
    "ulcer_index": 9.39888022752384,
    "upi": 0.7420445963479688,
    "us_allocation": 65
}