{
    "beta": 0.7669691618016149,
    "cagr": 0.04963611249709676,
    "end_val": 13628.269921316287,
    "max_drawdown": -0.3465499388712201,
    "mwrr": 0.04963611249709676,
    "sharpe": 0.15741677941325385,
    "sortino": 0.21326035526423429,
    "std": 0.17325978715841492,
    "ulcer_index": 11.24771579668616,
    "upi": 0.24247629779783111,
    "us_allocation": 10
}