{
    "beta": 0.811285234050551,
    "cagr": 0.0629657978199607,
    "end_val": 14772.774892007692,
    "max_drawdown": -0.3448319449805436,
    "mwrr": 0.0629657978199607,
    "sharpe": 0.22624094261792976,
    "sortino": 0.3076066032011141,
    "std": 0.1763890270941494,
    "ulcer_index": 10.458996187358641,
    "upi": 0.381540574485481,
    "us_allocation": 26
}