{
    "beta": 0.7947348942456472,
    "cagr": 0.057976600674533696,
    "end_val": 14335.259446846028,
    "max_drawdown": -0.345475308157354,
    "mwrr": 0.057976600674533696,
    "sharpe": 0.20106296465623033,
    "sortino": 0.27300771921277933,
    "std": 0.17505361808087797,
    "ulcer_index": 10.694201389421659,
    "upi": 0.32911040259531577,
    "us_allocation": 20
}