{
    "beta": 0.9752580602553205,
    "cagr": 0.11306402423471362,
    "end_val": 19827.61235339987,
    "max_drawdown": -0.34761217270951605,
    "mwrr": 0.11306402423471362,
    "sharpe": 0.43191049010367577,
    "sortino": 0.5951219173855726,
    "std": 0.19914225463971855,
    "ulcer_index": 9.311563049183286,
    "upi": 0.923703760927688,
    "us_allocation": 87
}