{
    "beta": 0.9143081171141679,
    "cagr": 0.09430626533671105,
    "end_val": 17787.01640324494,
    "max_drawdown": -0.3438937579047596,
    "mwrr": 0.09430626533671105,
    "sharpe": 0.3653865394248669,
    "sortino": 0.5008805590203166,
    "std": 0.18882977958950573,
    "ulcer_index": 9.415768553743053,
    "upi": 0.7327604905466254,
    "us_allocation": 64
}