{
    "beta": 0.7753230780178422,
    "cagr": 0.05214157774246164,
    "end_val": 13837.48626026963,
    "max_drawdown": -0.3462272395176926,
    "mwrr": 0.05214157774246164,
    "sharpe": 0.1707183813011572,
    "sortino": 0.2314386203824196,
    "std": 0.1737397509998795,
    "ulcer_index": 11.064052374786838,
    "upi": 0.26807151790396616,
    "us_allocation": 13
}