{
    "beta": 0.7781030784618812,
    "cagr": 0.05297609919133861,
    "end_val": 13907.770766571974,
    "max_drawdown": -0.3461197321893868,
    "mwrr": 0.05297609919133861,
    "sharpe": 0.17511393597916156,
    "sortino": 0.2374515122608466,
    "std": 0.17391095091311867,
    "ulcer_index": 11.003645669575436,
    "upi": 0.2767557524320687,
    "us_allocation": 14
}