{
    "beta": 0.9647298389990618,
    "cagr": 0.10981305563036003,
    "end_val": 19460.45160299787,
    "max_drawdown": -0.3469562667508191,
    "mwrr": 0.10981305563036003,
    "sharpe": 0.4212652130702074,
    "sortino": 0.5799249597557239,
    "std": 0.19722288855562722,
    "ulcer_index": 9.297252428087898,
    "upi": 0.8936261859504746,
    "us_allocation": 83
}