{
    "beta": 0.7836561662452314,
    "cagr": 0.054644193874485936,
    "end_val": 14049.162778942136,
    "max_drawdown": -0.3459048061439819,
    "mwrr": 0.054644193874485936,
    "sharpe": 0.18384563781891736,
    "sortino": 0.24940462816970552,
    "std": 0.1742699769251544,
    "ulcer_index": 10.884001036964094,
    "upi": 0.2943563011762963,
    "us_allocation": 16
}