{
    "beta": 0.8167841746966884,
    "cagr": 0.06462636473869066,
    "end_val": 14920.869284424927,
    "max_drawdown": -0.34461772588123524,
    "mwrr": 0.06462636473869066,
    "sharpe": 0.23445302011157093,
    "sortino": 0.31891366136913224,
    "std": 0.17687571713954114,
    "ulcer_index": 10.384343574711568,
    "upi": 0.3993312999336066,
    "us_allocation": 28
}