{
    "beta": 0.7892000854269082,
    "cagr": 0.05631102672846233,
    "end_val": 14191.657036504113,
    "max_drawdown": -0.3456899981657249,
    "mwrr": 0.05631102672846233,
    "sharpe": 0.19249608971567866,
    "sortino": 0.2612578205819987,
    "std": 0.17465095410904424,
    "ulcer_index": 10.77620801770458,
    "upi": 0.31197034269275,
    "us_allocation": 18
}