{
    "beta": 0.9988396421441583,
    "cagr": 0.1203615452520066,
    "end_val": 20673.116573739775,
    "max_drawdown": -0.34907753538472575,
    "mwrr": 0.1203615452520066,
    "sharpe": 0.45451104225962097,
    "sortino": 0.6275570654283176,
    "std": 0.2036349782010171,
    "ulcer_index": 9.348326395326355,
    "upi": 0.9900615647634898,
    "us_allocation": 96
}