{
    "beta": 0.9594545934702575,
    "cagr": 0.10818580392170496,
    "end_val": 19278.836243921833,
    "max_drawdown": -0.34662723567770287,
    "mwrr": 0.10818580392170496,
    "sharpe": 0.41580022898803765,
    "sortino": 0.5721421412811462,
    "std": 0.19628198582084452,
    "ulcer_index": 9.290606640214405,
    "upi": 0.8784527705871829,
    "us_allocation": 81
}