{
    "beta": 1.0040601955742219,
    "cagr": 0.12198000381204133,
    "end_val": 20864.696973586113,
    "max_drawdown": -0.34940122710328725,
    "mwrr": 0.12198000381204133,
    "sharpe": 0.4592865908951094,
    "sortino": 0.6344429316975735,
    "std": 0.20466447428761483,
    "ulcer_index": 9.35728088653671,
    "upi": 1.0045603926371147,
    "us_allocation": 98
}