{
    "beta": 0.8928673342050701,
    "cagr": 0.08774481166603154,
    "end_val": 17116.419073484893,
    "max_drawdown": -0.3431589976053746,
    "mwrr": 0.08774481166603154,
    "sharpe": 0.3391390095936797,
    "sortino": 0.464102861102437,
    "std": 0.18569093423679178,
    "ulcer_index": 9.56227700016427,
    "upi": 0.6585679657066387,
    "us_allocation": 56
}