{
    "beta": 0.8712971837363247,
    "cagr": 0.08116401551051378,
    "end_val": 16465.392366141623,
    "max_drawdown": -0.3424819806650256,
    "mwrr": 0.08116401551051378,
    "sharpe": 0.3112481555814622,
    "sortino": 0.42521788157543655,
    "std": 0.18281230609352575,
    "ulcer_index": 9.74660170877578,
    "upi": 0.5837825097001591,
    "us_allocation": 48
}