{
    "beta": 0.884793861172146,
    "cagr": 0.08527928801407336,
    "end_val": 16870.011873354455,
    "max_drawdown": -0.34288213217591407,
    "mwrr": 0.08527928801407336,
    "sharpe": 0.3288726344257891,
    "sortino": 0.4497685963337217,
    "std": 0.18457996844618854,
    "ulcer_index": 9.626744701288011,
    "upi": 0.630559118995303,
    "us_allocation": 53
}