{
    "beta": 0.8499465129273793,
    "cagr": 0.11225288059438854,
    "end_val": 17755.313249836316,
    "max_drawdown": -0.34354839073148813,
    "mwrr": 0.11225288059438854,
    "sharpe": 0.45776301935541486,
    "sortino": 0.6284637803590271,
    "std": 0.18553916894369024,
    "ulcer_index": 9.965201553357838,
    "upi": 0.8522735966000186,
    "us_allocation": 38
}