{
    "beta": 0.766430133222729,
    "cagr": 0.08736117941424126,
    "end_val": 15713.908062892135,
    "max_drawdown": -0.3468729045338149,
    "mwrr": 0.08736117941424126,
    "sharpe": 0.348455828101601,
    "sortino": 0.47527849872423933,
    "std": 0.1787222214847833,
    "ulcer_index": 10.694601800838896,
    "upi": 0.5822970726868806,
    "us_allocation": 7
}