{
    "beta": 0.9081440733580907,
    "cagr": 0.1297081075111619,
    "end_val": 19311.76453319875,
    "max_drawdown": -0.34352702078168,
    "mwrr": 0.1297081075111619,
    "sharpe": 0.5203772103777338,
    "sortino": 0.7176928004078476,
    "std": 0.19316935848525485,
    "ulcer_index": 9.746446115471672,
    "upi": 1.0313424322139775,
    "us_allocation": 60
}