{
    "beta": 0.7800258197684569,
    "cagr": 0.09139980756306798,
    "end_val": 16031.439535424242,
    "max_drawdown": -0.34633477639930715,
    "mwrr": 0.09139980756306798,
    "sharpe": 0.3676658393893975,
    "sortino": 0.5020103087248199,
    "std": 0.17947725086662536,
    "ulcer_index": 10.485918894867487,
    "upi": 0.6292744274532409,
    "us_allocation": 12
}