{
    "beta": 0.9603323244755928,
    "cagr": 0.14542927868818567,
    "end_val": 20807.06192756074,
    "max_drawdown": -0.346462449583451,
    "mwrr": 0.14542927868818567,
    "sharpe": 0.5667390857663827,
    "sortino": 0.7850625020871935,
    "std": 0.20177926355754172,
    "ulcer_index": 9.653018872851886,
    "upi": 1.1846560683817808,
    "us_allocation": 80
}