{
    "beta": 0.8232049710164493,
    "cagr": 0.10426155907672396,
    "end_val": 17077.698952899274,
    "max_drawdown": -0.3446177258812355,
    "mwrr": 0.10426155907672396,
    "sharpe": 0.4251345293252036,
    "sortino": 0.5824408360914907,
    "std": 0.1828008178382702,
    "ulcer_index": 10.102378853330015,
    "upi": 0.7692505269003042,
    "us_allocation": 28
}