{
    "beta": 0.8923562487586361,
    "cagr": 0.12496456722364968,
    "end_val": 18878.206929225526,
    "max_drawdown": -0.34297450163141086,
    "mwrr": 0.12496456722364968,
    "sharpe": 0.504542226149022,
    "sortino": 0.6949797647633529,
    "std": 0.19088336736408323,
    "ulcer_index": 9.791989550379324,
    "upi": 0.9835270832514292,
    "us_allocation": 54
}