{
    "beta": 0.80167688914153,
    "cagr": 0.09784240316667403,
    "end_val": 16548.78697646349,
    "max_drawdown": -0.34547530815735367,
    "mwrr": 0.09784240316667403,
    "sharpe": 0.3971873926024837,
    "sortino": 0.5432375008579753,
    "std": 0.18097027588318976,
    "ulcer_index": 10.229717142331705,
    "upi": 0.702626449785087,
    "us_allocation": 20
}