{
    "beta": 0.839272061240877,
    "cagr": 0.10906067815486109,
    "end_val": 17482.055791020357,
    "max_drawdown": -0.3439757731079908,
    "mwrr": 0.10906067815486109,
    "sharpe": 0.44502325539025617,
    "sortino": 0.6104602878750689,
    "std": 0.18438561821868235,
    "ulcer_index": 10.018437523448288,
    "upi": 0.8190262541186446,
    "us_allocation": 34
}