{
    "beta": 0.7827390298601289,
    "cagr": 0.09220642172586047,
    "end_val": 16095.480291754586,
    "max_drawdown": -0.34622723951769296,
    "mwrr": 0.09220642172586047,
    "sharpe": 0.3714392319231409,
    "sortino": 0.5072699320686899,
    "std": 0.1796448969110984,
    "ulcer_index": 10.446149486192095,
    "upi": 0.6387493925379928,
    "us_allocation": 13
}