{
    "beta": 0.8365988533940261,
    "cagr": 0.10826172798700906,
    "end_val": 17414.203332063713,
    "max_drawdown": -0.34408269191928326,
    "mwrr": 0.10826172798700906,
    "sharpe": 0.44177317331146215,
    "sortino": 0.6058743009994637,
    "std": 0.18410922084147624,
    "ulcer_index": 10.03207371733543,
    "upi": 0.8107221632383131,
    "us_allocation": 33
}