{
    "beta": 0.8579332046435095,
    "cagr": 0.11464326568759042,
    "end_val": 17962.20390712983,
    "max_drawdown": -0.34322816112441906,
    "mwrr": 0.11464326568759042,
    "sharpe": 0.4670434084762067,
    "sortino": 0.6416061475234581,
    "std": 0.1864537621325712,
    "ulcer_index": 9.926632401851919,
    "upi": 0.8772347296695473,
    "us_allocation": 41
}