{
    "beta": 1.006750167257668,
    "cagr": 0.15946080563297516,
    "end_val": 22220.063407023572,
    "max_drawdown": -0.34940122710328725,
    "mwrr": 0.15946080563297516,
    "sharpe": 0.6006751739896903,
    "sortino": 0.8354827275454767,
    "std": 0.21067227992194495,
    "ulcer_index": 9.73861906031125,
    "upi": 1.299414789449108,
    "us_allocation": 98
}