{
    "beta": 0.7718743586593491,
    "cagr": 0.0889777440137991,
    "end_val": 15840.387281708157,
    "max_drawdown": -0.34665756448591345,
    "mwrr": 0.0889777440137991,
    "sharpe": 0.3562075220263184,
    "sortino": 0.4860566035559422,
    "std": 0.17900748283968687,
    "ulcer_index": 10.607982219634735,
    "upi": 0.6010696595672345,
    "us_allocation": 9
}