{
    "beta": 0.9238704412247287,
    "cagr": 0.13443904018102826,
    "end_val": 19752.21515903728,
    "max_drawdown": -0.34413632736281935,
    "mwrr": 0.13443904018102826,
    "sharpe": 0.5353044626782008,
    "sortino": 0.7392324348277467,
    "std": 0.19559789362802238,
    "ulcer_index": 9.705179410718456,
    "upi": 1.0788351937579563,
    "us_allocation": 66
}