{
    "beta": 0.8070703256346956,
    "cagr": 0.09944938074616094,
    "end_val": 16679.9253581908,
    "max_drawdown": -0.3452607360217145,
    "mwrr": 0.09944938074616094,
    "sharpe": 0.4043247378624619,
    "sortino": 0.5532322831747936,
    "std": 0.18139687971206384,
    "ulcer_index": 10.19650376072251,
    "upi": 0.7192744617032555,
    "us_allocation": 22
}