{
    "beta": 0.9913338018048096,
    "cagr": 0.15479587857709864,
    "end_val": 21741.884824142817,
    "max_drawdown": -0.34842803652572785,
    "mwrr": 0.15479587857709864,
    "sharpe": 0.590125540772365,
    "sortino": 0.819684431672622,
    "std": 0.2075990447768771,
    "ulcer_index": 9.70811034577466,
    "upi": 1.26192172864674,
    "us_allocation": 92
}