{
    "beta": 0.804374565327424,
    "cagr": 0.09864607485111532,
    "end_val": 16614.26568317997,
    "max_drawdown": -0.34536800736151085,
    "mwrr": 0.09864607485111532,
    "sharpe": 0.4007684600611126,
    "sortino": 0.5482508360712727,
    "std": 0.18118095557790942,
    "ulcer_index": 10.213018550340157,
    "upi": 0.7109475607688619,
    "us_allocation": 21
}