{
    "beta": 0.9784441598864627,
    "cagr": 0.15089910256758876,
    "end_val": 21348.90270313152,
    "max_drawdown": -0.347612172709516,
    "mwrr": 0.15089910256758876,
    "sharpe": 0.5807619991197275,
    "sortino": 0.805760519577492,
    "std": 0.20511934838052848,
    "ulcer_index": 9.684225413865816,
    "upi": 1.2300892875138354,
    "us_allocation": 87
}