{
    "beta": 1.0118767007684106,
    "cagr": 0.16101307555683064,
    "end_val": 22381.065301336028,
    "max_drawdown": -0.34972421674009957,
    "mwrr": 0.16101307555683064,
    "sharpe": 0.604030899423981,
    "sortino": 0.8405347391648194,
    "std": 0.21171938495465595,
    "ulcer_index": 9.749219246272247,
    "upi": 1.3117415844759335,
    "us_allocation": 100
}