{
    "beta": 0.7555176648653079,
    "cagr": 0.08412357977119878,
    "end_val": 15463.07327297935,
    "max_drawdown": -0.3473039402459189,
    "mwrr": 0.08412357977119878,
    "sharpe": 0.33269068506043614,
    "sortino": 0.45339313128077097,
    "std": 0.17821966038182147,
    "ulcer_index": 10.872716418249016,
    "upi": 0.5453061288482876,
    "us_allocation": 3
}