{
    "beta": 0.9629245194155622,
    "cagr": 0.14621170967041874,
    "end_val": 20883.87533687947,
    "max_drawdown": -0.3466272356777027,
    "mwrr": 0.14621170967041874,
    "sharpe": 0.5688093451572778,
    "sortino": 0.788107384714592,
    "std": 0.20224670025314412,
    "ulcer_index": 9.657305938990543,
    "upi": 1.1912092579851254,
    "us_allocation": 81
}