{
    "beta": 0.8897188928867173,
    "cagr": 0.1241727459273585,
    "end_val": 18806.613436195796,
    "max_drawdown": -0.342882132175914,
    "mwrr": 0.1241727459273585,
    "sharpe": 0.5018134914470627,
    "sortino": 0.6910781214362011,
    "std": 0.1905167314971185,
    "ulcer_index": 9.799922088970357,
    "upi": 0.9755382873582517,
    "us_allocation": 53
}