{
    "beta": 0.8552727868284379,
    "cagr": 0.11384682858605477,
    "end_val": 17893.054333013286,
    "max_drawdown": -0.3433348750960179,
    "mwrr": 0.11384682858605477,
    "sharpe": 0.46397611902815333,
    "sortino": 0.637259717177305,
    "std": 0.18614425676319737,
    "ulcer_index": 9.939360663635888,
    "upi": 0.868912401093614,
    "us_allocation": 40
}