{
    "beta": 0.8285681146236109,
    "cagr": 0.10586271193051178,
    "end_val": 17211.75020394073,
    "max_drawdown": -0.34440362426710497,
    "mwrr": 0.10586271193051178,
    "sharpe": 0.4318673681969402,
    "sortino": 0.5919142910871784,
    "std": 0.18330933190086351,
    "ulcer_index": 10.073760095877427,
    "upi": 0.7858337516044414,
    "us_allocation": 30
}