{
    "beta": 0.8097641757469917,
    "cagr": 0.10025232129288586,
    "end_val": 16745.766273250352,
    "max_drawdown": -0.3451534941258369,
    "mwrr": 0.10025232129288586,
    "sharpe": 0.4078560860432149,
    "sortino": 0.5581816472090799,
    "std": 0.18161801748993994,
    "ulcer_index": 10.180164474278207,
    "upi": 0.7276073416334049,
    "us_allocation": 23
}