{
    "beta": 0.7691532416941703,
    "cagr": 0.08816964758495072,
    "end_val": 15777.058959284226,
    "max_drawdown": -0.34676521970270646,
    "mwrr": 0.08816964758495072,
    "sharpe": 0.35234279655890155,
    "sortino": 0.48068156600058387,
    "std": 0.17886204234653785,
    "ulcer_index": 10.65090451457737,
    "upi": 0.5916709127809194,
    "us_allocation": 8
}