{
    "beta": 0.9343210772491161,
    "cagr": 0.13758602893785077,
    "end_val": 20049.706757761327,
    "max_drawdown": -0.34480459710458483,
    "mwrr": 0.13758602893785077,
    "sharpe": 0.5447626528580151,
    "sortino": 0.7529485467103993,
    "std": 0.1972926010205396,
    "ulcer_index": 9.683544959701537,
    "upi": 1.109885076486104,
    "us_allocation": 70
}