{
    "beta": 0.7609779179198798,
    "cagr": 0.08574312594401934,
    "end_val": 15588.137455452112,
    "max_drawdown": -0.34708836308786595,
    "mwrr": 0.08574312594401934,
    "sharpe": 0.34061617853039977,
    "sortino": 0.46438957328462577,
    "std": 0.17845954461881455,
    "ulcer_index": 10.783057808603642,
    "upi": 0.5636969447873923,
    "us_allocation": 5
}