{
    "beta": 0.9655151098637605,
    "cagr": 0.14699379759683096,
    "end_val": 20960.885780377303,
    "max_drawdown": -0.3467918413013893,
    "mwrr": 0.14699379759683096,
    "sharpe": 0.5708570229354523,
    "sortino": 0.7911225712321438,
    "std": 0.20271742653332722,
    "ulcer_index": 9.661645295594298,
    "upi": 1.1977422402713573,
    "us_allocation": 82
}