{
    "beta": 0.9681041005523267,
    "cagr": 0.1477755427884344,
    "end_val": 21038.09352088945,
    "max_drawdown": -0.3469562667508189,
    "mwrr": 0.1477755427884344,
    "sharpe": 0.5728822694568807,
    "sortino": 0.7941081978533547,
    "std": 0.20319141212860728,
    "ulcer_index": 9.666038099167052,
    "upi": 1.2042548080937279,
    "us_allocation": 83
}