{
    "beta": 1.0093141946643318,
    "cagr": 0.16023710936066826,
    "end_val": 22300.463486622197,
    "max_drawdown": -0.3495628095390717,
    "mwrr": 0.16023710936066826,
    "sharpe": 0.6023628968181283,
    "sortino": 0.8380219160679125,
    "std": 0.21119444596274972,
    "ulcer_index": 9.743895259165235,
    "upi": 1.3055885258637803,
    "us_allocation": 99
}