{
    "beta": 0.8258874782820368,
    "cagr": 0.10506231666632804,
    "end_val": 17144.63300883377,
    "max_drawdown": -0.3445106603945643,
    "mwrr": 0.10506231666632804,
    "sharpe": 0.4285137953868458,
    "sortino": 0.587194140312003,
    "std": 0.18305257873781086,
    "ulcer_index": 10.087913989534337,
    "upi": 0.777546582868891,
    "us_allocation": 29
}