{
    "beta": 0.9810252222933511,
    "cagr": 0.1516791388410239,
    "end_val": 21427.100864569133,
    "max_drawdown": -0.34777570170968003,
    "mwrr": 0.1516791388410239,
    "sharpe": 0.5826773924894951,
    "sortino": 0.8086017907304092,
    "std": 0.2056091826527256,
    "ulcer_index": 9.688901204485493,
    "upi": 1.2364967713886237,
    "us_allocation": 88
}