{
    "beta": 0.7473121089422394,
    "cagr": 0.0816914532109243,
    "end_val": 15276.796759825682,
    "max_drawdown": -0.3476275285798171,
    "mwrr": 0.0816914532109243,
    "sharpe": 0.320646415256257,
    "sortino": 0.4367102806656624,
    "std": 0.17790301002684053,
    "ulcer_index": 11.025652786066079,
    "upi": 0.517353035910651,
    "us_allocation": 0
}