{
    "beta": 0.8419434256762734,
    "cagr": 0.10985926808889324,
    "end_val": 17550.09274211753,
    "max_drawdown": -0.343868883595603,
    "mwrr": 0.10985926808889324,
    "sharpe": 0.44824732112059085,
    "sortino": 0.6150123653578247,
    "std": 0.184666844761868,
    "ulcer_index": 10.004932932440816,
    "upi": 0.8273336786731273,
    "us_allocation": 35
}