{
    "beta": 0.9887589981900817,
    "cagr": 0.15401720383148887,
    "end_val": 21662.889614613217,
    "max_drawdown": -0.3482652194170616,
    "mwrr": 0.15401720383148887,
    "sharpe": 0.5882951983648748,
    "sortino": 0.8169557516938148,
    "std": 0.20709705812944262,
    "ulcer_index": 9.70322739913452,
    "upi": 1.2555969607452815,
    "us_allocation": 91
}