{
    "beta": 0.8712083157747506,
    "cagr": 0.11862009814366603,
    "end_val": 18310.75287657504,
    "max_drawdown": -0.3426950292479095,
    "mwrr": 0.11862009814366603,
    "sharpe": 0.48198726727296337,
    "sortino": 0.6628214370988708,
    "std": 0.18806956301846553,
    "ulcer_index": 9.865329208444013,
    "upi": 0.9188249059814411,
    "us_allocation": 46
}