{
    "beta": 0.8312468855790218,
    "cagr": 0.1066627452920379,
    "end_val": 17279.05080905727,
    "max_drawdown": -0.34429661748678275,
    "mwrr": 0.1066627452920379,
    "sharpe": 0.43519516874062214,
    "sortino": 0.5966011504275398,
    "std": 0.18357104498831256,
    "ulcer_index": 10.059735420120596,
    "upi": 0.7941255928937874,
    "us_allocation": 31
}