{
    "beta": 0.752784509127427,
    "cagr": 0.08331324571260379,
    "end_val": 15400.805407463156,
    "max_drawdown": -0.3474117733320545,
    "mwrr": 0.08331324571260379,
    "sharpe": 0.3286964411394432,
    "sortino": 0.4478566807154195,
    "std": 0.17810832883815095,
    "ulcer_index": 10.917996022985792,
    "upi": 0.5361894923966908,
    "us_allocation": 2
}