{
    "beta": 0.8844389478117876,
    "cagr": 0.12258804464536288,
    "end_val": 18663.994992612927,
    "max_drawdown": -0.3426971497942736,
    "mwrr": 0.12258804464536288,
    "sharpe": 0.49627860740268576,
    "sortino": 0.6831741783465484,
    "std": 0.18979607195849696,
    "ulcer_index": 9.816078563023595,
    "upi": 0.9595462000887813,
    "us_allocation": 51
}