{
    "beta": 0.7908669112822603,
    "cagr": 0.09462404963099424,
    "end_val": 16288.67639366494,
    "max_drawdown": -0.34590480614398217,
    "mwrr": 0.09462404963099424,
    "sharpe": 0.38261830222929827,
    "sortino": 0.5228692688559932,
    "std": 0.18018060891159612,
    "ulcer_index": 10.32826159223807,
    "upi": 0.6674691740848058,
    "us_allocation": 16
}