{
    "beta": 0.7500493258458907,
    "cagr": 0.08250253702272392,
    "end_val": 15338.713327643389,
    "max_drawdown": -0.3475196361059329,
    "mwrr": 0.08250253702272392,
    "sharpe": 0.32468158489458965,
    "sortino": 0.44229560163940773,
    "std": 0.17800277065023273,
    "ulcer_index": 10.963570220721449,
    "upi": 0.5271257487493579,
    "us_allocation": 1
}