{
    "beta": 0.9732773015123228,
    "cagr": 0.1493380062427614,
    "end_val": 21193.10194335003,
    "max_drawdown": -0.3472845783089096,
    "mwrr": 0.1493380062427614,
    "sharpe": 0.5768660773354437,
    "sortino": 0.7999920388666201,
    "std": 0.20414904105430898,
    "ulcer_index": 9.675024261952691,
    "upi": 1.21721338375018,
    "us_allocation": 85
}