{
    "beta": 0.8949918670420304,
    "cagr": 0.12575603612060804,
    "end_val": 18949.990293249364,
    "max_drawdown": -0.34306679007238544,
    "mwrr": 0.12575603612060804,
    "sharpe": 0.5072452432430996,
    "sortino": 0.6988479671683792,
    "std": 0.19125416256828814,
    "ulcer_index": 9.784153682559976,
    "upi": 0.9915107840924626,
    "us_allocation": 55
}