{
    "beta": 0.929099093764175,
    "cagr": 0.1360132293361842,
    "end_val": 19900.57375707458,
    "max_drawdown": -0.34447083099884696,
    "mwrr": 0.1360132293361842,
    "sharpe": 0.5400822761102854,
    "sortino": 0.7461545063639496,
    "std": 0.19643785238124276,
    "ulcer_index": 9.694151803084946,
    "upi": 1.0943827456435746,
    "us_allocation": 68
}