{
    "beta": 0.8472806460954058,
    "cagr": 0.11145536890019248,
    "end_val": 17686.72120149442,
    "max_drawdown": -0.3436551924193832,
    "mwrr": 0.11145536890019248,
    "sharpe": 0.4546172364119128,
    "sortino": 0.6240142481287643,
    "std": 0.18524365326845668,
    "ulcer_index": 9.978314635385996,
    "upi": 0.8439576723397432,
    "us_allocation": 37
}