{
    "beta": 0.8124561213293755,
    "cagr": 0.10105489693003378,
    "end_val": 16811.788700002977,
    "max_drawdown": -0.3450462816617581,
    "mwrr": 0.10105489693003378,
    "sharpe": 0.4113623724758699,
    "sortino": 0.5630987322524833,
    "std": 0.18184433788872303,
    "ulcer_index": 10.164114624399089,
    "upi": 0.7359375669256094,
    "us_allocation": 24
}