{
    "beta": 0.9964787541365465,
    "cagr": 0.15635220952005668,
    "end_val": 21900.475248052317,
    "max_drawdown": -0.34875313929275453,
    "mwrr": 0.15635220952005668,
    "sharpe": 0.5937238015818204,
    "sortino": 0.825059096059646,
    "std": 0.20861188939262298,
    "ulcer_index": 9.718048204564484,
    "upi": 1.2745065753443032,
    "us_allocation": 94
}