{
    "beta": 0.8870797942888078,
    "cagr": 0.12338057185937434,
    "end_val": 18735.209546571343,
    "max_drawdown": -0.34278968159917217,
    "mwrr": 0.12338057185937434,
    "sharpe": 0.49905897250635056,
    "sortino": 0.6871429451442419,
    "std": 0.1901542885033878,
    "ulcer_index": 9.807951730351506,
    "upi": 0.9675445851812727,
    "us_allocation": 52
}