{
    "beta": 0.7881595697905689,
    "cagr": 0.09381854230081776,
    "end_val": 16224.09844833436,
    "max_drawdown": -0.3460122544022078,
    "mwrr": 0.09381854230081776,
    "sharpe": 0.37891566321726705,
    "sortino": 0.5176997533981451,
    "std": 0.17999660471005696,
    "ulcer_index": 10.367323915146043,
    "upi": 0.6578466450056388,
    "us_allocation": 15
}