{
    "beta": 0.8205205872711242,
    "cagr": 0.10346043873669375,
    "end_val": 17010.9477651812,
    "max_drawdown": -0.34472482073919913,
    "mwrr": 0.10346043873669375,
    "sharpe": 0.4217296563985308,
    "sortino": 0.5776544784307228,
    "std": 0.1825540813822838,
    "ulcer_index": 10.117589327519536,
    "upi": 0.7609136790713514,
    "us_allocation": 27
}