{
    "beta": 0.9186350801555302,
    "cagr": 0.13286345869883331,
    "end_val": 19604.628840224428,
    "max_drawdown": -0.34389375790475984,
    "mwrr": 0.13286345869883331,
    "sharpe": 0.5304282680212481,
    "sortino": 0.7321816985943486,
    "std": 0.19477298404261353,
    "ulcer_index": 9.71794434706025,
    "upi": 1.0631004166015383,
    "us_allocation": 64
}