{
    "beta": 0.9133929708480844,
    "cagr": 0.13128648208651783,
    "end_val": 19457.812674527842,
    "max_drawdown": -0.3437105496781828,
    "mwrr": 0.13128648208651783,
    "sharpe": 0.525452797549154,
    "sortino": 0.7250020616500075,
    "std": 0.193963384734929,
    "ulcer_index": 9.732011862248518,
    "upi": 1.047234224507013,
    "us_allocation": 62
}