{
    "beta": 0.9002579113154167,
    "cagr": 0.12733791819616447,
    "end_val": 19094.1277038753,
    "max_drawdown": -0.3432511243367281,
    "mwrr": 0.12733791819616447,
    "sharpe": 0.5125744139106769,
    "sortino": 0.7064846637583964,
    "std": 0.19200809708220276,
    "ulcer_index": 9.768786159282097,
    "upi": 1.0074605080844796,
    "us_allocation": 57
}