{
    "beta": 0.7935723081945781,
    "cagr": 0.09542918893092334,
    "end_val": 16353.433946908715,
    "max_drawdown": -0.3457973874025414,
    "mwrr": 0.09542918893092334,
    "sharpe": 0.3862969704153283,
    "sortino": 0.5280080762618672,
    "std": 0.18037000777899262,
    "ulcer_index": 10.289433911435653,
    "upi": 0.6771408076157358,
    "us_allocation": 17
}