{
    "beta": 0.873857979497775,
    "cagr": 0.11941439677266263,
    "end_val": 18381.024773463814,
    "max_drawdown": -0.3425884903850285,
    "mwrr": 0.11941439677266263,
    "sharpe": 0.4848976185932594,
    "sortino": 0.6669607056909117,
    "std": 0.18840614278179504,
    "ulcer_index": 9.85361977690615,
    "upi": 0.9271281071871789,
    "us_allocation": 47
}