{
    "beta": 0.9107693731317038,
    "cagr": 0.13049746972245102,
    "end_val": 19384.692733966098,
    "max_drawdown": -0.34361882536626803,
    "mwrr": 0.13049746972245102,
    "sharpe": 0.5229275689042425,
    "sortino": 0.7213636518400441,
    "std": 0.19356440849333162,
    "ulcer_index": 9.739183229722242,
    "upi": 1.0392914087316951,
    "us_allocation": 61
}