{
    "beta": 0.9706914962000265,
    "cagr": 0.1485569455645397,
    "end_val": 21115.498821061963,
    "max_drawdown": -0.3471205123216543,
    "mwrr": 0.1485569455645397,
    "sharpe": 0.5748852365321234,
    "sortino": 0.7970646026943036,
    "std": 0.2036686269425458,
    "ulcer_index": 9.670502880763001,
    "upi": 1.2107445768880403,
    "us_allocation": 84
}