{
    "beta": 0.8446129521502128,
    "cagr": 0.11065749820082149,
    "end_val": 17618.314455577118,
    "max_drawdown": -0.34376202337007894,
    "mwrr": 0.11065749820082149,
    "sharpe": 0.451445327016733,
    "sortino": 0.619530410415575,
    "std": 0.1849528674774315,
    "ulcer_index": 9.991558787851163,
    "upi": 0.8356442370177017,
    "us_allocation": 36
}