{
    "beta": 0.9990489120186961,
    "cagr": 0.15712986632124704,
    "end_val": 21980.070983580506,
    "max_drawdown": -0.34891542552903465,
    "mwrr": 0.15712986632124704,
    "sharpe": 0.5954920440040664,
    "sortino": 0.8277053942507663,
    "std": 0.209122691067496,
    "ulcer_index": 9.723108553004993,
    "upi": 1.2807658116424676,
    "us_allocation": 95
}