{
    "beta": 0.7637050272897906,
    "cagr": 0.08655233902650061,
    "end_val": 15650.934319366841,
    "max_drawdown": -0.3469806189914584,
    "mwrr": 0.08655233902650061,
    "sharpe": 0.34454686874800766,
    "sortino": 0.469847701679005,
    "std": 0.17858804683854299,
    "ulcer_index": 10.738680109854561,
    "upi": 0.5729708656331102,
    "us_allocation": 6
}