{
    "beta": 1.0041846140342225,
    "cagr": 0.1586841640805936,
    "end_val": 22139.864803111937,
    "max_drawdown": -0.34923946914722076,
    "mwrr": 0.1586841640805936,
    "sharpe": 0.5989675667947026,
    "sortino": 0.832917012976327,
    "std": 0.2101529138880551,
    "ulcer_index": 9.733390943341359,
    "upi": 1.293220378803599,
    "us_allocation": 97
}