{
    "beta": 0.9577385202982617,
    "cagr": 0.14464650432740545,
    "end_val": 20730.445289397583,
    "max_drawdown": -0.34629748272167343,
    "mwrr": 0.14464650432740545,
    "sharpe": 0.5646460959516155,
    "sortino": 0.7819877783722128,
    "std": 0.20131514688636612,
    "ulcer_index": 9.648785177022969,
    "upi": 1.1780826033902494,
    "us_allocation": 79
}