{
    "beta": 0.9421416337841868,
    "cagr": 0.13994262892283205,
    "end_val": 20274.862902031964,
    "max_drawdown": -0.34530386872087127,
    "mwrr": 0.13994262892283205,
    "sharpe": 0.551602703362446,
    "sortino": 0.7629044717486736,
    "std": 0.1986018927359185,
    "ulcer_index": 9.66834126046926,
    "upi": 1.1330589743245398,
    "us_allocation": 73
}