{
    "beta": 0.9317109166802998,
    "cagr": 0.13679980265900205,
    "end_val": 19975.04332447867,
    "max_drawdown": -0.34463780609046707,
    "mwrr": 0.13679980265900205,
    "sharpe": 0.5424345831859898,
    "sortino": 0.7495674113517465,
    "std": 0.19686339409470427,
    "ulcer_index": 9.688801952203573,
    "upi": 1.1021389897971299,
    "us_allocation": 69
}