{
    "beta": 0.9395364309240506,
    "cagr": 0.13915744173034494,
    "end_val": 20199.616281796374,
    "max_drawdown": -0.3451376281165612,
    "mwrr": 0.13915744173034494,
    "sharpe": 0.5493465837323862,
    "sortino": 0.7596169022683752,
    "std": 0.1981618822408153,
    "ulcer_index": 9.673285010693956,
    "upi": 1.1253487399709439,
    "us_allocation": 72
}