{
    "beta": 0.9028883475028796,
    "cagr": 0.12812833210970664,
    "end_val": 19166.48228489136,
    "max_drawdown": -0.34334317037260953,
    "mwrr": 0.12812833210970664,
    "sharpe": 0.5152007231536608,
    "sortino": 0.7102534132837905,
    "std": 0.19239116957700975,
    "ulcer_index": 9.76124890761293,
    "upi": 1.0154266227175186,
    "us_allocation": 58
}