{
    "beta": 0.798977291374667,
    "cagr": 0.097038365249412,
    "end_val": 16483.48896617785,
    "max_drawdown": -0.34558263842137854,
    "mwrr": 0.097038365249412,
    "sharpe": 0.393581683333851,
    "sortino": 0.5381924419460323,
    "std": 0.18076487118665077,
    "ulcer_index": 10.246576692325482,
    "upi": 0.6943130775032964,
    "us_allocation": 19
}