{
    "beta": 0.9055170664969356,
    "cagr": 0.12891839509382397,
    "end_val": 19239.027805726768,
    "max_drawdown": -0.34343513581899604,
    "mwrr": 0.12891839509382397,
    "sharpe": 0.5178016258785381,
    "sortino": 0.7139894146645955,
    "std": 0.1927782677917916,
    "ulcer_index": 9.753802245183095,
    "upi": 1.0233873345578426,
    "us_allocation": 59
}