{
    "beta": 0.8685568729204789,
    "cagr": 0.11782544408059015,
    "end_val": 18240.668705832257,
    "max_drawdown": -0.34280159726563225,
    "mwrr": 0.11782544408059015,
    "sharpe": 0.47905080406011524,
    "sortino": 0.6586474577496972,
    "std": 0.18773741159930638,
    "ulcer_index": 9.877158193121163,
    "upi": 0.9105220576685946,
    "us_allocation": 45
}