{
    "beta": 0.7745934900533739,
    "cagr": 0.08978546917342989,
    "end_val": 15903.893303236295,
    "max_drawdown": -0.34654993887121976,
    "mwrr": 0.08978546917342989,
    "sharpe": 0.360049760387614,
    "sortino": 0.4914032957863515,
    "std": 0.17915851601634689,
    "ulcer_index": 10.566214782700404,
    "upi": 0.6104696195933152,
    "us_allocation": 10
}