{
    "beta": 0.9939070522573378,
    "cagr": 0.15557421370571212,
    "end_val": 21821.079948397062,
    "max_drawdown": -0.3485906763878676,
    "mwrr": 0.15557421370571212,
    "sharpe": 0.5919350212696647,
    "sortino": 0.8223854863133361,
    "std": 0.20810399794600645,
    "ulcer_index": 9.713043019340262,
    "upi": 1.2682259463833279,
    "us_allocation": 93
}