{
    "beta": 0.9160148715225516,
    "cagr": 0.1320751449602957,
    "end_val": 19531.12462122206,
    "max_drawdown": -0.34380219382266164,
    "mwrr": 0.1320751449602957,
    "sharpe": 0.5279529961205071,
    "sortino": 0.7286080591580957,
    "std": 0.19436625421752385,
    "ulcer_index": 9.724931731857989,
    "upi": 1.0551706890153156,
    "us_allocation": 63
}