{
    "beta": 0.9836047130550638,
    "cagr": 0.15245883427024998,
    "end_val": 21505.497896007888,
    "max_drawdown": -0.34793905229989286,
    "mwrr": 0.15245883427024998,
    "sharpe": 0.5845712841989417,
    "sortino": 0.8114146225253682,
    "std": 0.20610209834253146,
    "ulcer_index": 9.693626924489301,
    "upi": 1.242883897575052,
    "us_allocation": 89
}