{
    "beta": 0.7582487991171559,
    "cagr": 0.08493353968653028,
    "end_val": 15525.517197801348,
    "max_drawdown": -0.3471961368352725,
    "mwrr": 0.08493353968653028,
    "sharpe": 0.33666402537709517,
    "sortino": 0.45890450250655185,
    "std": 0.17833674065421337,
    "ulcer_index": 10.827735273822077,
    "upi": 0.5544753984939038,
    "us_allocation": 4
}