{
    "beta": 1.0016175304675068,
    "cagr": 0.15790718440879004,
    "end_val": 22059.86741524754,
    "max_drawdown": -0.34907753538472586,
    "mwrr": 0.15790718440879004,
    "sharpe": 0.5972399113316968,
    "sortino": 0.8303246256521848,
    "std": 0.20963637511773517,
    "ulcer_index": 9.72821859270315,
    "upi": 1.2870043210390425,
    "us_allocation": 96
}