{
    "beta": 0.817834321472373,
    "cagr": 0.1026589552189725,
    "end_val": 16944.37917460544,
    "max_drawdown": -0.34483194498054365,
    "mwrr": 0.1026589552189725,
    "sharpe": 0.41829927044160536,
    "sortino": 0.5728352765827264,
    "std": 0.18231240138125834,
    "ulcer_index": 10.132946858289438,
    "upi": 0.7525824973987456,
    "us_allocation": 26
}