{
    "beta": 0.879151990529191,
    "cagr": 0.12100192927198306,
    "end_val": 18522.13281999287,
    "max_drawdown": -0.342511842071422,
    "mwrr": 0.12100192927198306,
    "sharpe": 0.4906401152915585,
    "sortino": 0.675135634367739,
    "std": 0.18909245267485997,
    "ulcer_index": 9.83263284634445,
    "upi": 0.9435354395445927,
    "us_allocation": 49
}