{
    "beta": 0.9525460651815006,
    "cagr": 0.1430799241706986,
    "end_val": 20577.80127351296,
    "max_drawdown": -0.3459670055044428,
    "mwrr": 0.1430799241706986,
    "sharpe": 0.5603913380963014,
    "sortino": 0.7757481065382156,
    "std": 0.2003969962115397,
    "ulcer_index": 9.64949263930611,
    "upi": 1.1637868651849244,
    "us_allocation": 77
}