{
    "beta": 0.897625752858815,
    "cagr": 0.12654715298863173,
    "end_val": 19021.963795704563,
    "max_drawdown": -0.3431589976053749,
    "mwrr": 0.12654715298863173,
    "sharpe": 0.5099226139405555,
    "sortino": 0.7026828914327743,
    "std": 0.19162908361999337,
    "ulcer_index": 9.776414841000639,
    "upi": 0.9994891216410527,
    "us_allocation": 56
}