{
    "beta": 0.9447451938052092,
    "cagr": 0.14072747042904687,
    "end_val": 20350.304447109324,
    "max_drawdown": -0.3454699264605852,
    "mwrr": 0.14072747042904687,
    "sharpe": 0.5538351022252812,
    "sortino": 0.7661612330324027,
    "std": 0.19904544085285675,
    "ulcer_index": 9.663490439912076,
    "upi": 1.14075809151862,
    "us_allocation": 74
}