{
    "beta": 0.796275766305697,
    "cagr": 0.09623396065354828,
    "end_val": 16418.371380352153,
    "max_drawdown": -0.3456899981657247,
    "mwrr": 0.09623396065354828,
    "sharpe": 0.3899514880262882,
    "sortino": 0.5331158899216749,
    "std": 0.18056477180019495,
    "ulcer_index": 10.263597180833102,
    "upi": 0.6860077794925002,
    "us_allocation": 18
}