{
    "beta": 0.8151461680284333,
    "cagr": 0.10185710809402515,
    "end_val": 16877.992909981367,
    "max_drawdown": -0.3449390986173627,
    "mwrr": 0.10185710809402515,
    "sharpe": 0.4148434728152397,
    "sortino": 0.5679833366844422,
    "std": 0.18207580966833758,
    "ulcer_index": 10.148453996955556,
    "upi": 0.7442571128046594,
    "us_allocation": 25
}