{
    "beta": 0.9551431021244641,
    "cagr": 0.14386338626363515,
    "end_val": 20654.02515918018,
    "max_drawdown": -0.34613233479475947,
    "mwrr": 0.14386338626363515,
    "sharpe": 0.5625302285411965,
    "sortino": 0.7788830366324946,
    "std": 0.20085438084702179,
    "ulcer_index": 9.645031234431288,
    "upi": 1.1714371409179356,
    "us_allocation": 78
}