{
    "beta": 0.9212536017326338,
    "cagr": 0.1336514236553079,
    "end_val": 19678.325597547206,
    "max_drawdown": -0.34398524202934666,
    "mwrr": 0.1336514236553079,
    "sharpe": 0.5328787201289891,
    "sortino": 0.7357231357564579,
    "std": 0.19518354141101676,
    "ulcer_index": 9.711068302004911,
    "upi": 1.0710211315309577,
    "us_allocation": 65
}