{
    "beta": 0.986182636811601,
    "cagr": 0.1532381891645327,
    "end_val": 21584.094058928684,
    "max_drawdown": -0.3481022247719624,
    "mwrr": 0.1532381891645327,
    "sharpe": 0.5864438329637754,
    "sortino": 0.8141992083325237,
    "std": 0.20659806644143175,
    "ulcer_index": 9.698402092967472,
    "upi": 1.2492506744384235,
    "us_allocation": 90
}