{
    "beta": 0.8659036456698779,
    "cagr": 0.11703043419498838,
    "end_val": 18170.77199248049,
    "max_drawdown": -0.3429081944501654,
    "mwrr": 0.11703043419498838,
    "sharpe": 0.4760882034573816,
    "sortino": 0.6544388458320775,
    "std": 0.18740972217911908,
    "ulcer_index": 9.88926506993791,
    "upi": 0.9022053989130351,
    "us_allocation": 44
}