{
    "beta": 0.8339237966683559,
    "cagr": 0.10746241717143401,
    "end_val": 17346.53509489996,
    "max_drawdown": -0.34418964004152913,
    "mwrr": 0.10746241717143401,
    "sharpe": 0.4384971252884113,
    "sortino": 0.601254543941147,
    "std": 0.183837685511466,
    "ulcer_index": 10.045839831605356,
    "upi": 0.8024218350937208,
    "us_allocation": 32
}