{
    "beta": 0.9473471158288812,
    "cagr": 0.14151196658393972,
    "end_val": 20425.94118133001,
    "max_drawdown": -0.3456358016372632,
    "mwrr": 0.14151196658393972,
    "sharpe": 0.5560439156020721,
    "sortino": 0.7693873315555478,
    "std": 0.19949249504494318,
    "ulcer_index": 9.658715288688466,
    "upi": 1.148447921096467,
    "us_allocation": 75
}