{
    "beta": 0.8632486287415172,
    "cagr": 0.1162350680963522,
    "end_val": 18101.06246762465,
    "max_drawdown": -0.34301482081348506,
    "mwrr": 0.1162350680963522,
    "sharpe": 0.47309944566209855,
    "sortino": 0.6501957445397226,
    "std": 0.18708652839402237,
    "ulcer_index": 9.901569710988314,
    "upi": 0.8938828966196503,
    "us_allocation": 43
}