{
    "beta": 0.9758615211814468,
    "cagr": 0.1501187251390277,
    "end_val": 21270.903150016697,
    "max_drawdown": -0.3474484650069542,
    "mwrr": 0.1501187251390277,
    "sharpe": 0.5788249463174263,
    "sortino": 0.8028906469529464,
    "std": 0.2046326247211094,
    "ulcer_index": 9.679599493975648,
    "upi": 1.223661507624901,
    "us_allocation": 86
}