{
    "beta": 0.7773106417913449,
    "cagr": 0.09059282353397435,
    "end_val": 15967.577296847143,
    "max_drawdown": -0.34644234284641817,
    "mwrr": 0.09059282353397435,
    "sharpe": 0.3638692755345637,
    "sortino": 0.49672131902554284,
    "std": 0.17931511457432073,
    "ulcer_index": 10.525932547229882,
    "upi": 0.6198482784421939,
    "us_allocation": 11
}