{
    "beta": 0.936929580368999,
    "cagr": 0.13837190851485892,
    "end_val": 20124.564321924372,
    "max_drawdown": -0.3449712043454291,
    "mwrr": 0.13837190851485892,
    "sharpe": 0.5470666103949728,
    "sortino": 0.75629831318846,
    "std": 0.19772544105854153,
    "ulcer_index": 9.678373385788191,
    "upi": 1.1176216417462617,
    "us_allocation": 71
}