{
    "beta": 0.8605918168375278,
    "cagr": 0.1154393453921061,
    "end_val": 18031.539862231384,
    "max_drawdown": -0.3431214763675733,
    "mwrr": 0.1154393453921061,
    "sharpe": 0.47008451668622314,
    "sortino": 0.6459181720344851,
    "std": 0.18676786385354244,
    "ulcer_index": 9.91403189812223,
    "upi": 0.8855586453505478,
    "us_allocation": 42
}