{
    "beta": 0.7854502779221043,
    "cagr": 0.09301266648503548,
    "end_val": 16159.699838527795,
    "max_drawdown": -0.34611973218938674,
    "mwrr": 0.09301266648503548,
    "sharpe": 0.37518924116776536,
    "sortino": 0.5124998726108559,
    "std": 0.17981802440006386,
    "ulcer_index": 10.406620811286498,
    "upi": 0.6482733038484697,
    "us_allocation": 14
}