{
    "beta": 0.8526105580445753,
    "cagr": 0.11305003368864397,
    "end_val": 17824.09087044035,
    "max_drawdown": -0.34344161829437103,
    "mwrr": 0.11305003368864397,
    "sharpe": 0.4608826525064769,
    "sortino": 0.6328789389992354,
    "std": 0.18583938122641178,
    "ulcer_index": 9.952217273553895,
    "upi": 0.8605919052154387,
    "us_allocation": 39
}