{
    "beta": 0.881796348286806,
    "cagr": 0.12179516390900336,
    "end_val": 18592.96950643209,
    "max_drawdown": -0.34260453665411944,
    "mwrr": 0.12179516390900336,
    "sharpe": 0.4934723390433619,
    "sortino": 0.6791717548108495,
    "std": 0.1894421154708788,
    "ulcer_index": 9.82430497173332,
    "upi": 0.9515431328108155,
    "us_allocation": 50
}