{
    "beta": 0.949947404683009,
    "cagr": 0.1422961177206865,
    "end_val": 20501.77336881692,
    "max_drawdown": -0.3458014945518036,
    "mwrr": 0.1422961177206865,
    "sharpe": 0.5582292810094815,
    "sortino": 0.772582888735525,
    "std": 0.19994302391351976,
    "ulcer_index": 9.65402932088406,
    "upi": 1.1561266662325784,
    "us_allocation": 76
}