{
    "beta": 0.8765058693383709,
    "cagr": 0.12020834035398109,
    "end_val": 18451.484665112635,
    "max_drawdown": -0.342481980665026,
    "mwrr": 0.12020834035398109,
    "sharpe": 0.48778188909194886,
    "sortino": 0.6710654316269165,
    "std": 0.18874711722358498,
    "ulcer_index": 9.84202570542012,
    "upi": 0.9354317760869174,
    "us_allocation": 48
}