{
    "beta": 0.9264856035880297,
    "cagr": 0.13522630862545082,
    "end_val": 19826.29779037542,
    "max_drawdown": -0.3443036715248228,
    "mwrr": 0.13522630862545082,
    "sharpe": 0.5377056091406267,
    "sortino": 0.742709540856166,
    "std": 0.1960160081083975,
    "ulcer_index": 9.699623256858889,
    "upi": 1.0866133469909023,
    "us_allocation": 67
}