{
    "beta": 0.9351112108877657,
    "cagr": 0.10731659590213138,
    "end_val": 15655.34449969705,
    "max_drawdown": -0.3448045971045845,
    "mwrr": 0.10731659590213138,
    "sharpe": 0.3799209960099328,
    "sortino": 0.5235620138205647,
    "std": 0.21133718429249768,
    "ulcer_index": 10.681198421479122,
    "upi": 0.7516949668435823,
    "us_allocation": 70
}