{
    "beta": 0.9893488899526399,
    "cagr": 0.12316389790308513,
    "end_val": 16664.714562748482,
    "max_drawdown": -0.34826521941706134,
    "mwrr": 0.12316389790308513,
    "sharpe": 0.42622021662596377,
    "sortino": 0.5903019451769932,
    "std": 0.22176340350960022,
    "ulcer_index": 10.70443546034429,
    "upi": 0.8829908373384989,
    "us_allocation": 91
}