{
    "beta": 0.797729495774304,
    "cagr": 0.06728089733411369,
    "end_val": 13315.003179112013,
    "max_drawdown": -0.34568999816572493,
    "mwrr": 0.06728089733411369,
    "sharpe": 0.22431472960591556,
    "sortino": 0.30545562869595305,
    "std": 0.19356941491672094,
    "ulcer_index": 11.309894270023312,
    "upi": 0.3838992198090976,
    "us_allocation": 18
}