{
    "beta": 0.888072246947564,
    "cagr": 0.09358797479156244,
    "end_val": 14819.698946439403,
    "max_drawdown": -0.34278968159917217,
    "mwrr": 0.09358797479156244,
    "sharpe": 0.33275693444439375,
    "sortino": 0.45668431714007035,
    "std": 0.20375233580177174,
    "ulcer_index": 10.81681050696467,
    "upi": 0.626786048310183,
    "us_allocation": 52
}