{
    "beta": 0.8484637091061253,
    "cagr": 0.08204313987007539,
    "end_val": 14144.024567773928,
    "max_drawdown": -0.34365519241938347,
    "mwrr": 0.08204313987007539,
    "sharpe": 0.2879756501139503,
    "sortino": 0.3938903564457498,
    "std": 0.19853729883837068,
    "ulcer_index": 11.001693759467718,
    "upi": 0.5196655171715401,
    "us_allocation": 37
}