{
    "beta": 0.7626359670446736,
    "cagr": 0.05708937073301534,
    "end_val": 12764.943308975606,
    "max_drawdown": -0.3470883630878658,
    "mwrr": 0.05708937073301534,
    "sharpe": 0.17672965842387842,
    "sortino": 0.23991340333706512,
    "std": 0.1913329661650546,
    "ulcer_index": 11.881161851032562,
    "upi": 0.28458932333761977,
    "us_allocation": 5
}