{
    "beta": 0.9532652013737419,
    "cagr": 0.11261913559490289,
    "end_val": 15987.668363549088,
    "max_drawdown": -0.34596700550444276,
    "mwrr": 0.11261913559490289,
    "sharpe": 0.3963653646055722,
    "sortino": 0.547121222715923,
    "std": 0.2146373927265412,
    "ulcer_index": 10.644185809542565,
    "upi": 0.7992494133320461,
    "us_allocation": 77
}