{
    "beta": 0.8828130519543809,
    "cagr": 0.09205418206138183,
    "end_val": 14728.524528286764,
    "max_drawdown": -0.34260453665411955,
    "mwrr": 0.09205418206138183,
    "sharpe": 0.3270742679854101,
    "sortino": 0.4486852647103511,
    "std": 0.20299588839071933,
    "ulcer_index": 10.834664719175176,
    "upi": 0.6127827807778757,
    "us_allocation": 50
}