{
    "beta": 0.8431534327941532,
    "cagr": 0.08049657164017954,
    "end_val": 14055.350132694513,
    "max_drawdown": -0.3438688835956029,
    "mwrr": 0.08049657164017954,
    "sharpe": 0.2816313027533394,
    "sortino": 0.3850346881724849,
    "std": 0.19792485055858106,
    "ulcer_index": 11.030395583178162,
    "upi": 0.5053302413028897,
    "us_allocation": 35
}