{
    "beta": 0.7869652064756224,
    "cagr": 0.06415299619251402,
    "end_val": 13144.273619022075,
    "max_drawdown": -0.3461197321893866,
    "mwrr": 0.06415299619251402,
    "sharpe": 0.209994428296119,
    "sortino": 0.2856834244816177,
    "std": 0.19277636787572144,
    "ulcer_index": 11.467039975293172,
    "upi": 0.3530128901366566,
    "us_allocation": 14
}