{
    "beta": 0.9429008166432175,
    "cagr": 0.10959158917463796,
    "end_val": 15797.263844766168,
    "max_drawdown": -0.34530386872087127,
    "mwrr": 0.10959158917463796,
    "sharpe": 0.3870958245276858,
    "sortino": 0.5338230160617375,
    "std": 0.21272894068036485,
    "ulcer_index": 10.664712434126136,
    "upi": 0.7721272572691472,
    "us_allocation": 73
}