{
    "beta": 0.8218419998213286,
    "cagr": 0.07429306096310873,
    "end_val": 13703.971918214474,
    "max_drawdown": -0.344724820739199,
    "mwrr": 0.07429306096310873,
    "sharpe": 0.2553992781515245,
    "sortino": 0.3485210084153939,
    "std": 0.1956816448103904,
    "ulcer_index": 11.151952125728315,
    "upi": 0.44812809363355505,
    "us_allocation": 27
}