{
    "beta": 0.8378361667787876,
    "cagr": 0.07894828363375361,
    "end_val": 13967.007922313205,
    "max_drawdown": -0.3440826919192833,
    "mwrr": 0.07894828363375361,
    "sharpe": 0.2752006798814092,
    "sortino": 0.37606840654298035,
    "std": 0.19733278742030963,
    "ulcer_index": 11.059665978410521,
    "upi": 0.49101122294921845,
    "us_allocation": 33
}