{
    "beta": 0.9919151080405673,
    "cagr": 0.12391403919569455,
    "end_val": 16713.708887596615,
    "max_drawdown": -0.34842803652572785,
    "mwrr": 0.12391403919569455,
    "sharpe": 0.4282036567644983,
    "sortino": 0.5931916193443306,
    "std": 0.2222974841374753,
    "ulcer_index": 10.709894201839338,
    "upi": 0.8887834051384375,
    "us_allocation": 92
}