{
    "beta": 0.9090430756341304,
    "cagr": 0.09970630623418009,
    "end_val": 15187.742937444062,
    "max_drawdown": -0.3435270207816803,
    "mwrr": 0.09970630623418009,
    "sharpe": 0.35459897267030444,
    "sortino": 0.4875389017872171,
    "std": 0.20695538845026473,
    "ulcer_index": 10.749684886145491,
    "upi": 0.6826670651555392,
    "us_allocation": 60
}