{
    "beta": 0.9661861428584861,
    "cagr": 0.11639431889773477,
    "end_val": 16227.570665387899,
    "max_drawdown": -0.34679184130138924,
    "mwrr": 0.11639431889773477,
    "sharpe": 0.4074832114143553,
    "sortino": 0.5631362274607202,
    "std": 0.21710482946587825,
    "ulcer_index": 10.65789517284211,
    "upi": 0.8300463091845796,
    "us_allocation": 82
}