{
    "beta": 0.9325115421143375,
    "cagr": 0.10655743720658384,
    "end_val": 15608.20630228771,
    "max_drawdown": -0.3446378060904672,
    "mwrr": 0.10655743720658384,
    "sharpe": 0.3774865386552706,
    "sortino": 0.5200863724672741,
    "std": 0.21088098237807623,
    "ulcer_index": 10.686902138012558,
    "upi": 0.744867932567097,
    "us_allocation": 69
}