{
    "beta": 0.9064274400335917,
    "cagr": 0.09894298357041653,
    "end_val": 15141.444325977092,
    "max_drawdown": -0.343435135818996,
    "mwrr": 0.09894298357041653,
    "sharpe": 0.35194626212823954,
    "sortino": 0.48378148856116565,
    "std": 0.20653986346514544,
    "ulcer_index": 10.757710051889447,
    "upi": 0.6756949608565141,
    "us_allocation": 59
}