{
    "beta": 0.9764956295369268,
    "cagr": 0.11940709655349768,
    "end_val": 16421.011733300926,
    "max_drawdown": -0.34744846500695425,
    "mwrr": 0.11940709655349768,
    "sharpe": 0.4160099414296531,
    "sortino": 0.5754697462916941,
    "std": 0.21914177194039391,
    "ulcer_index": 10.678003247606226,
    "upi": 0.8537565792411643,
    "us_allocation": 86
}