{
    "beta": 0.8084643303089126,
    "cagr": 0.07040177872606823,
    "end_val": 13487.052032673982,
    "max_drawdown": -0.3452607360217146,
    "mwrr": 0.07040177872606823,
    "sharpe": 0.2383292503012411,
    "sortino": 0.32484599186664465,
    "std": 0.19445298271526765,
    "ulcer_index": 11.237280727641368,
    "upi": 0.4123945246542745,
    "us_allocation": 22
}