{
    "beta": 0.832511868128888,
    "cagr": 0.07739827187199788,
    "end_val": 13878.997666111678,
    "max_drawdown": -0.3442966174867822,
    "mwrr": 0.07739827187199788,
    "sharpe": 0.2686845425931025,
    "sortino": 0.3669929755342575,
    "std": 0.19676138409938507,
    "ulcer_index": 11.089501924586802,
    "upi": 0.47671051778978457,
    "us_allocation": 31
}