{
    "beta": 0.7653468017781669,
    "cagr": 0.057875994346372694,
    "end_val": 12806.762764350013,
    "max_drawdown": -0.34698061899145793,
    "mwrr": 0.057875994346372694,
    "sharpe": 0.1804931402804505,
    "sortino": 0.2450808428370665,
    "std": 0.19146957017474506,
    "ulcer_index": 11.832354371499859,
    "upi": 0.29205711726620076,
    "us_allocation": 6
}