{
    "beta": 0.8138208145431307,
    "cagr": 0.07195959772748872,
    "end_val": 13573.571928143281,
    "max_drawdown": -0.34504628166175805,
    "mwrr": 0.07195959772748872,
    "sharpe": 0.24521802465904508,
    "sortino": 0.3343925288594303,
    "std": 0.19492808130136385,
    "ulcer_index": 11.202243834479338,
    "upi": 0.4266820770953804,
    "us_allocation": 24
}