{
    "beta": 0.903810180710522,
    "cagr": 0.09817924214293572,
    "end_val": 15095.229519135482,
    "max_drawdown": -0.3433431703726096,
    "mwrr": 0.09817924214293572,
    "sharpe": 0.3492714537842426,
    "sortino": 0.4799958209958314,
    "std": 0.20612859546257833,
    "ulcer_index": 10.765834834220602,
    "upi": 0.6687190466401668,
    "us_allocation": 58
}