{
    "beta": 0.7842694892688107,
    "cagr": 0.0633699199974449,
    "end_val": 13101.79708946534,
    "max_drawdown": -0.34622723951769313,
    "mwrr": 0.0633699199974449,
    "sharpe": 0.20636814637617215,
    "sortino": 0.28068313655687277,
    "std": 0.1925924807070062,
    "ulcer_index": 11.510522983661271,
    "upi": 0.34527650707446117,
    "us_allocation": 13
}