{
    "beta": 0.8111434788591959,
    "cagr": 0.07118090626013007,
    "end_val": 13530.270661150178,
    "max_drawdown": -0.3451534941258371,
    "mwrr": 0.07118090626013007,
    "sharpe": 0.24178365769814145,
    "sortino": 0.329631855353194,
    "std": 0.19468778254394492,
    "ulcer_index": 11.21960273440099,
    "upi": 0.4195372789202957,
    "us_allocation": 23
}