{
    "beta": 0.9480861011905133,
    "cagr": 0.11110618645040393,
    "end_val": 15892.297629385059,
    "max_drawdown": -0.34563580163726326,
    "mwrr": 0.11110618645040393,
    "sharpe": 0.3917727238033024,
    "sortino": 0.5405264994010044,
    "std": 0.21367573725469557,
    "ulcer_index": 10.654283503027976,
    "upi": 0.785703144770751,
    "us_allocation": 75
}