{
    "beta": 0.9168802896283972,
    "cagr": 0.10199376600123,
    "end_val": 15327.141884751436,
    "max_drawdown": -0.343802193822662,
    "mwrr": 0.10199376600123,
    "sharpe": 0.36242491955834366,
    "sortino": 0.4986417878824968,
    "std": 0.20822715875830378,
    "ulcer_index": 10.726208232442774,
    "upi": 0.7035585891614102,
    "us_allocation": 63
}