{
    "beta": 0.845809441990536,
    "cagr": 0.0812700704800986,
    "end_val": 14099.645805364587,
    "max_drawdown": -0.3437620233700789,
    "mwrr": 0.0812700704800986,
    "sharpe": 0.28481430453213225,
    "sortino": 0.38947644935517745,
    "std": 0.1982285437967106,
    "ulcer_index": 11.015973956253502,
    "upi": 0.5124959518795169,
    "us_allocation": 36
}