{
    "beta": 0.7815719026607363,
    "cagr": 0.06258640233817547,
    "end_val": 13059.402828685588,
    "max_drawdown": -0.3463347763993075,
    "mwrr": 0.06258640233817547,
    "sharpe": 0.20272383468755398,
    "sortino": 0.2756606959773063,
    "std": 0.1924144033850926,
    "ulcer_index": 11.554271788675175,
    "upi": 0.3375823081172346,
    "us_allocation": 12
}