{
    "beta": 0.9011912926899042,
    "cagr": 0.09741508151260536,
    "end_val": 15049.098488092535,
    "max_drawdown": -0.3432511243367282,
    "mwrr": 0.09741508151260536,
    "sharpe": 0.346574513477464,
    "sortino": 0.4761818476448146,
    "std": 0.2057216192141223,
    "ulcer_index": 10.774059297322323,
    "upi": 0.6617395033947229,
    "us_allocation": 57
}