{
    "beta": 0.8057833633225603,
    "cagr": 0.06962221459790174,
    "end_val": 13443.91600662054,
    "max_drawdown": -0.345368007361511,
    "mwrr": 0.06962221459790174,
    "sharpe": 0.2348549730545067,
    "sortino": 0.3200351886429523,
    "std": 0.1942237141099434,
    "ulcer_index": 11.255150947493311,
    "upi": 0.40525896107434745,
    "us_allocation": 21
}