{
    "beta": 0.8298470680748228,
    "cagr": 0.07662261832836603,
    "end_val": 13835.116935417747,
    "max_drawdown": -0.3444036242671051,
    "mwrr": 0.07662261832836603,
    "sharpe": 0.2653946715722598,
    "sortino": 0.36241481405104664,
    "std": 0.19648351514108142,
    "ulcer_index": 11.104630696825055,
    "upi": 0.46956767730532717,
    "us_allocation": 30
}