{
    "beta": 0.8537670383736686,
    "cagr": 0.08358799226192515,
    "end_val": 14233.031494866162,
    "max_drawdown": -0.34344161829437114,
    "mwrr": 0.08358799226192515,
    "sharpe": 0.29423306030027774,
    "sortino": 0.40263400239631947,
    "std": 0.19916985578710142,
    "ulcer_index": 10.973558681758666,
    "upi": 0.534015186972309,
    "us_allocation": 39
}