{
    "beta": 0.7788724408935201,
    "cagr": 0.06180244265957979,
    "end_val": 13017.09079863886,
    "max_drawdown": -0.34644234284641817,
    "mwrr": 0.06180244265957979,
    "sharpe": 0.199061731400292,
    "sortino": 0.2706164513739118,
    "std": 0.19224216534558947,
    "ulcer_index": 11.59829031877716,
    "upi": 0.32993021385808846,
    "us_allocation": 11
}