{
    "beta": 0.9970431465024456,
    "cagr": 0.12541310578594267,
    "end_val": 16811.95147213813,
    "max_drawdown": -0.34875313929275453,
    "mwrr": 0.12541310578594267,
    "sharpe": 0.43211286429383333,
    "sortino": 0.5988953559809534,
    "std": 0.2233751594365979,
    "ulcer_index": 10.721000421846254,
    "upi": 0.9003124724614617,
    "us_allocation": 94
}