{
    "beta": 0.8749117288246437,
    "cagr": 0.08975032083142764,
    "end_val": 14592.38935699687,
    "max_drawdown": -0.34258849038502837,
    "mwrr": 0.08975032083142764,
    "sharpe": 0.31838344792274414,
    "sortino": 0.43647161949513913,
    "std": 0.20189559430574214,
    "ulcer_index": 10.866749820443706,
    "upi": 0.5915145402729295,
    "us_allocation": 47
}