{
    "beta": 0.9739205115149261,
    "cagr": 0.11865451466665267,
    "end_val": 16372.524769057693,
    "max_drawdown": -0.3472845783089091,
    "mwrr": 0.11865451466665267,
    "sharpe": 0.4139084679061173,
    "sortino": 0.5724256433036572,
    "std": 0.21862741324769513,
    "ulcer_index": 10.672881181686229,
    "upi": 0.8478564365831819,
    "us_allocation": 85
}