{
    "beta": 0.9142694954934906,
    "cagr": 0.10123169701598678,
    "end_val": 15280.591688523642,
    "max_drawdown": -0.3437105496781829,
    "mwrr": 0.10123169701598678,
    "sharpe": 0.3598382572481988,
    "sortino": 0.4949690463121916,
    "std": 0.2077990706669299,
    "ulcer_index": 10.733933561078913,
    "upi": 0.6965990924836392,
    "us_allocation": 62
}