{
    "beta": 0.9610223386231534,
    "cagr": 0.1148854760885476,
    "end_val": 16131.356684445096,
    "max_drawdown": -0.34646244958345085,
    "mwrr": 0.1148854760885476,
    "sharpe": 0.4030979462409126,
    "sortino": 0.5568107026455921,
    "std": 0.2161071650707647,
    "ulcer_index": 10.648224279562795,
    "upi": 0.8180818925787777,
    "us_allocation": 80
}