{
    "beta": 0.8933248064680082,
    "cagr": 0.09512007997961391,
    "end_val": 14911.207758382969,
    "max_drawdown": -0.3429745016314105,
    "mwrr": 0.09512007997961391,
    "sharpe": 0.33835062233416696,
    "sortino": 0.46456902525586,
    "std": 0.20452678971500973,
    "ulcer_index": 10.799384316965467,
    "upi": 0.6407777654910267,
    "us_allocation": 54
}