{
    "beta": 0.7707627467661073,
    "cagr": 0.0594479059136197,
    "end_val": 12890.64770956021,
    "max_drawdown": -0.34676521970270635,
    "mwrr": 0.0594479059136197,
    "sharpe": 0.18797115320974017,
    "sortino": 0.25535651741831356,
    "std": 0.19176077609633985,
    "ulcer_index": 11.735824557621525,
    "upi": 0.30712581988517057,
    "us_allocation": 8
}