{
    "beta": 0.866995245752805,
    "cagr": 0.08744264193765261,
    "end_val": 14457.005190386477,
    "max_drawdown": -0.3429081944501658,
    "mwrr": 0.08744264193765261,
    "sharpe": 0.3094927643178784,
    "sortino": 0.4239974712385278,
    "std": 0.20083739647185525,
    "ulcer_index": 10.905708865143927,
    "upi": 0.5699389049373507,
    "us_allocation": 44
}