{
    "beta": 0.898570770981784,
    "cagr": 0.09665050123805852,
    "end_val": 15003.051203814346,
    "max_drawdown": -0.3431589976053746,
    "mwrr": 0.09665050123805852,
    "sharpe": 0.343855411217274,
    "sortino": 0.47233941930856566,
    "std": 0.20531896956094775,
    "ulcer_index": 10.782384378274752,
    "upi": 0.6547564587524349,
    "us_allocation": 56
}