{
    "beta": 0.7680557263932558,
    "cagr": 0.0586621725490688,
    "end_val": 12848.664218145148,
    "max_drawdown": -0.34687290453381464,
    "mwrr": 0.0586621725490688,
    "sharpe": 0.18424039766468495,
    "sortino": 0.250228683543363,
    "std": 0.19161218256498083,
    "ulcer_index": 11.783878301496756,
    "upi": 0.29957009489485575,
    "us_allocation": 7
}