{
    "beta": 0.9506764219592512,
    "cagr": 0.11186286683738444,
    "end_val": 15939.940865117534,
    "max_drawdown": -0.34580149455180337,
    "mwrr": 0.11186286683738444,
    "sharpe": 0.3940795318585216,
    "sortino": 0.5438373927129105,
    "std": 0.21415472403049254,
    "ulcer_index": 10.64919333924251,
    "upi": 0.7924800510898243,
    "us_allocation": 76
}