{
    "beta": 1.0047242774270038,
    "cagr": 0.12765867119789887,
    "end_val": 16959.95050688609,
    "max_drawdown": -0.3492394691472207,
    "mwrr": 0.12765867119789887,
    "sharpe": 0.43783430776695476,
    "sortino": 0.6072638626607636,
    "std": 0.225015015203886,
    "ulcer_index": 10.738138269155833,
    "upi": 0.9174644806038728,
    "us_allocation": 97
}