{
    "beta": 0.940305843357061,
    "cagr": 0.10883367147400924,
    "end_val": 15749.873244724027,
    "max_drawdown": -0.3451376281165609,
    "mwrr": 0.10883367147400924,
    "sharpe": 0.3847255610666282,
    "sortino": 0.5304302334477905,
    "std": 0.21226119687194717,
    "ulcer_index": 10.670070623266122,
    "upi": 0.7653271879962408,
    "us_allocation": 72
}