{
    "beta": 1.00216535137351,
    "cagr": 0.12691055350335056,
    "end_val": 16910.53277942432,
    "max_drawdown": -0.34907753538472586,
    "mwrr": 0.12691055350335056,
    "sharpe": 0.4359459793757803,
    "sortino": 0.6044990816220249,
    "std": 0.22446532321630608,
    "ulcer_index": 10.732361873743082,
    "upi": 0.9117660979176356,
    "us_allocation": 96
}