{
    "beta": 0.9790692528070711,
    "cagr": 0.12015927072871202,
    "end_val": 16469.583201101705,
    "max_drawdown": -0.34761217270951583,
    "mwrr": 0.12015927072871202,
    "sharpe": 0.41809145809886744,
    "sortino": 0.5784878098027602,
    "std": 0.219659494123715,
    "ulcer_index": 10.683180833010432,
    "upi": 0.8596389645451914,
    "us_allocation": 87
}