{
    "beta": 0.9247030678037325,
    "cagr": 0.10427747249155717,
    "end_val": 15467.296091502832,
    "max_drawdown": -0.3441363273628193,
    "mwrr": 0.10427747249155717,
    "sharpe": 0.3700535953830096,
    "sortino": 0.5094909070124005,
    "std": 0.20953599808451978,
    "ulcer_index": 10.704682084122071,
    "upi": 0.7243378042239637,
    "us_allocation": 66
}