{
    "beta": 0.8191700694998234,
    "cagr": 0.07351567455826968,
    "end_val": 13660.422521073404,
    "max_drawdown": -0.3448319449805435,
    "mwrr": 0.07351567455826968,
    "sharpe": 0.2520259886481706,
    "sortino": 0.34383731146998087,
    "std": 0.19542504528401725,
    "ulcer_index": 11.168552245652403,
    "upi": 0.44097274820277116,
    "us_allocation": 26
}