{
    "beta": 0.9842120334338659,
    "cagr": 0.12166239746606777,
    "end_val": 16566.979738781516,
    "max_drawdown": -0.34793905229989264,
    "mwrr": 0.12166239746606777,
    "sharpe": 0.42219507001966994,
    "sortino": 0.584446245298421,
    "std": 0.22070490572958787,
    "ulcer_index": 10.693699402203292,
    "upi": 0.8713505204400223,
    "us_allocation": 89
}