{
    "beta": 0.9454942343341567,
    "cagr": 0.11034909403111937,
    "end_val": 15844.738631091941,
    "max_drawdown": -0.34546992646058505,
    "mwrr": 0.11034909403111937,
    "sharpe": 0.38944485050107414,
    "sortino": 0.5371884080702404,
    "std": 0.21320046516471006,
    "ulcer_index": 10.65945652087405,
    "upi": 0.7789188303386309,
    "us_allocation": 74
}