{
    "beta": 0.7923510556205379,
    "cagr": 0.06571782639634938,
    "end_val": 13229.47363567325,
    "max_drawdown": -0.34590480614398195,
    "mwrr": 0.06571782639634938,
    "sharpe": 0.21719198362713205,
    "sortino": 0.2956160233409928,
    "std": 0.19316145236388818,
    "ulcer_index": 11.380844530075377,
    "upi": 0.36861291538956775,
    "us_allocation": 16
}