{
    "beta": 0.795041198978291,
    "cagr": 0.06649958150121504,
    "end_val": 13272.197197886031,
    "max_drawdown": -0.3457973874025414,
    "mwrr": 0.06649958150121504,
    "sharpe": 0.22076281425872432,
    "sortino": 0.30054761615802356,
    "std": 0.19336258919506824,
    "ulcer_index": 11.33813533701795,
    "upi": 0.376476396153124,
    "us_allocation": 17
}