{
    "beta": 0.8854434814238185,
    "cagr": 0.09282128959645575,
    "end_val": 14774.069953248685,
    "max_drawdown": -0.3426971497942738,
    "mwrr": 0.09282128959645575,
    "sharpe": 0.3299267255655432,
    "sortino": 0.45269908039803297,
    "std": 0.20337184372690337,
    "ulcer_index": 10.825683757995101,
    "upi": 0.6197857800191393,
    "us_allocation": 51
}