{
    "beta": 0.751773408696568,
    "cagr": 0.0539384106187808,
    "end_val": 12598.484681002348,
    "max_drawdown": -0.34751963610593267,
    "mwrr": 0.0539384106187808,
    "sharpe": 0.1615192532752634,
    "sortino": 0.21905793710330995,
    "std": 0.19084716452961512,
    "ulcer_index": 12.079684059260961,
    "upi": 0.25517129042435477,
    "us_allocation": 1
}