{
    "beta": 0.9194894797931071,
    "cagr": 0.10275541795717769,
    "end_val": 15373.775998834295,
    "max_drawdown": -0.34389375790475946,
    "mwrr": 0.10275541795717769,
    "sharpe": 0.3649896604152442,
    "sortino": 0.5022863046855212,
    "std": 0.20865936556348924,
    "ulcer_index": 10.718585111097086,
    "upi": 0.7105133595564874,
    "us_allocation": 64
}