{
    "beta": 1.012392403598018,
    "cagr": 0.12990060396359104,
    "end_val": 17108.712232691913,
    "max_drawdown": -0.34972421674009924,
    "mwrr": 0.12990060396359104,
    "sharpe": 0.4433878644424983,
    "sortino": 0.6154114010086901,
    "std": 0.2266821856774109,
    "ulcer_index": 10.7558085603152,
    "upi": 0.9344488522969707,
    "us_allocation": 100
}