{
    "beta": 0.7761710981898506,
    "cagr": 0.06101804040367442,
    "end_val": 12974.86096108794,
    "max_drawdown": -0.34654993887122,
    "mwrr": 0.06101804040367442,
    "sharpe": 0.19538208133884893,
    "sortino": 0.2655507579067549,
    "std": 0.19207579568265434,
    "ulcer_index": 11.642605705477964,
    "upi": 0.32231950814600135,
    "us_allocation": 10
}