{
    "beta": 1.0072817585159095,
    "cagr": 0.1284063852663131,
    "end_val": 17009.4529779446,
    "max_drawdown": -0.3494012271032873,
    "mwrr": 0.1284063852663131,
    "sharpe": 0.43970398151903534,
    "sortino": 0.6100041045089432,
    "std": 0.22556774202128255,
    "ulcer_index": 10.743975847080483,
    "upi": 0.9231440583637831,
    "us_allocation": 98
}