{
    "beta": 0.835174899227067,
    "cagr": 0.0781734934725542,
    "end_val": 13922.961316972272,
    "max_drawdown": -0.34418964004152885,
    "mwrr": 0.0781734934725542,
    "sharpe": 0.2719532490303967,
    "sortino": 0.3715442417729842,
    "std": 0.19704448619384743,
    "ulcer_index": 11.07451364061026,
    "upi": 0.48385844597629935,
    "us_allocation": 32
}