{
    "beta": 0.8906993536069892,
    "cagr": 0.0943542381017124,
    "end_val": 14865.411538129163,
    "max_drawdown": -0.3428821321759142,
    "mwrr": 0.0943542381017124,
    "sharpe": 0.3355648974887281,
    "sortino": 0.46064096841467667,
    "std": 0.20413732949485622,
    "ulcer_index": 10.808044165313067,
    "upi": 0.6337834342983752,
    "us_allocation": 53
}