{
    "beta": 0.9867811999298132,
    "cagr": 0.12241335078429572,
    "end_val": 16615.8048538235,
    "max_drawdown": -0.34810222477196257,
    "mwrr": 0.12241335078429572,
    "sharpe": 0.4242173935476764,
    "sortino": 0.5873868644690334,
    "std": 0.22123253401216425,
    "ulcer_index": 10.699039977351372,
    "upi": 0.8771796291361121,
    "us_allocation": 90
}