{
    "beta": 0.9636049996851509,
    "cagr": 0.11564010231597188,
    "end_val": 16179.421482014703,
    "max_drawdown": -0.3466272356777028,
    "mwrr": 0.11564010231597188,
    "sharpe": 0.40530082432663955,
    "sortino": 0.559986817419618,
    "std": 0.21660423700321677,
    "ulcer_index": 10.653031074719985,
    "upi": 0.8240728991886079,
    "us_allocation": 81
}