{
    "beta": 0.8722745924466896,
    "cagr": 0.08898151933986931,
    "end_val": 14547.177898150861,
    "max_drawdown": -0.3426950292479095,
    "mwrr": 0.08898151933986931,
    "sharpe": 0.31544206561362104,
    "sortino": 0.43234252671522416,
    "std": 0.20153813745897606,
    "ulcer_index": 10.879599302413904,
    "upi": 0.5843210102004391,
    "us_allocation": 46
}