{
    "beta": 0.7490529345201093,
    "cagr": 0.05314955126028065,
    "end_val": 12557.074623049612,
    "max_drawdown": -0.347627528579817,
    "mwrr": 0.05314955126028065,
    "sharpe": 0.15767902808433135,
    "sortino": 0.2138004994355495,
    "std": 0.19074099669374836,
    "ulcer_index": 12.14819221057527,
    "upi": 0.24756171367141663,
    "us_allocation": 0
}