{
    "beta": 0.9273074754095066,
    "cagr": 0.10503787591976832,
    "end_val": 15514.18212503462,
    "max_drawdown": -0.3443036715248229,
    "mwrr": 0.10503787591976832,
    "sharpe": 0.3725529071270317,
    "sortino": 0.5130509281150563,
    "std": 0.20998035545130897,
    "ulcer_index": 10.698648502816537,
    "upi": 0.73118883098707,
    "us_allocation": 67
}