{
    "beta": 0.9687657727965283,
    "cagr": 0.11714812622458637,
    "end_val": 16275.80425854479,
    "max_drawdown": -0.3469562667508191,
    "mwrr": 0.11714812622458637,
    "sharpe": 0.4096452106804407,
    "sortino": 0.5662590182760076,
    "std": 0.2176089106911565,
    "ulcer_index": 10.6628171931092,
    "upi": 0.8360020178068633,
    "us_allocation": 83
}