{
    "beta": 0.880180953442344,
    "cagr": 0.09128665172901274,
    "end_val": 14683.062641078272,
    "max_drawdown": -0.3425118420714224,
    "mwrr": 0.09128665172901274,
    "sharpe": 0.3241995637020462,
    "sortino": 0.44464289486652997,
    "std": 0.2026245049357713,
    "ulcer_index": 10.843754112128241,
    "upi": 0.6057772080233792,
    "us_allocation": 49
}