{
    "beta": 0.9816413859140589,
    "cagr": 0.1209110375732334,
    "end_val": 16518.23919536538,
    "max_drawdown": -0.34777570170968,
    "mwrr": 0.1209110375732334,
    "sharpe": 0.42015312982219977,
    "sortino": 0.5814799388297405,
    "std": 0.22018054894208014,
    "ulcer_index": 10.688412957298077,
    "upi": 0.8655036217162069,
    "us_allocation": 88
}