{
    "beta": 0.7734678687528804,
    "cagr": 0.060233195009604,
    "end_val": 12932.713277602725,
    "max_drawdown": -0.34665756448591334,
    "mwrr": 0.060233195009604,
    "sharpe": 0.19168513594059372,
    "sortino": 0.2604639941214216,
    "std": 0.19191532313906196,
    "ulcer_index": 11.688573235140906,
    "upi": 0.31471378562119817,
    "us_allocation": 9
}