{
    "beta": 0.9584381550059667,
    "cagr": 0.11413043982272342,
    "end_val": 16083.376248485063,
    "max_drawdown": -0.3462974827216735,
    "mwrr": 0.11413043982272342,
    "sharpe": 0.4008744759718939,
    "sortino": 0.5536077979831205,
    "std": 0.21561364561038757,
    "ulcer_index": 10.643475986256675,
    "upi": 0.812073254707895,
    "us_allocation": 79
}