{
    "beta": 0.99447985871937,
    "cagr": 0.12466377503348847,
    "end_val": 16762.787850191187,
    "max_drawdown": -0.34859067638786745,
    "mwrr": 0.12466377503348847,
    "sharpe": 0.4301678326937802,
    "sortino": 0.5960560480890162,
    "std": 0.22283474600897465,
    "ulcer_index": 10.715407406648602,
    "upi": 0.8945580080364582,
    "us_allocation": 93
}