{
    "beta": 0.80041595167101,
    "cagr": 0.06806177443611583,
    "end_val": 13357.89161642395,
    "max_drawdown": -0.3455826384213779,
    "mwrr": 0.06806177443611583,
    "sharpe": 0.22784752518791063,
    "sortino": 0.3103397517073757,
    "std": 0.19378189853680855,
    "ulcer_index": 11.29147043271963,
    "upi": 0.3910105680263222,
    "us_allocation": 19
}