{
    "beta": 0.9220970708891827,
    "cagr": 0.10351665331196425,
    "end_val": 15420.49405855887,
    "max_drawdown": -0.34398524202934644,
    "mwrr": 0.10351665331196425,
    "sharpe": 0.36753253332974994,
    "sortino": 0.5059026738158264,
    "std": 0.20909565674868688,
    "ulcer_index": 10.711084906661887,
    "upi": 0.7174618243460132,
    "us_allocation": 65
}