{
    "beta": 0.9377093097013091,
    "cagr": 0.1080753405202084,
    "end_val": 15702.566805069908,
    "max_drawdown": -0.34497120434542916,
    "mwrr": 0.1080753405202084,
    "sharpe": 0.3823339780019757,
    "sortino": 0.5270099294542915,
    "std": 0.21179726695625342,
    "ulcer_index": 10.675588739427752,
    "upi": 0.7585147180053246,
    "us_allocation": 71
}