{
    "beta": 0.840495676176175,
    "cagr": 0.07972264285675812,
    "end_val": 14011.137516249039,
    "max_drawdown": -0.3439757731079906,
    "mwrr": 0.07972264285675812,
    "sharpe": 0.2784267305429709,
    "sortino": 0.3805652826543678,
    "std": 0.1976262536338933,
    "ulcer_index": 11.044959157349172,
    "upi": 0.4981686038390014,
    "us_allocation": 34
}