{
    "beta": 0.8511162394648126,
    "cagr": 0.0828157803011631,
    "end_val": 14188.486453236637,
    "max_drawdown": -0.34354839073148785,
    "mwrr": 0.0828157803011631,
    "sharpe": 0.2911152598826235,
    "sortino": 0.3982762524112592,
    "std": 0.198851081070704,
    "ulcer_index": 10.987556180139105,
    "upi": 0.5268386368949487,
    "us_allocation": 38
}