{
    "beta": 0.9996049758908803,
    "cagr": 0.12616203182065355,
    "end_val": 16861.199774825684,
    "max_drawdown": -0.34891542552903465,
    "mwrr": 0.12616203182065355,
    "sharpe": 0.4340388725281448,
    "sortino": 0.6017096364502834,
    "std": 0.2239186949337629,
    "ulcer_index": 10.726653939286498,
    "upi": 0.906048347589267,
    "us_allocation": 95
}