{
    "beta": 0.9713438941395787,
    "cagr": 0.11790152468529236,
    "end_val": 16324.122285250955,
    "max_drawdown": -0.3471205123216542,
    "mwrr": 0.11790152468529236,
    "sharpe": 0.4117869272077437,
    "sortino": 0.5693554313122312,
    "std": 0.21811644908860986,
    "ulcer_index": 10.667818145313182,
    "upi": 0.8419383103224921,
    "us_allocation": 84
}