{
    "beta": 0.955852444153844,
    "cagr": 0.11337499312375754,
    "end_val": 16035.480149726733,
    "max_drawdown": -0.34613233479475924,
    "mwrr": 0.11337499312375754,
    "sharpe": 0.3986303144097719,
    "sortino": 0.5503780066130614,
    "std": 0.21512371073522152,
    "ulcer_index": 10.639260642999103,
    "upi": 0.8060110999879935,
    "us_allocation": 78
}