{
    "beta": 0.7599232162964876,
    "cagr": 0.056302301133521304,
    "end_val": 12723.205812631046,
    "max_drawdown": -0.34719613683527206,
    "mwrr": 0.056302301133521304,
    "sharpe": 0.1729502357844798,
    "sortino": 0.23472677001277967,
    "std": 0.1912023973754944,
    "ulcer_index": 11.930301179296281,
    "upi": 0.2771667514027644,
    "us_allocation": 4
}