{
    "beta": 0.7544919430695685,
    "cagr": 0.054726821659345504,
    "end_val": 12639.976538512665,
    "max_drawdown": -0.34741177333205403,
    "mwrr": 0.054726821659345504,
    "sharpe": 0.16534473406861797,
    "sortino": 0.22429840038934565,
    "std": 0.1909594707597166,
    "ulcer_index": 12.02956401864223,
    "upi": 0.2624576774079487,
    "us_allocation": 2
}