{
    "beta": 0.7896590600197414,
    "cagr": 0.06493563147566328,
    "end_val": 13186.832455205918,
    "max_drawdown": -0.34601225440220784,
    "mwrr": 0.06493563147566328,
    "sharpe": 0.21360244896681402,
    "sortino": 0.2906611722597384,
    "std": 0.19296603512417393,
    "ulcer_index": 11.423812770501527,
    "upi": 0.3607917341023052,
    "us_allocation": 15
}