{
    "beta": 0.8643530250689707,
    "cagr": 0.08667256508642662,
    "end_val": 14412.043878272889,
    "max_drawdown": -0.34301482081348517,
    "mwrr": 0.08667256508642662,
    "sharpe": 0.30648490626014313,
    "sortino": 0.41978180684197547,
    "std": 0.20049418258569865,
    "ulcer_index": 10.918968229201914,
    "upi": 0.5627508597116448,
    "us_allocation": 43
}