{
    "beta": 0.8164963429122127,
    "cagr": 0.07273785365285534,
    "end_val": 13616.955869550795,
    "max_drawdown": -0.34493909861736266,
    "mwrr": 0.07273785365285534,
    "sharpe": 0.24863218734650322,
    "sortino": 0.3391277603906905,
    "std": 0.1951738464628964,
    "ulcer_index": 11.185315124231954,
    "upi": 0.4338240273991238,
    "us_allocation": 25
}