{
    "beta": 0.8590634629866687,
    "cagr": 0.08513113271432982,
    "end_val": 14322.37117807287,
    "max_drawdown": -0.343228161124419,
    "mwrr": 0.08513113271432982,
    "sharpe": 0.30040296887857065,
    "sortino": 0.4112647293175413,
    "std": 0.19982224343132332,
    "ulcer_index": 10.945980849868945,
    "upi": 0.5483777561816928,
    "us_allocation": 41
}