{
    "beta": 0.8959486105811809,
    "cagr": 0.09588550087568426,
    "end_val": 14957.087637060238,
    "max_drawdown": -0.34306679007238533,
    "mwrr": 0.09588550087568426,
    "sharpe": 0.34111412128514884,
    "sortino": 0.46846849025354736,
    "std": 0.20492068140749964,
    "ulcer_index": 10.790830923201788,
    "upi": 0.6477688473757458,
    "us_allocation": 55
}