{
    "beta": 0.8031005723120871,
    "cagr": 0.0688422133455251,
    "end_val": 13400.862546699338,
    "max_drawdown": -0.34547530815735406,
    "mwrr": 0.0688422133455251,
    "sharpe": 0.23136100330773057,
    "sortino": 0.3151996972693172,
    "std": 0.19400000878241816,
    "ulcer_index": 11.273222657423705,
    "upi": 0.39813057272757074,
    "us_allocation": 20
}