{
    "beta": 0.8696357664813824,
    "cagr": 0.08821229319830715,
    "end_val": 14502.04985311272,
    "max_drawdown": -0.34280159726563225,
    "mwrr": 0.08821229319830715,
    "sharpe": 0.3124784951617544,
    "sortino": 0.42818443522551836,
    "std": 0.20118539313458406,
    "ulcer_index": 10.89258072923732,
    "upi": 0.5771293101070959,
    "us_allocation": 45
}