{
    "beta": 0.8245121393741821,
    "cagr": 0.07507001338410557,
    "end_val": 13747.604096279854,
    "max_drawdown": -0.3446177258812353,
    "mwrr": 0.07507001338410557,
    "sharpe": 0.25875191211356957,
    "sortino": 0.3531786446946322,
    "std": 0.19594361188791182,
    "ulcer_index": 11.135512585673807,
    "upi": 0.45528988762092626,
    "us_allocation": 28
}