{
    "beta": 0.929910298564959,
    "cagr": 0.10579786401826641,
    "end_val": 15561.152186313233,
    "max_drawdown": -0.344470830998847,
    "mwrr": 0.10579786401826641,
    "sharpe": 0.3750305324854749,
    "sortino": 0.516582738819359,
    "std": 0.21042869484418802,
    "ulcer_index": 10.692708168733226,
    "upi": 0.738033218762252,
    "us_allocation": 68
}