{
    "beta": 0.8775471807751802,
    "cagr": 0.09051869813969238,
    "end_val": 14637.6842609431,
    "max_drawdown": -0.3424819806650262,
    "mwrr": 0.09051869813969238,
    "sharpe": 0.32130261967533824,
    "sortino": 0.4405717603353073,
    "std": 0.20225772851930798,
    "ulcer_index": 10.854027613138461,
    "upi": 0.5987099200703522,
    "us_allocation": 48
}