{
    "beta": 0.8617090992217257,
    "cagr": 0.08590206217075025,
    "end_val": 14367.165884869913,
    "max_drawdown": -0.34312147636757334,
    "mwrr": 0.08590206217075025,
    "sharpe": 0.303454959681812,
    "sortino": 0.4155375294691723,
    "std": 0.20015578655841235,
    "ulcer_index": 10.932399592037946,
    "upi": 0.5555633347390473,
    "us_allocation": 42
}