{
    "beta": 0.911657092472301,
    "cagr": 0.10046921057113645,
    "end_val": 15234.125382155686,
    "max_drawdown": -0.34361882536626825,
    "mwrr": 0.10046921057113645,
    "sharpe": 0.35722962364303057,
    "sortino": 0.4912680785419851,
    "std": 0.2073751357221724,
    "ulcer_index": 10.741759268108703,
    "upi": 0.6896351787207085,
    "us_allocation": 61
}