{
    "beta": 0.8564161111230464,
    "cagr": 0.08435977623844182,
    "end_val": 14277.659725574616,
    "max_drawdown": -0.3433348750960173,
    "mwrr": 0.08435977623844182,
    "sharpe": 0.29732898383364115,
    "sortino": 0.40696351516477053,
    "std": 0.19949358819629306,
    "ulcer_index": 10.95969999098887,
    "upi": 0.541194986618667,
    "us_allocation": 40
}