{
    "beta": 1.0098377990927372,
    "cagr": 0.1291536960687647,
    "end_val": 17059.04021311465,
    "max_drawdown": -0.34956280953907154,
    "mwrr": 0.1291536960687647,
    "sharpe": 0.44155512527523555,
    "sortino": 0.6127199133585568,
    "std": 0.22612347499960658,
    "ulcer_index": 10.749866060843539,
    "upi": 0.9288055182710139,
    "us_allocation": 99
}