{
    "beta": 0.8271804936380326,
    "cagr": 0.07584653233536298,
    "end_val": 13791.31909037765,
    "max_drawdown": -0.3445106603945645,
    "mwrr": 0.07584653233536298,
    "sharpe": 0.26208375342510704,
    "sortino": 0.35780997151963795,
    "std": 0.19621091317270883,
    "ulcer_index": 11.119900116746681,
    "upi": 0.4624301491596048,
    "us_allocation": 29
}