{
    "beta": 0.7572085436170831,
    "cagr": 0.05551478496944395,
    "end_val": 12681.550235734383,
    "max_drawdown": -0.3473039402459188,
    "mwrr": 0.05551478496944395,
    "sharpe": 0.1691551622988872,
    "sortino": 0.2295214865974271,
    "std": 0.1910778902364249,
    "ulcer_index": 11.979769080954354,
    "upi": 0.26978951627791076,
    "us_allocation": 3
}