{
    "beta": 0.8667739099805026,
    "cagr": 0.07019437797849704,
    "end_val": 12589.944989282938,
    "max_drawdown": -0.26951266208754254,
    "mwrr": 0.07019437797849704,
    "sharpe": 0.263770537229828,
    "sortino": 0.37693191105814794,
    "std": 0.1547447837754744,
    "ulcer_index": 10.806427081089792,
    "upi": 0.3776081049297506,
    "us_allocation": 47
}