{
    "beta": 0.7892835279337425,
    "cagr": 0.0521681336385198,
    "end_val": 11884.410088954093,
    "max_drawdown": -0.2789494709063297,
    "mwrr": 0.0521681336385198,
    "sharpe": 0.1584295044235864,
    "sortino": 0.22672283355139114,
    "std": 0.15017501853592916,
    "ulcer_index": 11.076623454076026,
    "upi": 0.21472929629709633,
    "us_allocation": 22
}