{
    "beta": 1.01775765619661,
    "cagr": 0.10456908132253995,
    "end_val": 14016.417571759936,
    "max_drawdown": -0.25427851016036285,
    "mwrr": 0.10456908132253995,
    "sharpe": 0.4175456225067629,
    "sortino": 0.594159760437158,
    "std": 0.1736349310473269,
    "ulcer_index": 10.724414526183281,
    "upi": 0.6759044448012221,
    "us_allocation": 96
}