{
    "beta": 0.8110180095730354,
    "cagr": 0.057249618691186166,
    "end_val": 12080.395882314791,
    "max_drawdown": -0.27628941239767235,
    "mwrr": 0.057249618691186166,
    "sharpe": 0.1894636084989622,
    "sortino": 0.2711022344278424,
    "std": 0.1510621479354006,
    "ulcer_index": 10.991219280528602,
    "upi": 0.2603182354103346,
    "us_allocation": 29
}