{
    "beta": 0.9346902373119568,
    "cagr": 0.08578183936445516,
    "end_val": 13223.417580426198,
    "max_drawdown": -0.26134679620506956,
    "mwrr": 0.08578183936445516,
    "sharpe": 0.3419003937894252,
    "sortino": 0.48744130394280216,
    "std": 0.1617683035394609,
    "ulcer_index": 10.63887486941959,
    "upi": 0.5197506356166357,
    "us_allocation": 69
}