{
    "beta": 0.7706291477252469,
    "cagr": 0.047791162302860846,
    "end_val": 11717.403715067952,
    "max_drawdown": -0.28175697488914564,
    "mwrr": 0.047791162302860846,
    "sharpe": 0.13105206024471439,
    "sortino": 0.18752467536403755,
    "std": 0.14966749193796675,
    "ulcer_index": 11.200702930428491,
    "upi": 0.17506038369321547,
    "us_allocation": 16
}