{
    "beta": 0.8729579988009177,
    "cagr": 0.07162196793908038,
    "end_val": 12647.052038020556,
    "max_drawdown": -0.26876513390223067,
    "mwrr": 0.07162196793908038,
    "sharpe": 0.2714769662618723,
    "sortino": 0.3878589676667792,
    "std": 0.15527322662951393,
    "ulcer_index": 10.788777644606096,
    "upi": 0.39060689999930165,
    "us_allocation": 49
}