{
    "beta": 0.968566483928096,
    "cagr": 0.09348096250385307,
    "end_val": 13544.456723059342,
    "max_drawdown": -0.25761579295452164,
    "mwrr": 0.09348096250385307,
    "sharpe": 0.3753709864726921,
    "sortino": 0.5346694264053204,
    "std": 0.16620816338177594,
    "ulcer_index": 10.600399432512308,
    "upi": 0.5884328419197052,
    "us_allocation": 80
}