{
    "beta": 0.9285254051616598,
    "cagr": 0.08437527295078406,
    "end_val": 13165.351965800499,
    "max_drawdown": -0.262084085580263,
    "mwrr": 0.08437527295078406,
    "sharpe": 0.33541266482640425,
    "sortino": 0.47828196716156945,
    "std": 0.16102421127597039,
    "ulcer_index": 10.651766616531253,
    "upi": 0.506926693713268,
    "us_allocation": 67
}