{
    "beta": 0.7207641825001865,
    "cagr": 0.036021353315826454,
    "end_val": 11276.537276874997,
    "max_drawdown": -0.2944315906857159,
    "mwrr": 0.036021353315826454,
    "sharpe": 0.05547457197612909,
    "sortino": 0.07927942112225957,
    "std": 0.14948314307583957,
    "ulcer_index": 12.02656783778406,
    "upi": 0.06892868045008449,
    "us_allocation": 0
}