{
    "beta": 0.736366465910247,
    "cagr": 0.039714831450049726,
    "end_val": 11413.602470249825,
    "max_drawdown": -0.29020871245368934,
    "mwrr": 0.039714831450049726,
    "sharpe": 0.07940181317688526,
    "sortino": 0.11353614293530469,
    "std": 0.14935626988071618,
    "ulcer_index": 11.734460646643772,
    "upi": 0.10102942557830359,
    "us_allocation": 5
}