{
    "beta": 0.8853199822320361,
    "cagr": 0.0744707797418045,
    "end_val": 12761.55716752978,
    "max_drawdown": -0.2672732458074707,
    "mwrr": 0.0744707797418045,
    "sharpe": 0.28653603350602963,
    "sortino": 0.4091883851735762,
    "std": 0.15639848284606117,
    "ulcer_index": 10.754964351983899,
    "upi": 0.41657034321427044,
    "us_allocation": 53
}