{
    "beta": 0.9408533245267944,
    "cagr": 0.08718632950052574,
    "end_val": 13281.57751121688,
    "max_drawdown": -0.2606104894880546,
    "mwrr": 0.08718632950052574,
    "sharpe": 0.34826392542624196,
    "sortino": 0.49642269149490087,
    "std": 0.1625322936125698,
    "ulcer_index": 10.626418302386728,
    "upi": 0.5325501078249635,
    "us_allocation": 71
}