{
    "beta": 0.9747205460228037,
    "cagr": 0.09487411352103492,
    "end_val": 13603.130288834607,
    "max_drawdown": -0.25719843366613343,
    "mwrr": 0.09487411352103492,
    "sharpe": 0.3810582224400733,
    "sortino": 0.5426912108119433,
    "std": 0.16707604510007837,
    "ulcer_index": 10.614987120682397,
    "upi": 0.5996442044172426,
    "us_allocation": 82
}