{
    "beta": 0.8234242759070305,
    "cagr": 0.06014133370383257,
    "end_val": 12192.937323637483,
    "max_drawdown": -0.27477568955762893,
    "mwrr": 0.06014133370383257,
    "sharpe": 0.2067000032525241,
    "sortino": 0.2957143441995547,
    "std": 0.15170891917270773,
    "ulcer_index": 10.946095247119194,
    "upi": 0.28639398285829076,
    "us_allocation": 33
}