{
    "beta": 0.7270072886437955,
    "cagr": 0.037500436852394126,
    "end_val": 11331.2859418091,
    "max_drawdown": -0.2925859916203543,
    "mwrr": 0.037500436852394126,
    "sharpe": 0.06507052590019087,
    "sortino": 0.09301499647345755,
    "std": 0.14941216289662831,
    "ulcer_index": 11.894433342458173,
    "upi": 0.08171139474852832,
    "us_allocation": 2
}