{
    "beta": 1.0146858495191347,
    "cagr": 0.10387987984448888,
    "end_val": 13986.748955694717,
    "max_drawdown": -0.2544869838076426,
    "mwrr": 0.10387987984448888,
    "sharpe": 0.4151275771523071,
    "sortino": 0.5907477654872615,
    "std": 0.17313959080211774,
    "ulcer_index": 10.716176921065,
    "upi": 0.6705871740404001,
    "us_allocation": 95
}