{
    "beta": 0.9038479772960543,
    "cagr": 0.07872815173028802,
    "end_val": 12934.038315137492,
    "max_drawdown": -0.2650432162216518,
    "mwrr": 0.07872815173028802,
    "sharpe": 0.30822101372419153,
    "sortino": 0.4398622541751104,
    "std": 0.1582529864216747,
    "ulcer_index": 10.70792555598183,
    "upi": 0.45540613169869365,
    "us_allocation": 59
}