{
    "beta": 0.8420161106635665,
    "cagr": 0.06446267224721636,
    "end_val": 12362.493262609383,
    "max_drawdown": -0.27251352419565034,
    "mwrr": 0.06446267224721636,
    "sharpe": 0.23180627117132954,
    "sortino": 0.331501237699141,
    "std": 0.1528653065944097,
    "ulcer_index": 10.88271674364987,
    "upi": 0.32551595711808284,
    "us_allocation": 39
}