{
    "beta": 0.9900990404293356,
    "cagr": 0.09834804313961154,
    "end_val": 13750.218045618203,
    "max_drawdown": -0.2561552841952836,
    "mwrr": 0.09834804313961154,
    "sharpe": 0.3947500175238953,
    "sortino": 0.5620019216873107,
    "std": 0.16932332178588982,
    "ulcer_index": 10.65266131704191,
    "upi": 0.6273243368111218,
    "us_allocation": 87
}