{
    "beta": 0.8172223373819624,
    "cagr": 0.058696562093945914,
    "end_val": 12136.6168407168,
    "max_drawdown": -0.27553198393595096,
    "mwrr": 0.058696562093945914,
    "sharpe": 0.1981296323486177,
    "sortino": 0.28348041415656644,
    "std": 0.15137297090723223,
    "ulcer_index": 10.968370883190206,
    "upi": 0.27335428404423845,
    "us_allocation": 31
}