{
    "beta": 0.8451127571365583,
    "cagr": 0.0651810100178607,
    "end_val": 12390.838931751292,
    "max_drawdown": -0.27213746508696224,
    "mwrr": 0.0651810100178607,
    "sharpe": 0.23589872483511584,
    "sortino": 0.3373264862862335,
    "std": 0.15307939417193872,
    "ulcer_index": 10.87265286068212,
    "upi": 0.33203432889833034,
    "us_allocation": 40
}