{
    "beta": 1.0269711085974293,
    "cagr": 0.10663366047501355,
    "end_val": 14105.558868134429,
    "max_drawdown": -0.253653174385281,
    "mwrr": 0.10663366047501355,
    "sharpe": 0.4246316287720873,
    "sortino": 0.6041609270825467,
    "std": 0.17514447894613222,
    "ulcer_index": 10.749545275163701,
    "upi": 0.6917332980723787,
    "us_allocation": 99
}