{
    "beta": 0.9962478557168521,
    "cagr": 0.099734046996526,
    "end_val": 13809.213920766788,
    "max_drawdown": -0.25573812387649564,
    "mwrr": 0.099734046996526,
    "sharpe": 0.4000188463954569,
    "sortino": 0.5694336309049949,
    "std": 0.17025245986916931,
    "ulcer_index": 10.66816299375086,
    "upi": 0.6382590750093295,
    "us_allocation": 89
}