{
    "beta": 0.7954965015087597,
    "cagr": 0.05362272219089226,
    "end_val": 11940.280637462125,
    "max_drawdown": -0.2781880031910562,
    "mwrr": 0.05362272219089226,
    "sharpe": 0.16740261939719425,
    "sortino": 0.23956169042310785,
    "std": 0.15039634410838554,
    "ulcer_index": 11.05140514754557,
    "upi": 0.22774459589930654,
    "us_allocation": 24
}