{
    "beta": 0.9470146990308168,
    "cagr": 0.08858874792162319,
    "end_val": 13339.831474126706,
    "max_drawdown": -0.2598751582266052,
    "mwrr": 0.08858874792162319,
    "sharpe": 0.35450344870274275,
    "sortino": 0.5052278031420754,
    "std": 0.1633158713598728,
    "ulcer_index": 10.614479373565018,
    "upi": 0.5453193633708622,
    "us_allocation": 73
}