{
    "beta": 0.829623860737839,
    "cagr": 0.06158393899416592,
    "end_val": 12249.357065882703,
    "max_drawdown": -0.2740205205455239,
    "mwrr": 0.06158393899416592,
    "sharpe": 0.21517153462308997,
    "sortino": 0.30779889917539427,
    "std": 0.15206977641744435,
    "ulcer_index": 10.924394796763663,
    "upi": 0.2994354068891214,
    "us_allocation": 35
}