{
    "beta": 0.854399367873124,
    "cagr": 0.06733280459844049,
    "end_val": 12476.0232895001,
    "max_drawdown": -0.2710109269107675,
    "mwrr": 0.06733280459844049,
    "sharpe": 0.24801214110225359,
    "sortino": 0.3545547069394094,
    "std": 0.15375765356814786,
    "ulcer_index": 10.843327398911235,
    "upi": 0.3515809916673883,
    "us_allocation": 43
}