{
    "beta": 0.8698662160180372,
    "cagr": 0.07090843882182085,
    "end_val": 12618.486358801187,
    "max_drawdown": -0.2691387651516508,
    "mwrr": 0.07090843882182085,
    "sharpe": 0.2676383334899022,
    "sortino": 0.3824174629132689,
    "std": 0.15500612721180132,
    "ulcer_index": 10.797540194122096,
    "upi": 0.38410875962517443,
    "us_allocation": 48
}