{
    "beta": 0.9192748143129599,
    "cagr": 0.08226152022148203,
    "end_val": 13078.431005579823,
    "max_drawdown": -0.26319187805801,
    "mwrr": 0.08226152022148203,
    "sharpe": 0.32544813307535486,
    "sortino": 0.46420817445842344,
    "std": 0.1599460576230625,
    "ulcer_index": 10.671923890700095,
    "upi": 0.4876480300221347,
    "us_allocation": 64
}