{
    "beta": 0.913105477829157,
    "cagr": 0.08084974286473212,
    "end_val": 13020.60241755586,
    "max_drawdown": -0.26393165605875146,
    "mwrr": 0.08084974286473212,
    "sharpe": 0.3186500156258735,
    "sortino": 0.4546029104536281,
    "std": 0.15925306047140847,
    "ulcer_index": 10.68598354528467,
    "upi": 0.47476595797409554,
    "us_allocation": 62
}