{
    "beta": 0.8945861828073158,
    "cagr": 0.07660183613756466,
    "end_val": 12847.68958588697,
    "max_drawdown": -0.2661570708517226,
    "mwrr": 0.07660183613756466,
    "sharpe": 0.29751547173405396,
    "sortino": 0.4247241800490864,
    "std": 0.15730112514744796,
    "ulcer_index": 10.730881663523816,
    "upi": 0.436007308290977,
    "us_allocation": 56
}