{
    "beta": 0.9654888662751924,
    "cagr": 0.09278361787551792,
    "end_val": 13515.154700229472,
    "max_drawdown": -0.2578244939259664,
    "mwrr": 0.09278361787551792,
    "sharpe": 0.37248181417959136,
    "sortino": 0.5305938527012787,
    "std": 0.1657810252680338,
    "ulcer_index": 10.593197011294789,
    "upi": 0.582798159310771,
    "us_allocation": 79
}