{
    "beta": 0.7830680023245543,
    "cagr": 0.050711347997589584,
    "end_val": 11828.64024605973,
    "max_drawdown": -0.2797121130664437,
    "mwrr": 0.050711347997589584,
    "sharpe": 0.14937726670328763,
    "sortino": 0.21376609282985057,
    "std": 0.1499796649167069,
    "ulcer_index": 11.102565663904791,
    "upi": 0.20172391749385082,
    "us_allocation": 20
}