{
    "beta": 0.8884092122791094,
    "cagr": 0.07518165964822487,
    "end_val": 12790.243881427537,
    "max_drawdown": -0.2669009280627504,
    "mwrr": 0.07518165964822487,
    "sharpe": 0.29022607961193947,
    "sortino": 0.41441113502442123,
    "std": 0.15669383344912194,
    "ulcer_index": 10.746815564658442,
    "upi": 0.42305305402353927,
    "us_allocation": 54
}