{
    "beta": 0.943934223859541,
    "cagr": 0.08788779739197539,
    "end_val": 13310.692756448529,
    "max_drawdown": -0.2602427023727946,
    "mwrr": 0.08788779739197539,
    "sharpe": 0.3513991710243594,
    "sortino": 0.5008472284221891,
    "std": 0.1629216534310612,
    "ulcer_index": 10.620351624082376,
    "upi": 0.5389402763435933,
    "us_allocation": 72
}