{
    "beta": 1.0085412295072405,
    "cagr": 0.1024999612196924,
    "end_val": 13927.479670268993,
    "max_drawdown": -0.25490397369428247,
    "mwrr": 0.1024999612196924,
    "sharpe": 0.41020637085517797,
    "sortino": 0.5838045102351849,
    "std": 0.17216089271019533,
    "ulcer_index": 10.699883525847543,
    "upi": 0.6598930647261447,
    "us_allocation": 93
}