{
    "beta": 0.8574938096632534,
    "cagr": 0.06804899872674253,
    "end_val": 12504.46707972944,
    "max_drawdown": -0.27063595710871796,
    "mwrr": 0.06804899872674253,
    "sharpe": 0.2519943493793004,
    "sortino": 0.3602135005425388,
    "std": 0.15399563216446693,
    "ulcer_index": 10.833892031894253,
    "upi": 0.35809122855522213,
    "us_allocation": 44
}