{
    "beta": 0.826524360317831,
    "cagr": 0.06086290679892015,
    "end_val": 12221.134803957895,
    "max_drawdown": -0.27439796492212953,
    "mwrr": 0.06086290679892015,
    "sharpe": 0.21094831577071974,
    "sortino": 0.30177560498434264,
    "std": 0.15188624806069917,
    "ulcer_index": 10.935172026155511,
    "upi": 0.2929146260181392,
    "us_allocation": 34
}