{
    "beta": 0.7612930326160654,
    "cagr": 0.04559521232811847,
    "end_val": 11634.242593637411,
    "max_drawdown": -0.2840107892729142,
    "mwrr": 0.04559521232811847,
    "sharpe": 0.11713216010125685,
    "sortino": 0.1675844780863898,
    "std": 0.14950262315478682,
    "ulcer_index": 11.338118535835397,
    "upi": 0.15439896284139973,
    "us_allocation": 13
}