{
    "beta": 0.7861760864259212,
    "cagr": 0.05144001581360502,
    "end_val": 11856.512563048413,
    "max_drawdown": -0.27933064460626333,
    "mwrr": 0.05144001581360502,
    "sharpe": 0.15391302177233146,
    "sortino": 0.22025880645409615,
    "std": 0.15007408510869188,
    "ulcer_index": 11.08949650001004,
    "upi": 0.20822536497778943,
    "us_allocation": 21
}