{
    "beta": 0.7799592710272715,
    "cagr": 0.04998212946714076,
    "end_val": 11800.793170424275,
    "max_drawdown": -0.280093877443419,
    "mwrr": 0.04998212946714076,
    "sharpe": 0.14482275933631836,
    "sortino": 0.2072454720982949,
    "std": 0.14989177729273323,
    "ulcer_index": 11.115797466835474,
    "upi": 0.19522585523619562,
    "us_allocation": 19
}