{
    "beta": 0.9223587956979611,
    "cagr": 0.08296662565322621,
    "end_val": 13107.380950393388,
    "max_drawdown": -0.2628223648873352,
    "mwrr": 0.08296662565322621,
    "sharpe": 0.32880068914061117,
    "sortino": 0.468944020500369,
    "std": 0.16030032615564085,
    "ulcer_index": 10.665094857797632,
    "upi": 0.49407972948844087,
    "us_allocation": 65
}