{
    "beta": 0.9624108523000958,
    "cagr": 0.09208575977470979,
    "end_val": 13485.875898918506,
    "max_drawdown": -0.2580410510552435,
    "mwrr": 0.09208575977470979,
    "sharpe": 0.3695621431447974,
    "sortino": 0.5264749735289375,
    "std": 0.16535847378965013,
    "ulcer_index": 10.586674814335172,
    "upi": 0.5771104348127486,
    "us_allocation": 78
}