{
    "beta": 0.8513043814037813,
    "cagr": 0.06661607553833648,
    "end_val": 12447.603978904077,
    "max_drawdown": -0.27138616748513905,
    "mwrr": 0.06661607553833648,
    "sharpe": 0.2440019505468728,
    "sortino": 0.3488536675432308,
    "std": 0.15352559946038458,
    "ulcer_index": 10.85294965047568,
    "upi": 0.34506736088397383,
    "us_allocation": 42
}