{
    "beta": 0.9500947540451472,
    "cagr": 0.089289181653047,
    "end_val": 13368.99362859067,
    "max_drawdown": -0.25950785616012584,
    "mwrr": 0.089289181653047,
    "sharpe": 0.35757680282187027,
    "sortino": 0.5095645129322323,
    "std": 0.1637149085701823,
    "ulcer_index": 10.608726422748047,
    "upi": 0.5516909252209888,
    "us_allocation": 74
}