{
    "beta": 0.7737398483652616,
    "cagr": 0.04852203735195926,
    "end_val": 11745.174872647294,
    "max_drawdown": -0.2810067004453716,
    "mwrr": 0.04852203735195926,
    "sharpe": 0.13565961367811086,
    "sortino": 0.1941238902618739,
    "std": 0.1497356733501987,
    "ulcer_index": 11.155450992285528,
    "upi": 0.18203338184008533,
    "us_allocation": 17
}