{
    "beta": 0.801706959592198,
    "cagr": 0.055075119371645664,
    "end_val": 11996.251630854593,
    "max_drawdown": -0.2774277007878983,
    "mwrr": 0.055075119371645664,
    "sharpe": 0.17629264385838106,
    "sortino": 0.2522763913730359,
    "std": 0.15064347249947554,
    "ulcer_index": 11.026831136180212,
    "upi": 0.24076923441068518,
    "us_allocation": 26
}