{
    "beta": 0.7675177813385242,
    "cagr": 0.04705973361055715,
    "end_val": 11689.657927966176,
    "max_drawdown": -0.28250774704270226,
    "mwrr": 0.04705973361055715,
    "sharpe": 0.1264279236234521,
    "sortino": 0.18090105429482686,
    "std": 0.14960591288776262,
    "ulcer_index": 11.246231988501265,
    "upi": 0.16813032968555802,
    "us_allocation": 15
}