{
    "beta": 0.8605877110822,
    "cagr": 0.06876465857055547,
    "end_val": 12532.93531572961,
    "max_drawdown": -0.27026125705150267,
    "mwrr": 0.06876465857055547,
    "sharpe": 0.25594831499458137,
    "sortino": 0.3658296530813268,
    "std": 0.15423950234360995,
    "ulcer_index": 10.824590116656845,
    "upi": 0.3645995456796541,
    "us_allocation": 45
}