{
    "beta": 0.9593324380528835,
    "cagr": 0.0913873876537048,
    "end_val": 13456.620355159303,
    "max_drawdown": -0.25840739361019377,
    "mwrr": 0.0913873876537048,
    "sharpe": 0.3666118847239984,
    "sortino": 0.5223126349820092,
    "std": 0.16494054762865312,
    "ulcer_index": 10.592044058695798,
    "upi": 0.5707658782082604,
    "us_allocation": 77
}