{
    "beta": 0.980873070007849,
    "cagr": 0.09626521715633118,
    "end_val": 13661.896306741235,
    "max_drawdown": -0.256781131240725,
    "mwrr": 0.09626521715633118,
    "sharpe": 0.3866246894051914,
    "sortino": 0.5505417121009939,
    "std": 0.1679618108728252,
    "ulcer_index": 10.629848441626855,
    "upi": 0.6107762582803788,
    "us_allocation": 84
}