{
    "beta": 0.9100201145374083,
    "cagr": 0.08014306976039376,
    "end_val": 12991.723844488739,
    "max_drawdown": -0.2643019227526272,
    "mwrr": 0.08014306976039376,
    "sharpe": 0.3152045358933339,
    "sortino": 0.44973358654321327,
    "std": 0.1589144082439574,
    "ulcer_index": 10.693184820797013,
    "upi": 0.46831734073709863,
    "us_allocation": 61
}