{
    "beta": 0.9993217254809742,
    "cagr": 0.100426286459812,
    "end_val": 13838.746163337411,
    "max_drawdown": -0.25552956502619845,
    "mwrr": 0.100426286459812,
    "sharpe": 0.40260926682209985,
    "sortino": 0.5730875488239005,
    "std": 0.17072335472793862,
    "ulcer_index": 10.676000110889268,
    "upi": 0.6436972574381586,
    "us_allocation": 90
}