{
    "beta": 0.7301277404536395,
    "cagr": 0.03823913168940063,
    "end_val": 11358.699011803963,
    "max_drawdown": -0.29179307516590586,
    "mwrr": 0.03823913168940063,
    "sharpe": 0.06985660693649265,
    "sortino": 0.09986736452106897,
    "std": 0.14938679306785735,
    "ulcer_index": 11.840740274009892,
    "upi": 0.08810433499928629,
    "us_allocation": 3
}