{
    "beta": 0.8636810764263408,
    "cagr": 0.06947978477409733,
    "end_val": 12561.427963576283,
    "max_drawdown": -0.26988682571682254,
    "mwrr": 0.06947978477409733,
    "sharpe": 0.25987378967630675,
    "sortino": 0.3714026093645801,
    "std": 0.1544892307863161,
    "ulcer_index": 10.815441623564784,
    "upi": 0.3711050323230178,
    "us_allocation": 46
}