{
    "beta": 1.0023952418032291,
    "cagr": 0.10111801830692557,
    "end_val": 13868.301226972953,
    "max_drawdown": -0.25532102038003285,
    "mwrr": 0.10111801830692557,
    "sharpe": 0.40517055704152044,
    "sortino": 0.5767004857059664,
    "std": 0.1711984167119394,
    "ulcer_index": 10.683895709104508,
    "upi": 0.649115886402484,
    "us_allocation": 91
}