{
    "beta": 0.9870240871686199,
    "cagr": 0.09765427769887136,
    "end_val": 13720.754486284128,
    "max_drawdown": -0.25636388566667784,
    "mwrr": 0.09765427769887136,
    "sharpe": 0.39207132213460605,
    "sortino": 0.5582237059090801,
    "std": 0.1688651540463652,
    "ulcer_index": 10.644997180610419,
    "upi": 0.6218278137995586,
    "us_allocation": 86
}