{
    "beta": 0.9777969983204844,
    "cagr": 0.09556992099239214,
    "end_val": 13632.501759404155,
    "max_drawdown": -0.25698977534628437,
    "mwrr": 0.09556992099239214,
    "sharpe": 0.3838564958074571,
    "sortino": 0.5466376757432201,
    "std": 0.1675167116820858,
    "ulcer_index": 10.6223731466807,
    "upi": 0.6052207635489778,
    "us_allocation": 83
}