{
    "beta": 0.7488353395903576,
    "cagr": 0.0426594931905071,
    "end_val": 11523.717780102179,
    "max_drawdown": -0.287045836682346,
    "mwrr": 0.0426594931905071,
    "sharpe": 0.0983668938054263,
    "sortino": 0.1407012115259785,
    "std": 0.14937590151120786,
    "ulcer_index": 11.527233387814595,
    "upi": 0.12742747829142953,
    "us_allocation": 9
}