{
    "beta": 0.9316080413737411,
    "cagr": 0.08507881597918399,
    "end_val": 13194.372965878614,
    "max_drawdown": -0.26171531760746347,
    "mwrr": 0.08507881597918399,
    "sharpe": 0.338672060407731,
    "sortino": 0.48288396938690303,
    "std": 0.16139375082473834,
    "ulcer_index": 10.645266254737036,
    "upi": 0.5133416334232765,
    "us_allocation": 68
}