{
    "beta": 0.8358211272610647,
    "cagr": 0.0630243833857076,
    "end_val": 12305.875801266167,
    "max_drawdown": -0.27326646827156365,
    "mwrr": 0.0630243833857076,
    "sharpe": 0.22354122701383708,
    "sortino": 0.3197293651825733,
    "std": 0.1524553170350806,
    "ulcer_index": 10.903271585192018,
    "upi": 0.31247661271508287,
    "us_allocation": 37
}