{
    "beta": 0.7457191812923404,
    "cagr": 0.04192416803941201,
    "end_val": 11496.150482400142,
    "max_drawdown": -0.28783582718571166,
    "mwrr": 0.04192416803941201,
    "sharpe": 0.09364283842400137,
    "sortino": 0.1339339832886998,
    "std": 0.14936092878040985,
    "ulcer_index": 11.577957000941064,
    "upi": 0.12076411901892721,
    "us_allocation": 8
}