{
    "beta": 0.7394847492534332,
    "cagr": 0.0404518379417651,
    "end_val": 11441.092795874994,
    "max_drawdown": -0.28941726396703443,
    "mwrr": 0.0404518379417651,
    "sharpe": 0.08415968203091523,
    "sortino": 0.12035048100480757,
    "std": 0.149351104365332,
    "ulcer_index": 11.681879866848956,
    "upi": 0.10756160981216176,
    "us_allocation": 6
}