{
    "beta": 0.8914979444092882,
    "cagr": 0.07589201157544956,
    "end_val": 12818.954699061458,
    "max_drawdown": -0.26652887006821363,
    "mwrr": 0.07589201157544956,
    "sharpe": 0.2938859359680426,
    "sortino": 0.41958973907908376,
    "std": 0.15699472641503723,
    "ulcer_index": 10.738787829585652,
    "upi": 0.4295321186237906,
    "us_allocation": 55
}