{
    "beta": 0.9377719970187025,
    "cagr": 0.08648434368100855,
    "end_val": 13252.485774030542,
    "max_drawdown": -0.26097852046610814,
    "mwrr": 0.08648434368100855,
    "sharpe": 0.3450976756586592,
    "sortino": 0.4919541056830161,
    "std": 0.16214783071908756,
    "ulcer_index": 10.63259166362807,
    "upi": 0.526153550767014,
    "us_allocation": 70
}