{
    "beta": 0.8822302500725445,
    "cagr": 0.0737593712391571,
    "end_val": 12732.894591850683,
    "max_drawdown": -0.26764582427938977,
    "mwrr": 0.0737593712391571,
    "sharpe": 0.28281593978626873,
    "sortino": 0.4039216255299448,
    "std": 0.15610871094392814,
    "ulcer_index": 10.763234234427667,
    "upi": 0.4100841918314469,
    "us_allocation": 52
}