{
    "beta": 0.7923903314364737,
    "cagr": 0.05289570219216699,
    "end_val": 11912.332791278717,
    "max_drawdown": -0.27856859081611157,
    "mwrr": 0.05289570219216699,
    "sharpe": 0.16292620396571156,
    "sortino": 0.2331573879481646,
    "std": 0.15028244513214548,
    "ulcer_index": 11.063934336390112,
    "upi": 0.22123563996484474,
    "us_allocation": 23
}