{
    "beta": 1.0239002819385246,
    "cagr": 0.10594597113614879,
    "end_val": 14075.822565159884,
    "max_drawdown": -0.25386160545063047,
    "mwrr": 0.10594597113614879,
    "sharpe": 0.4222974690672484,
    "sortino": 0.6008660878125847,
    "std": 0.17463741135096233,
    "ulcer_index": 10.741108945843113,
    "upi": 0.686476890662852,
    "us_allocation": 98
}