{
    "beta": 0.9931736286544885,
    "cagr": 0.09904129939722939,
    "end_val": 13779.704535976038,
    "max_drawdown": -0.2559466969323735,
    "mwrr": 0.09904129939722939,
    "sharpe": 0.3973991452566278,
    "sortino": 0.565738497432093,
    "std": 0.16978576966397385,
    "ulcer_index": 10.660383324913346,
    "upi": 0.6328014295367126,
    "us_allocation": 88
}