{
    "beta": 0.7581796408893383,
    "cagr": 0.04486211824480457,
    "end_val": 11606.573110476535,
    "max_drawdown": -0.28476306175607036,
    "mwrr": 0.04486211824480457,
    "sharpe": 0.11246168152968948,
    "sortino": 0.1608934757296954,
    "std": 0.14946094113170816,
    "ulcer_index": 11.384485798695001,
    "upi": 0.14759743932191463,
    "us_allocation": 12
}