{
    "beta": 0.9069342824003154,
    "cagr": 0.07943587291449172,
    "end_val": 12962.869132043732,
    "max_drawdown": -0.26467244249242133,
    "mwrr": 0.07943587291449172,
    "sharpe": 0.3117281799048837,
    "sortino": 0.44482001716055586,
    "std": 0.1585810376159847,
    "ulcer_index": 10.700498984352663,
    "upi": 0.46186399367148195,
    "us_allocation": 60
}