{
    "beta": 0.7238861042887309,
    "cagr": 0.03676117765911102,
    "end_val": 11303.89868641345,
    "max_drawdown": -0.2933793996319436,
    "mwrr": 0.03676117765911102,
    "sharpe": 0.06027630242765134,
    "sortino": 0.08615200521597109,
    "std": 0.1494442782447951,
    "ulcer_index": 11.948492393924177,
    "upi": 0.07536480458730963,
    "us_allocation": 1
}