{
    "beta": 1.011613708561524,
    "cagr": 0.10319017331275315,
    "end_val": 13957.102976189357,
    "max_drawdown": -0.2546954716517995,
    "mwrr": 0.10319017331275315,
    "sharpe": 0.41268121687051673,
    "sortino": 0.5872961436514853,
    "std": 0.17264823245579025,
    "ulcer_index": 10.70799729609734,
    "upi": 0.6652502009939948,
    "us_allocation": 94
}