{
    "beta": 0.8203236030758349,
    "cagr": 0.05941921902967762,
    "end_val": 12164.764658163695,
    "max_drawdown": -0.27515369553329055,
    "mwrr": 0.05941921902967762,
    "sharpe": 0.20242697792502984,
    "sortino": 0.2896157403344908,
    "std": 0.15153781767474492,
    "ulcer_index": 10.957161549340329,
    "upi": 0.2798737909012572,
    "us_allocation": 32
}