{
    "beta": 0.7986020427115519,
    "cagr": 0.054349194347575125,
    "end_val": 11968.253594882157,
    "max_drawdown": -0.2778077068925537,
    "mwrr": 0.054349194347575125,
    "sharpe": 0.17185825965657445,
    "sortino": 0.24593495963599213,
    "std": 0.15051669396424386,
    "ulcer_index": 11.039035713631867,
    "upi": 0.2342559156106547,
    "us_allocation": 25
}