{
    "beta": 0.9254423246236625,
    "cagr": 0.08367120970210151,
    "end_val": 13136.354615542543,
    "max_drawdown": -0.2624531010349068,
    "mwrr": 0.08367120970210151,
    "sharpe": 0.33212220528366954,
    "sortino": 0.47363531684904064,
    "std": 0.1606597235317711,
    "ulcer_index": 10.658375998883757,
    "upi": 0.5005060032125938,
    "us_allocation": 66
}