{
    "beta": 0.9839487649912725,
    "cagr": 0.09696000254771353,
    "end_val": 13691.313894502828,
    "max_drawdown": -0.2565725013480077,
    "mwrr": 0.09696000254771353,
    "sharpe": 0.38936292304000253,
    "sortino": 0.5544036693056521,
    "std": 0.16841130438721605,
    "ulcer_index": 10.637391103475656,
    "upi": 0.6163118798275681,
    "us_allocation": 85
}