{
    "beta": 0.8760492625798305,
    "cagr": 0.07233496596225275,
    "end_val": 12675.64199276859,
    "max_drawdown": -0.26839176733742937,
    "mwrr": 0.07233496596225275,
    "sharpe": 0.27528623525604873,
    "sortino": 0.3932567360733975,
    "std": 0.15554604721197623,
    "ulcer_index": 10.780139921793806,
    "upi": 0.3971022971734918,
    "us_allocation": 50
}