{
    "beta": 1.0300416161652628,
    "cagr": 0.10732084676683473,
    "end_val": 14135.317658948696,
    "max_drawdown": -0.2534447575110078,
    "mwrr": 0.10732084676683473,
    "sharpe": 0.4269381902075757,
    "sortino": 0.6074171738985118,
    "std": 0.1756553835241125,
    "ulcer_index": 10.758036900896416,
    "upi": 0.6969700632175847,
    "us_allocation": 100
}