{
    "beta": 0.7768498879176822,
    "cagr": 0.04925235949539841,
    "end_val": 11772.971368516115,
    "max_drawdown": -0.2804759388998005,
    "mwrr": 0.04925235949539841,
    "sharpe": 0.14025002894657224,
    "sortino": 0.20069778615839692,
    "std": 0.14981044082559675,
    "ulcer_index": 11.12919237165066,
    "upi": 0.18873142114549504,
    "us_allocation": 18
}