{
    "beta": 0.7550655646336897,
    "cagr": 0.04412846753188493,
    "end_val": 11578.929125925373,
    "max_drawdown": -0.28551652223730783,
    "mwrr": 0.04412846753188493,
    "sharpe": 0.10777691573820503,
    "sortino": 0.15418194504716953,
    "std": 0.1494259187752485,
    "ulcer_index": 11.431145793486989,
    "upi": 0.1408385163972552,
    "us_allocation": 11
}