{
    "beta": 0.8079149385091094,
    "cagr": 0.056525330842555954,
    "end_val": 12052.322807410143,
    "max_drawdown": -0.27666855465857887,
    "mwrr": 0.056525330842555954,
    "sharpe": 0.185095772753593,
    "sortino": 0.26486075420076477,
    "std": 0.15091622338011934,
    "ulcer_index": 11.002900110252588,
    "upi": 0.25380119060457446,
    "us_allocation": 28
}