{
    "beta": 0.879140011594252,
    "cagr": 0.07304743352029486,
    "end_val": 12704.256188810818,
    "max_drawdown": -0.26801866446042244,
    "mwrr": 0.07304743352029486,
    "sharpe": 0.27906595200698026,
    "sortino": 0.39861102105387214,
    "std": 0.15582455380730603,
    "ulcer_index": 10.771625746053246,
    "upi": 0.4035947867330238,
    "us_allocation": 51
}