{
    "beta": 0.8389189021609484,
    "cagr": 0.0637437969241843,
    "end_val": 12334.172207930202,
    "max_drawdown": -0.2728898582392015,
    "mwrr": 0.0637437969241843,
    "sharpe": 0.22768699820496133,
    "sortino": 0.3256353899648673,
    "std": 0.15265727068069132,
    "ulcer_index": 10.892923226791273,
    "upi": 0.3189966322215934,
    "us_allocation": 38
}