{
    "beta": 0.8482088459354572,
    "cagr": 0.06589881089599725,
    "end_val": 12419.209181741662,
    "max_drawdown": -0.2717616798645462,
    "mwrr": 0.06589881089599725,
    "sharpe": 0.23996405023427486,
    "sortino": 0.3431107814341222,
    "std": 0.15329950231772957,
    "ulcer_index": 10.862730188600151,
    "upi": 0.33855155223069927,
    "us_allocation": 41
}