{
    "beta": 1.0208291324027219,
    "cagr": 0.10525777825214444,
    "end_val": 14046.108787297997,
    "max_drawdown": -0.25407005070850763,
    "mwrr": 0.10525777825214444,
    "sharpe": 0.4199355272569823,
    "sortino": 0.597532447162043,
    "std": 0.1741342166732487,
    "ulcer_index": 10.732728342848782,
    "upi": 0.681200832075542,
    "us_allocation": 97
}