{
    "beta": 0.900761195092522,
    "cagr": 0.07801990560818717,
    "end_val": 12905.23142862453,
    "max_drawdown": -0.2654142448885274,
    "mwrr": 0.07801990560818717,
    "sharpe": 0.30468311382088653,
    "sortino": 0.4348603735425536,
    "std": 0.15793029232528147,
    "ulcer_index": 10.7154646181026,
    "upi": 0.4489439446358229,
    "us_allocation": 58
}