{
    "beta": 0.7644057445315136,
    "cagr": 0.04632775053389859,
    "end_val": 11661.93754346795,
    "max_drawdown": -0.2832590181035195,
    "mwrr": 0.04632775053389859,
    "sharpe": 0.12178776673241706,
    "sortino": 0.17425400268111324,
    "std": 0.14955095171725655,
    "ulcer_index": 11.292038447881417,
    "upi": 0.16124318448825894,
    "us_allocation": 14
}