{
    "beta": 0.9161903763871737,
    "cagr": 0.0815558928214033,
    "end_val": 13049.504816266395,
    "max_drawdown": -0.2635616414719493,
    "mwrr": 0.0815558928214033,
    "sharpe": 0.3220645632753843,
    "sortino": 0.4594278247363044,
    "std": 0.15959695630837145,
    "ulcer_index": 10.678895772955245,
    "upi": 0.4812096228484608,
    "us_allocation": 63
}