{
    "beta": 0.8048112566845594,
    "cagr": 0.05580049796910869,
    "end_val": 12024.274712633323,
    "max_drawdown": -0.2770479837502457,
    "mwrr": 0.05580049796910869,
    "sharpe": 0.18070530151643152,
    "sortino": 0.2585852230222639,
    "std": 0.15077665682597816,
    "ulcer_index": 11.01478701013387,
    "upi": 0.24728438707233008,
    "us_allocation": 27
}