{
    "beta": 0.8141204743703443,
    "cagr": 0.05797336221082583,
    "end_val": 12108.493904415076,
    "max_drawdown": -0.27591055585805047,
    "mwrr": 0.05797336221082583,
    "sharpe": 0.19380837067124404,
    "sortino": 0.2773090115944578,
    "std": 0.15121440561543634,
    "ulcer_index": 10.979723311360756,
    "upi": 0.26683569224508163,
    "us_allocation": 30
}