{
    "beta": 0.7332474645904079,
    "cagr": 0.0389772629599654,
    "end_val": 11386.137865078179,
    "max_drawdown": -0.29100064914906304,
    "mwrr": 0.0389772629599654,
    "sharpe": 0.07463391265642676,
    "sortino": 0.10670809331710258,
    "std": 0.14936816394801292,
    "ulcer_index": 11.787415458579009,
    "upi": 0.09454366743157858,
    "us_allocation": 4
}