{
    "beta": 0.7426023194444967,
    "cagr": 0.041188283213394294,
    "end_val": 11468.608810447759,
    "max_drawdown": -0.2886263025797151,
    "mwrr": 0.041188283213394294,
    "sharpe": 0.08890689657982592,
    "sortino": 0.12715009844000374,
    "std": 0.14935266005919576,
    "ulcer_index": 11.62967226740196,
    "upi": 0.11414025033439504,
    "us_allocation": 7
}