{
    "beta": 1.0054684085319028,
    "cagr": 0.10180924305524508,
    "end_val": 13897.879074896518,
    "max_drawdown": -0.25511248993654223,
    "mwrr": 0.10180924305524508,
    "sharpe": 0.40770287199184063,
    "sortino": 0.5802727017161216,
    "std": 0.1716776084450591,
    "ulcer_index": 10.69186064887401,
    "upi": 0.6545142686111856,
    "us_allocation": 92
}