{
    "beta": 0.8327227815840745,
    "cagr": 0.062304430965525404,
    "end_val": 12277.604076107538,
    "max_drawdown": -0.2736433553520806,
    "mwrr": 0.062304430965525404,
    "sharpe": 0.2193692907567872,
    "sortino": 0.31378368152824615,
    "std": 0.15225947575532467,
    "ulcer_index": 10.913761618482132,
    "upi": 0.3059561396623638,
    "us_allocation": 36
}