{
    "beta": 0.897673931647246,
    "cagr": 0.07731113394572797,
    "end_val": 12876.44850729748,
    "max_drawdown": -0.265785529445987,
    "mwrr": 0.07731113394572797,
    "sharpe": 0.3011145672348166,
    "sortino": 0.42981440163750406,
    "std": 0.15761299280679616,
    "ulcer_index": 10.723116248579403,
    "upi": 0.44247762235006965,
    "us_allocation": 57
}