{
    "beta": 0.9562536195747193,
    "cagr": 0.09068850096217118,
    "end_val": 13427.388104922768,
    "max_drawdown": -0.2587739747304962,
    "mwrr": 0.09068850096217118,
    "sharpe": 0.3636309571310186,
    "sortino": 0.5181067861692613,
    "std": 0.1645272855178151,
    "ulcer_index": 10.59750888335326,
    "upi": 0.5644143415143122,
    "us_allocation": 76
}