{
    "beta": 0.953174392897771,
    "cagr": 0.08998909914714925,
    "end_val": 13398.179184117618,
    "max_drawdown": -0.2591407952883278,
    "mwrr": 0.08998909914714925,
    "sharpe": 0.36061928564490026,
    "sortino": 0.5138574648725125,
    "std": 0.16411872623048873,
    "ulcer_index": 10.603069593800454,
    "upi": 0.5580559729446082,
    "us_allocation": 75
}