{
    "beta": 0.7519507991165599,
    "cagr": 0.043394259433604754,
    "end_val": 11551.310671861918,
    "max_drawdown": -0.2862706622361615,
    "mwrr": 0.043394259433604754,
    "sharpe": 0.10307845400580916,
    "sortino": 0.1474508540213912,
    "std": 0.14939756840187882,
    "ulcer_index": 11.478134562000054,
    "upi": 0.1341217484147836,
    "us_allocation": 10
}