{
    "beta": 0.9716437091998669,
    "cagr": 0.09417779420484518,
    "end_val": 13573.781931313371,
    "max_drawdown": -0.2574071062017284,
    "mwrr": 0.09417779420484518,
    "sharpe": 0.37822975531610736,
    "sortino": 0.5387018371887586,
    "std": 0.16663984950949154,
    "ulcer_index": 10.607662881358687,
    "upi": 0.5940481988972847,
    "us_allocation": 81
}